season,team_id,franchise_id,team_name,city,nickname,conference,division,division_rank,active,preseason_played,preseason_games,preseason_wins,preseason_losses,preseason_ties,preseason_win_pct,preseason_points_for,preseason_points_against,preseason_point_diff,regular_games,regular_wins,regular_losses,regular_ties,regular_win_pct,regular_points_for,regular_points_against,regular_point_diff,playoff_seed,made_playoffs,playoff_result,season_outcome,super_bowl_team,super_bowl_winner,super_bowl_runner_up,preseason_source_file,preseason_ocr_confidence,standings_source_url,super_bowl_source_url
1995,PIT,STEELERS,Pittsburgh Steelers,Pittsburgh,Steelers,AFC,AFC Central,1,TRUE,TRUE,4,1,3,0,0.25,57,82,-25,16,11,5,0,0.6875,407,327,80,2,TRUE,LostSB,Lost Super Bowl,TRUE,FALSE,TRUE,1995-preseason.png,90.1,https://shrpsports.com/nfl/stand/1995finaldiv.htm,https://raw.githubusercontent.com/devstopfix/nfl_results/master/nfl%201995.csv
1995,CIN,BENGALS,Cincinnati Bengals,Cincinnati,Bengals,AFC,AFC Central,2,TRUE,TRUE,4,1,3,0,0.25,78,102,-24,16,7,9,0,0.4375,349,374,-25,,FALSE,,Missed playoffs,FALSE,FALSE,FALSE,1995-preseason.png,93.1,https://shrpsports.com/nfl/stand/1995finaldiv.htm,https://raw.githubusercontent.com/devstopfix/nfl_results/master/nfl%201995.csv
1995,TEN,TITANS,Houston Oilers,Houston,Oilers,AFC,AFC Central,3,TRUE,TRUE,3,0,3,0,0,26,42,-16,16,7,9,0,0.4375,348,324,24,,FALSE,,Missed playoffs,FALSE,FALSE,FALSE,1995-preseason.png,94.7,https://shrpsports.com/nfl/stand/1995finaldiv.htm,https://raw.githubusercontent.com/devstopfix/nfl_results/master/nfl%201995.csv
1995,CLE,BROWNS,Cleveland Browns,Cleveland,Browns,AFC,AFC Central,4,TRUE,TRUE,4,2,2,0,0.5,109,68,41,16,5,11,0,0.3125,289,356,-67,,FALSE,,Missed playoffs,FALSE,FALSE,FALSE,1995-preseason.png,92.3,https://shrpsports.com/nfl/stand/1995finaldiv.htm,https://raw.githubusercontent.com/devstopfix/nfl_results/master/nfl%201995.csv
1995,JAX,JAGUARS,Jacksonville Jaguars,Jacksonville,Jaguars,AFC,AFC Central,5,TRUE,TRUE,5,2,3,0,0.4,74,104,-30,16,4,12,0,0.25,275,404,-129,,FALSE,,Missed playoffs,FALSE,FALSE,FALSE,1995-preseason.png,92.5,https://shrpsports.com/nfl/stand/1995finaldiv.htm,https://raw.githubusercontent.com/devstopfix/nfl_results/master/nfl%201995.csv
1995,BUF,BILLS,Buffalo Bills,Buffalo,Bills,AFC,AFC East,1,TRUE,TRUE,5,2,3,0,0.4,64,109,-45,16,10,6,0,0.625,350,335,15,3,TRUE,LostDV,Lost Divisional,FALSE,FALSE,FALSE,1995-preseason.png,90.5,https://shrpsports.com/nfl/stand/1995finaldiv.htm,https://raw.githubusercontent.com/devstopfix/nfl_results/master/nfl%201995.csv
1995,IND,COLTS,Indianapolis Colts,Indianapolis,Colts,AFC,AFC East,2,TRUE,TRUE,4,3,1,0,0.75,90,75,15,16,9,7,0,0.5625,331,316,15,5,TRUE,LostCC,Lost Conference Championship,FALSE,FALSE,FALSE,1995-preseason.png,94.7,https://shrpsports.com/nfl/stand/1995finaldiv.htm,https://raw.githubusercontent.com/devstopfix/nfl_results/master/nfl%201995.csv
1995,MIA,DOLPHINS,Miami Dolphins,Miami,Dolphins,AFC,AFC East,3,TRUE,TRUE,4,1,3,0,0.25,65,98,-33,16,9,7,0,0.5625,398,332,66,6,TRUE,LostWC,Lost Wild Card,FALSE,FALSE,FALSE,1995-preseason.png,86.6,https://shrpsports.com/nfl/stand/1995finaldiv.htm,https://raw.githubusercontent.com/devstopfix/nfl_results/master/nfl%201995.csv
1995,NE,PATRIOTS,New England Patriots,New England,Patriots,AFC,AFC East,4,TRUE,TRUE,4,1,3,0,0.25,69,107,-38,16,6,10,0,0.375,294,377,-83,,FALSE,,Missed playoffs,FALSE,FALSE,FALSE,1995-preseason.png,94.3,https://shrpsports.com/nfl/stand/1995finaldiv.htm,https://raw.githubusercontent.com/devstopfix/nfl_results/master/nfl%201995.csv
1995,NYJ,JETS,New York Jets,New York,Jets,AFC,AFC East,5,TRUE,TRUE,4,2,2,0,0.5,80,72,8,16,3,13,0,0.1875,233,384,-151,,FALSE,,Missed playoffs,FALSE,FALSE,FALSE,1995-preseason.png,95.8,https://shrpsports.com/nfl/stand/1995finaldiv.htm,https://raw.githubusercontent.com/devstopfix/nfl_results/master/nfl%201995.csv
1995,KC,CHIEFS,Kansas City Chiefs,Kansas City,Chiefs,AFC,AFC West,1,TRUE,TRUE,4,3,1,0,0.75,107,66,41,16,13,3,0,0.8125,358,241,117,1,TRUE,LostDV,Lost Divisional,FALSE,FALSE,FALSE,1995-preseason.png,91.6,https://shrpsports.com/nfl/stand/1995finaldiv.htm,https://raw.githubusercontent.com/devstopfix/nfl_results/master/nfl%201995.csv
1995,LAC,CHARGERS,San Diego Chargers,San Diego,Chargers,AFC,AFC West,2,TRUE,TRUE,3,1,2,0,0.333333,42,49,-7,16,9,7,0,0.5625,321,323,-2,4,TRUE,LostWC,Lost Wild Card,FALSE,FALSE,FALSE,1995-preseason.png,94.7,https://shrpsports.com/nfl/stand/1995finaldiv.htm,https://raw.githubusercontent.com/devstopfix/nfl_results/master/nfl%201995.csv
1995,SEA,SEAHAWKS,Seattle Seahawks,Seattle,Seahawks,AFC,AFC West,3,TRUE,TRUE,4,2,2,0,0.5,82,76,6,16,8,8,0,0.5,363,366,-3,,FALSE,,Missed playoffs,FALSE,FALSE,FALSE,1995-preseason.png,95.9,https://shrpsports.com/nfl/stand/1995finaldiv.htm,https://raw.githubusercontent.com/devstopfix/nfl_results/master/nfl%201995.csv
1995,DEN,BRONCOS,Denver Broncos,Denver,Broncos,AFC,AFC West,4,TRUE,TRUE,5,3,2,0,0.6,80,76,4,16,8,8,0,0.5,388,345,43,,FALSE,,Missed playoffs,FALSE,FALSE,FALSE,1995-preseason.png,95,https://shrpsports.com/nfl/stand/1995finaldiv.htm,https://raw.githubusercontent.com/devstopfix/nfl_results/master/nfl%201995.csv
1995,LV,RAIDERS,Oakland Raiders,Oakland,Raiders,AFC,AFC West,5,TRUE,TRUE,4,3,1,0,0.75,103,80,23,16,8,8,0,0.5,348,332,16,,FALSE,,Missed playoffs,FALSE,FALSE,FALSE,1995-preseason.png,89.7,https://shrpsports.com/nfl/stand/1995finaldiv.htm,https://raw.githubusercontent.com/devstopfix/nfl_results/master/nfl%201995.csv
1995,GB,PACKERS,Green Bay Packers,Green Bay,Packers,NFC,NFC Central,1,TRUE,TRUE,4,3,1,0,0.75,115,73,42,16,11,5,0,0.6875,404,314,90,3,TRUE,LostCC,Lost Conference Championship,FALSE,FALSE,FALSE,1995-preseason.png,91.8,https://shrpsports.com/nfl/stand/1995finaldiv.htm,https://raw.githubusercontent.com/devstopfix/nfl_results/master/nfl%201995.csv
1995,DET,LIONS,Detroit Lions,Detroit,Lions,NFC,NFC Central,2,TRUE,TRUE,4,3,1,0,0.75,79,57,22,16,10,6,0,0.625,436,336,100,5,TRUE,LostWC,Lost Wild Card,FALSE,FALSE,FALSE,1995-preseason.png,83.8,https://shrpsports.com/nfl/stand/1995finaldiv.htm,https://raw.githubusercontent.com/devstopfix/nfl_results/master/nfl%201995.csv
1995,CHI,BEARS,Chicago Bears,Chicago,Bears,NFC,NFC Central,3,TRUE,TRUE,4,1,3,0,0.25,54,116,-62,16,9,7,0,0.5625,392,360,32,,FALSE,,Missed playoffs,FALSE,FALSE,FALSE,1995-preseason.png,94.4,https://shrpsports.com/nfl/stand/1995finaldiv.htm,https://raw.githubusercontent.com/devstopfix/nfl_results/master/nfl%201995.csv
1995,MIN,VIKINGS,Minnesota Vikings,Minnesota,Vikings,NFC,NFC Central,4,TRUE,TRUE,4,2,2,0,0.5,70,74,-4,16,8,8,0,0.5,412,385,27,,FALSE,,Missed playoffs,FALSE,FALSE,FALSE,1995-preseason.png,93.9,https://shrpsports.com/nfl/stand/1995finaldiv.htm,https://raw.githubusercontent.com/devstopfix/nfl_results/master/nfl%201995.csv
1995,TB,BUCCANEERS,Tampa Bay Buccaneers,Tampa Bay,Buccaneers,NFC,NFC Central,5,TRUE,TRUE,4,3,1,0,0.75,78,40,38,16,7,9,0,0.4375,238,335,-97,,FALSE,,Missed playoffs,FALSE,FALSE,FALSE,1995-preseason.png,94.4,https://shrpsports.com/nfl/stand/1995finaldiv.htm,https://raw.githubusercontent.com/devstopfix/nfl_results/master/nfl%201995.csv
1995,DAL,COWBOYS,Dallas Cowboys,Dallas,Cowboys,NFC,NFC East,1,TRUE,TRUE,5,2,3,0,0.4,69,71,-2,16,12,4,0,0.75,435,291,144,1,TRUE,WonSB,Won Super Bowl,TRUE,TRUE,FALSE,1995-preseason.png,94,https://shrpsports.com/nfl/stand/1995finaldiv.htm,https://raw.githubusercontent.com/devstopfix/nfl_results/master/nfl%201995.csv
1995,PHI,EAGLES,Philadelphia Eagles,Philadelphia,Eagles,NFC,NFC East,2,TRUE,TRUE,4,4,0,0,1,85,40,45,16,10,6,0,0.625,318,338,-20,4,TRUE,LostDV,Lost Divisional,FALSE,FALSE,FALSE,1995-preseason.png,95.9,https://shrpsports.com/nfl/stand/1995finaldiv.htm,https://raw.githubusercontent.com/devstopfix/nfl_results/master/nfl%201995.csv
1995,WAS,WASHINGTON,Washington Redskins,Washington,Redskins,NFC,NFC East,3,TRUE,TRUE,4,1,3,0,0.25,73,112,-39,16,6,10,0,0.375,326,359,-33,,FALSE,,Missed playoffs,FALSE,FALSE,FALSE,1995-preseason.png,78.2,https://shrpsports.com/nfl/stand/1995finaldiv.htm,https://raw.githubusercontent.com/devstopfix/nfl_results/master/nfl%201995.csv
1995,NYG,GIANTS,New York Giants,New York,Giants,NFC,NFC East,4,TRUE,TRUE,4,3,1,0,0.75,68,63,5,16,5,11,0,0.3125,290,340,-50,,FALSE,,Missed playoffs,FALSE,FALSE,FALSE,1995-preseason.png,93,https://shrpsports.com/nfl/stand/1995finaldiv.htm,https://raw.githubusercontent.com/devstopfix/nfl_results/master/nfl%201995.csv
1995,ARI,CARDINALS,Arizona Cardinals,Arizona,Cardinals,NFC,NFC East,5,TRUE,TRUE,4,3,1,0,0.75,72,77,-5,16,4,12,0,0.25,275,422,-147,,FALSE,,Missed playoffs,FALSE,FALSE,FALSE,1995-preseason.png,84,https://shrpsports.com/nfl/stand/1995finaldiv.htm,https://raw.githubusercontent.com/devstopfix/nfl_results/master/nfl%201995.csv
1995,SF,49ERS,San Francisco 49ers,San Francisco,49ers,NFC,NFC West,1,TRUE,TRUE,5,3,2,0,0.6,68,56,12,16,11,5,0,0.6875,457,258,199,2,TRUE,LostDV,Lost Divisional,FALSE,FALSE,FALSE,1995-preseason.png,94.9,https://shrpsports.com/nfl/stand/1995finaldiv.htm,https://raw.githubusercontent.com/devstopfix/nfl_results/master/nfl%201995.csv
1995,ATL,FALCONS,Atlanta Falcons,Atlanta,Falcons,NFC,NFC West,2,TRUE,TRUE,4,2,2,0,0.5,87,55,32,16,9,7,0,0.5625,362,349,13,6,TRUE,LostWC,Lost Wild Card,FALSE,FALSE,FALSE,1995-preseason.png,95.2,https://shrpsports.com/nfl/stand/1995finaldiv.htm,https://raw.githubusercontent.com/devstopfix/nfl_results/master/nfl%201995.csv
1995,LA,RAMS,St. Louis Rams,St. Louis,Rams,NFC,NFC West,3,TRUE,TRUE,4,1,3,0,0.25,78,88,-10,16,7,9,0,0.4375,309,418,-109,,FALSE,,Missed playoffs,FALSE,FALSE,FALSE,1995-preseason.png,93.6,https://shrpsports.com/nfl/stand/1995finaldiv.htm,https://raw.githubusercontent.com/devstopfix/nfl_results/master/nfl%201995.csv
1995,NO,SAINTS,New Orleans Saints,New Orleans,Saints,NFC,NFC West,4,TRUE,TRUE,4,1,3,0,0.25,73,75,-2,16,7,9,0,0.4375,319,348,-29,,FALSE,,Missed playoffs,FALSE,FALSE,FALSE,1995-preseason.png,92.3,https://shrpsports.com/nfl/stand/1995finaldiv.htm,https://raw.githubusercontent.com/devstopfix/nfl_results/master/nfl%201995.csv
1995,CAR,PANTHERS,Carolina Panthers,Carolina,Panthers,NFC,NFC West,5,TRUE,TRUE,5,3,2,0,0.6,70,62,8,16,7,9,0,0.4375,289,325,-36,,FALSE,,Missed playoffs,FALSE,FALSE,FALSE,1995-preseason.png,96,https://shrpsports.com/nfl/stand/1995finaldiv.htm,https://raw.githubusercontent.com/devstopfix/nfl_results/master/nfl%201995.csv
1996,PIT,STEELERS,Pittsburgh Steelers,Pittsburgh,Steelers,AFC,AFC Central,1,TRUE,TRUE,5,2,3,0,0.4,75,77,-2,16,10,6,0,0.625,344,257,87,3,TRUE,LostDV,Lost Divisional,FALSE,FALSE,FALSE,1996-preseason.png,83.7,https://shrpsports.com/nfl/stand/1996finaldiv.htm,https://raw.githubusercontent.com/devstopfix/nfl_results/master/nfl%201996.csv
1996,JAX,JAGUARS,Jacksonville Jaguars,Jacksonville,Jaguars,AFC,AFC Central,2,TRUE,TRUE,4,2,2,0,0.5,96,75,21,16,9,7,0,0.5625,325,335,-10,5,TRUE,LostCC,Lost Conference Championship,FALSE,FALSE,FALSE,1996-preseason.png,86.6,https://shrpsports.com/nfl/stand/1996finaldiv.htm,https://raw.githubusercontent.com/devstopfix/nfl_results/master/nfl%201996.csv
1996,CIN,BENGALS,Cincinnati Bengals,Cincinnati,Bengals,AFC,AFC Central,3,TRUE,TRUE,4,2,2,0,0.5,83,69,14,16,8,8,0,0.5,372,369,3,,FALSE,,Missed playoffs,FALSE,FALSE,FALSE,1996-preseason.png,95.4,https://shrpsports.com/nfl/stand/1996finaldiv.htm,https://raw.githubusercontent.com/devstopfix/nfl_results/master/nfl%201996.csv
1996,TEN,TITANS,Houston Oilers,Houston,Oilers,AFC,AFC Central,4,TRUE,TRUE,4,2,2,0,0.5,89,83,6,16,8,8,0,0.5,345,319,26,,FALSE,,Missed playoffs,FALSE,FALSE,FALSE,1996-preseason.png,95.7,https://shrpsports.com/nfl/stand/1996finaldiv.htm,https://raw.githubusercontent.com/devstopfix/nfl_results/master/nfl%201996.csv
1996,BAL,RAVENS,Baltimore Ravens,Baltimore,Ravens,AFC,AFC Central,5,TRUE,TRUE,4,3,1,0,0.75,106,67,39,16,4,12,0,0.25,371,441,-70,,FALSE,,Missed playoffs,FALSE,FALSE,FALSE,1996-preseason.png,92.6,https://shrpsports.com/nfl/stand/1996finaldiv.htm,https://raw.githubusercontent.com/devstopfix/nfl_results/master/nfl%201996.csv
1996,NE,PATRIOTS,New England Patriots,New England,Patriots,AFC,AFC East,1,TRUE,TRUE,4,3,1,0,0.75,102,60,42,16,11,5,0,0.6875,418,313,105,2,TRUE,LostSB,Lost Super Bowl,TRUE,FALSE,TRUE,1996-preseason.png,87.7,https://shrpsports.com/nfl/stand/1996finaldiv.htm,https://raw.githubusercontent.com/devstopfix/nfl_results/master/nfl%201996.csv
1996,BUF,BILLS,Buffalo Bills,Buffalo,Bills,AFC,AFC East,2,TRUE,TRUE,4,2,2,0,0.5,80,66,14,16,10,6,0,0.625,319,266,53,4,TRUE,LostWC,Lost Wild Card,FALSE,FALSE,FALSE,1996-preseason.png,95.8,https://shrpsports.com/nfl/stand/1996finaldiv.htm,https://raw.githubusercontent.com/devstopfix/nfl_results/master/nfl%201996.csv
1996,IND,COLTS,Indianapolis Colts,Indianapolis,Colts,AFC,AFC East,3,TRUE,TRUE,5,3,2,0,0.6,92,66,26,16,9,7,0,0.5625,317,334,-17,6,TRUE,LostWC,Lost Wild Card,FALSE,FALSE,FALSE,1996-preseason.png,96.2,https://shrpsports.com/nfl/stand/1996finaldiv.htm,https://raw.githubusercontent.com/devstopfix/nfl_results/master/nfl%201996.csv
1996,MIA,DOLPHINS,Miami Dolphins,Miami,Dolphins,AFC,AFC East,4,TRUE,TRUE,4,3,1,0,0.75,77,58,19,16,8,8,0,0.5,339,325,14,,FALSE,,Missed playoffs,FALSE,FALSE,FALSE,1996-preseason.png,86.5,https://shrpsports.com/nfl/stand/1996finaldiv.htm,https://raw.githubusercontent.com/devstopfix/nfl_results/master/nfl%201996.csv
1996,NYJ,JETS,New York Jets,New York,Jets,AFC,AFC East,5,TRUE,TRUE,4,1,3,0,0.25,69,111,-42,16,1,15,0,0.0625,279,454,-175,,FALSE,,Missed playoffs,FALSE,FALSE,FALSE,1996-preseason.png,94.2,https://shrpsports.com/nfl/stand/1996finaldiv.htm,https://raw.githubusercontent.com/devstopfix/nfl_results/master/nfl%201996.csv
1996,DEN,BRONCOS,Denver Broncos,Denver,Broncos,AFC,AFC West,1,TRUE,TRUE,4,3,1,0,0.75,104,79,25,16,13,3,0,0.8125,391,275,116,1,TRUE,LostDV,Lost Divisional,FALSE,FALSE,FALSE,1996-preseason.png,91.1,https://shrpsports.com/nfl/stand/1996finaldiv.htm,https://raw.githubusercontent.com/devstopfix/nfl_results/master/nfl%201996.csv
1996,KC,CHIEFS,Kansas City Chiefs,Kansas City,Chiefs,AFC,AFC West,2,TRUE,TRUE,4,3,1,0,0.75,118,56,62,16,9,7,0,0.5625,297,300,-3,,FALSE,,Missed playoffs,FALSE,FALSE,FALSE,1996-preseason.png,90.4,https://shrpsports.com/nfl/stand/1996finaldiv.htm,https://raw.githubusercontent.com/devstopfix/nfl_results/master/nfl%201996.csv
1996,LAC,CHARGERS,San Diego Chargers,San Diego,Chargers,AFC,AFC West,3,TRUE,TRUE,5,2,3,0,0.4,119,96,23,16,8,8,0,0.5,310,376,-66,,FALSE,,Missed playoffs,FALSE,FALSE,FALSE,1996-preseason.png,92.4,https://shrpsports.com/nfl/stand/1996finaldiv.htm,https://raw.githubusercontent.com/devstopfix/nfl_results/master/nfl%201996.csv
1996,LV,RAIDERS,Oakland Raiders,Oakland,Raiders,AFC,AFC West,4,TRUE,TRUE,5,2,3,0,0.4,129,116,13,16,7,9,0,0.4375,340,293,47,,FALSE,,Missed playoffs,FALSE,FALSE,FALSE,1996-preseason.png,85.1,https://shrpsports.com/nfl/stand/1996finaldiv.htm,https://raw.githubusercontent.com/devstopfix/nfl_results/master/nfl%201996.csv
1996,SEA,SEAHAWKS,Seattle Seahawks,Seattle,Seahawks,AFC,AFC West,5,TRUE,TRUE,4,3,1,0,0.75,76,54,22,16,7,9,0,0.4375,317,376,-59,,FALSE,,Missed playoffs,FALSE,FALSE,FALSE,1996-preseason.png,91,https://shrpsports.com/nfl/stand/1996finaldiv.htm,https://raw.githubusercontent.com/devstopfix/nfl_results/master/nfl%201996.csv
1996,GB,PACKERS,Green Bay Packers,Green Bay,Packers,NFC,NFC Central,1,TRUE,TRUE,4,3,1,0,0.75,71,69,2,16,13,3,0,0.8125,456,210,246,1,TRUE,WonSB,Won Super Bowl,TRUE,TRUE,FALSE,1996-preseason.png,94.9,https://shrpsports.com/nfl/stand/1996finaldiv.htm,https://raw.githubusercontent.com/devstopfix/nfl_results/master/nfl%201996.csv
1996,MIN,VIKINGS,Minnesota Vikings,Minnesota,Vikings,NFC,NFC Central,2,TRUE,TRUE,4,1,3,0,0.25,65,95,-30,16,9,7,0,0.5625,298,315,-17,6,TRUE,LostWC,Lost Wild Card,FALSE,FALSE,FALSE,1996-preseason.png,93.1,https://shrpsports.com/nfl/stand/1996finaldiv.htm,https://raw.githubusercontent.com/devstopfix/nfl_results/master/nfl%201996.csv
1996,CHI,BEARS,Chicago Bears,Chicago,Bears,NFC,NFC Central,3,TRUE,TRUE,4,1,3,0,0.25,67,96,-29,16,7,9,0,0.4375,283,305,-22,,FALSE,,Missed playoffs,FALSE,FALSE,FALSE,1996-preseason.png,93.9,https://shrpsports.com/nfl/stand/1996finaldiv.htm,https://raw.githubusercontent.com/devstopfix/nfl_results/master/nfl%201996.csv
1996,TB,BUCCANEERS,Tampa Bay Buccaneers,Tampa Bay,Buccaneers,NFC,NFC Central,4,TRUE,TRUE,4,1,3,0,0.25,36,45,-9,16,6,10,0,0.375,221,293,-72,,FALSE,,Missed playoffs,FALSE,FALSE,FALSE,1996-preseason.png,94.4,https://shrpsports.com/nfl/stand/1996finaldiv.htm,https://raw.githubusercontent.com/devstopfix/nfl_results/master/nfl%201996.csv
1996,DET,LIONS,Detroit Lions,Detroit,Lions,NFC,NFC Central,5,TRUE,TRUE,4,3,1,0,0.75,114,88,26,16,5,11,0,0.3125,302,368,-66,,FALSE,,Missed playoffs,FALSE,FALSE,FALSE,1996-preseason.png,91.1,https://shrpsports.com/nfl/stand/1996finaldiv.htm,https://raw.githubusercontent.com/devstopfix/nfl_results/master/nfl%201996.csv
1996,DAL,COWBOYS,Dallas Cowboys,Dallas,Cowboys,NFC,NFC East,1,TRUE,TRUE,5,2,3,0,0.4,75,136,-61,16,10,6,0,0.625,286,250,36,3,TRUE,LostDV,Lost Divisional,FALSE,FALSE,FALSE,1996-preseason.png,84.4,https://shrpsports.com/nfl/stand/1996finaldiv.htm,https://raw.githubusercontent.com/devstopfix/nfl_results/master/nfl%201996.csv
1996,PHI,EAGLES,Philadelphia Eagles,Philadelphia,Eagles,NFC,NFC East,2,TRUE,TRUE,4,2,2,0,0.5,69,89,-20,16,10,6,0,0.625,363,341,22,5,TRUE,LostWC,Lost Wild Card,FALSE,FALSE,FALSE,1996-preseason.png,94.2,https://shrpsports.com/nfl/stand/1996finaldiv.htm,https://raw.githubusercontent.com/devstopfix/nfl_results/master/nfl%201996.csv
1996,WAS,WASHINGTON,Washington Redskins,Washington,Redskins,NFC,NFC East,3,TRUE,TRUE,4,1,3,0,0.25,68,96,-28,16,9,7,0,0.5625,364,312,52,,FALSE,,Missed playoffs,FALSE,FALSE,FALSE,1996-preseason.png,94.6,https://shrpsports.com/nfl/stand/1996finaldiv.htm,https://raw.githubusercontent.com/devstopfix/nfl_results/master/nfl%201996.csv
1996,ARI,CARDINALS,Arizona Cardinals,Arizona,Cardinals,NFC,NFC East,4,TRUE,TRUE,4,1,3,0,0.25,56,99,-43,16,7,9,0,0.4375,300,397,-97,,FALSE,,Missed playoffs,FALSE,FALSE,FALSE,1996-preseason.png,95.2,https://shrpsports.com/nfl/stand/1996finaldiv.htm,https://raw.githubusercontent.com/devstopfix/nfl_results/master/nfl%201996.csv
1996,NYG,GIANTS,New York Giants,New York,Giants,NFC,NFC East,5,TRUE,TRUE,4,1,3,0,0.25,64,101,-37,16,6,10,0,0.375,242,297,-55,,FALSE,,Missed playoffs,FALSE,FALSE,FALSE,1996-preseason.png,94.3,https://shrpsports.com/nfl/stand/1996finaldiv.htm,https://raw.githubusercontent.com/devstopfix/nfl_results/master/nfl%201996.csv
1996,CAR,PANTHERS,Carolina Panthers,Carolina,Panthers,NFC,NFC West,1,TRUE,TRUE,4,2,2,0,0.5,92,83,9,16,12,4,0,0.75,367,218,149,2,TRUE,LostCC,Lost Conference Championship,FALSE,FALSE,FALSE,1996-preseason.png,94.6,https://shrpsports.com/nfl/stand/1996finaldiv.htm,https://raw.githubusercontent.com/devstopfix/nfl_results/master/nfl%201996.csv
1996,SF,49ERS,San Francisco 49ers,San Francisco,49ers,NFC,NFC West,2,TRUE,TRUE,4,1,3,0,0.25,46,91,-45,16,12,4,0,0.75,398,257,141,4,TRUE,LostDV,Lost Divisional,FALSE,FALSE,FALSE,1996-preseason.png,94.9,https://shrpsports.com/nfl/stand/1996finaldiv.htm,https://raw.githubusercontent.com/devstopfix/nfl_results/master/nfl%201996.csv
1996,LA,RAMS,St. Louis Rams,St. Louis,Rams,NFC,NFC West,3,TRUE,TRUE,4,3,1,0,0.75,98,90,8,16,6,10,0,0.375,303,409,-106,,FALSE,,Missed playoffs,FALSE,FALSE,FALSE,1996-preseason.png,94.6,https://shrpsports.com/nfl/stand/1996finaldiv.htm,https://raw.githubusercontent.com/devstopfix/nfl_results/master/nfl%201996.csv
1996,ATL,FALCONS,Atlanta Falcons,Atlanta,Falcons,NFC,NFC West,4,TRUE,TRUE,4,2,2,0,0.5,75,71,4,16,3,13,0,0.1875,309,461,-152,,FALSE,,Missed playoffs,FALSE,FALSE,FALSE,1996-preseason.png,94.3,https://shrpsports.com/nfl/stand/1996finaldiv.htm,https://raw.githubusercontent.com/devstopfix/nfl_results/master/nfl%201996.csv
1996,NO,SAINTS,New Orleans Saints,New Orleans,Saints,NFC,NFC West,5,TRUE,TRUE,5,3,2,0,0.6,79,108,-29,16,3,13,0,0.1875,229,339,-110,,FALSE,,Missed playoffs,FALSE,FALSE,FALSE,1996-preseason.png,91.2,https://shrpsports.com/nfl/stand/1996finaldiv.htm,https://raw.githubusercontent.com/devstopfix/nfl_results/master/nfl%201996.csv
1997,PIT,STEELERS,Pittsburgh Steelers,Pittsburgh,Steelers,AFC,AFC Central,1,TRUE,TRUE,5,5,0,0,1,155,96,59,16,11,5,0,0.6875,372,307,65,2,TRUE,LostCC,Lost Conference Championship,FALSE,FALSE,FALSE,1997-preseason.png,94.8,https://shrpsports.com/nfl/stand/1997finaldiv.htm,https://raw.githubusercontent.com/devstopfix/nfl_results/master/nfl%201997.csv
1997,JAX,JAGUARS,Jacksonville Jaguars,Jacksonville,Jaguars,AFC,AFC Central,2,TRUE,TRUE,4,4,0,0,1,115,62,53,16,11,5,0,0.6875,394,318,76,5,TRUE,LostWC,Lost Wild Card,FALSE,FALSE,FALSE,1997-preseason.png,89.6,https://shrpsports.com/nfl/stand/1997finaldiv.htm,https://raw.githubusercontent.com/devstopfix/nfl_results/master/nfl%201997.csv
1997,TEN,TITANS,Tennessee Oilers,Tennessee,Oilers,AFC,AFC Central,3,TRUE,TRUE,4,0,4,0,0,41,94,-53,16,8,8,0,0.5,333,310,23,,FALSE,,Missed playoffs,FALSE,FALSE,FALSE,1997-preseason.png,95,https://shrpsports.com/nfl/stand/1997finaldiv.htm,https://raw.githubusercontent.com/devstopfix/nfl_results/master/nfl%201997.csv
1997,CIN,BENGALS,Cincinnati Bengals,Cincinnati,Bengals,AFC,AFC Central,4,TRUE,TRUE,4,2,2,0,0.5,108,87,21,16,7,9,0,0.4375,355,405,-50,,FALSE,,Missed playoffs,FALSE,FALSE,FALSE,1997-preseason.png,93.5,https://shrpsports.com/nfl/stand/1997finaldiv.htm,https://raw.githubusercontent.com/devstopfix/nfl_results/master/nfl%201997.csv
1997,BAL,RAVENS,Baltimore Ravens,Baltimore,Ravens,AFC,AFC Central,5,TRUE,TRUE,4,0,4,0,0,90,115,-25,16,6,9,1,0.40625,326,345,-19,,FALSE,,Missed playoffs,FALSE,FALSE,FALSE,1997-preseason.png,94.6,https://shrpsports.com/nfl/stand/1997finaldiv.htm,https://raw.githubusercontent.com/devstopfix/nfl_results/master/nfl%201997.csv
1997,NE,PATRIOTS,New England Patriots,New England,Patriots,AFC,AFC East,1,TRUE,TRUE,4,3,1,0,0.75,78,52,26,16,10,6,0,0.625,369,289,80,3,TRUE,LostDV,Lost Divisional,FALSE,FALSE,FALSE,1997-preseason.png,94.6,https://shrpsports.com/nfl/stand/1997finaldiv.htm,https://raw.githubusercontent.com/devstopfix/nfl_results/master/nfl%201997.csv
1997,MIA,DOLPHINS,Miami Dolphins,Miami,Dolphins,AFC,AFC East,2,TRUE,TRUE,5,3,2,0,0.6,97,84,13,16,9,7,0,0.5625,339,327,12,6,TRUE,LostWC,Lost Wild Card,FALSE,FALSE,FALSE,1997-preseason.png,92.6,https://shrpsports.com/nfl/stand/1997finaldiv.htm,https://raw.githubusercontent.com/devstopfix/nfl_results/master/nfl%201997.csv
1997,NYJ,JETS,New York Jets,New York,Jets,AFC,AFC East,3,TRUE,TRUE,4,4,0,0,1,112,72,40,16,9,7,0,0.5625,348,287,61,,FALSE,,Missed playoffs,FALSE,FALSE,FALSE,1997-preseason.png,95.9,https://shrpsports.com/nfl/stand/1997finaldiv.htm,https://raw.githubusercontent.com/devstopfix/nfl_results/master/nfl%201997.csv
1997,BUF,BILLS,Buffalo Bills,Buffalo,Bills,AFC,AFC East,4,TRUE,TRUE,5,2,3,0,0.4,80,117,-37,16,6,10,0,0.375,255,367,-112,,FALSE,,Missed playoffs,FALSE,FALSE,FALSE,1997-preseason.png,89.5,https://shrpsports.com/nfl/stand/1997finaldiv.htm,https://raw.githubusercontent.com/devstopfix/nfl_results/master/nfl%201997.csv
1997,IND,COLTS,Indianapolis Colts,Indianapolis,Colts,AFC,AFC East,5,TRUE,TRUE,4,2,2,0,0.5,56,87,-31,16,3,13,0,0.1875,313,401,-88,,FALSE,,Missed playoffs,FALSE,FALSE,FALSE,1997-preseason.png,92.7,https://shrpsports.com/nfl/stand/1997finaldiv.htm,https://raw.githubusercontent.com/devstopfix/nfl_results/master/nfl%201997.csv
1997,KC,CHIEFS,Kansas City Chiefs,Kansas City,Chiefs,AFC,AFC West,1,TRUE,TRUE,4,1,3,0,0.25,64,78,-14,16,13,3,0,0.8125,375,232,143,1,TRUE,LostDV,Lost Divisional,FALSE,FALSE,FALSE,1997-preseason.png,94.3,https://shrpsports.com/nfl/stand/1997finaldiv.htm,https://raw.githubusercontent.com/devstopfix/nfl_results/master/nfl%201997.csv
1997,DEN,BRONCOS,Denver Broncos,Denver,Broncos,AFC,AFC West,2,TRUE,TRUE,5,3,2,0,0.6,125,109,16,16,12,4,0,0.75,472,287,185,4,TRUE,WonSB,Won Super Bowl,TRUE,TRUE,FALSE,1997-preseason.png,90,https://shrpsports.com/nfl/stand/1997finaldiv.htm,https://raw.githubusercontent.com/devstopfix/nfl_results/master/nfl%201997.csv
1997,SEA,SEAHAWKS,Seattle Seahawks,Seattle,Seahawks,AFC,AFC West,3,TRUE,TRUE,5,3,2,0,0.6,153,86,67,16,8,8,0,0.5,365,362,3,,FALSE,,Missed playoffs,FALSE,FALSE,FALSE,1997-preseason.png,89.6,https://shrpsports.com/nfl/stand/1997finaldiv.htm,https://raw.githubusercontent.com/devstopfix/nfl_results/master/nfl%201997.csv
1997,LV,RAIDERS,Oakland Raiders,Oakland,Raiders,AFC,AFC West,4,TRUE,TRUE,4,2,2,0,0.5,89,95,-6,16,4,12,0,0.25,324,419,-95,,FALSE,,Missed playoffs,FALSE,FALSE,FALSE,1997-preseason.png,94.3,https://shrpsports.com/nfl/stand/1997finaldiv.htm,https://raw.githubusercontent.com/devstopfix/nfl_results/master/nfl%201997.csv
1997,LAC,CHARGERS,San Diego Chargers,San Diego,Chargers,AFC,AFC West,5,TRUE,TRUE,4,3,1,0,0.75,86,65,21,16,4,12,0,0.25,266,425,-159,,FALSE,,Missed playoffs,FALSE,FALSE,FALSE,1997-preseason.png,94.1,https://shrpsports.com/nfl/stand/1997finaldiv.htm,https://raw.githubusercontent.com/devstopfix/nfl_results/master/nfl%201997.csv
1997,GB,PACKERS,Green Bay Packers,Green Bay,Packers,NFC,NFC Central,1,TRUE,TRUE,5,5,0,0,1,121,47,74,16,13,3,0,0.8125,422,282,140,2,TRUE,LostSB,Lost Super Bowl,TRUE,FALSE,TRUE,1997-preseason.png,96.1,https://shrpsports.com/nfl/stand/1997finaldiv.htm,https://raw.githubusercontent.com/devstopfix/nfl_results/master/nfl%201997.csv
1997,TB,BUCCANEERS,Tampa Bay Buccaneers,Tampa Bay,Buccaneers,NFC,NFC Central,2,TRUE,TRUE,4,1,3,0,0.25,53,62,-9,16,10,6,0,0.625,299,263,36,4,TRUE,LostDV,Lost Divisional,FALSE,FALSE,FALSE,1997-preseason.png,93.4,https://shrpsports.com/nfl/stand/1997finaldiv.htm,https://raw.githubusercontent.com/devstopfix/nfl_results/master/nfl%201997.csv
1997,DET,LIONS,Detroit Lions,Detroit,Lions,NFC,NFC Central,3,TRUE,TRUE,4,1,3,0,0.25,66,88,-22,16,9,7,0,0.5625,379,306,73,5,TRUE,LostWC,Lost Wild Card,FALSE,FALSE,FALSE,1997-preseason.png,93.8,https://shrpsports.com/nfl/stand/1997finaldiv.htm,https://raw.githubusercontent.com/devstopfix/nfl_results/master/nfl%201997.csv
1997,MIN,VIKINGS,Minnesota Vikings,Minnesota,Vikings,NFC,NFC Central,4,TRUE,TRUE,5,3,2,0,0.6,96,110,-14,16,9,7,0,0.5625,354,359,-5,6,TRUE,LostDV,Lost Divisional,FALSE,FALSE,FALSE,1997-preseason.png,90.4,https://shrpsports.com/nfl/stand/1997finaldiv.htm,https://raw.githubusercontent.com/devstopfix/nfl_results/master/nfl%201997.csv
1997,CHI,BEARS,Chicago Bears,Chicago,Bears,NFC,NFC Central,5,TRUE,TRUE,5,2,3,0,0.4,80,91,-11,16,4,12,0,0.25,263,421,-158,,FALSE,,Missed playoffs,FALSE,FALSE,FALSE,1997-preseason.png,92.7,https://shrpsports.com/nfl/stand/1997finaldiv.htm,https://raw.githubusercontent.com/devstopfix/nfl_results/master/nfl%201997.csv
1997,NYG,GIANTS,New York Giants,New York,Giants,NFC,NFC East,1,TRUE,TRUE,4,1,3,0,0.25,71,107,-36,16,10,5,1,0.65625,307,265,42,3,TRUE,LostWC,Lost Wild Card,FALSE,FALSE,FALSE,1997-preseason.png,91,https://shrpsports.com/nfl/stand/1997finaldiv.htm,https://raw.githubusercontent.com/devstopfix/nfl_results/master/nfl%201997.csv
1997,WAS,WASHINGTON,Washington Redskins,Washington,Redskins,NFC,NFC East,2,TRUE,TRUE,4,3,1,0,0.75,80,79,1,16,8,7,1,0.53125,327,289,38,,FALSE,,Missed playoffs,FALSE,FALSE,FALSE,1997-preseason.png,95.8,https://shrpsports.com/nfl/stand/1997finaldiv.htm,https://raw.githubusercontent.com/devstopfix/nfl_results/master/nfl%201997.csv
1997,PHI,EAGLES,Philadelphia Eagles,Philadelphia,Eagles,NFC,NFC East,3,TRUE,TRUE,4,1,3,0,0.25,81,114,-33,16,6,9,1,0.40625,317,372,-55,,FALSE,,Missed playoffs,FALSE,FALSE,FALSE,1997-preseason.png,90.7,https://shrpsports.com/nfl/stand/1997finaldiv.htm,https://raw.githubusercontent.com/devstopfix/nfl_results/master/nfl%201997.csv
1997,DAL,COWBOYS,Dallas Cowboys,Dallas,Cowboys,NFC,NFC East,4,TRUE,TRUE,4,2,2,0,0.5,105,91,14,16,6,10,0,0.375,304,314,-10,,FALSE,,Missed playoffs,FALSE,FALSE,FALSE,1997-preseason.png,95.5,https://shrpsports.com/nfl/stand/1997finaldiv.htm,https://raw.githubusercontent.com/devstopfix/nfl_results/master/nfl%201997.csv
1997,ARI,CARDINALS,Arizona Cardinals,Arizona,Cardinals,NFC,NFC East,5,TRUE,TRUE,4,1,3,0,0.25,31,81,-50,16,4,12,0,0.25,283,379,-96,,FALSE,,Missed playoffs,FALSE,FALSE,FALSE,1997-preseason.png,93.6,https://shrpsports.com/nfl/stand/1997finaldiv.htm,https://raw.githubusercontent.com/devstopfix/nfl_results/master/nfl%201997.csv
1997,SF,49ERS,San Francisco 49ers,San Francisco,49ers,NFC,NFC West,1,TRUE,TRUE,4,1,3,0,0.25,71,96,-25,16,13,3,0,0.8125,375,265,110,1,TRUE,LostCC,Lost Conference Championship,FALSE,FALSE,FALSE,1997-preseason.png,93.7,https://shrpsports.com/nfl/stand/1997finaldiv.htm,https://raw.githubusercontent.com/devstopfix/nfl_results/master/nfl%201997.csv
1997,CAR,PANTHERS,Carolina Panthers,Carolina,Panthers,NFC,NFC West,2,TRUE,TRUE,4,0,4,0,0,51,103,-52,16,7,9,0,0.4375,265,314,-49,,FALSE,,Missed playoffs,FALSE,FALSE,FALSE,1997-preseason.png,94.8,https://shrpsports.com/nfl/stand/1997finaldiv.htm,https://raw.githubusercontent.com/devstopfix/nfl_results/master/nfl%201997.csv
1997,ATL,FALCONS,Atlanta Falcons,Atlanta,Falcons,NFC,NFC West,3,TRUE,TRUE,4,1,3,0,0.25,82,93,-11,16,7,9,0,0.4375,320,361,-41,,FALSE,,Missed playoffs,FALSE,FALSE,FALSE,1997-preseason.png,94.1,https://shrpsports.com/nfl/stand/1997finaldiv.htm,https://raw.githubusercontent.com/devstopfix/nfl_results/master/nfl%201997.csv
1997,NO,SAINTS,New Orleans Saints,New Orleans,Saints,NFC,NFC West,4,TRUE,TRUE,4,3,1,0,0.75,76,44,32,16,6,10,0,0.375,237,327,-90,,FALSE,,Missed playoffs,FALSE,FALSE,FALSE,1997-preseason.png,95.8,https://shrpsports.com/nfl/stand/1997finaldiv.htm,https://raw.githubusercontent.com/devstopfix/nfl_results/master/nfl%201997.csv
1997,LA,RAMS,St. Louis Rams,St. Louis,Rams,NFC,NFC West,5,TRUE,TRUE,4,2,2,0,0.5,63,71,-8,16,5,11,0,0.3125,299,359,-60,,FALSE,,Missed playoffs,FALSE,FALSE,FALSE,1997-preseason.png,94.8,https://shrpsports.com/nfl/stand/1997finaldiv.htm,https://raw.githubusercontent.com/devstopfix/nfl_results/master/nfl%201997.csv
1998,JAX,JAGUARS,Jacksonville Jaguars,Jacksonville,Jaguars,AFC,AFC Central,1,TRUE,TRUE,4,2,2,0,0.5,114,82,32,16,11,5,0,0.6875,392,338,54,3,TRUE,LostDV,Lost Divisional,FALSE,FALSE,FALSE,1998-preseason.png,84.8,https://shrpsports.com/nfl/stand/1998finaldiv.htm,https://raw.githubusercontent.com/devstopfix/nfl_results/master/nfl%201998.csv
1998,TEN,TITANS,Tennessee Oilers,Tennessee,Oilers,AFC,AFC Central,2,TRUE,TRUE,4,3,1,0,0.75,97,80,17,16,8,8,0,0.5,330,320,10,,FALSE,,Missed playoffs,FALSE,FALSE,FALSE,1998-preseason.png,90.1,https://shrpsports.com/nfl/stand/1998finaldiv.htm,https://raw.githubusercontent.com/devstopfix/nfl_results/master/nfl%201998.csv
1998,PIT,STEELERS,Pittsburgh Steelers,Pittsburgh,Steelers,AFC,AFC Central,3,TRUE,TRUE,5,3,2,0,0.6,113,110,3,16,7,9,0,0.4375,263,303,-40,,FALSE,,Missed playoffs,FALSE,FALSE,FALSE,1998-preseason.png,87.8,https://shrpsports.com/nfl/stand/1998finaldiv.htm,https://raw.githubusercontent.com/devstopfix/nfl_results/master/nfl%201998.csv
1998,BAL,RAVENS,Baltimore Ravens,Baltimore,Ravens,AFC,AFC Central,4,TRUE,TRUE,4,4,0,0,1,89,26,63,16,6,10,0,0.375,269,335,-66,,FALSE,,Missed playoffs,FALSE,FALSE,FALSE,1998-preseason.png,96,https://shrpsports.com/nfl/stand/1998finaldiv.htm,https://raw.githubusercontent.com/devstopfix/nfl_results/master/nfl%201998.csv
1998,CIN,BENGALS,Cincinnati Bengals,Cincinnati,Bengals,AFC,AFC Central,5,TRUE,TRUE,4,1,3,0,0.25,77,90,-13,16,3,13,0,0.1875,268,452,-184,,FALSE,,Missed playoffs,FALSE,FALSE,FALSE,1998-preseason.png,89.1,https://shrpsports.com/nfl/stand/1998finaldiv.htm,https://raw.githubusercontent.com/devstopfix/nfl_results/master/nfl%201998.csv
1998,NYJ,JETS,New York Jets,New York,Jets,AFC,AFC East,1,TRUE,TRUE,4,3,1,0,0.75,80,78,2,16,12,4,0,0.75,416,266,150,2,TRUE,LostCC,Lost Conference Championship,FALSE,FALSE,FALSE,1998-preseason.png,95.1,https://shrpsports.com/nfl/stand/1998finaldiv.htm,https://raw.githubusercontent.com/devstopfix/nfl_results/master/nfl%201998.csv
1998,MIA,DOLPHINS,Miami Dolphins,Miami,Dolphins,AFC,AFC East,2,TRUE,TRUE,4,4,0,0,1,75,56,19,16,10,6,0,0.625,321,265,56,4,TRUE,LostDV,Lost Divisional,FALSE,FALSE,FALSE,1998-preseason.png,94.6,https://shrpsports.com/nfl/stand/1998finaldiv.htm,https://raw.githubusercontent.com/devstopfix/nfl_results/master/nfl%201998.csv
1998,BUF,BILLS,Buffalo Bills,Buffalo,Bills,AFC,AFC East,3,TRUE,TRUE,4,2,2,0,0.5,64,62,2,16,10,6,0,0.625,400,333,67,5,TRUE,LostWC,Lost Wild Card,FALSE,FALSE,FALSE,1998-preseason.png,96.3,https://shrpsports.com/nfl/stand/1998finaldiv.htm,https://raw.githubusercontent.com/devstopfix/nfl_results/master/nfl%201998.csv
1998,NE,PATRIOTS,New England Patriots,New England,Patriots,AFC,AFC East,4,TRUE,TRUE,5,3,2,0,0.6,78,69,9,16,9,7,0,0.5625,337,329,8,6,TRUE,LostWC,Lost Wild Card,FALSE,FALSE,FALSE,1998-preseason.png,89.8,https://shrpsports.com/nfl/stand/1998finaldiv.htm,https://raw.githubusercontent.com/devstopfix/nfl_results/master/nfl%201998.csv
1998,IND,COLTS,Indianapolis Colts,Indianapolis,Colts,AFC,AFC East,5,TRUE,TRUE,4,2,2,0,0.5,74,101,-27,16,3,13,0,0.1875,310,444,-134,,FALSE,,Missed playoffs,FALSE,FALSE,FALSE,1998-preseason.png,85.5,https://shrpsports.com/nfl/stand/1998finaldiv.htm,https://raw.githubusercontent.com/devstopfix/nfl_results/master/nfl%201998.csv
1998,DEN,BRONCOS,Denver Broncos,Denver,Broncos,AFC,AFC West,1,TRUE,TRUE,4,3,1,0,0.75,84,70,14,16,14,2,0,0.875,501,309,192,1,TRUE,WonSB,Won Super Bowl,TRUE,TRUE,FALSE,1998-preseason.png,91.2,https://shrpsports.com/nfl/stand/1998finaldiv.htm,https://raw.githubusercontent.com/devstopfix/nfl_results/master/nfl%201998.csv
1998,LV,RAIDERS,Oakland Raiders,Oakland,Raiders,AFC,AFC West,2,TRUE,TRUE,4,2,2,0,0.5,64,86,-22,16,8,8,0,0.5,288,356,-68,,FALSE,,Missed playoffs,FALSE,FALSE,FALSE,1998-preseason.png,93.5,https://shrpsports.com/nfl/stand/1998finaldiv.htm,https://raw.githubusercontent.com/devstopfix/nfl_results/master/nfl%201998.csv
1998,SEA,SEAHAWKS,Seattle Seahawks,Seattle,Seahawks,AFC,AFC West,3,TRUE,TRUE,5,4,1,0,0.8,117,108,9,16,8,8,0,0.5,372,310,62,,FALSE,,Missed playoffs,FALSE,FALSE,FALSE,1998-preseason.png,95,https://shrpsports.com/nfl/stand/1998finaldiv.htm,https://raw.githubusercontent.com/devstopfix/nfl_results/master/nfl%201998.csv
1998,KC,CHIEFS,Kansas City Chiefs,Kansas City,Chiefs,AFC,AFC West,4,TRUE,TRUE,5,2,3,0,0.4,69,105,-36,16,7,9,0,0.4375,327,363,-36,,FALSE,,Missed playoffs,FALSE,FALSE,FALSE,1998-preseason.png,89.5,https://shrpsports.com/nfl/stand/1998finaldiv.htm,https://raw.githubusercontent.com/devstopfix/nfl_results/master/nfl%201998.csv
1998,LAC,CHARGERS,San Diego Chargers,San Diego,Chargers,AFC,AFC West,5,TRUE,TRUE,4,3,1,0,0.75,129,93,36,16,5,11,0,0.3125,241,342,-101,,FALSE,,Missed playoffs,FALSE,FALSE,FALSE,1998-preseason.png,93.3,https://shrpsports.com/nfl/stand/1998finaldiv.htm,https://raw.githubusercontent.com/devstopfix/nfl_results/master/nfl%201998.csv
1998,MIN,VIKINGS,Minnesota Vikings,Minnesota,Vikings,NFC,NFC Central,1,TRUE,TRUE,4,4,0,0,1,129,50,79,16,15,1,0,0.9375,556,296,260,1,TRUE,LostCC,Lost Conference Championship,FALSE,FALSE,FALSE,1998-preseason.png,95.5,https://shrpsports.com/nfl/stand/1998finaldiv.htm,https://raw.githubusercontent.com/devstopfix/nfl_results/master/nfl%201998.csv
1998,GB,PACKERS,Green Bay Packers,Green Bay,Packers,NFC,NFC Central,2,TRUE,TRUE,5,2,3,0,0.4,117,113,4,16,11,5,0,0.6875,408,319,89,5,TRUE,LostWC,Lost Wild Card,FALSE,FALSE,FALSE,1998-preseason.png,87.3,https://shrpsports.com/nfl/stand/1998finaldiv.htm,https://raw.githubusercontent.com/devstopfix/nfl_results/master/nfl%201998.csv
1998,TB,BUCCANEERS,Tampa Bay Buccaneers,Tampa Bay,Buccaneers,NFC,NFC Central,3,TRUE,TRUE,5,2,3,0,0.4,103,54,49,16,8,8,0,0.5,314,295,19,,FALSE,,Missed playoffs,FALSE,FALSE,FALSE,1998-preseason.png,92.6,https://shrpsports.com/nfl/stand/1998finaldiv.htm,https://raw.githubusercontent.com/devstopfix/nfl_results/master/nfl%201998.csv
1998,DET,LIONS,Detroit Lions,Detroit,Lions,NFC,NFC Central,4,TRUE,TRUE,4,1,3,0,0.25,52,70,-18,16,5,11,0,0.3125,306,378,-72,,FALSE,,Missed playoffs,FALSE,FALSE,FALSE,1998-preseason.png,93.7,https://shrpsports.com/nfl/stand/1998finaldiv.htm,https://raw.githubusercontent.com/devstopfix/nfl_results/master/nfl%201998.csv
1998,CHI,BEARS,Chicago Bears,Chicago,Bears,NFC,NFC Central,5,TRUE,TRUE,4,0,4,0,0,54,87,-33,16,4,12,0,0.25,276,368,-92,,FALSE,,Missed playoffs,FALSE,FALSE,FALSE,1998-preseason.png,90.9,https://shrpsports.com/nfl/stand/1998finaldiv.htm,https://raw.githubusercontent.com/devstopfix/nfl_results/master/nfl%201998.csv
1998,DAL,COWBOYS,Dallas Cowboys,Dallas,Cowboys,NFC,NFC East,1,TRUE,TRUE,5,0,5,0,0,59,121,-62,16,10,6,0,0.625,381,275,106,3,TRUE,LostWC,Lost Wild Card,FALSE,FALSE,FALSE,1998-preseason.png,94.1,https://shrpsports.com/nfl/stand/1998finaldiv.htm,https://raw.githubusercontent.com/devstopfix/nfl_results/master/nfl%201998.csv
1998,ARI,CARDINALS,Arizona Cardinals,Arizona,Cardinals,NFC,NFC East,2,TRUE,TRUE,4,2,2,0,0.5,82,82,0,16,9,7,0,0.5625,325,378,-53,6,TRUE,LostDV,Lost Divisional,FALSE,FALSE,FALSE,1998-preseason.png,90,https://shrpsports.com/nfl/stand/1998finaldiv.htm,https://raw.githubusercontent.com/devstopfix/nfl_results/master/nfl%201998.csv
1998,NYG,GIANTS,New York Giants,New York,Giants,NFC,NFC East,3,TRUE,TRUE,4,1,3,0,0.25,63,82,-19,16,8,8,0,0.5,287,309,-22,,FALSE,,Missed playoffs,FALSE,FALSE,FALSE,1998-preseason.png,94.7,https://shrpsports.com/nfl/stand/1998finaldiv.htm,https://raw.githubusercontent.com/devstopfix/nfl_results/master/nfl%201998.csv
1998,WAS,WASHINGTON,Washington Redskins,Washington,Redskins,NFC,NFC East,4,TRUE,TRUE,4,1,3,0,0.25,77,90,-13,16,6,10,0,0.375,319,421,-102,,FALSE,,Missed playoffs,FALSE,FALSE,FALSE,1998-preseason.png,85,https://shrpsports.com/nfl/stand/1998finaldiv.htm,https://raw.githubusercontent.com/devstopfix/nfl_results/master/nfl%201998.csv
1998,PHI,EAGLES,Philadelphia Eagles,Philadelphia,Eagles,NFC,NFC East,5,TRUE,TRUE,4,1,3,0,0.25,49,93,-44,16,3,13,0,0.1875,161,344,-183,,FALSE,,Missed playoffs,FALSE,FALSE,FALSE,1998-preseason.png,93.8,https://shrpsports.com/nfl/stand/1998finaldiv.htm,https://raw.githubusercontent.com/devstopfix/nfl_results/master/nfl%201998.csv
1998,ATL,FALCONS,Atlanta Falcons,Atlanta,Falcons,NFC,NFC West,1,TRUE,TRUE,4,2,2,0,0.5,62,62,0,16,14,2,0,0.875,442,289,153,2,TRUE,LostSB,Lost Super Bowl,TRUE,FALSE,TRUE,1998-preseason.png,93.5,https://shrpsports.com/nfl/stand/1998finaldiv.htm,https://raw.githubusercontent.com/devstopfix/nfl_results/master/nfl%201998.csv
1998,SF,49ERS,San Francisco 49ers,San Francisco,49ers,NFC,NFC West,2,TRUE,TRUE,5,2,3,0,0.4,99,103,-4,16,12,4,0,0.75,479,328,151,4,TRUE,LostDV,Lost Divisional,FALSE,FALSE,FALSE,1998-preseason.png,92.5,https://shrpsports.com/nfl/stand/1998finaldiv.htm,https://raw.githubusercontent.com/devstopfix/nfl_results/master/nfl%201998.csv
1998,NO,SAINTS,New Orleans Saints,New Orleans,Saints,NFC,NFC West,3,TRUE,TRUE,4,1,3,0,0.25,51,80,-29,16,6,10,0,0.375,305,359,-54,,FALSE,,Missed playoffs,FALSE,FALSE,FALSE,1998-preseason.png,94.4,https://shrpsports.com/nfl/stand/1998finaldiv.htm,https://raw.githubusercontent.com/devstopfix/nfl_results/master/nfl%201998.csv
1998,CAR,PANTHERS,Carolina Panthers,Carolina,Panthers,NFC,NFC West,4,TRUE,TRUE,4,2,2,0,0.5,88,97,-9,16,4,12,0,0.25,336,413,-77,,FALSE,,Missed playoffs,FALSE,FALSE,FALSE,1998-preseason.png,93.7,https://shrpsports.com/nfl/stand/1998finaldiv.htm,https://raw.githubusercontent.com/devstopfix/nfl_results/master/nfl%201998.csv
1998,LA,RAMS,St. Louis Rams,St. Louis,Rams,NFC,NFC West,5,TRUE,TRUE,4,2,2,0,0.5,72,81,-9,16,4,12,0,0.25,285,378,-93,,FALSE,,Missed playoffs,FALSE,FALSE,FALSE,1998-preseason.png,94.7,https://shrpsports.com/nfl/stand/1998finaldiv.htm,https://raw.githubusercontent.com/devstopfix/nfl_results/master/nfl%201998.csv
1999,JAX,JAGUARS,Jacksonville Jaguars,Jacksonville,Jaguars,AFC,AFC Central,1,TRUE,TRUE,4,3,1,0,0.75,113,49,64,16,14,2,0,0.875,396,217,179,1,TRUE,LostCC,Lost Conference Championship,FALSE,FALSE,FALSE,1999-preseason.png,89.9,https://shrpsports.com/nfl/stand/1999finaldiv.htm,https://raw.githubusercontent.com/nflverse/nfldata/master/data/games.csv
1999,TEN,TITANS,Tennessee Titans,Tennessee,Titans,AFC,AFC Central,2,TRUE,TRUE,4,1,3,0,0.25,65,64,1,16,13,3,0,0.8125,392,324,68,4,TRUE,LostSB,Lost Super Bowl,TRUE,FALSE,TRUE,1999-preseason.png,94.8,https://shrpsports.com/nfl/stand/1999finaldiv.htm,https://raw.githubusercontent.com/nflverse/nfldata/master/data/games.csv
1999,BAL,RAVENS,Baltimore Ravens,Baltimore,Ravens,AFC,AFC Central,3,TRUE,TRUE,4,4,0,0,1,85,61,24,16,8,8,0,0.5,324,277,47,,FALSE,,Missed playoffs,FALSE,FALSE,FALSE,1999-preseason.png,96.3,https://shrpsports.com/nfl/stand/1999finaldiv.htm,https://raw.githubusercontent.com/nflverse/nfldata/master/data/games.csv
1999,PIT,STEELERS,Pittsburgh Steelers,Pittsburgh,Steelers,AFC,AFC Central,4,TRUE,TRUE,4,1,3,0,0.25,71,86,-15,16,6,10,0,0.375,317,320,-3,,FALSE,,Missed playoffs,FALSE,FALSE,FALSE,1999-preseason.png,93,https://shrpsports.com/nfl/stand/1999finaldiv.htm,https://raw.githubusercontent.com/nflverse/nfldata/master/data/games.csv
1999,CIN,BENGALS,Cincinnati Bengals,Cincinnati,Bengals,AFC,AFC Central,5,TRUE,TRUE,4,0,4,0,0,36,94,-58,16,4,12,0,0.25,283,460,-177,,FALSE,,Missed playoffs,FALSE,FALSE,FALSE,1999-preseason.png,95,https://shrpsports.com/nfl/stand/1999finaldiv.htm,https://raw.githubusercontent.com/nflverse/nfldata/master/data/games.csv
1999,CLE,BROWNS,Cleveland Browns,Cleveland,Browns,AFC,AFC Central,6,TRUE,TRUE,5,2,3,0,0.4,92,125,-33,16,2,14,0,0.125,217,437,-220,,FALSE,,Missed playoffs,FALSE,FALSE,FALSE,1999-preseason.png,86.7,https://shrpsports.com/nfl/stand/1999finaldiv.htm,https://raw.githubusercontent.com/nflverse/nfldata/master/data/games.csv
1999,IND,COLTS,Indianapolis Colts,Indianapolis,Colts,AFC,AFC East,1,TRUE,TRUE,4,3,1,0,0.75,94,61,33,16,13,3,0,0.8125,423,333,90,2,TRUE,LostDV,Lost Divisional,FALSE,FALSE,FALSE,1999-preseason.png,96,https://shrpsports.com/nfl/stand/1999finaldiv.htm,https://raw.githubusercontent.com/nflverse/nfldata/master/data/games.csv
1999,BUF,BILLS,Buffalo Bills,Buffalo,Bills,AFC,AFC East,2,TRUE,TRUE,4,3,1,0,0.75,89,47,42,16,11,5,0,0.6875,320,229,91,5,TRUE,LostWC,Lost Wild Card,FALSE,FALSE,FALSE,1999-preseason.png,91.7,https://shrpsports.com/nfl/stand/1999finaldiv.htm,https://raw.githubusercontent.com/nflverse/nfldata/master/data/games.csv
1999,MIA,DOLPHINS,Miami Dolphins,Miami,Dolphins,AFC,AFC East,3,TRUE,TRUE,4,2,2,0,0.5,75,71,4,16,9,7,0,0.5625,326,336,-10,6,TRUE,LostDV,Lost Divisional,FALSE,FALSE,FALSE,1999-preseason.png,85.3,https://shrpsports.com/nfl/stand/1999finaldiv.htm,https://raw.githubusercontent.com/nflverse/nfldata/master/data/games.csv
1999,NYJ,JETS,New York Jets,New York,Jets,AFC,AFC East,4,TRUE,TRUE,4,3,1,0,0.75,80,63,17,16,8,8,0,0.5,308,309,-1,,FALSE,,Missed playoffs,FALSE,FALSE,FALSE,1999-preseason.png,92.3,https://shrpsports.com/nfl/stand/1999finaldiv.htm,https://raw.githubusercontent.com/nflverse/nfldata/master/data/games.csv
1999,NE,PATRIOTS,New England Patriots,New England,Patriots,AFC,AFC East,5,TRUE,TRUE,4,1,3,0,0.25,82,102,-20,16,8,8,0,0.5,299,284,15,,FALSE,,Missed playoffs,FALSE,FALSE,FALSE,1999-preseason.png,93.9,https://shrpsports.com/nfl/stand/1999finaldiv.htm,https://raw.githubusercontent.com/nflverse/nfldata/master/data/games.csv
1999,SEA,SEAHAWKS,Seattle Seahawks,Seattle,Seahawks,AFC,AFC West,1,TRUE,TRUE,4,1,3,0,0.25,102,86,16,16,9,7,0,0.5625,338,298,40,3,TRUE,LostWC,Lost Wild Card,FALSE,FALSE,FALSE,1999-preseason.png,83.2,https://shrpsports.com/nfl/stand/1999finaldiv.htm,https://raw.githubusercontent.com/nflverse/nfldata/master/data/games.csv
1999,KC,CHIEFS,Kansas City Chiefs,Kansas City,Chiefs,AFC,AFC West,2,TRUE,TRUE,4,2,2,0,0.5,69,95,-26,16,9,7,0,0.5625,390,322,68,,FALSE,,Missed playoffs,FALSE,FALSE,FALSE,1999-preseason.png,94.1,https://shrpsports.com/nfl/stand/1999finaldiv.htm,https://raw.githubusercontent.com/nflverse/nfldata/master/data/games.csv
1999,LAC,CHARGERS,San Diego Chargers,San Diego,Chargers,AFC,AFC West,3,TRUE,TRUE,5,0,5,0,0,99,122,-23,16,8,8,0,0.5,269,316,-47,,FALSE,,Missed playoffs,FALSE,FALSE,FALSE,1999-preseason.png,93.6,https://shrpsports.com/nfl/stand/1999finaldiv.htm,https://raw.githubusercontent.com/nflverse/nfldata/master/data/games.csv
1999,LV,RAIDERS,Oakland Raiders,Oakland,Raiders,AFC,AFC West,4,TRUE,TRUE,4,3,1,0,0.75,79,43,36,16,8,8,0,0.5,390,329,61,,FALSE,,Missed playoffs,FALSE,FALSE,FALSE,1999-preseason.png,89,https://shrpsports.com/nfl/stand/1999finaldiv.htm,https://raw.githubusercontent.com/nflverse/nfldata/master/data/games.csv
1999,DEN,BRONCOS,Denver Broncos,Denver,Broncos,AFC,AFC West,5,TRUE,TRUE,5,3,2,0,0.6,116,76,40,16,6,10,0,0.375,314,318,-4,,FALSE,,Missed playoffs,FALSE,FALSE,FALSE,1999-preseason.png,90.5,https://shrpsports.com/nfl/stand/1999finaldiv.htm,https://raw.githubusercontent.com/nflverse/nfldata/master/data/games.csv
1999,TB,BUCCANEERS,Tampa Bay Buccaneers,Tampa Bay,Buccaneers,NFC,NFC Central,1,TRUE,TRUE,4,4,0,0,1,108,37,71,16,11,5,0,0.6875,270,235,35,2,TRUE,LostCC,Lost Conference Championship,FALSE,FALSE,FALSE,1999-preseason.png,91.8,https://shrpsports.com/nfl/stand/1999finaldiv.htm,https://raw.githubusercontent.com/nflverse/nfldata/master/data/games.csv
1999,MIN,VIKINGS,Minnesota Vikings,Minnesota,Vikings,NFC,NFC Central,2,TRUE,TRUE,4,2,2,0,0.5,79,104,-25,16,10,6,0,0.625,399,335,64,4,TRUE,LostDV,Lost Divisional,FALSE,FALSE,FALSE,1999-preseason.png,90.2,https://shrpsports.com/nfl/stand/1999finaldiv.htm,https://raw.githubusercontent.com/nflverse/nfldata/master/data/games.csv
1999,DET,LIONS,Detroit Lions,Detroit,Lions,NFC,NFC Central,3,TRUE,TRUE,4,1,3,0,0.25,63,83,-20,16,8,8,0,0.5,322,323,-1,6,TRUE,LostWC,Lost Wild Card,FALSE,FALSE,FALSE,1999-preseason.png,94.1,https://shrpsports.com/nfl/stand/1999finaldiv.htm,https://raw.githubusercontent.com/nflverse/nfldata/master/data/games.csv
1999,GB,PACKERS,Green Bay Packers,Green Bay,Packers,NFC,NFC Central,4,TRUE,TRUE,4,4,0,0,1,117,62,55,16,8,8,0,0.5,357,341,16,,FALSE,,Missed playoffs,FALSE,FALSE,FALSE,1999-preseason.png,96.1,https://shrpsports.com/nfl/stand/1999finaldiv.htm,https://raw.githubusercontent.com/nflverse/nfldata/master/data/games.csv
1999,CHI,BEARS,Chicago Bears,Chicago,Bears,NFC,NFC Central,5,TRUE,TRUE,4,2,2,0,0.5,94,95,-1,16,6,10,0,0.375,272,341,-69,,FALSE,,Missed playoffs,FALSE,FALSE,FALSE,1999-preseason.png,94,https://shrpsports.com/nfl/stand/1999finaldiv.htm,https://raw.githubusercontent.com/nflverse/nfldata/master/data/games.csv
1999,WAS,WASHINGTON,Washington Redskins,Washington,Redskins,NFC,NFC East,1,TRUE,TRUE,4,3,1,0,0.75,80,63,17,16,10,6,0,0.625,443,377,66,3,TRUE,LostDV,Lost Divisional,FALSE,FALSE,FALSE,1999-preseason.png,93.8,https://shrpsports.com/nfl/stand/1999finaldiv.htm,https://raw.githubusercontent.com/nflverse/nfldata/master/data/games.csv
1999,DAL,COWBOYS,Dallas Cowboys,Dallas,Cowboys,NFC,NFC East,2,TRUE,TRUE,5,1,4,0,0.2,62,103,-41,16,8,8,0,0.5,352,276,76,5,TRUE,LostWC,Lost Wild Card,FALSE,FALSE,FALSE,1999-preseason.png,92.8,https://shrpsports.com/nfl/stand/1999finaldiv.htm,https://raw.githubusercontent.com/nflverse/nfldata/master/data/games.csv
1999,NYG,GIANTS,New York Giants,New York,Giants,NFC,NFC East,3,TRUE,TRUE,4,2,2,0,0.5,97,85,12,16,7,9,0,0.4375,299,358,-59,,FALSE,,Missed playoffs,FALSE,FALSE,FALSE,1999-preseason.png,95.5,https://shrpsports.com/nfl/stand/1999finaldiv.htm,https://raw.githubusercontent.com/nflverse/nfldata/master/data/games.csv
1999,ARI,CARDINALS,Arizona Cardinals,Arizona,Cardinals,NFC,NFC East,4,TRUE,TRUE,4,1,3,0,0.25,48,139,-91,16,6,10,0,0.375,245,382,-137,,FALSE,,Missed playoffs,FALSE,FALSE,FALSE,1999-preseason.png,93.3,https://shrpsports.com/nfl/stand/1999finaldiv.htm,https://raw.githubusercontent.com/nflverse/nfldata/master/data/games.csv
1999,PHI,EAGLES,Philadelphia Eagles,Philadelphia,Eagles,NFC,NFC East,5,TRUE,TRUE,4,1,3,0,0.25,59,54,5,16,5,11,0,0.3125,272,357,-85,,FALSE,,Missed playoffs,FALSE,FALSE,FALSE,1999-preseason.png,91.8,https://shrpsports.com/nfl/stand/1999finaldiv.htm,https://raw.githubusercontent.com/nflverse/nfldata/master/data/games.csv
1999,LA,RAMS,St. Louis Rams,St. Louis,Rams,NFC,NFC West,1,TRUE,TRUE,4,2,2,0,0.5,82,83,-1,16,13,3,0,0.8125,526,242,284,1,TRUE,WonSB,Won Super Bowl,TRUE,TRUE,FALSE,1999-preseason.png,93.5,https://shrpsports.com/nfl/stand/1999finaldiv.htm,https://raw.githubusercontent.com/nflverse/nfldata/master/data/games.csv
1999,CAR,PANTHERS,Carolina Panthers,Carolina,Panthers,NFC,NFC West,2,TRUE,TRUE,4,2,2,0,0.5,77,96,-19,16,8,8,0,0.5,421,381,40,,FALSE,,Missed playoffs,FALSE,FALSE,FALSE,1999-preseason.png,93.5,https://shrpsports.com/nfl/stand/1999finaldiv.htm,https://raw.githubusercontent.com/nflverse/nfldata/master/data/games.csv
1999,ATL,FALCONS,Atlanta Falcons,Atlanta,Falcons,NFC,NFC West,3,TRUE,TRUE,4,2,2,0,0.5,72,83,-11,16,5,11,0,0.3125,285,380,-95,,FALSE,,Missed playoffs,FALSE,FALSE,FALSE,1999-preseason.png,85.3,https://shrpsports.com/nfl/stand/1999finaldiv.htm,https://raw.githubusercontent.com/nflverse/nfldata/master/data/games.csv
1999,SF,49ERS,San Francisco 49ers,San Francisco,49ers,NFC,NFC West,4,TRUE,TRUE,4,3,1,0,0.75,74,89,-15,16,4,12,0,0.25,295,453,-158,,FALSE,,Missed playoffs,FALSE,FALSE,FALSE,1999-preseason.png,89.5,https://shrpsports.com/nfl/stand/1999finaldiv.htm,https://raw.githubusercontent.com/nflverse/nfldata/master/data/games.csv
1999,NO,SAINTS,New Orleans Saints,New Orleans,Saints,NFC,NFC West,5,TRUE,TRUE,4,2,2,0,0.5,62,100,-38,16,3,13,0,0.1875,260,434,-174,,FALSE,,Missed playoffs,FALSE,FALSE,FALSE,1999-preseason.png,86.1,https://shrpsports.com/nfl/stand/1999finaldiv.htm,https://raw.githubusercontent.com/nflverse/nfldata/master/data/games.csv
2000,TEN,TITANS,Tennessee Titans,Tennessee,Titans,AFC,AFC Central,1,TRUE,TRUE,4,3,1,0,0.75,110,75,35,16,13,3,0,0.8125,346,191,155,1,TRUE,LostDV,Lost Divisional,FALSE,FALSE,FALSE,2000-preseason.png,90.9,https://shrpsports.com/nfl/stand/2000finaldiv.htm,https://raw.githubusercontent.com/nflverse/nfldata/master/data/games.csv
2000,BAL,RAVENS,Baltimore Ravens,Baltimore,Ravens,AFC,AFC Central,2,TRUE,TRUE,4,4,0,0,1,74,43,31,16,12,4,0,0.75,333,165,168,4,TRUE,WonSB,Won Super Bowl,TRUE,TRUE,FALSE,2000-preseason.png,96,https://shrpsports.com/nfl/stand/2000finaldiv.htm,https://raw.githubusercontent.com/nflverse/nfldata/master/data/games.csv
2000,PIT,STEELERS,Pittsburgh Steelers,Pittsburgh,Steelers,AFC,AFC Central,3,TRUE,TRUE,5,3,2,0,0.6,97,61,36,16,9,7,0,0.5625,321,255,66,,FALSE,,Missed playoffs,FALSE,FALSE,FALSE,2000-preseason.png,93.3,https://shrpsports.com/nfl/stand/2000finaldiv.htm,https://raw.githubusercontent.com/nflverse/nfldata/master/data/games.csv
2000,JAX,JAGUARS,Jacksonville Jaguars,Jacksonville,Jaguars,AFC,AFC Central,4,TRUE,TRUE,4,3,1,0,0.75,96,80,16,16,7,9,0,0.4375,367,327,40,,FALSE,,Missed playoffs,FALSE,FALSE,FALSE,2000-preseason.png,87.2,https://shrpsports.com/nfl/stand/2000finaldiv.htm,https://raw.githubusercontent.com/nflverse/nfldata/master/data/games.csv
2000,CIN,BENGALS,Cincinnati Bengals,Cincinnati,Bengals,AFC,AFC Central,5,TRUE,TRUE,4,1,3,0,0.25,73,93,-20,16,4,12,0,0.25,185,359,-174,,FALSE,,Missed playoffs,FALSE,FALSE,FALSE,2000-preseason.png,91.5,https://shrpsports.com/nfl/stand/2000finaldiv.htm,https://raw.githubusercontent.com/nflverse/nfldata/master/data/games.csv
2000,CLE,BROWNS,Cleveland Browns,Cleveland,Browns,AFC,AFC Central,6,TRUE,TRUE,4,1,3,0,0.25,72,99,-27,16,3,13,0,0.1875,161,419,-258,,FALSE,,Missed playoffs,FALSE,FALSE,FALSE,2000-preseason.png,86.1,https://shrpsports.com/nfl/stand/2000finaldiv.htm,https://raw.githubusercontent.com/nflverse/nfldata/master/data/games.csv
2000,MIA,DOLPHINS,Miami Dolphins,Miami,Dolphins,AFC,AFC East,1,TRUE,TRUE,4,3,1,0,0.75,64,57,7,16,11,5,0,0.6875,323,226,97,3,TRUE,LostDV,Lost Divisional,FALSE,FALSE,FALSE,2000-preseason.png,91.2,https://shrpsports.com/nfl/stand/2000finaldiv.htm,https://raw.githubusercontent.com/nflverse/nfldata/master/data/games.csv
2000,IND,COLTS,Indianapolis Colts,Indianapolis,Colts,AFC,AFC East,2,TRUE,TRUE,5,3,2,0,0.6,102,101,1,16,10,6,0,0.625,429,326,103,6,TRUE,LostWC,Lost Wild Card,FALSE,FALSE,FALSE,2000-preseason.png,90.9,https://shrpsports.com/nfl/stand/2000finaldiv.htm,https://raw.githubusercontent.com/nflverse/nfldata/master/data/games.csv
2000,NYJ,JETS,New York Jets,New York,Jets,AFC,AFC East,3,TRUE,TRUE,4,2,2,0,0.5,75,91,-16,16,9,7,0,0.5625,321,321,0,,FALSE,,Missed playoffs,FALSE,FALSE,FALSE,2000-preseason.png,90.9,https://shrpsports.com/nfl/stand/2000finaldiv.htm,https://raw.githubusercontent.com/nflverse/nfldata/master/data/games.csv
2000,BUF,BILLS,Buffalo Bills,Buffalo,Bills,AFC,AFC East,4,TRUE,TRUE,4,3,1,0,0.75,81,74,7,16,8,8,0,0.5,315,350,-35,,FALSE,,Missed playoffs,FALSE,FALSE,FALSE,2000-preseason.png,94.2,https://shrpsports.com/nfl/stand/2000finaldiv.htm,https://raw.githubusercontent.com/nflverse/nfldata/master/data/games.csv
2000,NE,PATRIOTS,New England Patriots,New England,Patriots,AFC,AFC East,5,TRUE,TRUE,5,3,2,0,0.6,103,92,11,16,5,11,0,0.3125,276,338,-62,,FALSE,,Missed playoffs,FALSE,FALSE,FALSE,2000-preseason.png,92.1,https://shrpsports.com/nfl/stand/2000finaldiv.htm,https://raw.githubusercontent.com/nflverse/nfldata/master/data/games.csv
2000,LV,RAIDERS,Oakland Raiders,Oakland,Raiders,AFC,AFC West,1,TRUE,TRUE,4,3,1,0,0.75,81,68,13,16,12,4,0,0.75,479,299,180,2,TRUE,LostCC,Lost Conference Championship,FALSE,FALSE,FALSE,2000-preseason.png,90.8,https://shrpsports.com/nfl/stand/2000finaldiv.htm,https://raw.githubusercontent.com/nflverse/nfldata/master/data/games.csv
2000,DEN,BRONCOS,Denver Broncos,Denver,Broncos,AFC,AFC West,2,TRUE,TRUE,4,4,0,0,1,121,84,37,16,11,5,0,0.6875,485,369,116,5,TRUE,LostWC,Lost Wild Card,FALSE,FALSE,FALSE,2000-preseason.png,94.5,https://shrpsports.com/nfl/stand/2000finaldiv.htm,https://raw.githubusercontent.com/nflverse/nfldata/master/data/games.csv
2000,KC,CHIEFS,Kansas City Chiefs,Kansas City,Chiefs,AFC,AFC West,3,TRUE,TRUE,4,0,4,0,0,56,110,-54,16,7,9,0,0.4375,355,354,1,,FALSE,,Missed playoffs,FALSE,FALSE,FALSE,2000-preseason.png,94.2,https://shrpsports.com/nfl/stand/2000finaldiv.htm,https://raw.githubusercontent.com/nflverse/nfldata/master/data/games.csv
2000,SEA,SEAHAWKS,Seattle Seahawks,Seattle,Seahawks,AFC,AFC West,4,TRUE,TRUE,4,2,2,0,0.5,56,78,-22,16,6,10,0,0.375,320,405,-85,,FALSE,,Missed playoffs,FALSE,FALSE,FALSE,2000-preseason.png,94.2,https://shrpsports.com/nfl/stand/2000finaldiv.htm,https://raw.githubusercontent.com/nflverse/nfldata/master/data/games.csv
2000,LAC,CHARGERS,San Diego Chargers,San Diego,Chargers,AFC,AFC West,5,TRUE,TRUE,4,4,0,0,1,106,61,45,16,1,15,0,0.0625,269,440,-171,,FALSE,,Missed playoffs,FALSE,FALSE,FALSE,2000-preseason.png,93,https://shrpsports.com/nfl/stand/2000finaldiv.htm,https://raw.githubusercontent.com/nflverse/nfldata/master/data/games.csv
2000,MIN,VIKINGS,Minnesota Vikings,Minnesota,Vikings,NFC,NFC Central,1,TRUE,TRUE,4,1,3,0,0.25,96,105,-9,16,11,5,0,0.6875,397,371,26,2,TRUE,LostCC,Lost Conference Championship,FALSE,FALSE,FALSE,2000-preseason.png,91.5,https://shrpsports.com/nfl/stand/2000finaldiv.htm,https://raw.githubusercontent.com/nflverse/nfldata/master/data/games.csv
2000,TB,BUCCANEERS,Tampa Bay Buccaneers,Tampa Bay,Buccaneers,NFC,NFC Central,2,TRUE,TRUE,4,3,1,0,0.75,94,62,32,16,10,6,0,0.625,388,269,119,5,TRUE,LostWC,Lost Wild Card,FALSE,FALSE,FALSE,2000-preseason.png,93.9,https://shrpsports.com/nfl/stand/2000finaldiv.htm,https://raw.githubusercontent.com/nflverse/nfldata/master/data/games.csv
2000,GB,PACKERS,Green Bay Packers,Green Bay,Packers,NFC,NFC Central,3,TRUE,TRUE,4,2,2,0,0.5,105,100,5,16,9,7,0,0.5625,353,323,30,,FALSE,,Missed playoffs,FALSE,FALSE,FALSE,2000-preseason.png,89.9,https://shrpsports.com/nfl/stand/2000finaldiv.htm,https://raw.githubusercontent.com/nflverse/nfldata/master/data/games.csv
2000,DET,LIONS,Detroit Lions,Detroit,Lions,NFC,NFC Central,4,TRUE,TRUE,4,2,2,0,0.5,63,62,1,16,9,7,0,0.5625,307,307,0,,FALSE,,Missed playoffs,FALSE,FALSE,FALSE,2000-preseason.png,95.5,https://shrpsports.com/nfl/stand/2000finaldiv.htm,https://raw.githubusercontent.com/nflverse/nfldata/master/data/games.csv
2000,CHI,BEARS,Chicago Bears,Chicago,Bears,NFC,NFC Central,5,TRUE,TRUE,4,2,2,0,0.5,87,72,15,16,5,11,0,0.3125,216,355,-139,,FALSE,,Missed playoffs,FALSE,FALSE,FALSE,2000-preseason.png,95.4,https://shrpsports.com/nfl/stand/2000finaldiv.htm,https://raw.githubusercontent.com/nflverse/nfldata/master/data/games.csv
2000,NYG,GIANTS,New York Giants,New York,Giants,NFC,NFC East,1,TRUE,TRUE,4,0,4,0,0,62,87,-25,16,12,4,0,0.75,328,246,82,1,TRUE,LostSB,Lost Super Bowl,TRUE,FALSE,TRUE,2000-preseason.png,94.5,https://shrpsports.com/nfl/stand/2000finaldiv.htm,https://raw.githubusercontent.com/nflverse/nfldata/master/data/games.csv
2000,PHI,EAGLES,Philadelphia Eagles,Philadelphia,Eagles,NFC,NFC East,2,TRUE,TRUE,4,1,3,0,0.25,81,97,-16,16,11,5,0,0.6875,351,245,106,4,TRUE,LostDV,Lost Divisional,FALSE,FALSE,FALSE,2000-preseason.png,92.3,https://shrpsports.com/nfl/stand/2000finaldiv.htm,https://raw.githubusercontent.com/nflverse/nfldata/master/data/games.csv
2000,WAS,WASHINGTON,Washington Redskins,Washington,Redskins,NFC,NFC East,3,TRUE,TRUE,4,3,1,0,0.75,83,43,40,16,8,8,0,0.5,281,269,12,,FALSE,,Missed playoffs,FALSE,FALSE,FALSE,2000-preseason.png,93.8,https://shrpsports.com/nfl/stand/2000finaldiv.htm,https://raw.githubusercontent.com/nflverse/nfldata/master/data/games.csv
2000,DAL,COWBOYS,Dallas Cowboys,Dallas,Cowboys,NFC,NFC East,4,TRUE,TRUE,5,0,5,0,0,79,139,-60,16,5,11,0,0.3125,294,361,-67,,FALSE,,Missed playoffs,FALSE,FALSE,FALSE,2000-preseason.png,94.1,https://shrpsports.com/nfl/stand/2000finaldiv.htm,https://raw.githubusercontent.com/nflverse/nfldata/master/data/games.csv
2000,ARI,CARDINALS,Arizona Cardinals,Arizona,Cardinals,NFC,NFC East,5,TRUE,TRUE,4,1,3,0,0.25,75,93,-18,16,3,13,0,0.1875,210,443,-233,,FALSE,,Missed playoffs,FALSE,FALSE,FALSE,2000-preseason.png,94.9,https://shrpsports.com/nfl/stand/2000finaldiv.htm,https://raw.githubusercontent.com/nflverse/nfldata/master/data/games.csv
2000,NO,SAINTS,New Orleans Saints,New Orleans,Saints,NFC,NFC West,1,TRUE,TRUE,4,1,3,0,0.25,62,87,-25,16,10,6,0,0.625,354,305,49,3,TRUE,LostDV,Lost Divisional,FALSE,FALSE,FALSE,2000-preseason.png,94.5,https://shrpsports.com/nfl/stand/2000finaldiv.htm,https://raw.githubusercontent.com/nflverse/nfldata/master/data/games.csv
2000,LA,RAMS,St. Louis Rams,St. Louis,Rams,NFC,NFC West,2,TRUE,TRUE,4,2,2,0,0.5,85,95,-10,16,10,6,0,0.625,540,471,69,6,TRUE,LostWC,Lost Wild Card,FALSE,FALSE,FALSE,2000-preseason.png,94.5,https://shrpsports.com/nfl/stand/2000finaldiv.htm,https://raw.githubusercontent.com/nflverse/nfldata/master/data/games.csv
2000,CAR,PANTHERS,Carolina Panthers,Carolina,Panthers,NFC,NFC West,3,TRUE,TRUE,4,0,4,0,0,48,100,-52,16,7,9,0,0.4375,310,310,0,,FALSE,,Missed playoffs,FALSE,FALSE,FALSE,2000-preseason.png,94.7,https://shrpsports.com/nfl/stand/2000finaldiv.htm,https://raw.githubusercontent.com/nflverse/nfldata/master/data/games.csv
2000,SF,49ERS,San Francisco 49ers,San Francisco,49ers,NFC,NFC West,4,TRUE,TRUE,5,1,4,0,0.2,98,106,-8,16,6,10,0,0.375,388,422,-34,,FALSE,,Missed playoffs,FALSE,FALSE,FALSE,2000-preseason.png,93.8,https://shrpsports.com/nfl/stand/2000finaldiv.htm,https://raw.githubusercontent.com/nflverse/nfldata/master/data/games.csv
2000,ATL,FALCONS,Atlanta Falcons,Atlanta,Falcons,NFC,NFC West,5,TRUE,TRUE,5,4,1,0,0.8,116,86,30,16,4,12,0,0.25,252,413,-161,,FALSE,,Missed playoffs,FALSE,FALSE,FALSE,2000-preseason.png,96,https://shrpsports.com/nfl/stand/2000finaldiv.htm,https://raw.githubusercontent.com/nflverse/nfldata/master/data/games.csv
2001,PIT,STEELERS,Pittsburgh Steelers,Pittsburgh,Steelers,AFC,AFC Central,1,TRUE,TRUE,4,3,1,0,0.75,67,47,20,16,13,3,0,0.8125,352,212,140,1,TRUE,LostCC,Lost Conference Championship,FALSE,FALSE,FALSE,2001-preseason.png,88.9,https://shrpsports.com/nfl/stand/2001finaldiv.htm,https://raw.githubusercontent.com/nflverse/nfldata/master/data/games.csv
2001,BAL,RAVENS,Baltimore Ravens,Baltimore,Ravens,AFC,AFC Central,2,TRUE,TRUE,3,1,2,0,0.333333,58,45,13,16,10,6,0,0.625,303,265,38,5,TRUE,LostDV,Lost Divisional,FALSE,FALSE,FALSE,2001-preseason.png,92.5,https://shrpsports.com/nfl/stand/2001finaldiv.htm,https://raw.githubusercontent.com/nflverse/nfldata/master/data/games.csv
2001,CLE,BROWNS,Cleveland Browns,Cleveland,Browns,AFC,AFC Central,3,TRUE,TRUE,4,2,2,0,0.5,62,59,3,16,7,9,0,0.4375,285,319,-34,,FALSE,,Missed playoffs,FALSE,FALSE,FALSE,2001-preseason.png,83.8,https://shrpsports.com/nfl/stand/2001finaldiv.htm,https://raw.githubusercontent.com/nflverse/nfldata/master/data/games.csv
2001,TEN,TITANS,Tennessee Titans,Tennessee,Titans,AFC,AFC Central,4,TRUE,TRUE,4,3,1,0,0.75,92,79,13,16,7,9,0,0.4375,336,388,-52,,FALSE,,Missed playoffs,FALSE,FALSE,FALSE,2001-preseason.png,90.9,https://shrpsports.com/nfl/stand/2001finaldiv.htm,https://raw.githubusercontent.com/nflverse/nfldata/master/data/games.csv
2001,JAX,JAGUARS,Jacksonville Jaguars,Jacksonville,Jaguars,AFC,AFC Central,5,TRUE,TRUE,4,2,2,0,0.5,68,93,-25,16,6,10,0,0.375,294,286,8,,FALSE,,Missed playoffs,FALSE,FALSE,FALSE,2001-preseason.png,92.5,https://shrpsports.com/nfl/stand/2001finaldiv.htm,https://raw.githubusercontent.com/nflverse/nfldata/master/data/games.csv
2001,CIN,BENGALS,Cincinnati Bengals,Cincinnati,Bengals,AFC,AFC Central,6,TRUE,TRUE,4,1,3,0,0.25,67,83,-16,16,6,10,0,0.375,226,309,-83,,FALSE,,Missed playoffs,FALSE,FALSE,FALSE,2001-preseason.png,92.9,https://shrpsports.com/nfl/stand/2001finaldiv.htm,https://raw.githubusercontent.com/nflverse/nfldata/master/data/games.csv
2001,NE,PATRIOTS,New England Patriots,New England,Patriots,AFC,AFC East,1,TRUE,TRUE,4,3,1,0,0.75,73,41,32,16,11,5,0,0.6875,371,272,99,2,TRUE,WonSB,Won Super Bowl,TRUE,TRUE,FALSE,2001-preseason.png,86,https://shrpsports.com/nfl/stand/2001finaldiv.htm,https://raw.githubusercontent.com/nflverse/nfldata/master/data/games.csv
2001,MIA,DOLPHINS,Miami Dolphins,Miami,Dolphins,AFC,AFC East,2,TRUE,TRUE,5,1,4,0,0.2,66,91,-25,16,11,5,0,0.6875,344,290,54,4,TRUE,LostWC,Lost Wild Card,FALSE,FALSE,FALSE,2001-preseason.png,92.6,https://shrpsports.com/nfl/stand/2001finaldiv.htm,https://raw.githubusercontent.com/nflverse/nfldata/master/data/games.csv
2001,NYJ,JETS,New York Jets,New York,Jets,AFC,AFC East,3,TRUE,TRUE,4,2,2,0,0.5,55,50,5,16,10,6,0,0.625,308,295,13,6,TRUE,LostWC,Lost Wild Card,FALSE,FALSE,FALSE,2001-preseason.png,92,https://shrpsports.com/nfl/stand/2001finaldiv.htm,https://raw.githubusercontent.com/nflverse/nfldata/master/data/games.csv
2001,IND,COLTS,Indianapolis Colts,Indianapolis,Colts,AFC,AFC East,4,TRUE,TRUE,4,2,2,0,0.5,98,93,5,16,6,10,0,0.375,413,486,-73,,FALSE,,Missed playoffs,FALSE,FALSE,FALSE,2001-preseason.png,87.7,https://shrpsports.com/nfl/stand/2001finaldiv.htm,https://raw.githubusercontent.com/nflverse/nfldata/master/data/games.csv
2001,BUF,BILLS,Buffalo Bills,Buffalo,Bills,AFC,AFC East,5,TRUE,TRUE,4,2,2,0,0.5,36,57,-21,16,3,13,0,0.1875,265,420,-155,,FALSE,,Missed playoffs,FALSE,FALSE,FALSE,2001-preseason.png,83.8,https://shrpsports.com/nfl/stand/2001finaldiv.htm,https://raw.githubusercontent.com/nflverse/nfldata/master/data/games.csv
2001,LV,RAIDERS,Oakland Raiders,Oakland,Raiders,AFC,AFC West,1,TRUE,TRUE,5,3,2,0,0.6,78,75,3,16,10,6,0,0.625,399,327,72,3,TRUE,LostDV,Lost Divisional,FALSE,FALSE,FALSE,2001-preseason.png,89,https://shrpsports.com/nfl/stand/2001finaldiv.htm,https://raw.githubusercontent.com/nflverse/nfldata/master/data/games.csv
2001,SEA,SEAHAWKS,Seattle Seahawks,Seattle,Seahawks,AFC,AFC West,2,TRUE,TRUE,4,2,2,0,0.5,90,76,14,16,9,7,0,0.5625,301,324,-23,,FALSE,,Missed playoffs,FALSE,FALSE,FALSE,2001-preseason.png,91.1,https://shrpsports.com/nfl/stand/2001finaldiv.htm,https://raw.githubusercontent.com/nflverse/nfldata/master/data/games.csv
2001,DEN,BRONCOS,Denver Broncos,Denver,Broncos,AFC,AFC West,3,TRUE,TRUE,4,3,1,0,0.75,93,59,34,16,8,8,0,0.5,340,339,1,,FALSE,,Missed playoffs,FALSE,FALSE,FALSE,2001-preseason.png,90.3,https://shrpsports.com/nfl/stand/2001finaldiv.htm,https://raw.githubusercontent.com/nflverse/nfldata/master/data/games.csv
2001,KC,CHIEFS,Kansas City Chiefs,Kansas City,Chiefs,AFC,AFC West,4,TRUE,TRUE,4,2,2,0,0.5,70,58,12,16,6,10,0,0.375,320,344,-24,,FALSE,,Missed playoffs,FALSE,FALSE,FALSE,2001-preseason.png,87.4,https://shrpsports.com/nfl/stand/2001finaldiv.htm,https://raw.githubusercontent.com/nflverse/nfldata/master/data/games.csv
2001,LAC,CHARGERS,San Diego Chargers,San Diego,Chargers,AFC,AFC West,5,TRUE,TRUE,4,3,1,0,0.75,64,70,-6,16,5,11,0,0.3125,332,321,11,,FALSE,,Missed playoffs,FALSE,FALSE,FALSE,2001-preseason.png,88,https://shrpsports.com/nfl/stand/2001finaldiv.htm,https://raw.githubusercontent.com/nflverse/nfldata/master/data/games.csv
2001,CHI,BEARS,Chicago Bears,Chicago,Bears,NFC,NFC Central,1,TRUE,TRUE,4,1,3,0,0.25,69,74,-5,16,13,3,0,0.8125,338,203,135,2,TRUE,LostDV,Lost Divisional,FALSE,FALSE,FALSE,2001-preseason.png,93.2,https://shrpsports.com/nfl/stand/2001finaldiv.htm,https://raw.githubusercontent.com/nflverse/nfldata/master/data/games.csv
2001,GB,PACKERS,Green Bay Packers,Green Bay,Packers,NFC,NFC Central,2,TRUE,TRUE,4,2,2,0,0.5,55,53,2,16,12,4,0,0.75,390,266,124,4,TRUE,LostDV,Lost Divisional,FALSE,FALSE,FALSE,2001-preseason.png,94.8,https://shrpsports.com/nfl/stand/2001finaldiv.htm,https://raw.githubusercontent.com/nflverse/nfldata/master/data/games.csv
2001,TB,BUCCANEERS,Tampa Bay Buccaneers,Tampa Bay,Buccaneers,NFC,NFC Central,3,TRUE,TRUE,4,1,3,0,0.25,47,63,-16,16,9,7,0,0.5625,324,280,44,6,TRUE,LostWC,Lost Wild Card,FALSE,FALSE,FALSE,2001-preseason.png,94.4,https://shrpsports.com/nfl/stand/2001finaldiv.htm,https://raw.githubusercontent.com/nflverse/nfldata/master/data/games.csv
2001,MIN,VIKINGS,Minnesota Vikings,Minnesota,Vikings,NFC,NFC Central,4,TRUE,TRUE,4,4,0,0,1,100,59,41,16,5,11,0,0.3125,290,390,-100,,FALSE,,Missed playoffs,FALSE,FALSE,FALSE,2001-preseason.png,94.7,https://shrpsports.com/nfl/stand/2001finaldiv.htm,https://raw.githubusercontent.com/nflverse/nfldata/master/data/games.csv
2001,DET,LIONS,Detroit Lions,Detroit,Lions,NFC,NFC Central,5,TRUE,TRUE,4,1,3,0,0.25,83,101,-18,16,2,14,0,0.125,270,424,-154,,FALSE,,Missed playoffs,FALSE,FALSE,FALSE,2001-preseason.png,94.2,https://shrpsports.com/nfl/stand/2001finaldiv.htm,https://raw.githubusercontent.com/nflverse/nfldata/master/data/games.csv
2001,PHI,EAGLES,Philadelphia Eagles,Philadelphia,Eagles,NFC,NFC East,1,TRUE,TRUE,3,2,1,0,0.666667,36,32,4,16,11,5,0,0.6875,343,208,135,3,TRUE,LostCC,Lost Conference Championship,FALSE,FALSE,FALSE,2001-preseason.png,95.8,https://shrpsports.com/nfl/stand/2001finaldiv.htm,https://raw.githubusercontent.com/nflverse/nfldata/master/data/games.csv
2001,WAS,WASHINGTON,Washington Redskins,Washington,Redskins,NFC,NFC East,2,TRUE,TRUE,4,1,3,0,0.25,46,105,-59,16,8,8,0,0.5,256,303,-47,,FALSE,,Missed playoffs,FALSE,FALSE,FALSE,2001-preseason.png,94,https://shrpsports.com/nfl/stand/2001finaldiv.htm,https://raw.githubusercontent.com/nflverse/nfldata/master/data/games.csv
2001,NYG,GIANTS,New York Giants,New York,Giants,NFC,NFC East,3,TRUE,TRUE,4,1,3,0,0.25,50,74,-24,16,7,9,0,0.4375,294,321,-27,,FALSE,,Missed playoffs,FALSE,FALSE,FALSE,2001-preseason.png,95,https://shrpsports.com/nfl/stand/2001finaldiv.htm,https://raw.githubusercontent.com/nflverse/nfldata/master/data/games.csv
2001,ARI,CARDINALS,Arizona Cardinals,Arizona,Cardinals,NFC,NFC East,4,TRUE,TRUE,4,3,1,0,0.75,63,46,17,16,7,9,0,0.4375,295,343,-48,,FALSE,,Missed playoffs,FALSE,FALSE,FALSE,2001-preseason.png,94.3,https://shrpsports.com/nfl/stand/2001finaldiv.htm,https://raw.githubusercontent.com/nflverse/nfldata/master/data/games.csv
2001,DAL,COWBOYS,Dallas Cowboys,Dallas,Cowboys,NFC,NFC East,5,TRUE,TRUE,5,2,3,0,0.4,78,80,-2,16,5,11,0,0.3125,246,338,-92,,FALSE,,Missed playoffs,FALSE,FALSE,FALSE,2001-preseason.png,92,https://shrpsports.com/nfl/stand/2001finaldiv.htm,https://raw.githubusercontent.com/nflverse/nfldata/master/data/games.csv
2001,LA,RAMS,St. Louis Rams,St. Louis,Rams,NFC,NFC West,1,TRUE,TRUE,5,3,2,0,0.6,82,73,9,16,14,2,0,0.875,503,273,230,1,TRUE,LostSB,Lost Super Bowl,TRUE,FALSE,TRUE,2001-preseason.png,94,https://shrpsports.com/nfl/stand/2001finaldiv.htm,https://raw.githubusercontent.com/nflverse/nfldata/master/data/games.csv
2001,SF,49ERS,San Francisco 49ers,San Francisco,49ers,NFC,NFC West,2,TRUE,TRUE,4,1,3,0,0.25,69,105,-36,16,12,4,0,0.75,409,282,127,5,TRUE,LostWC,Lost Wild Card,FALSE,FALSE,FALSE,2001-preseason.png,94.3,https://shrpsports.com/nfl/stand/2001finaldiv.htm,https://raw.githubusercontent.com/nflverse/nfldata/master/data/games.csv
2001,NO,SAINTS,New Orleans Saints,New Orleans,Saints,NFC,NFC West,3,TRUE,TRUE,4,1,3,0,0.25,75,97,-22,16,7,9,0,0.4375,333,409,-76,,FALSE,,Missed playoffs,FALSE,FALSE,FALSE,2001-preseason.png,94.1,https://shrpsports.com/nfl/stand/2001finaldiv.htm,https://raw.githubusercontent.com/nflverse/nfldata/master/data/games.csv
2001,ATL,FALCONS,Atlanta Falcons,Atlanta,Falcons,NFC,NFC West,4,TRUE,TRUE,4,3,1,0,0.75,99,40,59,16,7,9,0,0.4375,291,377,-86,,FALSE,,Missed playoffs,FALSE,FALSE,FALSE,2001-preseason.png,91.3,https://shrpsports.com/nfl/stand/2001finaldiv.htm,https://raw.githubusercontent.com/nflverse/nfldata/master/data/games.csv
2001,CAR,PANTHERS,Carolina Panthers,Carolina,Panthers,NFC,NFC West,5,TRUE,TRUE,4,2,2,0,0.5,67,78,-11,16,1,15,0,0.0625,253,410,-157,,FALSE,,Missed playoffs,FALSE,FALSE,FALSE,2001-preseason.png,91.4,https://shrpsports.com/nfl/stand/2001finaldiv.htm,https://raw.githubusercontent.com/nflverse/nfldata/master/data/games.csv
2002,NYJ,JETS,New York Jets,New York,Jets,AFC,AFC East,1,TRUE,TRUE,4,4,0,0,1,101,45,56,16,9,7,0,0.5625,359,336,23,4,TRUE,LostDV,Lost Divisional,FALSE,FALSE,FALSE,2002-preseason.png,96.2,https://raw.githubusercontent.com/nflverse/nfldata/master/data/standings.csv,https://raw.githubusercontent.com/nflverse/nfldata/master/data/games.csv
2002,NE,PATRIOTS,New England Patriots,New England,Patriots,AFC,AFC East,2,TRUE,TRUE,4,3,1,0,0.75,86,54,32,16,9,7,0,0.5625,381,346,35,,FALSE,,Missed playoffs,FALSE,FALSE,FALSE,2002-preseason.png,95.5,https://raw.githubusercontent.com/nflverse/nfldata/master/data/standings.csv,https://raw.githubusercontent.com/nflverse/nfldata/master/data/games.csv
2002,MIA,DOLPHINS,Miami Dolphins,Miami,Dolphins,AFC,AFC East,3,TRUE,TRUE,4,2,2,0,0.5,65,63,2,16,9,7,0,0.5625,378,301,77,,FALSE,,Missed playoffs,FALSE,FALSE,FALSE,2002-preseason.png,93.8,https://raw.githubusercontent.com/nflverse/nfldata/master/data/standings.csv,https://raw.githubusercontent.com/nflverse/nfldata/master/data/games.csv
2002,BUF,BILLS,Buffalo Bills,Buffalo,Bills,AFC,AFC East,4,TRUE,TRUE,4,0,4,0,0,58,87,-29,16,8,8,0,0.5,379,397,-18,,FALSE,,Missed playoffs,FALSE,FALSE,FALSE,2002-preseason.png,94.6,https://raw.githubusercontent.com/nflverse/nfldata/master/data/standings.csv,https://raw.githubusercontent.com/nflverse/nfldata/master/data/games.csv
2002,PIT,STEELERS,Pittsburgh Steelers,Pittsburgh,Steelers,AFC,AFC North,1,TRUE,TRUE,4,2,2,0,0.5,91,87,4,16,10,5,1,0.65625,390,345,45,3,TRUE,LostDV,Lost Divisional,FALSE,FALSE,FALSE,2002-preseason.png,95.6,https://raw.githubusercontent.com/nflverse/nfldata/master/data/standings.csv,https://raw.githubusercontent.com/nflverse/nfldata/master/data/games.csv
2002,CLE,BROWNS,Cleveland Browns,Cleveland,Browns,AFC,AFC North,2,TRUE,TRUE,4,2,2,0,0.5,90,85,5,16,9,7,0,0.5625,344,320,24,6,TRUE,LostWC,Lost Wild Card,FALSE,FALSE,FALSE,2002-preseason.png,95.7,https://raw.githubusercontent.com/nflverse/nfldata/master/data/standings.csv,https://raw.githubusercontent.com/nflverse/nfldata/master/data/games.csv
2002,BAL,RAVENS,Baltimore Ravens,Baltimore,Ravens,AFC,AFC North,3,TRUE,TRUE,4,2,2,0,0.5,41,65,-24,16,7,9,0,0.4375,316,354,-38,,FALSE,,Missed playoffs,FALSE,FALSE,FALSE,2002-preseason.png,94.3,https://raw.githubusercontent.com/nflverse/nfldata/master/data/standings.csv,https://raw.githubusercontent.com/nflverse/nfldata/master/data/games.csv
2002,CIN,BENGALS,Cincinnati Bengals,Cincinnati,Bengals,AFC,AFC North,4,TRUE,TRUE,4,2,2,0,0.5,83,85,-2,16,2,14,0,0.125,279,456,-177,,FALSE,,Missed playoffs,FALSE,FALSE,FALSE,2002-preseason.png,94.3,https://raw.githubusercontent.com/nflverse/nfldata/master/data/standings.csv,https://raw.githubusercontent.com/nflverse/nfldata/master/data/games.csv
2002,TEN,TITANS,Tennessee Titans,Tennessee,Titans,AFC,AFC South,1,TRUE,TRUE,4,2,2,0,0.5,82,75,7,16,11,5,0,0.6875,367,324,43,2,TRUE,LostCC,Lost Conference Championship,FALSE,FALSE,FALSE,2002-preseason.png,95.6,https://raw.githubusercontent.com/nflverse/nfldata/master/data/standings.csv,https://raw.githubusercontent.com/nflverse/nfldata/master/data/games.csv
2002,IND,COLTS,Indianapolis Colts,Indianapolis,Colts,AFC,AFC South,2,TRUE,TRUE,4,2,2,0,0.5,78,64,14,16,10,6,0,0.625,349,313,36,5,TRUE,LostWC,Lost Wild Card,FALSE,FALSE,FALSE,2002-preseason.png,96.4,https://raw.githubusercontent.com/nflverse/nfldata/master/data/standings.csv,https://raw.githubusercontent.com/nflverse/nfldata/master/data/games.csv
2002,JAX,JAGUARS,Jacksonville Jaguars,Jacksonville,Jaguars,AFC,AFC South,3,TRUE,TRUE,4,1,3,0,0.25,62,87,-25,16,6,10,0,0.375,328,315,13,,FALSE,,Missed playoffs,FALSE,FALSE,FALSE,2002-preseason.png,82.8,https://raw.githubusercontent.com/nflverse/nfldata/master/data/standings.csv,https://raw.githubusercontent.com/nflverse/nfldata/master/data/games.csv
2002,HOU,TEXANS,Houston Texans,Houston,Texans,AFC,AFC South,4,TRUE,TRUE,5,1,4,0,0.2,55,104,-49,16,4,12,0,0.25,213,356,-143,,FALSE,,Missed playoffs,FALSE,FALSE,FALSE,2002-preseason.png,94.5,https://raw.githubusercontent.com/nflverse/nfldata/master/data/standings.csv,https://raw.githubusercontent.com/nflverse/nfldata/master/data/games.csv
2002,LV,RAIDERS,Oakland Raiders,Oakland,Raiders,AFC,AFC West,1,TRUE,TRUE,4,2,2,0,0.5,68,57,11,16,11,5,0,0.6875,450,304,146,1,TRUE,LostSB,Lost Super Bowl,TRUE,FALSE,TRUE,2002-preseason.png,94.5,https://raw.githubusercontent.com/nflverse/nfldata/master/data/standings.csv,https://raw.githubusercontent.com/nflverse/nfldata/master/data/games.csv
2002,DEN,BRONCOS,Denver Broncos,Denver,Broncos,AFC,AFC West,2,TRUE,TRUE,4,3,1,0,0.75,84,28,56,16,9,7,0,0.5625,392,344,48,,FALSE,,Missed playoffs,FALSE,FALSE,FALSE,2002-preseason.png,94.3,https://raw.githubusercontent.com/nflverse/nfldata/master/data/standings.csv,https://raw.githubusercontent.com/nflverse/nfldata/master/data/games.csv
2002,LAC,CHARGERS,San Diego Chargers,San Diego,Chargers,AFC,AFC West,3,TRUE,TRUE,4,2,2,0,0.5,75,75,0,16,8,8,0,0.5,333,367,-34,,FALSE,,Missed playoffs,FALSE,FALSE,FALSE,2002-preseason.png,93.7,https://raw.githubusercontent.com/nflverse/nfldata/master/data/standings.csv,https://raw.githubusercontent.com/nflverse/nfldata/master/data/games.csv
2002,KC,CHIEFS,Kansas City Chiefs,Kansas City,Chiefs,AFC,AFC West,4,TRUE,TRUE,4,3,1,0,0.75,73,56,17,16,8,8,0,0.5,467,399,68,,FALSE,,Missed playoffs,FALSE,FALSE,FALSE,2002-preseason.png,95.5,https://raw.githubusercontent.com/nflverse/nfldata/master/data/standings.csv,https://raw.githubusercontent.com/nflverse/nfldata/master/data/games.csv
2002,PHI,EAGLES,Philadelphia Eagles,Philadelphia,Eagles,NFC,NFC East,1,TRUE,TRUE,4,1,3,0,0.25,63,65,-2,16,12,4,0,0.75,415,241,174,1,TRUE,LostCC,Lost Conference Championship,FALSE,FALSE,FALSE,2002-preseason.png,94,https://raw.githubusercontent.com/nflverse/nfldata/master/data/standings.csv,https://raw.githubusercontent.com/nflverse/nfldata/master/data/games.csv
2002,NYG,GIANTS,New York Giants,New York,Giants,NFC,NFC East,2,TRUE,TRUE,5,3,2,0,0.6,100,100,0,16,10,6,0,0.625,320,279,41,5,TRUE,LostWC,Lost Wild Card,FALSE,FALSE,FALSE,2002-preseason.png,79,https://raw.githubusercontent.com/nflverse/nfldata/master/data/standings.csv,https://raw.githubusercontent.com/nflverse/nfldata/master/data/games.csv
2002,WAS,WASHINGTON,Washington Redskins,Washington,Redskins,NFC,NFC East,3,TRUE,TRUE,5,4,1,0,0.8,164,109,55,16,7,9,0,0.4375,307,365,-58,,FALSE,,Missed playoffs,FALSE,FALSE,FALSE,2002-preseason.png,93.1,https://raw.githubusercontent.com/nflverse/nfldata/master/data/standings.csv,https://raw.githubusercontent.com/nflverse/nfldata/master/data/games.csv
2002,DAL,COWBOYS,Dallas Cowboys,Dallas,Cowboys,NFC,NFC East,4,TRUE,TRUE,4,3,1,0,0.75,86,68,18,16,5,11,0,0.3125,217,329,-112,,FALSE,,Missed playoffs,FALSE,FALSE,FALSE,2002-preseason.png,95.5,https://raw.githubusercontent.com/nflverse/nfldata/master/data/standings.csv,https://raw.githubusercontent.com/nflverse/nfldata/master/data/games.csv
2002,GB,PACKERS,Green Bay Packers,Green Bay,Packers,NFC,NFC North,1,TRUE,TRUE,4,3,1,0,0.75,90,81,9,16,12,4,0,0.75,398,328,70,3,TRUE,LostWC,Lost Wild Card,FALSE,FALSE,FALSE,2002-preseason.png,95.8,https://raw.githubusercontent.com/nflverse/nfldata/master/data/standings.csv,https://raw.githubusercontent.com/nflverse/nfldata/master/data/games.csv
2002,MIN,VIKINGS,Minnesota Vikings,Minnesota,Vikings,NFC,NFC North,2,TRUE,TRUE,4,2,2,0,0.5,67,75,-8,16,6,10,0,0.375,390,442,-52,,FALSE,,Missed playoffs,FALSE,FALSE,FALSE,2002-preseason.png,94.5,https://raw.githubusercontent.com/nflverse/nfldata/master/data/standings.csv,https://raw.githubusercontent.com/nflverse/nfldata/master/data/games.csv
2002,CHI,BEARS,Chicago Bears,Chicago,Bears,NFC,NFC North,3,TRUE,TRUE,4,1,3,0,0.25,60,92,-32,16,4,12,0,0.25,281,379,-98,,FALSE,,Missed playoffs,FALSE,FALSE,FALSE,2002-preseason.png,93.3,https://raw.githubusercontent.com/nflverse/nfldata/master/data/standings.csv,https://raw.githubusercontent.com/nflverse/nfldata/master/data/games.csv
2002,DET,LIONS,Detroit Lions,Detroit,Lions,NFC,NFC North,4,TRUE,TRUE,4,1,3,0,0.25,71,83,-12,16,3,13,0,0.1875,306,451,-145,,FALSE,,Missed playoffs,FALSE,FALSE,FALSE,2002-preseason.png,90,https://raw.githubusercontent.com/nflverse/nfldata/master/data/standings.csv,https://raw.githubusercontent.com/nflverse/nfldata/master/data/games.csv
2002,TB,BUCCANEERS,Tampa Bay Buccaneers,Tampa Bay,Buccaneers,NFC,NFC South,1,TRUE,TRUE,4,3,1,0,0.75,61,63,-2,16,12,4,0,0.75,346,196,150,2,TRUE,WonSB,Won Super Bowl,TRUE,TRUE,FALSE,2002-preseason.png,89.5,https://raw.githubusercontent.com/nflverse/nfldata/master/data/standings.csv,https://raw.githubusercontent.com/nflverse/nfldata/master/data/games.csv
2002,ATL,FALCONS,Atlanta Falcons,Atlanta,Falcons,NFC,NFC South,2,TRUE,TRUE,4,4,0,0,1,107,70,37,16,9,6,1,0.59375,402,314,88,6,TRUE,LostDV,Lost Divisional,FALSE,FALSE,FALSE,2002-preseason.png,95.6,https://raw.githubusercontent.com/nflverse/nfldata/master/data/standings.csv,https://raw.githubusercontent.com/nflverse/nfldata/master/data/games.csv
2002,NO,SAINTS,New Orleans Saints,New Orleans,Saints,NFC,NFC South,3,TRUE,TRUE,4,3,1,0,0.75,90,64,26,16,9,7,0,0.5625,432,388,44,,FALSE,,Missed playoffs,FALSE,FALSE,FALSE,2002-preseason.png,95.7,https://raw.githubusercontent.com/nflverse/nfldata/master/data/standings.csv,https://raw.githubusercontent.com/nflverse/nfldata/master/data/games.csv
2002,CAR,PANTHERS,Carolina Panthers,Carolina,Panthers,NFC,NFC South,4,TRUE,TRUE,4,1,3,0,0.25,69,98,-29,16,7,9,0,0.4375,258,302,-44,,FALSE,,Missed playoffs,FALSE,FALSE,FALSE,2002-preseason.png,94.5,https://raw.githubusercontent.com/nflverse/nfldata/master/data/standings.csv,https://raw.githubusercontent.com/nflverse/nfldata/master/data/games.csv
2002,SF,49ERS,San Francisco 49ers,San Francisco,49ers,NFC,NFC West,1,TRUE,TRUE,5,2,3,0,0.4,70,82,-12,16,10,6,0,0.625,367,351,16,4,TRUE,LostDV,Lost Divisional,FALSE,FALSE,FALSE,2002-preseason.png,92.8,https://raw.githubusercontent.com/nflverse/nfldata/master/data/standings.csv,https://raw.githubusercontent.com/nflverse/nfldata/master/data/games.csv
2002,LA,RAMS,St. Louis Rams,St. Louis,Rams,NFC,NFC West,2,TRUE,TRUE,4,0,4,0,0,69,101,-32,16,7,9,0,0.4375,316,369,-53,,FALSE,,Missed playoffs,FALSE,FALSE,FALSE,2002-preseason.png,95.2,https://raw.githubusercontent.com/nflverse/nfldata/master/data/standings.csv,https://raw.githubusercontent.com/nflverse/nfldata/master/data/games.csv
2002,SEA,SEAHAWKS,Seattle Seahawks,Seattle,Seahawks,NFC,NFC West,3,TRUE,TRUE,4,1,3,0,0.25,41,97,-56,16,7,9,0,0.4375,355,369,-14,,FALSE,,Missed playoffs,FALSE,FALSE,FALSE,2002-preseason.png,93.9,https://raw.githubusercontent.com/nflverse/nfldata/master/data/standings.csv,https://raw.githubusercontent.com/nflverse/nfldata/master/data/games.csv
2002,ARI,CARDINALS,Arizona Cardinals,Arizona,Cardinals,NFC,NFC West,4,TRUE,TRUE,4,1,3,0,0.25,61,96,-35,16,5,11,0,0.3125,262,417,-155,,FALSE,,Missed playoffs,FALSE,FALSE,FALSE,2002-preseason.png,93.8,https://raw.githubusercontent.com/nflverse/nfldata/master/data/standings.csv,https://raw.githubusercontent.com/nflverse/nfldata/master/data/games.csv
2003,NE,PATRIOTS,New England Patriots,New England,Patriots,AFC,AFC East,1,TRUE,TRUE,4,4,0,0,1,108,54,54,16,14,2,0,0.875,348,238,110,1,TRUE,WonSB,Won Super Bowl,TRUE,TRUE,FALSE,2003-preseason.png,93.4,https://raw.githubusercontent.com/nflverse/nfldata/master/data/standings.csv,https://raw.githubusercontent.com/nflverse/nfldata/master/data/games.csv
2003,MIA,DOLPHINS,Miami Dolphins,Miami,Dolphins,AFC,AFC East,2,TRUE,TRUE,4,2,2,0,0.5,96,78,18,16,10,6,0,0.625,311,261,50,,FALSE,,Missed playoffs,FALSE,FALSE,FALSE,2003-preseason.png,94.8,https://raw.githubusercontent.com/nflverse/nfldata/master/data/standings.csv,https://raw.githubusercontent.com/nflverse/nfldata/master/data/games.csv
2003,BUF,BILLS,Buffalo Bills,Buffalo,Bills,AFC,AFC East,3,TRUE,TRUE,4,3,1,0,0.75,94,96,-2,16,6,10,0,0.375,243,279,-36,,FALSE,,Missed playoffs,FALSE,FALSE,FALSE,2003-preseason.png,92.7,https://raw.githubusercontent.com/nflverse/nfldata/master/data/standings.csv,https://raw.githubusercontent.com/nflverse/nfldata/master/data/games.csv
2003,NYJ,JETS,New York Jets,New York,Jets,AFC,AFC East,4,TRUE,TRUE,5,3,2,0,0.6,91,88,3,16,6,10,0,0.375,283,299,-16,,FALSE,,Missed playoffs,FALSE,FALSE,FALSE,2003-preseason.png,95.5,https://raw.githubusercontent.com/nflverse/nfldata/master/data/standings.csv,https://raw.githubusercontent.com/nflverse/nfldata/master/data/games.csv
2003,BAL,RAVENS,Baltimore Ravens,Baltimore,Ravens,AFC,AFC North,1,TRUE,TRUE,4,1,3,0,0.25,59,84,-25,16,10,6,0,0.625,391,281,110,4,TRUE,LostWC,Lost Wild Card,FALSE,FALSE,FALSE,2003-preseason.png,92.7,https://raw.githubusercontent.com/nflverse/nfldata/master/data/standings.csv,https://raw.githubusercontent.com/nflverse/nfldata/master/data/games.csv
2003,CIN,BENGALS,Cincinnati Bengals,Cincinnati,Bengals,AFC,AFC North,2,TRUE,TRUE,4,1,3,0,0.25,71,82,-11,16,8,8,0,0.5,346,384,-38,,FALSE,,Missed playoffs,FALSE,FALSE,FALSE,2003-preseason.png,91.2,https://raw.githubusercontent.com/nflverse/nfldata/master/data/standings.csv,https://raw.githubusercontent.com/nflverse/nfldata/master/data/games.csv
2003,PIT,STEELERS,Pittsburgh Steelers,Pittsburgh,Steelers,AFC,AFC North,3,TRUE,TRUE,4,1,3,0,0.25,58,82,-24,16,6,10,0,0.375,300,327,-27,,FALSE,,Missed playoffs,FALSE,FALSE,FALSE,2003-preseason.png,94.8,https://raw.githubusercontent.com/nflverse/nfldata/master/data/standings.csv,https://raw.githubusercontent.com/nflverse/nfldata/master/data/games.csv
2003,CLE,BROWNS,Cleveland Browns,Cleveland,Browns,AFC,AFC North,4,TRUE,TRUE,4,1,3,0,0.25,74,95,-21,16,5,11,0,0.3125,254,322,-68,,FALSE,,Missed playoffs,FALSE,FALSE,FALSE,2003-preseason.png,91.9,https://raw.githubusercontent.com/nflverse/nfldata/master/data/standings.csv,https://raw.githubusercontent.com/nflverse/nfldata/master/data/games.csv
2003,IND,COLTS,Indianapolis Colts,Indianapolis,Colts,AFC,AFC South,1,TRUE,TRUE,4,3,1,0,0.75,88,70,18,16,12,4,0,0.75,447,336,111,3,TRUE,LostCC,Lost Conference Championship,FALSE,FALSE,FALSE,2003-preseason.png,93.3,https://raw.githubusercontent.com/nflverse/nfldata/master/data/standings.csv,https://raw.githubusercontent.com/nflverse/nfldata/master/data/games.csv
2003,TEN,TITANS,Tennessee Titans,Tennessee,Titans,AFC,AFC South,2,TRUE,TRUE,4,4,0,0,1,97,48,49,16,12,4,0,0.75,435,324,111,5,TRUE,LostDV,Lost Divisional,FALSE,FALSE,FALSE,2003-preseason.png,95.9,https://raw.githubusercontent.com/nflverse/nfldata/master/data/standings.csv,https://raw.githubusercontent.com/nflverse/nfldata/master/data/games.csv
2003,JAX,JAGUARS,Jacksonville Jaguars,Jacksonville,Jaguars,AFC,AFC South,3,TRUE,TRUE,4,3,1,0,0.75,66,62,4,16,5,11,0,0.3125,276,331,-55,,FALSE,,Missed playoffs,FALSE,FALSE,FALSE,2003-preseason.png,80.6,https://raw.githubusercontent.com/nflverse/nfldata/master/data/standings.csv,https://raw.githubusercontent.com/nflverse/nfldata/master/data/games.csv
2003,HOU,TEXANS,Houston Texans,Houston,Texans,AFC,AFC South,4,TRUE,TRUE,4,0,4,0,0,38,107,-69,16,5,11,0,0.3125,255,380,-125,,FALSE,,Missed playoffs,FALSE,FALSE,FALSE,2003-preseason.png,93.7,https://raw.githubusercontent.com/nflverse/nfldata/master/data/standings.csv,https://raw.githubusercontent.com/nflverse/nfldata/master/data/games.csv
2003,KC,CHIEFS,Kansas City Chiefs,Kansas City,Chiefs,AFC,AFC West,1,TRUE,TRUE,5,3,2,0,0.6,94,88,6,16,13,3,0,0.8125,484,332,152,2,TRUE,LostDV,Lost Divisional,FALSE,FALSE,FALSE,2003-preseason.png,96.2,https://raw.githubusercontent.com/nflverse/nfldata/master/data/standings.csv,https://raw.githubusercontent.com/nflverse/nfldata/master/data/games.csv
2003,DEN,BRONCOS,Denver Broncos,Denver,Broncos,AFC,AFC West,2,TRUE,TRUE,4,3,1,0,0.75,78,53,25,16,10,6,0,0.625,381,301,80,6,TRUE,LostWC,Lost Wild Card,FALSE,FALSE,FALSE,2003-preseason.png,89.9,https://raw.githubusercontent.com/nflverse/nfldata/master/data/standings.csv,https://raw.githubusercontent.com/nflverse/nfldata/master/data/games.csv
2003,LV,RAIDERS,Oakland Raiders,Oakland,Raiders,AFC,AFC West,3,TRUE,TRUE,4,1,3,0,0.25,36,93,-57,16,4,12,0,0.25,270,379,-109,,FALSE,,Missed playoffs,FALSE,FALSE,FALSE,2003-preseason.png,92.9,https://raw.githubusercontent.com/nflverse/nfldata/master/data/standings.csv,https://raw.githubusercontent.com/nflverse/nfldata/master/data/games.csv
2003,LAC,CHARGERS,San Diego Chargers,San Diego,Chargers,AFC,AFC West,4,TRUE,TRUE,4,2,2,0,0.5,60,56,4,16,4,12,0,0.25,313,441,-128,,FALSE,,Missed playoffs,FALSE,FALSE,FALSE,2003-preseason.png,83.8,https://raw.githubusercontent.com/nflverse/nfldata/master/data/standings.csv,https://raw.githubusercontent.com/nflverse/nfldata/master/data/games.csv
2003,PHI,EAGLES,Philadelphia Eagles,Philadelphia,Eagles,NFC,NFC East,1,TRUE,TRUE,4,2,2,0,0.5,69,74,-5,16,12,4,0,0.75,374,287,87,1,TRUE,LostCC,Lost Conference Championship,FALSE,FALSE,FALSE,2003-preseason.png,93.7,https://raw.githubusercontent.com/nflverse/nfldata/master/data/standings.csv,https://raw.githubusercontent.com/nflverse/nfldata/master/data/games.csv
2003,DAL,COWBOYS,Dallas Cowboys,Dallas,Cowboys,NFC,NFC East,2,TRUE,TRUE,4,2,2,0,0.5,100,47,53,16,10,6,0,0.625,289,260,29,6,TRUE,LostWC,Lost Wild Card,FALSE,FALSE,FALSE,2003-preseason.png,89.4,https://raw.githubusercontent.com/nflverse/nfldata/master/data/standings.csv,https://raw.githubusercontent.com/nflverse/nfldata/master/data/games.csv
2003,WAS,WASHINGTON,Washington Redskins,Washington,Redskins,NFC,NFC East,3,TRUE,TRUE,4,1,3,0,0.25,52,60,-8,16,5,11,0,0.3125,287,372,-85,,FALSE,,Missed playoffs,FALSE,FALSE,FALSE,2003-preseason.png,93.7,https://raw.githubusercontent.com/nflverse/nfldata/master/data/standings.csv,https://raw.githubusercontent.com/nflverse/nfldata/master/data/games.csv
2003,NYG,GIANTS,New York Giants,New York,Giants,NFC,NFC East,4,TRUE,TRUE,4,1,3,0,0.25,60,85,-25,16,4,12,0,0.25,243,387,-144,,FALSE,,Missed playoffs,FALSE,FALSE,FALSE,2003-preseason.png,94.5,https://raw.githubusercontent.com/nflverse/nfldata/master/data/standings.csv,https://raw.githubusercontent.com/nflverse/nfldata/master/data/games.csv
2003,GB,PACKERS,Green Bay Packers,Green Bay,Packers,NFC,NFC North,1,TRUE,TRUE,5,2,3,0,0.4,75,108,-33,16,10,6,0,0.625,442,307,135,4,TRUE,LostDV,Lost Divisional,FALSE,FALSE,FALSE,2003-preseason.png,85.9,https://raw.githubusercontent.com/nflverse/nfldata/master/data/standings.csv,https://raw.githubusercontent.com/nflverse/nfldata/master/data/games.csv
2003,MIN,VIKINGS,Minnesota Vikings,Minnesota,Vikings,NFC,NFC North,2,TRUE,TRUE,4,1,3,0,0.25,78,79,-1,16,9,7,0,0.5625,416,353,63,,FALSE,,Missed playoffs,FALSE,FALSE,FALSE,2003-preseason.png,88.6,https://raw.githubusercontent.com/nflverse/nfldata/master/data/standings.csv,https://raw.githubusercontent.com/nflverse/nfldata/master/data/games.csv
2003,CHI,BEARS,Chicago Bears,Chicago,Bears,NFC,NFC North,3,TRUE,TRUE,4,1,3,0,0.25,70,98,-28,16,7,9,0,0.4375,283,346,-63,,FALSE,,Missed playoffs,FALSE,FALSE,FALSE,2003-preseason.png,92.4,https://raw.githubusercontent.com/nflverse/nfldata/master/data/standings.csv,https://raw.githubusercontent.com/nflverse/nfldata/master/data/games.csv
2003,DET,LIONS,Detroit Lions,Detroit,Lions,NFC,NFC North,4,TRUE,TRUE,4,2,2,0,0.5,90,75,15,16,5,11,0,0.3125,270,379,-109,,FALSE,,Missed playoffs,FALSE,FALSE,FALSE,2003-preseason.png,95.5,https://raw.githubusercontent.com/nflverse/nfldata/master/data/standings.csv,https://raw.githubusercontent.com/nflverse/nfldata/master/data/games.csv
2003,CAR,PANTHERS,Carolina Panthers,Carolina,Panthers,NFC,NFC South,1,TRUE,TRUE,4,4,0,0,1,81,31,50,16,11,5,0,0.6875,325,304,21,3,TRUE,LostSB,Lost Super Bowl,TRUE,FALSE,TRUE,2003-preseason.png,96.2,https://raw.githubusercontent.com/nflverse/nfldata/master/data/standings.csv,https://raw.githubusercontent.com/nflverse/nfldata/master/data/games.csv
2003,NO,SAINTS,New Orleans Saints,New Orleans,Saints,NFC,NFC South,2,TRUE,TRUE,4,1,3,0,0.25,61,95,-34,16,8,8,0,0.5,340,326,14,,FALSE,,Missed playoffs,FALSE,FALSE,FALSE,2003-preseason.png,94.5,https://raw.githubusercontent.com/nflverse/nfldata/master/data/standings.csv,https://raw.githubusercontent.com/nflverse/nfldata/master/data/games.csv
2003,TB,BUCCANEERS,Tampa Bay Buccaneers,Tampa Bay,Buccaneers,NFC,NFC South,3,TRUE,TRUE,5,4,1,0,0.8,110,68,42,16,7,9,0,0.4375,301,264,37,,FALSE,,Missed playoffs,FALSE,FALSE,FALSE,2003-preseason.png,91.3,https://raw.githubusercontent.com/nflverse/nfldata/master/data/standings.csv,https://raw.githubusercontent.com/nflverse/nfldata/master/data/games.csv
2003,ATL,FALCONS,Atlanta Falcons,Atlanta,Falcons,NFC,NFC South,4,TRUE,TRUE,4,0,4,0,0,61,90,-29,16,5,11,0,0.3125,299,422,-123,,FALSE,,Missed playoffs,FALSE,FALSE,FALSE,2003-preseason.png,94.6,https://raw.githubusercontent.com/nflverse/nfldata/master/data/standings.csv,https://raw.githubusercontent.com/nflverse/nfldata/master/data/games.csv
2003,LA,RAMS,St. Louis Rams,St. Louis,Rams,NFC,NFC West,1,TRUE,TRUE,4,1,3,0,0.25,62,73,-11,16,12,4,0,0.75,447,328,119,2,TRUE,LostDV,Lost Divisional,FALSE,FALSE,FALSE,2003-preseason.png,94.5,https://raw.githubusercontent.com/nflverse/nfldata/master/data/standings.csv,https://raw.githubusercontent.com/nflverse/nfldata/master/data/games.csv
2003,SEA,SEAHAWKS,Seattle Seahawks,Seattle,Seahawks,NFC,NFC West,2,TRUE,TRUE,4,2,2,0,0.5,72,79,-7,16,10,6,0,0.625,404,327,77,5,TRUE,LostWC,Lost Wild Card,FALSE,FALSE,FALSE,2003-preseason.png,93.1,https://raw.githubusercontent.com/nflverse/nfldata/master/data/standings.csv,https://raw.githubusercontent.com/nflverse/nfldata/master/data/games.csv
2003,SF,49ERS,San Francisco 49ers,San Francisco,49ers,NFC,NFC West,3,TRUE,TRUE,4,3,1,0,0.75,68,52,16,16,7,9,0,0.4375,384,337,47,,FALSE,,Missed playoffs,FALSE,FALSE,FALSE,2003-preseason.png,94.3,https://raw.githubusercontent.com/nflverse/nfldata/master/data/standings.csv,https://raw.githubusercontent.com/nflverse/nfldata/master/data/games.csv
2003,ARI,CARDINALS,Arizona Cardinals,Arizona,Cardinals,NFC,NFC West,4,TRUE,TRUE,4,4,0,0,1,87,54,33,16,4,12,0,0.25,225,452,-227,,FALSE,,Missed playoffs,FALSE,FALSE,FALSE,2003-preseason.png,96.5,https://raw.githubusercontent.com/nflverse/nfldata/master/data/standings.csv,https://raw.githubusercontent.com/nflverse/nfldata/master/data/games.csv
2004,NE,PATRIOTS,New England Patriots,New England,Patriots,AFC,AFC East,1,TRUE,TRUE,4,1,3,0,0.25,44,88,-44,16,14,2,0,0.875,437,260,177,2,TRUE,WonSB,Won Super Bowl,TRUE,TRUE,FALSE,2004-preseason.png,93.9,https://raw.githubusercontent.com/nflverse/nfldata/master/data/standings.csv,https://raw.githubusercontent.com/nflverse/nfldata/master/data/games.csv
2004,NYJ,JETS,New York Jets,New York,Jets,AFC,AFC East,2,TRUE,TRUE,4,3,1,0,0.75,89,67,22,16,10,6,0,0.625,333,261,72,5,TRUE,LostDV,Lost Divisional,FALSE,FALSE,FALSE,2004-preseason.png,89.7,https://raw.githubusercontent.com/nflverse/nfldata/master/data/standings.csv,https://raw.githubusercontent.com/nflverse/nfldata/master/data/games.csv
2004,BUF,BILLS,Buffalo Bills,Buffalo,Bills,AFC,AFC East,3,TRUE,TRUE,4,1,3,0,0.25,65,72,-7,16,9,7,0,0.5625,395,284,111,,FALSE,,Missed playoffs,FALSE,FALSE,FALSE,2004-preseason.png,94.3,https://raw.githubusercontent.com/nflverse/nfldata/master/data/standings.csv,https://raw.githubusercontent.com/nflverse/nfldata/master/data/games.csv
2004,MIA,DOLPHINS,Miami Dolphins,Miami,Dolphins,AFC,AFC East,4,TRUE,TRUE,4,2,2,0,0.5,46,58,-12,16,4,12,0,0.25,275,354,-79,,FALSE,,Missed playoffs,FALSE,FALSE,FALSE,2004-preseason.png,86.6,https://raw.githubusercontent.com/nflverse/nfldata/master/data/standings.csv,https://raw.githubusercontent.com/nflverse/nfldata/master/data/games.csv
2004,PIT,STEELERS,Pittsburgh Steelers,Pittsburgh,Steelers,AFC,AFC North,1,TRUE,TRUE,4,2,2,0,0.5,99,67,32,16,15,1,0,0.9375,372,251,121,1,TRUE,LostCC,Lost Conference Championship,FALSE,FALSE,FALSE,2004-preseason.png,95.1,https://raw.githubusercontent.com/nflverse/nfldata/master/data/standings.csv,https://raw.githubusercontent.com/nflverse/nfldata/master/data/games.csv
2004,BAL,RAVENS,Baltimore Ravens,Baltimore,Ravens,AFC,AFC North,2,TRUE,TRUE,4,3,1,0,0.75,85,49,36,16,9,7,0,0.5625,317,268,49,,FALSE,,Missed playoffs,FALSE,FALSE,FALSE,2004-preseason.png,91.9,https://raw.githubusercontent.com/nflverse/nfldata/master/data/standings.csv,https://raw.githubusercontent.com/nflverse/nfldata/master/data/games.csv
2004,CIN,BENGALS,Cincinnati Bengals,Cincinnati,Bengals,AFC,AFC North,3,TRUE,TRUE,4,2,2,0,0.5,63,73,-10,16,8,8,0,0.5,374,372,2,,FALSE,,Missed playoffs,FALSE,FALSE,FALSE,2004-preseason.png,93.1,https://raw.githubusercontent.com/nflverse/nfldata/master/data/standings.csv,https://raw.githubusercontent.com/nflverse/nfldata/master/data/games.csv
2004,CLE,BROWNS,Cleveland Browns,Cleveland,Browns,AFC,AFC North,4,TRUE,TRUE,4,3,1,0,0.75,65,63,2,16,4,12,0,0.25,276,390,-114,,FALSE,,Missed playoffs,FALSE,FALSE,FALSE,2004-preseason.png,93,https://raw.githubusercontent.com/nflverse/nfldata/master/data/standings.csv,https://raw.githubusercontent.com/nflverse/nfldata/master/data/games.csv
2004,IND,COLTS,Indianapolis Colts,Indianapolis,Colts,AFC,AFC South,1,TRUE,TRUE,4,2,2,0,0.5,71,81,-10,16,12,4,0,0.75,522,351,171,3,TRUE,LostDV,Lost Divisional,FALSE,FALSE,FALSE,2004-preseason.png,90.2,https://raw.githubusercontent.com/nflverse/nfldata/master/data/standings.csv,https://raw.githubusercontent.com/nflverse/nfldata/master/data/games.csv
2004,JAX,JAGUARS,Jacksonville Jaguars,Jacksonville,Jaguars,AFC,AFC South,2,TRUE,TRUE,4,3,1,0,0.75,59,29,30,16,9,7,0,0.5625,261,280,-19,,FALSE,,Missed playoffs,FALSE,FALSE,FALSE,2004-preseason.png,91.8,https://raw.githubusercontent.com/nflverse/nfldata/master/data/standings.csv,https://raw.githubusercontent.com/nflverse/nfldata/master/data/games.csv
2004,HOU,TEXANS,Houston Texans,Houston,Texans,AFC,AFC South,3,TRUE,TRUE,4,1,3,0,0.25,47,86,-39,16,7,9,0,0.4375,309,339,-30,,FALSE,,Missed playoffs,FALSE,FALSE,FALSE,2004-preseason.png,94.5,https://raw.githubusercontent.com/nflverse/nfldata/master/data/standings.csv,https://raw.githubusercontent.com/nflverse/nfldata/master/data/games.csv
2004,TEN,TITANS,Tennessee Titans,Tennessee,Titans,AFC,AFC South,4,TRUE,TRUE,4,3,1,0,0.75,84,45,39,16,5,11,0,0.3125,344,439,-95,,FALSE,,Missed playoffs,FALSE,FALSE,FALSE,2004-preseason.png,90.4,https://raw.githubusercontent.com/nflverse/nfldata/master/data/standings.csv,https://raw.githubusercontent.com/nflverse/nfldata/master/data/games.csv
2004,LAC,CHARGERS,San Diego Chargers,San Diego,Chargers,AFC,AFC West,1,TRUE,TRUE,4,2,2,0,0.5,106,75,31,16,12,4,0,0.75,446,313,133,4,TRUE,LostWC,Lost Wild Card,FALSE,FALSE,FALSE,2004-preseason.png,87.5,https://raw.githubusercontent.com/nflverse/nfldata/master/data/standings.csv,https://raw.githubusercontent.com/nflverse/nfldata/master/data/games.csv
2004,DEN,BRONCOS,Denver Broncos,Denver,Broncos,AFC,AFC West,2,TRUE,TRUE,5,2,3,0,0.4,94,89,5,16,10,6,0,0.625,381,304,77,6,TRUE,LostWC,Lost Wild Card,FALSE,FALSE,FALSE,2004-preseason.png,93.9,https://raw.githubusercontent.com/nflverse/nfldata/master/data/standings.csv,https://raw.githubusercontent.com/nflverse/nfldata/master/data/games.csv
2004,KC,CHIEFS,Kansas City Chiefs,Kansas City,Chiefs,AFC,AFC West,3,TRUE,TRUE,4,1,3,0,0.25,87,86,1,16,7,9,0,0.4375,483,435,48,,FALSE,,Missed playoffs,FALSE,FALSE,FALSE,2004-preseason.png,95.5,https://raw.githubusercontent.com/nflverse/nfldata/master/data/standings.csv,https://raw.githubusercontent.com/nflverse/nfldata/master/data/games.csv
2004,LV,RAIDERS,Oakland Raiders,Oakland,Raiders,AFC,AFC West,4,TRUE,TRUE,4,3,1,0,0.75,98,91,7,16,5,11,0,0.3125,320,442,-122,,FALSE,,Missed playoffs,FALSE,FALSE,FALSE,2004-preseason.png,92.2,https://raw.githubusercontent.com/nflverse/nfldata/master/data/standings.csv,https://raw.githubusercontent.com/nflverse/nfldata/master/data/games.csv
2004,PHI,EAGLES,Philadelphia Eagles,Philadelphia,Eagles,NFC,NFC East,1,TRUE,TRUE,4,1,3,0,0.25,80,96,-16,16,13,3,0,0.8125,386,260,126,1,TRUE,LostSB,Lost Super Bowl,TRUE,FALSE,TRUE,2004-preseason.png,89.3,https://raw.githubusercontent.com/nflverse/nfldata/master/data/standings.csv,https://raw.githubusercontent.com/nflverse/nfldata/master/data/games.csv
2004,NYG,GIANTS,New York Giants,New York,Giants,NFC,NFC East,2,TRUE,TRUE,4,1,3,0,0.25,81,95,-14,16,6,10,0,0.375,303,347,-44,,FALSE,,Missed playoffs,FALSE,FALSE,FALSE,2004-preseason.png,94.6,https://raw.githubusercontent.com/nflverse/nfldata/master/data/standings.csv,https://raw.githubusercontent.com/nflverse/nfldata/master/data/games.csv
2004,DAL,COWBOYS,Dallas Cowboys,Dallas,Cowboys,NFC,NFC East,3,TRUE,TRUE,4,3,1,0,0.75,65,75,-10,16,6,10,0,0.375,293,405,-112,,FALSE,,Missed playoffs,FALSE,FALSE,FALSE,2004-preseason.png,88.8,https://raw.githubusercontent.com/nflverse/nfldata/master/data/standings.csv,https://raw.githubusercontent.com/nflverse/nfldata/master/data/games.csv
2004,WAS,WASHINGTON,Washington Redskins,Washington,Redskins,NFC,NFC East,4,TRUE,TRUE,5,3,2,0,0.6,87,68,19,16,6,10,0,0.375,240,265,-25,,FALSE,,Missed playoffs,FALSE,FALSE,FALSE,2004-preseason.png,91.9,https://raw.githubusercontent.com/nflverse/nfldata/master/data/standings.csv,https://raw.githubusercontent.com/nflverse/nfldata/master/data/games.csv
2004,GB,PACKERS,Green Bay Packers,Green Bay,Packers,NFC,NFC North,1,TRUE,TRUE,4,1,3,0,0.25,36,71,-35,16,10,6,0,0.625,424,380,44,3,TRUE,LostWC,Lost Wild Card,FALSE,FALSE,FALSE,2004-preseason.png,90.1,https://raw.githubusercontent.com/nflverse/nfldata/master/data/standings.csv,https://raw.githubusercontent.com/nflverse/nfldata/master/data/games.csv
2004,MIN,VIKINGS,Minnesota Vikings,Minnesota,Vikings,NFC,NFC North,2,TRUE,TRUE,4,2,2,0,0.5,91,66,25,16,8,8,0,0.5,405,395,10,6,TRUE,LostDV,Lost Divisional,FALSE,FALSE,FALSE,2004-preseason.png,83.3,https://raw.githubusercontent.com/nflverse/nfldata/master/data/standings.csv,https://raw.githubusercontent.com/nflverse/nfldata/master/data/games.csv
2004,DET,LIONS,Detroit Lions,Detroit,Lions,NFC,NFC North,3,TRUE,TRUE,4,2,2,0,0.5,63,72,-9,16,6,10,0,0.375,296,350,-54,,FALSE,,Missed playoffs,FALSE,FALSE,FALSE,2004-preseason.png,86.2,https://raw.githubusercontent.com/nflverse/nfldata/master/data/standings.csv,https://raw.githubusercontent.com/nflverse/nfldata/master/data/games.csv
2004,CHI,BEARS,Chicago Bears,Chicago,Bears,NFC,NFC North,4,TRUE,TRUE,4,2,2,0,0.5,56,64,-8,16,5,11,0,0.3125,231,331,-100,,FALSE,,Missed playoffs,FALSE,FALSE,FALSE,2004-preseason.png,92.7,https://raw.githubusercontent.com/nflverse/nfldata/master/data/standings.csv,https://raw.githubusercontent.com/nflverse/nfldata/master/data/games.csv
2004,ATL,FALCONS,Atlanta Falcons,Atlanta,Falcons,NFC,NFC South,1,TRUE,TRUE,4,2,2,0,0.5,64,85,-21,16,11,5,0,0.6875,340,337,3,2,TRUE,LostCC,Lost Conference Championship,FALSE,FALSE,FALSE,2004-preseason.png,91.9,https://raw.githubusercontent.com/nflverse/nfldata/master/data/standings.csv,https://raw.githubusercontent.com/nflverse/nfldata/master/data/games.csv
2004,NO,SAINTS,New Orleans Saints,New Orleans,Saints,NFC,NFC South,2,TRUE,TRUE,4,2,2,0,0.5,73,65,8,16,8,8,0,0.5,348,405,-57,,FALSE,,Missed playoffs,FALSE,FALSE,FALSE,2004-preseason.png,95.4,https://raw.githubusercontent.com/nflverse/nfldata/master/data/standings.csv,https://raw.githubusercontent.com/nflverse/nfldata/master/data/games.csv
2004,CAR,PANTHERS,Carolina Panthers,Carolina,Panthers,NFC,NFC South,3,TRUE,TRUE,4,4,0,0,1,86,70,16,16,7,9,0,0.4375,355,339,16,,FALSE,,Missed playoffs,FALSE,FALSE,FALSE,2004-preseason.png,95.1,https://raw.githubusercontent.com/nflverse/nfldata/master/data/standings.csv,https://raw.githubusercontent.com/nflverse/nfldata/master/data/games.csv
2004,TB,BUCCANEERS,Tampa Bay Buccaneers,Tampa Bay,Buccaneers,NFC,NFC South,4,TRUE,TRUE,4,3,1,0,0.75,60,39,21,16,5,11,0,0.3125,301,304,-3,,FALSE,,Missed playoffs,FALSE,FALSE,FALSE,2004-preseason.png,94.4,https://raw.githubusercontent.com/nflverse/nfldata/master/data/standings.csv,https://raw.githubusercontent.com/nflverse/nfldata/master/data/games.csv
2004,SEA,SEAHAWKS,Seattle Seahawks,Seattle,Seahawks,NFC,NFC West,1,TRUE,TRUE,4,3,1,0,0.75,73,63,10,16,9,7,0,0.5625,371,373,-2,4,TRUE,LostWC,Lost Wild Card,FALSE,FALSE,FALSE,2004-preseason.png,90.9,https://raw.githubusercontent.com/nflverse/nfldata/master/data/standings.csv,https://raw.githubusercontent.com/nflverse/nfldata/master/data/games.csv
2004,LA,RAMS,St. Louis Rams,St. Louis,Rams,NFC,NFC West,2,TRUE,TRUE,4,1,3,0,0.25,69,68,1,16,8,8,0,0.5,319,392,-73,5,TRUE,LostDV,Lost Divisional,FALSE,FALSE,FALSE,2004-preseason.png,94.7,https://raw.githubusercontent.com/nflverse/nfldata/master/data/standings.csv,https://raw.githubusercontent.com/nflverse/nfldata/master/data/games.csv
2004,ARI,CARDINALS,Arizona Cardinals,Arizona,Cardinals,NFC,NFC West,3,TRUE,TRUE,4,1,3,0,0.25,68,99,-31,16,6,10,0,0.375,284,322,-38,,FALSE,,Missed playoffs,FALSE,FALSE,FALSE,2004-preseason.png,92.1,https://raw.githubusercontent.com/nflverse/nfldata/master/data/standings.csv,https://raw.githubusercontent.com/nflverse/nfldata/master/data/games.csv
2004,SF,49ERS,San Francisco 49ers,San Francisco,49ers,NFC,NFC West,4,TRUE,TRUE,4,0,4,0,0,68,107,-39,16,2,14,0,0.125,259,452,-193,,FALSE,,Missed playoffs,FALSE,FALSE,FALSE,2004-preseason.png,94.4,https://raw.githubusercontent.com/nflverse/nfldata/master/data/standings.csv,https://raw.githubusercontent.com/nflverse/nfldata/master/data/games.csv
2005,NE,PATRIOTS,New England Patriots,New England,Patriots,AFC,AFC East,1,TRUE,TRUE,4,2,2,0,0.5,80,80,0,16,10,6,0,0.625,379,338,41,4,TRUE,LostDV,Lost Divisional,FALSE,FALSE,FALSE,2005-preseason.png,89.7,https://raw.githubusercontent.com/nflverse/nfldata/master/data/standings.csv,https://raw.githubusercontent.com/nflverse/nfldata/master/data/games.csv
2005,MIA,DOLPHINS,Miami Dolphins,Miami,Dolphins,AFC,AFC East,2,TRUE,TRUE,5,1,4,0,0.2,78,105,-27,16,9,7,0,0.5625,318,317,1,,FALSE,,Missed playoffs,FALSE,FALSE,FALSE,2005-preseason.png,91.4,https://raw.githubusercontent.com/nflverse/nfldata/master/data/standings.csv,https://raw.githubusercontent.com/nflverse/nfldata/master/data/games.csv
2005,BUF,BILLS,Buffalo Bills,Buffalo,Bills,AFC,AFC East,3,TRUE,TRUE,4,2,2,0,0.5,63,54,9,16,5,11,0,0.3125,271,367,-96,,FALSE,,Missed playoffs,FALSE,FALSE,FALSE,2005-preseason.png,96,https://raw.githubusercontent.com/nflverse/nfldata/master/data/standings.csv,https://raw.githubusercontent.com/nflverse/nfldata/master/data/games.csv
2005,NYJ,JETS,New York Jets,New York,Jets,AFC,AFC East,4,TRUE,TRUE,4,3,1,0,0.75,89,53,36,16,4,12,0,0.25,240,355,-115,,FALSE,,Missed playoffs,FALSE,FALSE,FALSE,2005-preseason.png,92.2,https://raw.githubusercontent.com/nflverse/nfldata/master/data/standings.csv,https://raw.githubusercontent.com/nflverse/nfldata/master/data/games.csv
2005,CIN,BENGALS,Cincinnati Bengals,Cincinnati,Bengals,AFC,AFC North,1,TRUE,TRUE,4,2,2,0,0.5,92,67,25,16,11,5,0,0.6875,421,350,71,3,TRUE,LostWC,Lost Wild Card,FALSE,FALSE,FALSE,2005-preseason.png,91.9,https://raw.githubusercontent.com/nflverse/nfldata/master/data/standings.csv,https://raw.githubusercontent.com/nflverse/nfldata/master/data/games.csv
2005,PIT,STEELERS,Pittsburgh Steelers,Pittsburgh,Steelers,AFC,AFC North,2,TRUE,TRUE,4,3,1,0,0.75,86,68,18,16,11,5,0,0.6875,389,258,131,6,TRUE,WonSB,Won Super Bowl,TRUE,TRUE,FALSE,2005-preseason.png,94.4,https://raw.githubusercontent.com/nflverse/nfldata/master/data/standings.csv,https://raw.githubusercontent.com/nflverse/nfldata/master/data/games.csv
2005,BAL,RAVENS,Baltimore Ravens,Baltimore,Ravens,AFC,AFC North,3,TRUE,TRUE,4,2,2,0,0.5,64,62,2,16,6,10,0,0.375,265,299,-34,,FALSE,,Missed playoffs,FALSE,FALSE,FALSE,2005-preseason.png,95.6,https://raw.githubusercontent.com/nflverse/nfldata/master/data/standings.csv,https://raw.githubusercontent.com/nflverse/nfldata/master/data/games.csv
2005,CLE,BROWNS,Cleveland Browns,Cleveland,Browns,AFC,AFC North,4,TRUE,TRUE,4,3,1,0,0.75,74,56,18,16,6,10,0,0.375,232,301,-69,,FALSE,,Missed playoffs,FALSE,FALSE,FALSE,2005-preseason.png,93.9,https://raw.githubusercontent.com/nflverse/nfldata/master/data/standings.csv,https://raw.githubusercontent.com/nflverse/nfldata/master/data/games.csv
2005,IND,COLTS,Indianapolis Colts,Indianapolis,Colts,AFC,AFC South,1,TRUE,TRUE,5,0,5,0,0,72,143,-71,16,14,2,0,0.875,439,247,192,1,TRUE,LostDV,Lost Divisional,FALSE,FALSE,FALSE,2005-preseason.png,93.6,https://raw.githubusercontent.com/nflverse/nfldata/master/data/standings.csv,https://raw.githubusercontent.com/nflverse/nfldata/master/data/games.csv
2005,JAX,JAGUARS,Jacksonville Jaguars,Jacksonville,Jaguars,AFC,AFC South,2,TRUE,TRUE,4,2,2,0,0.5,74,84,-10,16,12,4,0,0.75,361,269,92,5,TRUE,LostWC,Lost Wild Card,FALSE,FALSE,FALSE,2005-preseason.png,88.4,https://raw.githubusercontent.com/nflverse/nfldata/master/data/standings.csv,https://raw.githubusercontent.com/nflverse/nfldata/master/data/games.csv
2005,TEN,TITANS,Tennessee Titans,Tennessee,Titans,AFC,AFC South,3,TRUE,TRUE,4,1,3,0,0.25,71,78,-7,16,4,12,0,0.25,299,421,-122,,FALSE,,Missed playoffs,FALSE,FALSE,FALSE,2005-preseason.png,93.1,https://raw.githubusercontent.com/nflverse/nfldata/master/data/standings.csv,https://raw.githubusercontent.com/nflverse/nfldata/master/data/games.csv
2005,HOU,TEXANS,Houston Texans,Houston,Texans,AFC,AFC South,4,TRUE,TRUE,4,1,3,0,0.25,56,96,-40,16,2,14,0,0.125,260,431,-171,,FALSE,,Missed playoffs,FALSE,FALSE,FALSE,2005-preseason.png,94.5,https://raw.githubusercontent.com/nflverse/nfldata/master/data/standings.csv,https://raw.githubusercontent.com/nflverse/nfldata/master/data/games.csv
2005,DEN,BRONCOS,Denver Broncos,Denver,Broncos,AFC,AFC West,1,TRUE,TRUE,4,4,0,0,1,113,80,33,16,13,3,0,0.8125,395,258,137,2,TRUE,LostCC,Lost Conference Championship,FALSE,FALSE,FALSE,2005-preseason.png,94.5,https://raw.githubusercontent.com/nflverse/nfldata/master/data/standings.csv,https://raw.githubusercontent.com/nflverse/nfldata/master/data/games.csv
2005,KC,CHIEFS,Kansas City Chiefs,Kansas City,Chiefs,AFC,AFC West,2,TRUE,TRUE,4,0,4,0,0,73,101,-28,16,10,6,0,0.625,403,325,78,,FALSE,,Missed playoffs,FALSE,FALSE,FALSE,2005-preseason.png,92.4,https://raw.githubusercontent.com/nflverse/nfldata/master/data/standings.csv,https://raw.githubusercontent.com/nflverse/nfldata/master/data/games.csv
2005,LAC,CHARGERS,San Diego Chargers,San Diego,Chargers,AFC,AFC West,3,TRUE,TRUE,4,2,2,0,0.5,87,74,13,16,9,7,0,0.5625,418,312,106,,FALSE,,Missed playoffs,FALSE,FALSE,FALSE,2005-preseason.png,94.9,https://raw.githubusercontent.com/nflverse/nfldata/master/data/standings.csv,https://raw.githubusercontent.com/nflverse/nfldata/master/data/games.csv
2005,LV,RAIDERS,Oakland Raiders,Oakland,Raiders,AFC,AFC West,4,TRUE,TRUE,4,1,3,0,0.25,59,63,-4,16,4,12,0,0.25,290,383,-93,,FALSE,,Missed playoffs,FALSE,FALSE,FALSE,2005-preseason.png,93.3,https://raw.githubusercontent.com/nflverse/nfldata/master/data/standings.csv,https://raw.githubusercontent.com/nflverse/nfldata/master/data/games.csv
2005,NYG,GIANTS,New York Giants,New York,Giants,NFC,NFC East,1,TRUE,TRUE,4,3,1,0,0.75,83,55,28,16,11,5,0,0.6875,422,314,108,4,TRUE,LostWC,Lost Wild Card,FALSE,FALSE,FALSE,2005-preseason.png,92,https://raw.githubusercontent.com/nflverse/nfldata/master/data/standings.csv,https://raw.githubusercontent.com/nflverse/nfldata/master/data/games.csv
2005,WAS,WASHINGTON,Washington Redskins,Washington,Redskins,NFC,NFC East,2,TRUE,TRUE,4,1,3,0,0.25,64,88,-24,16,10,6,0,0.625,359,293,66,6,TRUE,LostDV,Lost Divisional,FALSE,FALSE,FALSE,2005-preseason.png,94.4,https://raw.githubusercontent.com/nflverse/nfldata/master/data/standings.csv,https://raw.githubusercontent.com/nflverse/nfldata/master/data/games.csv
2005,DAL,COWBOYS,Dallas Cowboys,Dallas,Cowboys,NFC,NFC East,3,TRUE,TRUE,4,3,1,0,0.75,77,52,25,16,9,7,0,0.5625,325,308,17,,FALSE,,Missed playoffs,FALSE,FALSE,FALSE,2005-preseason.png,86.2,https://raw.githubusercontent.com/nflverse/nfldata/master/data/standings.csv,https://raw.githubusercontent.com/nflverse/nfldata/master/data/games.csv
2005,PHI,EAGLES,Philadelphia Eagles,Philadelphia,Eagles,NFC,NFC East,4,TRUE,TRUE,4,2,2,0,0.5,92,106,-14,16,6,10,0,0.375,310,388,-78,,FALSE,,Missed playoffs,FALSE,FALSE,FALSE,2005-preseason.png,91.6,https://raw.githubusercontent.com/nflverse/nfldata/master/data/standings.csv,https://raw.githubusercontent.com/nflverse/nfldata/master/data/games.csv
2005,CHI,BEARS,Chicago Bears,Chicago,Bears,NFC,NFC North,1,TRUE,TRUE,5,3,2,0,0.6,86,86,0,16,11,5,0,0.6875,260,202,58,2,TRUE,LostDV,Lost Divisional,FALSE,FALSE,FALSE,2005-preseason.png,89.3,https://raw.githubusercontent.com/nflverse/nfldata/master/data/standings.csv,https://raw.githubusercontent.com/nflverse/nfldata/master/data/games.csv
2005,MIN,VIKINGS,Minnesota Vikings,Minnesota,Vikings,NFC,NFC North,2,TRUE,TRUE,4,3,1,0,0.75,90,81,9,16,9,7,0,0.5625,306,344,-38,,FALSE,,Missed playoffs,FALSE,FALSE,FALSE,2005-preseason.png,94.8,https://raw.githubusercontent.com/nflverse/nfldata/master/data/standings.csv,https://raw.githubusercontent.com/nflverse/nfldata/master/data/games.csv
2005,DET,LIONS,Detroit Lions,Detroit,Lions,NFC,NFC North,3,TRUE,TRUE,4,1,3,0,0.25,50,75,-25,16,5,11,0,0.3125,254,345,-91,,FALSE,,Missed playoffs,FALSE,FALSE,FALSE,2005-preseason.png,93.2,https://raw.githubusercontent.com/nflverse/nfldata/master/data/standings.csv,https://raw.githubusercontent.com/nflverse/nfldata/master/data/games.csv
2005,GB,PACKERS,Green Bay Packers,Green Bay,Packers,NFC,NFC North,4,TRUE,TRUE,4,2,2,0,0.5,41,78,-37,16,4,12,0,0.25,298,344,-46,,FALSE,,Missed playoffs,FALSE,FALSE,FALSE,2005-preseason.png,84.9,https://raw.githubusercontent.com/nflverse/nfldata/master/data/standings.csv,https://raw.githubusercontent.com/nflverse/nfldata/master/data/games.csv
2005,TB,BUCCANEERS,Tampa Bay Buccaneers,Tampa Bay,Buccaneers,NFC,NFC South,1,TRUE,TRUE,4,2,2,0,0.5,89,68,21,16,11,5,0,0.6875,300,274,26,3,TRUE,LostWC,Lost Wild Card,FALSE,FALSE,FALSE,2005-preseason.png,89.4,https://raw.githubusercontent.com/nflverse/nfldata/master/data/standings.csv,https://raw.githubusercontent.com/nflverse/nfldata/master/data/games.csv
2005,CAR,PANTHERS,Carolina Panthers,Carolina,Panthers,NFC,NFC South,2,TRUE,TRUE,4,2,2,0,0.5,89,78,11,16,11,5,0,0.6875,391,259,132,5,TRUE,LostCC,Lost Conference Championship,FALSE,FALSE,FALSE,2005-preseason.png,93.9,https://raw.githubusercontent.com/nflverse/nfldata/master/data/standings.csv,https://raw.githubusercontent.com/nflverse/nfldata/master/data/games.csv
2005,ATL,FALCONS,Atlanta Falcons,Atlanta,Falcons,NFC,NFC South,3,TRUE,TRUE,5,4,1,0,0.8,107,72,35,16,8,8,0,0.5,351,341,10,,FALSE,,Missed playoffs,FALSE,FALSE,FALSE,2005-preseason.png,94.8,https://raw.githubusercontent.com/nflverse/nfldata/master/data/standings.csv,https://raw.githubusercontent.com/nflverse/nfldata/master/data/games.csv
2005,NO,SAINTS,New Orleans Saints,New Orleans,Saints,NFC,NFC South,4,TRUE,TRUE,4,1,3,0,0.25,64,95,-31,16,3,13,0,0.1875,235,398,-163,,FALSE,,Missed playoffs,FALSE,FALSE,FALSE,2005-preseason.png,95.1,https://raw.githubusercontent.com/nflverse/nfldata/master/data/standings.csv,https://raw.githubusercontent.com/nflverse/nfldata/master/data/games.csv
2005,SEA,SEAHAWKS,Seattle Seahawks,Seattle,Seahawks,NFC,NFC West,1,TRUE,TRUE,4,2,2,0,0.5,88,73,15,16,13,3,0,0.8125,452,271,181,1,TRUE,LostSB,Lost Super Bowl,TRUE,FALSE,TRUE,2005-preseason.png,95.8,https://raw.githubusercontent.com/nflverse/nfldata/master/data/standings.csv,https://raw.githubusercontent.com/nflverse/nfldata/master/data/games.csv
2005,LA,RAMS,St. Louis Rams,St. Louis,Rams,NFC,NFC West,2,TRUE,TRUE,4,3,1,0,0.75,102,85,17,16,6,10,0,0.375,363,429,-66,,FALSE,,Missed playoffs,FALSE,FALSE,FALSE,2005-preseason.png,92.8,https://raw.githubusercontent.com/nflverse/nfldata/master/data/standings.csv,https://raw.githubusercontent.com/nflverse/nfldata/master/data/games.csv
2005,ARI,CARDINALS,Arizona Cardinals,Arizona,Cardinals,NFC,NFC West,3,TRUE,TRUE,4,3,1,0,0.75,75,74,1,16,5,11,0,0.3125,311,387,-76,,FALSE,,Missed playoffs,FALSE,FALSE,FALSE,2005-preseason.png,87.1,https://raw.githubusercontent.com/nflverse/nfldata/master/data/standings.csv,https://raw.githubusercontent.com/nflverse/nfldata/master/data/games.csv
2005,SF,49ERS,San Francisco 49ers,San Francisco,49ers,NFC,NFC West,4,TRUE,TRUE,4,2,2,0,0.5,82,80,2,16,4,12,0,0.25,239,428,-189,,FALSE,,Missed playoffs,FALSE,FALSE,FALSE,2005-preseason.png,96.6,https://raw.githubusercontent.com/nflverse/nfldata/master/data/standings.csv,https://raw.githubusercontent.com/nflverse/nfldata/master/data/games.csv
2006,NE,PATRIOTS,New England Patriots,New England,Patriots,AFC,AFC East,1,TRUE,TRUE,4,2,2,0,0.5,117,60,57,16,12,4,0,0.75,385,237,148,4,TRUE,LostCC,Lost Conference Championship,FALSE,FALSE,FALSE,2006-preseason.png,94.4,https://raw.githubusercontent.com/nflverse/nfldata/master/data/standings.csv,https://raw.githubusercontent.com/nflverse/nfldata/master/data/games.csv
2006,NYJ,JETS,New York Jets,New York,Jets,AFC,AFC East,2,TRUE,TRUE,4,2,2,0,0.5,57,60,-3,16,10,6,0,0.625,316,295,21,5,TRUE,LostWC,Lost Wild Card,FALSE,FALSE,FALSE,2006-preseason.png,93.7,https://raw.githubusercontent.com/nflverse/nfldata/master/data/standings.csv,https://raw.githubusercontent.com/nflverse/nfldata/master/data/games.csv
2006,BUF,BILLS,Buffalo Bills,Buffalo,Bills,AFC,AFC East,3,TRUE,TRUE,4,1,3,0,0.25,81,91,-10,16,7,9,0,0.4375,300,311,-11,,FALSE,,Missed playoffs,FALSE,FALSE,FALSE,2006-preseason.png,93.2,https://raw.githubusercontent.com/nflverse/nfldata/master/data/standings.csv,https://raw.githubusercontent.com/nflverse/nfldata/master/data/games.csv
2006,MIA,DOLPHINS,Miami Dolphins,Miami,Dolphins,AFC,AFC East,4,TRUE,TRUE,4,2,2,0,0.5,78,69,9,16,6,10,0,0.375,260,283,-23,,FALSE,,Missed playoffs,FALSE,FALSE,FALSE,2006-preseason.png,91.2,https://raw.githubusercontent.com/nflverse/nfldata/master/data/standings.csv,https://raw.githubusercontent.com/nflverse/nfldata/master/data/games.csv
2006,BAL,RAVENS,Baltimore Ravens,Baltimore,Ravens,AFC,AFC North,1,TRUE,TRUE,4,2,2,0,0.5,60,67,-7,16,13,3,0,0.8125,353,201,152,2,TRUE,LostDV,Lost Divisional,FALSE,FALSE,FALSE,2006-preseason.png,94.4,https://raw.githubusercontent.com/nflverse/nfldata/master/data/standings.csv,https://raw.githubusercontent.com/nflverse/nfldata/master/data/games.csv
2006,CIN,BENGALS,Cincinnati Bengals,Cincinnati,Bengals,AFC,AFC North,2,TRUE,TRUE,4,4,0,0,1,131,54,77,16,8,8,0,0.5,373,331,42,,FALSE,,Missed playoffs,FALSE,FALSE,FALSE,2006-preseason.png,93.8,https://raw.githubusercontent.com/nflverse/nfldata/master/data/standings.csv,https://raw.githubusercontent.com/nflverse/nfldata/master/data/games.csv
2006,PIT,STEELERS,Pittsburgh Steelers,Pittsburgh,Steelers,AFC,AFC North,3,TRUE,TRUE,4,0,4,0,0,43,69,-26,16,8,8,0,0.5,353,315,38,,FALSE,,Missed playoffs,FALSE,FALSE,FALSE,2006-preseason.png,94.9,https://raw.githubusercontent.com/nflverse/nfldata/master/data/standings.csv,https://raw.githubusercontent.com/nflverse/nfldata/master/data/games.csv
2006,CLE,BROWNS,Cleveland Browns,Cleveland,Browns,AFC,AFC North,4,TRUE,TRUE,4,2,2,0,0.5,54,73,-19,16,4,12,0,0.25,238,356,-118,,FALSE,,Missed playoffs,FALSE,FALSE,FALSE,2006-preseason.png,93.1,https://raw.githubusercontent.com/nflverse/nfldata/master/data/standings.csv,https://raw.githubusercontent.com/nflverse/nfldata/master/data/games.csv
2006,IND,COLTS,Indianapolis Colts,Indianapolis,Colts,AFC,AFC South,1,TRUE,TRUE,4,1,3,0,0.25,64,83,-19,16,12,4,0,0.75,427,360,67,3,TRUE,WonSB,Won Super Bowl,TRUE,TRUE,FALSE,2006-preseason.png,94.6,https://raw.githubusercontent.com/nflverse/nfldata/master/data/standings.csv,https://raw.githubusercontent.com/nflverse/nfldata/master/data/games.csv
2006,TEN,TITANS,Tennessee Titans,Tennessee,Titans,AFC,AFC South,2,TRUE,TRUE,4,1,3,0,0.25,67,95,-28,16,8,8,0,0.5,324,400,-76,,FALSE,,Missed playoffs,FALSE,FALSE,FALSE,2006-preseason.png,93.7,https://raw.githubusercontent.com/nflverse/nfldata/master/data/standings.csv,https://raw.githubusercontent.com/nflverse/nfldata/master/data/games.csv
2006,JAX,JAGUARS,Jacksonville Jaguars,Jacksonville,Jaguars,AFC,AFC South,3,TRUE,TRUE,4,3,1,0,0.75,90,78,12,16,8,8,0,0.5,371,274,97,,FALSE,,Missed playoffs,FALSE,FALSE,FALSE,2006-preseason.png,91.7,https://raw.githubusercontent.com/nflverse/nfldata/master/data/standings.csv,https://raw.githubusercontent.com/nflverse/nfldata/master/data/games.csv
2006,HOU,TEXANS,Houston Texans,Houston,Texans,AFC,AFC South,4,TRUE,TRUE,4,3,1,0,0.75,81,64,17,16,6,10,0,0.375,267,366,-99,,FALSE,,Missed playoffs,FALSE,FALSE,FALSE,2006-preseason.png,92.2,https://raw.githubusercontent.com/nflverse/nfldata/master/data/standings.csv,https://raw.githubusercontent.com/nflverse/nfldata/master/data/games.csv
2006,LAC,CHARGERS,San Diego Chargers,San Diego,Chargers,AFC,AFC West,1,TRUE,TRUE,4,2,2,0,0.5,65,70,-5,16,14,2,0,0.875,492,303,189,1,TRUE,LostDV,Lost Divisional,FALSE,FALSE,FALSE,2006-preseason.png,86.2,https://raw.githubusercontent.com/nflverse/nfldata/master/data/standings.csv,https://raw.githubusercontent.com/nflverse/nfldata/master/data/games.csv
2006,KC,CHIEFS,Kansas City Chiefs,Kansas City,Chiefs,AFC,AFC West,2,TRUE,TRUE,4,2,2,0,0.5,40,62,-22,16,9,7,0,0.5625,331,315,16,6,TRUE,LostWC,Lost Wild Card,FALSE,FALSE,FALSE,2006-preseason.png,93.7,https://raw.githubusercontent.com/nflverse/nfldata/master/data/standings.csv,https://raw.githubusercontent.com/nflverse/nfldata/master/data/games.csv
2006,DEN,BRONCOS,Denver Broncos,Denver,Broncos,AFC,AFC West,3,TRUE,TRUE,4,3,1,0,0.75,94,67,27,16,9,7,0,0.5625,319,305,14,,FALSE,,Missed playoffs,FALSE,FALSE,FALSE,2006-preseason.png,89.8,https://raw.githubusercontent.com/nflverse/nfldata/master/data/standings.csv,https://raw.githubusercontent.com/nflverse/nfldata/master/data/games.csv
2006,LV,RAIDERS,Oakland Raiders,Oakland,Raiders,AFC,AFC West,4,TRUE,TRUE,5,4,1,0,0.8,83,63,20,16,2,14,0,0.125,168,332,-164,,FALSE,,Missed playoffs,FALSE,FALSE,FALSE,2006-preseason.png,95.4,https://raw.githubusercontent.com/nflverse/nfldata/master/data/standings.csv,https://raw.githubusercontent.com/nflverse/nfldata/master/data/games.csv
2006,PHI,EAGLES,Philadelphia Eagles,Philadelphia,Eagles,NFC,NFC East,1,TRUE,TRUE,5,2,3,0,0.4,73,70,3,16,10,6,0,0.625,398,328,70,3,TRUE,LostDV,Lost Divisional,FALSE,FALSE,FALSE,2006-preseason.png,92.8,https://raw.githubusercontent.com/nflverse/nfldata/master/data/standings.csv,https://raw.githubusercontent.com/nflverse/nfldata/master/data/games.csv
2006,DAL,COWBOYS,Dallas Cowboys,Dallas,Cowboys,NFC,NFC East,2,TRUE,TRUE,3,3,0,0,1,70,27,43,16,9,7,0,0.5625,425,350,75,5,TRUE,LostWC,Lost Wild Card,FALSE,FALSE,FALSE,2006-preseason.png,90.8,https://raw.githubusercontent.com/nflverse/nfldata/master/data/standings.csv,https://raw.githubusercontent.com/nflverse/nfldata/master/data/games.csv
2006,NYG,GIANTS,New York Giants,New York,Giants,NFC,NFC East,3,TRUE,TRUE,4,4,0,0,1,78,46,32,16,8,8,0,0.5,355,362,-7,6,TRUE,LostWC,Lost Wild Card,FALSE,FALSE,FALSE,2006-preseason.png,92,https://raw.githubusercontent.com/nflverse/nfldata/master/data/standings.csv,https://raw.githubusercontent.com/nflverse/nfldata/master/data/games.csv
2006,WAS,WASHINGTON,Washington Redskins,Washington,Redskins,NFC,NFC East,4,TRUE,TRUE,4,0,4,0,0,27,104,-77,16,5,11,0,0.3125,307,376,-69,,FALSE,,Missed playoffs,FALSE,FALSE,FALSE,2006-preseason.png,92.7,https://raw.githubusercontent.com/nflverse/nfldata/master/data/standings.csv,https://raw.githubusercontent.com/nflverse/nfldata/master/data/games.csv
2006,CHI,BEARS,Chicago Bears,Chicago,Bears,NFC,NFC North,1,TRUE,TRUE,4,2,2,0,0.5,74,61,13,16,13,3,0,0.8125,427,255,172,1,TRUE,LostSB,Lost Super Bowl,TRUE,FALSE,TRUE,2006-preseason.png,92.8,https://raw.githubusercontent.com/nflverse/nfldata/master/data/standings.csv,https://raw.githubusercontent.com/nflverse/nfldata/master/data/games.csv
2006,GB,PACKERS,Green Bay Packers,Green Bay,Packers,NFC,NFC North,2,TRUE,TRUE,4,1,3,0,0.25,79,110,-31,16,8,8,0,0.5,301,366,-65,,FALSE,,Missed playoffs,FALSE,FALSE,FALSE,2006-preseason.png,87.2,https://raw.githubusercontent.com/nflverse/nfldata/master/data/standings.csv,https://raw.githubusercontent.com/nflverse/nfldata/master/data/games.csv
2006,MIN,VIKINGS,Minnesota Vikings,Minnesota,Vikings,NFC,NFC North,3,TRUE,TRUE,3,2,1,0,0.666667,70,43,27,16,6,10,0,0.375,282,327,-45,,FALSE,,Missed playoffs,FALSE,FALSE,FALSE,2006-preseason.png,90.2,https://raw.githubusercontent.com/nflverse/nfldata/master/data/standings.csv,https://raw.githubusercontent.com/nflverse/nfldata/master/data/games.csv
2006,DET,LIONS,Detroit Lions,Detroit,Lions,NFC,NFC North,4,TRUE,TRUE,4,1,3,0,0.25,52,74,-22,16,3,13,0,0.1875,305,398,-93,,FALSE,,Missed playoffs,FALSE,FALSE,FALSE,2006-preseason.png,87.6,https://raw.githubusercontent.com/nflverse/nfldata/master/data/standings.csv,https://raw.githubusercontent.com/nflverse/nfldata/master/data/games.csv
2006,NO,SAINTS,New Orleans Saints,New Orleans,Saints,NFC,NFC South,1,TRUE,TRUE,4,1,3,0,0.25,49,83,-34,16,10,6,0,0.625,413,322,91,2,TRUE,LostCC,Lost Conference Championship,FALSE,FALSE,FALSE,2006-preseason.png,92.5,https://raw.githubusercontent.com/nflverse/nfldata/master/data/standings.csv,https://raw.githubusercontent.com/nflverse/nfldata/master/data/games.csv
2006,CAR,PANTHERS,Carolina Panthers,Carolina,Panthers,NFC,NFC South,2,TRUE,TRUE,4,4,0,0,1,65,46,19,16,8,8,0,0.5,270,305,-35,,FALSE,,Missed playoffs,FALSE,FALSE,FALSE,2006-preseason.png,95.8,https://raw.githubusercontent.com/nflverse/nfldata/master/data/standings.csv,https://raw.githubusercontent.com/nflverse/nfldata/master/data/games.csv
2006,ATL,FALCONS,Atlanta Falcons,Atlanta,Falcons,NFC,NFC South,3,TRUE,TRUE,4,2,2,0,0.5,73,87,-14,16,7,9,0,0.4375,292,328,-36,,FALSE,,Missed playoffs,FALSE,FALSE,FALSE,2006-preseason.png,84.5,https://raw.githubusercontent.com/nflverse/nfldata/master/data/standings.csv,https://raw.githubusercontent.com/nflverse/nfldata/master/data/games.csv
2006,TB,BUCCANEERS,Tampa Bay Buccaneers,Tampa Bay,Buccaneers,NFC,NFC South,4,TRUE,TRUE,4,1,3,0,0.25,57,61,-4,16,4,12,0,0.25,211,353,-142,,FALSE,,Missed playoffs,FALSE,FALSE,FALSE,2006-preseason.png,93.5,https://raw.githubusercontent.com/nflverse/nfldata/master/data/standings.csv,https://raw.githubusercontent.com/nflverse/nfldata/master/data/games.csv
2006,SEA,SEAHAWKS,Seattle Seahawks,Seattle,Seahawks,NFC,NFC West,1,TRUE,TRUE,4,2,2,0,0.5,83,68,15,16,9,7,0,0.5625,335,341,-6,4,TRUE,LostDV,Lost Divisional,FALSE,FALSE,FALSE,2006-preseason.png,95.9,https://raw.githubusercontent.com/nflverse/nfldata/master/data/standings.csv,https://raw.githubusercontent.com/nflverse/nfldata/master/data/games.csv
2006,LA,RAMS,St. Louis Rams,St. Louis,Rams,NFC,NFC West,2,TRUE,TRUE,4,1,3,0,0.25,60,89,-29,16,8,8,0,0.5,367,381,-14,,FALSE,,Missed playoffs,FALSE,FALSE,FALSE,2006-preseason.png,93.6,https://raw.githubusercontent.com/nflverse/nfldata/master/data/standings.csv,https://raw.githubusercontent.com/nflverse/nfldata/master/data/games.csv
2006,SF,49ERS,San Francisco 49ers,San Francisco,49ers,NFC,NFC West,3,TRUE,TRUE,4,2,2,0,0.5,65,68,-3,16,7,9,0,0.4375,298,412,-114,,FALSE,,Missed playoffs,FALSE,FALSE,FALSE,2006-preseason.png,91.6,https://raw.githubusercontent.com/nflverse/nfldata/master/data/standings.csv,https://raw.githubusercontent.com/nflverse/nfldata/master/data/games.csv
2006,ARI,CARDINALS,Arizona Cardinals,Arizona,Cardinals,NFC,NFC West,4,TRUE,TRUE,4,2,2,0,0.5,70,88,-18,16,5,11,0,0.3125,314,389,-75,,FALSE,,Missed playoffs,FALSE,FALSE,FALSE,2006-preseason.png,90,https://raw.githubusercontent.com/nflverse/nfldata/master/data/standings.csv,https://raw.githubusercontent.com/nflverse/nfldata/master/data/games.csv
2007,NE,PATRIOTS,New England Patriots,New England,Patriots,AFC,AFC East,1,TRUE,TRUE,4,2,2,0,0.5,85,67,18,16,16,0,0,1,589,274,315,1,TRUE,LostSB,Lost Super Bowl,TRUE,FALSE,TRUE,2007-preseason.png,91,https://raw.githubusercontent.com/nflverse/nfldata/master/data/standings.csv,https://raw.githubusercontent.com/nflverse/nfldata/master/data/games.csv
2007,BUF,BILLS,Buffalo Bills,Buffalo,Bills,AFC,AFC East,2,TRUE,TRUE,4,2,2,0,0.5,56,64,-8,16,7,9,0,0.4375,252,354,-102,,FALSE,,Missed playoffs,FALSE,FALSE,FALSE,2007-preseason.png,94.6,https://raw.githubusercontent.com/nflverse/nfldata/master/data/standings.csv,https://raw.githubusercontent.com/nflverse/nfldata/master/data/games.csv
2007,NYJ,JETS,New York Jets,New York,Jets,AFC,AFC East,3,TRUE,TRUE,4,3,1,0,0.75,84,76,8,16,4,12,0,0.25,268,355,-87,,FALSE,,Missed playoffs,FALSE,FALSE,FALSE,2007-preseason.png,92.7,https://raw.githubusercontent.com/nflverse/nfldata/master/data/standings.csv,https://raw.githubusercontent.com/nflverse/nfldata/master/data/games.csv
2007,MIA,DOLPHINS,Miami Dolphins,Miami,Dolphins,AFC,AFC East,4,TRUE,TRUE,4,2,2,0,0.5,57,65,-8,16,1,15,0,0.0625,267,437,-170,,FALSE,,Missed playoffs,FALSE,FALSE,FALSE,2007-preseason.png,81.8,https://raw.githubusercontent.com/nflverse/nfldata/master/data/standings.csv,https://raw.githubusercontent.com/nflverse/nfldata/master/data/games.csv
2007,PIT,STEELERS,Pittsburgh Steelers,Pittsburgh,Steelers,AFC,AFC North,1,TRUE,TRUE,5,4,1,0,0.8,87,46,41,16,10,6,0,0.625,393,269,124,4,TRUE,LostWC,Lost Wild Card,FALSE,FALSE,FALSE,2007-preseason.png,96.1,https://raw.githubusercontent.com/nflverse/nfldata/master/data/standings.csv,https://raw.githubusercontent.com/nflverse/nfldata/master/data/games.csv
2007,CLE,BROWNS,Cleveland Browns,Cleveland,Browns,AFC,AFC North,2,TRUE,TRUE,4,3,1,0,0.75,72,60,12,16,10,6,0,0.625,402,382,20,,FALSE,,Missed playoffs,FALSE,FALSE,FALSE,2007-preseason.png,88.1,https://raw.githubusercontent.com/nflverse/nfldata/master/data/standings.csv,https://raw.githubusercontent.com/nflverse/nfldata/master/data/games.csv
2007,CIN,BENGALS,Cincinnati Bengals,Cincinnati,Bengals,AFC,AFC North,3,TRUE,TRUE,4,1,3,0,0.25,78,84,-6,16,7,9,0,0.4375,380,385,-5,,FALSE,,Missed playoffs,FALSE,FALSE,FALSE,2007-preseason.png,94.2,https://raw.githubusercontent.com/nflverse/nfldata/master/data/standings.csv,https://raw.githubusercontent.com/nflverse/nfldata/master/data/games.csv
2007,BAL,RAVENS,Baltimore Ravens,Baltimore,Ravens,AFC,AFC North,4,TRUE,TRUE,4,1,3,0,0.25,58,42,16,16,5,11,0,0.3125,275,384,-109,,FALSE,,Missed playoffs,FALSE,FALSE,FALSE,2007-preseason.png,95.4,https://raw.githubusercontent.com/nflverse/nfldata/master/data/standings.csv,https://raw.githubusercontent.com/nflverse/nfldata/master/data/games.csv
2007,IND,COLTS,Indianapolis Colts,Indianapolis,Colts,AFC,AFC South,1,TRUE,TRUE,4,1,3,0,0.25,77,74,3,16,13,3,0,0.8125,450,262,188,2,TRUE,LostDV,Lost Divisional,FALSE,FALSE,FALSE,2007-preseason.png,88.9,https://raw.githubusercontent.com/nflverse/nfldata/master/data/standings.csv,https://raw.githubusercontent.com/nflverse/nfldata/master/data/games.csv
2007,JAX,JAGUARS,Jacksonville Jaguars,Jacksonville,Jaguars,AFC,AFC South,2,TRUE,TRUE,4,3,1,0,0.75,100,64,36,16,11,5,0,0.6875,411,304,107,5,TRUE,LostDV,Lost Divisional,FALSE,FALSE,FALSE,2007-preseason.png,90.4,https://raw.githubusercontent.com/nflverse/nfldata/master/data/standings.csv,https://raw.githubusercontent.com/nflverse/nfldata/master/data/games.csv
2007,TEN,TITANS,Tennessee Titans,Tennessee,Titans,AFC,AFC South,3,TRUE,TRUE,4,3,1,0,0.75,91,69,22,16,10,6,0,0.625,301,297,4,6,TRUE,LostWC,Lost Wild Card,FALSE,FALSE,FALSE,2007-preseason.png,91.6,https://raw.githubusercontent.com/nflverse/nfldata/master/data/standings.csv,https://raw.githubusercontent.com/nflverse/nfldata/master/data/games.csv
2007,HOU,TEXANS,Houston Texans,Houston,Texans,AFC,AFC South,4,TRUE,TRUE,4,2,2,0,0.5,104,87,17,16,8,8,0,0.5,379,384,-5,,FALSE,,Missed playoffs,FALSE,FALSE,FALSE,2007-preseason.png,83.8,https://raw.githubusercontent.com/nflverse/nfldata/master/data/standings.csv,https://raw.githubusercontent.com/nflverse/nfldata/master/data/games.csv
2007,LAC,CHARGERS,San Diego Chargers,San Diego,Chargers,AFC,AFC West,1,TRUE,TRUE,4,3,1,0,0.75,95,81,14,16,11,5,0,0.6875,412,284,128,3,TRUE,LostCC,Lost Conference Championship,FALSE,FALSE,FALSE,2007-preseason.png,92.6,https://raw.githubusercontent.com/nflverse/nfldata/master/data/standings.csv,https://raw.githubusercontent.com/nflverse/nfldata/master/data/games.csv
2007,DEN,BRONCOS,Denver Broncos,Denver,Broncos,AFC,AFC West,2,TRUE,TRUE,4,2,2,0,0.5,74,64,10,16,7,9,0,0.4375,320,409,-89,,FALSE,,Missed playoffs,FALSE,FALSE,FALSE,2007-preseason.png,96.3,https://raw.githubusercontent.com/nflverse/nfldata/master/data/standings.csv,https://raw.githubusercontent.com/nflverse/nfldata/master/data/games.csv
2007,KC,CHIEFS,Kansas City Chiefs,Kansas City,Chiefs,AFC,AFC West,3,TRUE,TRUE,4,0,4,0,0,32,67,-35,16,4,12,0,0.25,226,335,-109,,FALSE,,Missed playoffs,FALSE,FALSE,FALSE,2007-preseason.png,94.9,https://raw.githubusercontent.com/nflverse/nfldata/master/data/standings.csv,https://raw.githubusercontent.com/nflverse/nfldata/master/data/games.csv
2007,LV,RAIDERS,Oakland Raiders,Oakland,Raiders,AFC,AFC West,4,TRUE,TRUE,4,2,2,0,0.5,82,78,4,16,4,12,0,0.25,283,398,-115,,FALSE,,Missed playoffs,FALSE,FALSE,FALSE,2007-preseason.png,93.9,https://raw.githubusercontent.com/nflverse/nfldata/master/data/standings.csv,https://raw.githubusercontent.com/nflverse/nfldata/master/data/games.csv
2007,DAL,COWBOYS,Dallas Cowboys,Dallas,Cowboys,NFC,NFC East,1,TRUE,TRUE,4,2,2,0,0.5,84,81,3,16,13,3,0,0.8125,455,325,130,1,TRUE,LostDV,Lost Divisional,FALSE,FALSE,FALSE,2007-preseason.png,93.8,https://raw.githubusercontent.com/nflverse/nfldata/master/data/standings.csv,https://raw.githubusercontent.com/nflverse/nfldata/master/data/games.csv
2007,NYG,GIANTS,New York Giants,New York,Giants,NFC,NFC East,2,TRUE,TRUE,4,1,3,0,0.25,66,83,-17,16,10,6,0,0.625,373,351,22,5,TRUE,WonSB,Won Super Bowl,TRUE,TRUE,FALSE,2007-preseason.png,92.8,https://raw.githubusercontent.com/nflverse/nfldata/master/data/standings.csv,https://raw.githubusercontent.com/nflverse/nfldata/master/data/games.csv
2007,WAS,WASHINGTON,Washington Redskins,Washington,Redskins,NFC,NFC East,3,TRUE,TRUE,4,2,2,0,0.5,51,56,-5,16,9,7,0,0.5625,334,310,24,6,TRUE,LostWC,Lost Wild Card,FALSE,FALSE,FALSE,2007-preseason.png,86.3,https://raw.githubusercontent.com/nflverse/nfldata/master/data/standings.csv,https://raw.githubusercontent.com/nflverse/nfldata/master/data/games.csv
2007,PHI,EAGLES,Philadelphia Eagles,Philadelphia,Eagles,NFC,NFC East,4,TRUE,TRUE,4,1,3,0,0.25,54,79,-25,16,8,8,0,0.5,336,300,36,,FALSE,,Missed playoffs,FALSE,FALSE,FALSE,2007-preseason.png,82.5,https://raw.githubusercontent.com/nflverse/nfldata/master/data/standings.csv,https://raw.githubusercontent.com/nflverse/nfldata/master/data/games.csv
2007,GB,PACKERS,Green Bay Packers,Green Bay,Packers,NFC,NFC North,1,TRUE,TRUE,4,2,2,0,0.5,88,73,15,16,13,3,0,0.8125,435,291,144,2,TRUE,LostCC,Lost Conference Championship,FALSE,FALSE,FALSE,2007-preseason.png,94.9,https://raw.githubusercontent.com/nflverse/nfldata/master/data/standings.csv,https://raw.githubusercontent.com/nflverse/nfldata/master/data/games.csv
2007,MIN,VIKINGS,Minnesota Vikings,Minnesota,Vikings,NFC,NFC North,2,TRUE,TRUE,4,2,2,0,0.5,83,77,6,16,8,8,0,0.5,365,311,54,,FALSE,,Missed playoffs,FALSE,FALSE,FALSE,2007-preseason.png,87.7,https://raw.githubusercontent.com/nflverse/nfldata/master/data/standings.csv,https://raw.githubusercontent.com/nflverse/nfldata/master/data/games.csv
2007,DET,LIONS,Detroit Lions,Detroit,Lions,NFC,NFC North,3,TRUE,TRUE,4,2,2,0,0.5,73,99,-26,16,7,9,0,0.4375,346,444,-98,,FALSE,,Missed playoffs,FALSE,FALSE,FALSE,2007-preseason.png,81.2,https://raw.githubusercontent.com/nflverse/nfldata/master/data/standings.csv,https://raw.githubusercontent.com/nflverse/nfldata/master/data/games.csv
2007,CHI,BEARS,Chicago Bears,Chicago,Bears,NFC,NFC North,4,TRUE,TRUE,4,3,1,0,0.75,87,90,-3,16,7,9,0,0.4375,334,348,-14,,FALSE,,Missed playoffs,FALSE,FALSE,FALSE,2007-preseason.png,88.7,https://raw.githubusercontent.com/nflverse/nfldata/master/data/standings.csv,https://raw.githubusercontent.com/nflverse/nfldata/master/data/games.csv
2007,TB,BUCCANEERS,Tampa Bay Buccaneers,Tampa Bay,Buccaneers,NFC,NFC South,1,TRUE,TRUE,4,3,1,0,0.75,94,93,1,16,9,7,0,0.5625,334,270,64,4,TRUE,LostWC,Lost Wild Card,FALSE,FALSE,FALSE,2007-preseason.png,91.7,https://raw.githubusercontent.com/nflverse/nfldata/master/data/standings.csv,https://raw.githubusercontent.com/nflverse/nfldata/master/data/games.csv
2007,CAR,PANTHERS,Carolina Panthers,Carolina,Panthers,NFC,NFC South,2,TRUE,TRUE,4,1,3,0,0.25,44,91,-47,16,7,9,0,0.4375,267,347,-80,,FALSE,,Missed playoffs,FALSE,FALSE,FALSE,2007-preseason.png,92.1,https://raw.githubusercontent.com/nflverse/nfldata/master/data/standings.csv,https://raw.githubusercontent.com/nflverse/nfldata/master/data/games.csv
2007,NO,SAINTS,New Orleans Saints,New Orleans,Saints,NFC,NFC South,3,TRUE,TRUE,5,3,2,0,0.6,81,59,22,16,7,9,0,0.4375,379,388,-9,,FALSE,,Missed playoffs,FALSE,FALSE,FALSE,2007-preseason.png,93.5,https://raw.githubusercontent.com/nflverse/nfldata/master/data/standings.csv,https://raw.githubusercontent.com/nflverse/nfldata/master/data/games.csv
2007,ATL,FALCONS,Atlanta Falcons,Atlanta,Falcons,NFC,NFC South,4,TRUE,TRUE,4,3,1,0,0.75,66,70,-4,16,4,12,0,0.25,259,414,-155,,FALSE,,Missed playoffs,FALSE,FALSE,FALSE,2007-preseason.png,90.4,https://raw.githubusercontent.com/nflverse/nfldata/master/data/standings.csv,https://raw.githubusercontent.com/nflverse/nfldata/master/data/games.csv
2007,SEA,SEAHAWKS,Seattle Seahawks,Seattle,Seahawks,NFC,NFC West,1,TRUE,TRUE,4,3,1,0,0.75,86,91,-5,16,10,6,0,0.625,393,291,102,3,TRUE,LostDV,Lost Divisional,FALSE,FALSE,FALSE,2007-preseason.png,90.1,https://raw.githubusercontent.com/nflverse/nfldata/master/data/standings.csv,https://raw.githubusercontent.com/nflverse/nfldata/master/data/games.csv
2007,ARI,CARDINALS,Arizona Cardinals,Arizona,Cardinals,NFC,NFC West,2,TRUE,TRUE,4,0,4,0,0,77,114,-37,16,8,8,0,0.5,404,399,5,,FALSE,,Missed playoffs,FALSE,FALSE,FALSE,2007-preseason.png,88.8,https://raw.githubusercontent.com/nflverse/nfldata/master/data/standings.csv,https://raw.githubusercontent.com/nflverse/nfldata/master/data/games.csv
2007,SF,49ERS,San Francisco 49ers,San Francisco,49ers,NFC,NFC West,3,TRUE,TRUE,4,1,3,0,0.25,80,85,-5,16,5,11,0,0.3125,219,364,-145,,FALSE,,Missed playoffs,FALSE,FALSE,FALSE,2007-preseason.png,92.1,https://raw.githubusercontent.com/nflverse/nfldata/master/data/standings.csv,https://raw.githubusercontent.com/nflverse/nfldata/master/data/games.csv
2007,LA,RAMS,St. Louis Rams,St. Louis,Rams,NFC,NFC West,4,TRUE,TRUE,4,2,2,0,0.5,46,63,-17,16,3,13,0,0.1875,263,438,-175,,FALSE,,Missed playoffs,FALSE,FALSE,FALSE,2007-preseason.png,93.6,https://raw.githubusercontent.com/nflverse/nfldata/master/data/standings.csv,https://raw.githubusercontent.com/nflverse/nfldata/master/data/games.csv
2008,MIA,DOLPHINS,Miami Dolphins,Miami,Dolphins,AFC,AFC East,1,TRUE,TRUE,4,3,1,0,0.75,63,41,22,16,11,5,0,0.6875,345,317,28,3,TRUE,LostWC,Lost Wild Card,FALSE,FALSE,FALSE,2008-preseason.png,89.5,https://raw.githubusercontent.com/nflverse/nfldata/master/data/standings.csv,https://raw.githubusercontent.com/nflverse/nfldata/master/data/games.csv
2008,NE,PATRIOTS,New England Patriots,New England,Patriots,AFC,AFC East,2,TRUE,TRUE,4,0,4,0,0,56,89,-33,16,11,5,0,0.6875,410,309,101,,FALSE,,Missed playoffs,FALSE,FALSE,FALSE,2008-preseason.png,91.4,https://raw.githubusercontent.com/nflverse/nfldata/master/data/standings.csv,https://raw.githubusercontent.com/nflverse/nfldata/master/data/games.csv
2008,NYJ,JETS,New York Jets,New York,Jets,AFC,AFC East,3,TRUE,TRUE,4,3,1,0,0.75,71,60,11,16,9,7,0,0.5625,405,356,49,,FALSE,,Missed playoffs,FALSE,FALSE,FALSE,2008-preseason.png,92.6,https://raw.githubusercontent.com/nflverse/nfldata/master/data/standings.csv,https://raw.githubusercontent.com/nflverse/nfldata/master/data/games.csv
2008,BUF,BILLS,Buffalo Bills,Buffalo,Bills,AFC,AFC East,4,TRUE,TRUE,4,2,2,0,0.5,64,59,5,16,7,9,0,0.4375,336,342,-6,,FALSE,,Missed playoffs,FALSE,FALSE,FALSE,2008-preseason.png,89.7,https://raw.githubusercontent.com/nflverse/nfldata/master/data/standings.csv,https://raw.githubusercontent.com/nflverse/nfldata/master/data/games.csv
2008,PIT,STEELERS,Pittsburgh Steelers,Pittsburgh,Steelers,AFC,AFC North,1,TRUE,TRUE,4,3,1,0,0.75,68,60,8,16,12,4,0,0.75,347,223,124,2,TRUE,WonSB,Won Super Bowl,TRUE,TRUE,FALSE,2008-preseason.png,91.8,https://raw.githubusercontent.com/nflverse/nfldata/master/data/standings.csv,https://raw.githubusercontent.com/nflverse/nfldata/master/data/games.csv
2008,BAL,RAVENS,Baltimore Ravens,Baltimore,Ravens,AFC,AFC North,2,TRUE,TRUE,4,1,3,0,0.25,50,72,-22,16,11,5,0,0.6875,385,244,141,6,TRUE,LostCC,Lost Conference Championship,FALSE,FALSE,FALSE,2008-preseason.png,86.2,https://raw.githubusercontent.com/nflverse/nfldata/master/data/standings.csv,https://raw.githubusercontent.com/nflverse/nfldata/master/data/games.csv
2008,CIN,BENGALS,Cincinnati Bengals,Cincinnati,Bengals,AFC,AFC North,3,TRUE,TRUE,4,2,2,0,0.5,57,64,-7,16,4,11,1,0.28125,204,364,-160,,FALSE,,Missed playoffs,FALSE,FALSE,FALSE,2008-preseason.png,87.1,https://raw.githubusercontent.com/nflverse/nfldata/master/data/standings.csv,https://raw.githubusercontent.com/nflverse/nfldata/master/data/games.csv
2008,CLE,BROWNS,Cleveland Browns,Cleveland,Browns,AFC,AFC North,4,TRUE,TRUE,4,0,4,0,0,70,103,-33,16,4,12,0,0.25,232,350,-118,,FALSE,,Missed playoffs,FALSE,FALSE,FALSE,2008-preseason.png,86.8,https://raw.githubusercontent.com/nflverse/nfldata/master/data/standings.csv,https://raw.githubusercontent.com/nflverse/nfldata/master/data/games.csv
2008,TEN,TITANS,Tennessee Titans,Tennessee,Titans,AFC,AFC South,1,TRUE,TRUE,4,3,1,0,0.75,77,67,10,16,13,3,0,0.8125,375,234,141,1,TRUE,LostDV,Lost Divisional,FALSE,FALSE,FALSE,2008-preseason.png,86,https://raw.githubusercontent.com/nflverse/nfldata/master/data/standings.csv,https://raw.githubusercontent.com/nflverse/nfldata/master/data/games.csv
2008,IND,COLTS,Indianapolis Colts,Indianapolis,Colts,AFC,AFC South,2,TRUE,TRUE,5,1,4,0,0.2,66,109,-43,16,12,4,0,0.75,377,298,79,5,TRUE,LostWC,Lost Wild Card,FALSE,FALSE,FALSE,2008-preseason.png,92.2,https://raw.githubusercontent.com/nflverse/nfldata/master/data/standings.csv,https://raw.githubusercontent.com/nflverse/nfldata/master/data/games.csv
2008,HOU,TEXANS,Houston Texans,Houston,Texans,AFC,AFC South,3,TRUE,TRUE,4,2,2,0,0.5,78,82,-4,16,8,8,0,0.5,366,394,-28,,FALSE,,Missed playoffs,FALSE,FALSE,FALSE,2008-preseason.png,91.1,https://raw.githubusercontent.com/nflverse/nfldata/master/data/standings.csv,https://raw.githubusercontent.com/nflverse/nfldata/master/data/games.csv
2008,JAX,JAGUARS,Jacksonville Jaguars,Jacksonville,Jaguars,AFC,AFC South,4,TRUE,TRUE,4,3,1,0,0.75,81,56,25,16,5,11,0,0.3125,302,367,-65,,FALSE,,Missed playoffs,FALSE,FALSE,FALSE,2008-preseason.png,91.1,https://raw.githubusercontent.com/nflverse/nfldata/master/data/standings.csv,https://raw.githubusercontent.com/nflverse/nfldata/master/data/games.csv
2008,LAC,CHARGERS,San Diego Chargers,San Diego,Chargers,AFC,AFC West,1,TRUE,TRUE,4,3,1,0,0.75,75,58,17,16,8,8,0,0.5,439,347,92,4,TRUE,LostDV,Lost Divisional,FALSE,FALSE,FALSE,2008-preseason.png,93.8,https://raw.githubusercontent.com/nflverse/nfldata/master/data/standings.csv,https://raw.githubusercontent.com/nflverse/nfldata/master/data/games.csv
2008,DEN,BRONCOS,Denver Broncos,Denver,Broncos,AFC,AFC West,2,TRUE,TRUE,4,2,2,0,0.5,91,73,18,16,8,8,0,0.5,370,448,-78,,FALSE,,Missed playoffs,FALSE,FALSE,FALSE,2008-preseason.png,93.3,https://raw.githubusercontent.com/nflverse/nfldata/master/data/standings.csv,https://raw.githubusercontent.com/nflverse/nfldata/master/data/games.csv
2008,LV,RAIDERS,Oakland Raiders,Oakland,Raiders,AFC,AFC West,3,TRUE,TRUE,4,1,3,0,0.25,50,70,-20,16,5,11,0,0.3125,263,388,-125,,FALSE,,Missed playoffs,FALSE,FALSE,FALSE,2008-preseason.png,84.1,https://raw.githubusercontent.com/nflverse/nfldata/master/data/standings.csv,https://raw.githubusercontent.com/nflverse/nfldata/master/data/games.csv
2008,KC,CHIEFS,Kansas City Chiefs,Kansas City,Chiefs,AFC,AFC West,4,TRUE,TRUE,4,2,2,0,0.5,62,88,-26,16,2,14,0,0.125,291,440,-149,,FALSE,,Missed playoffs,FALSE,FALSE,FALSE,2008-preseason.png,86.5,https://raw.githubusercontent.com/nflverse/nfldata/master/data/standings.csv,https://raw.githubusercontent.com/nflverse/nfldata/master/data/games.csv
2008,NYG,GIANTS,New York Giants,New York,Giants,NFC,NFC East,1,TRUE,TRUE,4,2,2,0,0.5,73,71,2,16,12,4,0,0.75,427,294,133,1,TRUE,LostDV,Lost Divisional,FALSE,FALSE,FALSE,2008-preseason.png,95.3,https://raw.githubusercontent.com/nflverse/nfldata/master/data/standings.csv,https://raw.githubusercontent.com/nflverse/nfldata/master/data/games.csv
2008,PHI,EAGLES,Philadelphia Eagles,Philadelphia,Eagles,NFC,NFC East,2,TRUE,TRUE,4,2,2,0,0.5,81,73,8,16,9,6,1,0.59375,416,289,127,6,TRUE,LostCC,Lost Conference Championship,FALSE,FALSE,FALSE,2008-preseason.png,95.2,https://raw.githubusercontent.com/nflverse/nfldata/master/data/standings.csv,https://raw.githubusercontent.com/nflverse/nfldata/master/data/games.csv
2008,DAL,COWBOYS,Dallas Cowboys,Dallas,Cowboys,NFC,NFC East,3,TRUE,TRUE,4,2,2,0,0.5,69,86,-17,16,9,7,0,0.5625,362,365,-3,,FALSE,,Missed playoffs,FALSE,FALSE,FALSE,2008-preseason.png,93.9,https://raw.githubusercontent.com/nflverse/nfldata/master/data/standings.csv,https://raw.githubusercontent.com/nflverse/nfldata/master/data/games.csv
2008,WAS,WASHINGTON,Washington Redskins,Washington,Redskins,NFC,NFC East,4,TRUE,TRUE,5,3,2,0,0.6,66,111,-45,16,8,8,0,0.5,265,296,-31,,FALSE,,Missed playoffs,FALSE,FALSE,FALSE,2008-preseason.png,94.6,https://raw.githubusercontent.com/nflverse/nfldata/master/data/standings.csv,https://raw.githubusercontent.com/nflverse/nfldata/master/data/games.csv
2008,MIN,VIKINGS,Minnesota Vikings,Minnesota,Vikings,NFC,NFC North,1,TRUE,TRUE,4,1,3,0,0.25,60,77,-17,16,10,6,0,0.625,379,333,46,3,TRUE,LostWC,Lost Wild Card,FALSE,FALSE,FALSE,2008-preseason.png,90.9,https://raw.githubusercontent.com/nflverse/nfldata/master/data/standings.csv,https://raw.githubusercontent.com/nflverse/nfldata/master/data/games.csv
2008,CHI,BEARS,Chicago Bears,Chicago,Bears,NFC,NFC North,2,TRUE,TRUE,4,1,3,0,0.25,92,100,-8,16,9,7,0,0.5625,375,350,25,,FALSE,,Missed playoffs,FALSE,FALSE,FALSE,2008-preseason.png,93.4,https://raw.githubusercontent.com/nflverse/nfldata/master/data/standings.csv,https://raw.githubusercontent.com/nflverse/nfldata/master/data/games.csv
2008,GB,PACKERS,Green Bay Packers,Green Bay,Packers,NFC,NFC North,3,TRUE,TRUE,4,1,3,0,0.25,71,101,-30,16,6,10,0,0.375,419,380,39,,FALSE,,Missed playoffs,FALSE,FALSE,FALSE,2008-preseason.png,89.3,https://raw.githubusercontent.com/nflverse/nfldata/master/data/standings.csv,https://raw.githubusercontent.com/nflverse/nfldata/master/data/games.csv
2008,DET,LIONS,Detroit Lions,Detroit,Lions,NFC,NFC North,4,TRUE,TRUE,4,4,0,0,1,80,32,48,16,0,16,0,0,268,517,-249,,FALSE,,Missed playoffs,FALSE,FALSE,FALSE,2008-preseason.png,96,https://raw.githubusercontent.com/nflverse/nfldata/master/data/standings.csv,https://raw.githubusercontent.com/nflverse/nfldata/master/data/games.csv
2008,CAR,PANTHERS,Carolina Panthers,Carolina,Panthers,NFC,NFC South,1,TRUE,TRUE,4,2,2,0,0.5,99,66,33,16,12,4,0,0.75,414,329,85,2,TRUE,LostDV,Lost Divisional,FALSE,FALSE,FALSE,2008-preseason.png,96.3,https://raw.githubusercontent.com/nflverse/nfldata/master/data/standings.csv,https://raw.githubusercontent.com/nflverse/nfldata/master/data/games.csv
2008,ATL,FALCONS,Atlanta Falcons,Atlanta,Falcons,NFC,NFC South,2,TRUE,TRUE,4,2,2,0,0.5,53,48,5,16,11,5,0,0.6875,391,325,66,5,TRUE,LostWC,Lost Wild Card,FALSE,FALSE,FALSE,2008-preseason.png,89.6,https://raw.githubusercontent.com/nflverse/nfldata/master/data/standings.csv,https://raw.githubusercontent.com/nflverse/nfldata/master/data/games.csv
2008,TB,BUCCANEERS,Tampa Bay Buccaneers,Tampa Bay,Buccaneers,NFC,NFC South,3,TRUE,TRUE,4,3,1,0,0.75,77,45,32,16,9,7,0,0.5625,361,323,38,,FALSE,,Missed playoffs,FALSE,FALSE,FALSE,2008-preseason.png,90.5,https://raw.githubusercontent.com/nflverse/nfldata/master/data/standings.csv,https://raw.githubusercontent.com/nflverse/nfldata/master/data/games.csv
2008,NO,SAINTS,New Orleans Saints,New Orleans,Saints,NFC,NFC South,4,TRUE,TRUE,4,2,2,0,0.5,74,55,19,16,8,8,0,0.5,463,393,70,,FALSE,,Missed playoffs,FALSE,FALSE,FALSE,2008-preseason.png,95.9,https://raw.githubusercontent.com/nflverse/nfldata/master/data/standings.csv,https://raw.githubusercontent.com/nflverse/nfldata/master/data/games.csv
2008,ARI,CARDINALS,Arizona Cardinals,Arizona,Cardinals,NFC,NFC West,1,TRUE,TRUE,4,2,2,0,0.5,75,69,6,16,9,7,0,0.5625,427,426,1,4,TRUE,LostSB,Lost Super Bowl,TRUE,FALSE,TRUE,2008-preseason.png,96.3,https://raw.githubusercontent.com/nflverse/nfldata/master/data/standings.csv,https://raw.githubusercontent.com/nflverse/nfldata/master/data/games.csv
2008,SF,49ERS,San Francisco 49ers,San Francisco,49ers,NFC,NFC West,2,TRUE,TRUE,4,2,2,0,0.5,94,74,20,16,7,9,0,0.4375,339,381,-42,,FALSE,,Missed playoffs,FALSE,FALSE,FALSE,2008-preseason.png,96.5,https://raw.githubusercontent.com/nflverse/nfldata/master/data/standings.csv,https://raw.githubusercontent.com/nflverse/nfldata/master/data/games.csv
2008,SEA,SEAHAWKS,Seattle Seahawks,Seattle,Seahawks,NFC,NFC West,3,TRUE,TRUE,4,3,1,0,0.75,103,77,26,16,4,12,0,0.25,294,392,-98,,FALSE,,Missed playoffs,FALSE,FALSE,FALSE,2008-preseason.png,91.2,https://raw.githubusercontent.com/nflverse/nfldata/master/data/standings.csv,https://raw.githubusercontent.com/nflverse/nfldata/master/data/games.csv
2008,LA,RAMS,St. Louis Rams,St. Louis,Rams,NFC,NFC West,4,TRUE,TRUE,4,2,2,0,0.5,61,71,-10,16,2,14,0,0.125,232,465,-233,,FALSE,,Missed playoffs,FALSE,FALSE,FALSE,2008-preseason.png,94.5,https://raw.githubusercontent.com/nflverse/nfldata/master/data/standings.csv,https://raw.githubusercontent.com/nflverse/nfldata/master/data/games.csv
2009,NE,PATRIOTS,New England Patriots,New England,Patriots,AFC,AFC East,1,TRUE,TRUE,4,3,1,0,0.75,98,83,15,16,10,6,0,0.625,427,285,142,3,TRUE,LostWC,Lost Wild Card,FALSE,FALSE,FALSE,2009-preseason.png,88.2,https://raw.githubusercontent.com/nflverse/nfldata/master/data/standings.csv,https://raw.githubusercontent.com/nflverse/nfldata/master/data/games.csv
2009,NYJ,JETS,New York Jets,New York,Jets,AFC,AFC East,2,TRUE,TRUE,4,2,2,0,0.5,108,99,9,16,9,7,0,0.5625,348,236,112,5,TRUE,LostCC,Lost Conference Championship,FALSE,FALSE,FALSE,2009-preseason.png,95.6,https://raw.githubusercontent.com/nflverse/nfldata/master/data/standings.csv,https://raw.githubusercontent.com/nflverse/nfldata/master/data/games.csv
2009,MIA,DOLPHINS,Miami Dolphins,Miami,Dolphins,AFC,AFC East,3,TRUE,TRUE,4,4,0,0,1,59,39,20,16,7,9,0,0.4375,360,390,-30,,FALSE,,Missed playoffs,FALSE,FALSE,FALSE,2009-preseason.png,94.7,https://raw.githubusercontent.com/nflverse/nfldata/master/data/standings.csv,https://raw.githubusercontent.com/nflverse/nfldata/master/data/games.csv
2009,BUF,BILLS,Buffalo Bills,Buffalo,Bills,AFC,AFC East,4,TRUE,TRUE,5,1,4,0,0.2,72,106,-34,16,6,10,0,0.375,258,326,-68,,FALSE,,Missed playoffs,FALSE,FALSE,FALSE,2009-preseason.png,94.2,https://raw.githubusercontent.com/nflverse/nfldata/master/data/standings.csv,https://raw.githubusercontent.com/nflverse/nfldata/master/data/games.csv
2009,CIN,BENGALS,Cincinnati Bengals,Cincinnati,Bengals,AFC,AFC North,1,TRUE,TRUE,4,2,2,0,0.5,73,54,19,16,10,6,0,0.625,305,291,14,4,TRUE,LostWC,Lost Wild Card,FALSE,FALSE,FALSE,2009-preseason.png,92.2,https://raw.githubusercontent.com/nflverse/nfldata/master/data/standings.csv,https://raw.githubusercontent.com/nflverse/nfldata/master/data/games.csv
2009,BAL,RAVENS,Baltimore Ravens,Baltimore,Ravens,AFC,AFC North,2,TRUE,TRUE,4,4,0,0,1,84,39,45,16,9,7,0,0.5625,391,261,130,6,TRUE,LostDV,Lost Divisional,FALSE,FALSE,FALSE,2009-preseason.png,95.8,https://raw.githubusercontent.com/nflverse/nfldata/master/data/standings.csv,https://raw.githubusercontent.com/nflverse/nfldata/master/data/games.csv
2009,PIT,STEELERS,Pittsburgh Steelers,Pittsburgh,Steelers,AFC,AFC North,3,TRUE,TRUE,4,3,1,0,0.75,71,37,34,16,9,7,0,0.5625,368,324,44,,FALSE,,Missed playoffs,FALSE,FALSE,FALSE,2009-preseason.png,89.1,https://raw.githubusercontent.com/nflverse/nfldata/master/data/standings.csv,https://raw.githubusercontent.com/nflverse/nfldata/master/data/games.csv
2009,CLE,BROWNS,Cleveland Browns,Cleveland,Browns,AFC,AFC North,4,TRUE,TRUE,4,2,2,0,0.5,73,70,3,16,5,11,0,0.3125,245,375,-130,,FALSE,,Missed playoffs,FALSE,FALSE,FALSE,2009-preseason.png,92.3,https://raw.githubusercontent.com/nflverse/nfldata/master/data/standings.csv,https://raw.githubusercontent.com/nflverse/nfldata/master/data/games.csv
2009,IND,COLTS,Indianapolis Colts,Indianapolis,Colts,AFC,AFC South,1,TRUE,TRUE,4,1,3,0,0.25,50,84,-34,16,14,2,0,0.875,416,307,109,1,TRUE,LostSB,Lost Super Bowl,TRUE,FALSE,TRUE,2009-preseason.png,95.1,https://raw.githubusercontent.com/nflverse/nfldata/master/data/standings.csv,https://raw.githubusercontent.com/nflverse/nfldata/master/data/games.csv
2009,HOU,TEXANS,Houston Texans,Houston,Texans,AFC,AFC South,2,TRUE,TRUE,4,2,2,0,0.5,67,85,-18,16,9,7,0,0.5625,388,333,55,,FALSE,,Missed playoffs,FALSE,FALSE,FALSE,2009-preseason.png,92.6,https://raw.githubusercontent.com/nflverse/nfldata/master/data/standings.csv,https://raw.githubusercontent.com/nflverse/nfldata/master/data/games.csv
2009,TEN,TITANS,Tennessee Titans,Tennessee,Titans,AFC,AFC South,3,TRUE,TRUE,5,3,2,0,0.6,102,104,-2,16,8,8,0,0.5,354,402,-48,,FALSE,,Missed playoffs,FALSE,FALSE,FALSE,2009-preseason.png,85.4,https://raw.githubusercontent.com/nflverse/nfldata/master/data/standings.csv,https://raw.githubusercontent.com/nflverse/nfldata/master/data/games.csv
2009,JAX,JAGUARS,Jacksonville Jaguars,Jacksonville,Jaguars,AFC,AFC South,4,TRUE,TRUE,4,1,3,0,0.25,88,86,2,16,7,9,0,0.4375,290,380,-90,,FALSE,,Missed playoffs,FALSE,FALSE,FALSE,2009-preseason.png,81.7,https://raw.githubusercontent.com/nflverse/nfldata/master/data/standings.csv,https://raw.githubusercontent.com/nflverse/nfldata/master/data/games.csv
2009,LAC,CHARGERS,San Diego Chargers,San Diego,Chargers,AFC,AFC West,1,TRUE,TRUE,4,2,2,0,0.5,81,60,21,16,13,3,0,0.8125,454,320,134,2,TRUE,LostDV,Lost Divisional,FALSE,FALSE,FALSE,2009-preseason.png,93.3,https://raw.githubusercontent.com/nflverse/nfldata/master/data/standings.csv,https://raw.githubusercontent.com/nflverse/nfldata/master/data/games.csv
2009,DEN,BRONCOS,Denver Broncos,Denver,Broncos,AFC,AFC West,2,TRUE,TRUE,4,1,3,0,0.25,65,71,-6,16,8,8,0,0.5,326,324,2,,FALSE,,Missed playoffs,FALSE,FALSE,FALSE,2009-preseason.png,94,https://raw.githubusercontent.com/nflverse/nfldata/master/data/standings.csv,https://raw.githubusercontent.com/nflverse/nfldata/master/data/games.csv
2009,LV,RAIDERS,Oakland Raiders,Oakland,Raiders,AFC,AFC West,3,TRUE,TRUE,4,1,3,0,0.25,79,107,-28,16,5,11,0,0.3125,197,379,-182,,FALSE,,Missed playoffs,FALSE,FALSE,FALSE,2009-preseason.png,88.8,https://raw.githubusercontent.com/nflverse/nfldata/master/data/standings.csv,https://raw.githubusercontent.com/nflverse/nfldata/master/data/games.csv
2009,KC,CHIEFS,Kansas City Chiefs,Kansas City,Chiefs,AFC,AFC West,4,TRUE,TRUE,4,0,4,0,0,42,64,-22,16,4,12,0,0.25,294,424,-130,,FALSE,,Missed playoffs,FALSE,FALSE,FALSE,2009-preseason.png,94.5,https://raw.githubusercontent.com/nflverse/nfldata/master/data/standings.csv,https://raw.githubusercontent.com/nflverse/nfldata/master/data/games.csv
2009,DAL,COWBOYS,Dallas Cowboys,Dallas,Cowboys,NFC,NFC East,1,TRUE,TRUE,4,2,2,0,0.5,88,92,-4,16,11,5,0,0.6875,361,250,111,3,TRUE,LostDV,Lost Divisional,FALSE,FALSE,FALSE,2009-preseason.png,94.3,https://raw.githubusercontent.com/nflverse/nfldata/master/data/standings.csv,https://raw.githubusercontent.com/nflverse/nfldata/master/data/games.csv
2009,PHI,EAGLES,Philadelphia Eagles,Philadelphia,Eagles,NFC,NFC East,2,TRUE,TRUE,4,1,3,0,0.25,100,120,-20,16,11,5,0,0.6875,429,337,92,6,TRUE,LostWC,Lost Wild Card,FALSE,FALSE,FALSE,2009-preseason.png,87,https://raw.githubusercontent.com/nflverse/nfldata/master/data/standings.csv,https://raw.githubusercontent.com/nflverse/nfldata/master/data/games.csv
2009,NYG,GIANTS,New York Giants,New York,Giants,NFC,NFC East,3,TRUE,TRUE,4,1,3,0,0.25,79,99,-20,16,8,8,0,0.5,402,427,-25,,FALSE,,Missed playoffs,FALSE,FALSE,FALSE,2009-preseason.png,93.7,https://raw.githubusercontent.com/nflverse/nfldata/master/data/standings.csv,https://raw.githubusercontent.com/nflverse/nfldata/master/data/games.csv
2009,WAS,WASHINGTON,Washington Redskins,Washington,Redskins,NFC,NFC East,4,TRUE,TRUE,4,1,3,0,0.25,58,87,-29,16,4,12,0,0.25,266,336,-70,,FALSE,,Missed playoffs,FALSE,FALSE,FALSE,2009-preseason.png,94,https://raw.githubusercontent.com/nflverse/nfldata/master/data/standings.csv,https://raw.githubusercontent.com/nflverse/nfldata/master/data/games.csv
2009,MIN,VIKINGS,Minnesota Vikings,Minnesota,Vikings,NFC,NFC North,1,TRUE,TRUE,4,3,1,0,0.75,78,61,17,16,12,4,0,0.75,470,312,158,2,TRUE,LostCC,Lost Conference Championship,FALSE,FALSE,FALSE,2009-preseason.png,94.5,https://raw.githubusercontent.com/nflverse/nfldata/master/data/standings.csv,https://raw.githubusercontent.com/nflverse/nfldata/master/data/games.csv
2009,GB,PACKERS,Green Bay Packers,Green Bay,Packers,NFC,NFC North,2,TRUE,TRUE,4,3,1,0,0.75,105,85,20,16,11,5,0,0.6875,461,297,164,5,TRUE,LostWC,Lost Wild Card,FALSE,FALSE,FALSE,2009-preseason.png,92,https://raw.githubusercontent.com/nflverse/nfldata/master/data/standings.csv,https://raw.githubusercontent.com/nflverse/nfldata/master/data/games.csv
2009,CHI,BEARS,Chicago Bears,Chicago,Bears,NFC,NFC North,3,TRUE,TRUE,4,3,1,0,0.75,90,70,20,16,7,9,0,0.4375,327,375,-48,,FALSE,,Missed playoffs,FALSE,FALSE,FALSE,2009-preseason.png,93.6,https://raw.githubusercontent.com/nflverse/nfldata/master/data/standings.csv,https://raw.githubusercontent.com/nflverse/nfldata/master/data/games.csv
2009,DET,LIONS,Detroit Lions,Detroit,Lions,NFC,NFC North,4,TRUE,TRUE,4,3,1,0,0.75,72,76,-4,16,2,14,0,0.125,262,494,-232,,FALSE,,Missed playoffs,FALSE,FALSE,FALSE,2009-preseason.png,89.6,https://raw.githubusercontent.com/nflverse/nfldata/master/data/standings.csv,https://raw.githubusercontent.com/nflverse/nfldata/master/data/games.csv
2009,NO,SAINTS,New Orleans Saints,New Orleans,Saints,NFC,NFC South,1,TRUE,TRUE,4,3,1,0,0.75,107,38,69,16,13,3,0,0.8125,510,341,169,1,TRUE,WonSB,Won Super Bowl,TRUE,TRUE,FALSE,2009-preseason.png,92.9,https://raw.githubusercontent.com/nflverse/nfldata/master/data/standings.csv,https://raw.githubusercontent.com/nflverse/nfldata/master/data/games.csv
2009,ATL,FALCONS,Atlanta Falcons,Atlanta,Falcons,NFC,NFC South,2,TRUE,TRUE,4,2,2,0,0.5,76,84,-8,16,9,7,0,0.5625,363,325,38,,FALSE,,Missed playoffs,FALSE,FALSE,FALSE,2009-preseason.png,94.8,https://raw.githubusercontent.com/nflverse/nfldata/master/data/standings.csv,https://raw.githubusercontent.com/nflverse/nfldata/master/data/games.csv
2009,CAR,PANTHERS,Carolina Panthers,Carolina,Panthers,NFC,NFC South,3,TRUE,TRUE,4,0,4,0,0,57,89,-32,16,8,8,0,0.5,315,308,7,,FALSE,,Missed playoffs,FALSE,FALSE,FALSE,2009-preseason.png,94.9,https://raw.githubusercontent.com/nflverse/nfldata/master/data/standings.csv,https://raw.githubusercontent.com/nflverse/nfldata/master/data/games.csv
2009,TB,BUCCANEERS,Tampa Bay Buccaneers,Tampa Bay,Buccaneers,NFC,NFC South,4,TRUE,TRUE,4,1,3,0,0.25,70,87,-17,16,3,13,0,0.1875,244,400,-156,,FALSE,,Missed playoffs,FALSE,FALSE,FALSE,2009-preseason.png,93.6,https://raw.githubusercontent.com/nflverse/nfldata/master/data/standings.csv,https://raw.githubusercontent.com/nflverse/nfldata/master/data/games.csv
2009,ARI,CARDINALS,Arizona Cardinals,Arizona,Cardinals,NFC,NFC West,1,TRUE,TRUE,4,0,4,0,0,53,100,-47,16,10,6,0,0.625,375,325,50,4,TRUE,LostDV,Lost Divisional,FALSE,FALSE,FALSE,2009-preseason.png,94,https://raw.githubusercontent.com/nflverse/nfldata/master/data/standings.csv,https://raw.githubusercontent.com/nflverse/nfldata/master/data/games.csv
2009,SF,49ERS,San Francisco 49ers,San Francisco,49ers,NFC,NFC West,2,TRUE,TRUE,4,3,1,0,0.75,65,75,-10,16,8,8,0,0.5,330,281,49,,FALSE,,Missed playoffs,FALSE,FALSE,FALSE,2009-preseason.png,89.4,https://raw.githubusercontent.com/nflverse/nfldata/master/data/standings.csv,https://raw.githubusercontent.com/nflverse/nfldata/master/data/games.csv
2009,SEA,SEAHAWKS,Seattle Seahawks,Seattle,Seahawks,NFC,NFC West,3,TRUE,TRUE,4,4,0,0,1,92,58,34,16,5,11,0,0.3125,280,390,-110,,FALSE,,Missed playoffs,FALSE,FALSE,FALSE,2009-preseason.png,95.6,https://raw.githubusercontent.com/nflverse/nfldata/master/data/standings.csv,https://raw.githubusercontent.com/nflverse/nfldata/master/data/games.csv
2009,LA,RAMS,St. Louis Rams,St. Louis,Rams,NFC,NFC West,4,TRUE,TRUE,4,3,1,0,0.75,77,70,7,16,1,15,0,0.0625,175,436,-261,,FALSE,,Missed playoffs,FALSE,FALSE,FALSE,2009-preseason.png,87.7,https://raw.githubusercontent.com/nflverse/nfldata/master/data/standings.csv,https://raw.githubusercontent.com/nflverse/nfldata/master/data/games.csv
2010,NE,PATRIOTS,New England Patriots,New England,Patriots,AFC,AFC East,1,TRUE,TRUE,4,2,2,0,0.5,107,90,17,16,14,2,0,0.875,518,313,205,1,TRUE,LostDV,Lost Divisional,FALSE,FALSE,FALSE,2010-preseason.png,90.8,https://raw.githubusercontent.com/nflverse/nfldata/master/data/standings.csv,https://raw.githubusercontent.com/nflverse/nfldata/master/data/games.csv
2010,NYJ,JETS,New York Jets,New York,Jets,AFC,AFC East,2,TRUE,TRUE,4,2,2,0,0.5,57,67,-10,16,11,5,0,0.6875,367,304,63,6,TRUE,LostCC,Lost Conference Championship,FALSE,FALSE,FALSE,2010-preseason.png,92.9,https://raw.githubusercontent.com/nflverse/nfldata/master/data/standings.csv,https://raw.githubusercontent.com/nflverse/nfldata/master/data/games.csv
2010,MIA,DOLPHINS,Miami Dolphins,Miami,Dolphins,AFC,AFC East,3,TRUE,TRUE,4,2,2,0,0.5,68,76,-8,16,7,9,0,0.4375,273,333,-60,,FALSE,,Missed playoffs,FALSE,FALSE,FALSE,2010-preseason.png,93.5,https://raw.githubusercontent.com/nflverse/nfldata/master/data/standings.csv,https://raw.githubusercontent.com/nflverse/nfldata/master/data/games.csv
2010,BUF,BILLS,Buffalo Bills,Buffalo,Bills,AFC,AFC East,4,TRUE,TRUE,4,2,2,0,0.5,109,111,-2,16,4,12,0,0.25,283,425,-142,,FALSE,,Missed playoffs,FALSE,FALSE,FALSE,2010-preseason.png,76.6,https://raw.githubusercontent.com/nflverse/nfldata/master/data/standings.csv,https://raw.githubusercontent.com/nflverse/nfldata/master/data/games.csv
2010,PIT,STEELERS,Pittsburgh Steelers,Pittsburgh,Steelers,AFC,AFC North,1,TRUE,TRUE,4,3,1,0,0.75,83,61,22,16,12,4,0,0.75,375,232,143,2,TRUE,LostSB,Lost Super Bowl,TRUE,FALSE,TRUE,2010-preseason.png,91.3,https://raw.githubusercontent.com/nflverse/nfldata/master/data/standings.csv,https://raw.githubusercontent.com/nflverse/nfldata/master/data/games.csv
2010,BAL,RAVENS,Baltimore Ravens,Baltimore,Ravens,AFC,AFC North,2,TRUE,TRUE,4,3,1,0,0.75,85,52,33,16,12,4,0,0.75,357,270,87,5,TRUE,LostDV,Lost Divisional,FALSE,FALSE,FALSE,2010-preseason.png,89.5,https://raw.githubusercontent.com/nflverse/nfldata/master/data/standings.csv,https://raw.githubusercontent.com/nflverse/nfldata/master/data/games.csv
2010,CLE,BROWNS,Cleveland Browns,Cleveland,Browns,AFC,AFC North,3,TRUE,TRUE,4,2,2,0,0.5,84,88,-4,16,5,11,0,0.3125,271,332,-61,,FALSE,,Missed playoffs,FALSE,FALSE,FALSE,2010-preseason.png,93.6,https://raw.githubusercontent.com/nflverse/nfldata/master/data/standings.csv,https://raw.githubusercontent.com/nflverse/nfldata/master/data/games.csv
2010,CIN,BENGALS,Cincinnati Bengals,Cincinnati,Bengals,AFC,AFC North,4,TRUE,TRUE,5,3,2,0,0.6,112,112,0,16,4,12,0,0.25,322,395,-73,,FALSE,,Missed playoffs,FALSE,FALSE,FALSE,2010-preseason.png,77.2,https://raw.githubusercontent.com/nflverse/nfldata/master/data/standings.csv,https://raw.githubusercontent.com/nflverse/nfldata/master/data/games.csv
2010,IND,COLTS,Indianapolis Colts,Indianapolis,Colts,AFC,AFC South,1,TRUE,TRUE,4,0,4,0,0,90,160,-70,16,10,6,0,0.625,435,388,47,3,TRUE,LostWC,Lost Wild Card,FALSE,FALSE,FALSE,2010-preseason.png,93.2,https://raw.githubusercontent.com/nflverse/nfldata/master/data/standings.csv,https://raw.githubusercontent.com/nflverse/nfldata/master/data/games.csv
2010,JAX,JAGUARS,Jacksonville Jaguars,Jacksonville,Jaguars,AFC,AFC South,2,TRUE,TRUE,4,2,2,0,0.5,85,77,8,16,8,8,0,0.5,353,419,-66,,FALSE,,Missed playoffs,FALSE,FALSE,FALSE,2010-preseason.png,80.7,https://raw.githubusercontent.com/nflverse/nfldata/master/data/standings.csv,https://raw.githubusercontent.com/nflverse/nfldata/master/data/games.csv
2010,HOU,TEXANS,Houston Texans,Houston,Texans,AFC,AFC South,3,TRUE,TRUE,4,1,3,0,0.25,76,88,-12,16,6,10,0,0.375,390,427,-37,,FALSE,,Missed playoffs,FALSE,FALSE,FALSE,2010-preseason.png,94.3,https://raw.githubusercontent.com/nflverse/nfldata/master/data/standings.csv,https://raw.githubusercontent.com/nflverse/nfldata/master/data/games.csv
2010,TEN,TITANS,Tennessee Titans,Tennessee,Titans,AFC,AFC South,4,TRUE,TRUE,4,2,2,0,0.5,76,69,7,16,6,10,0,0.375,356,339,17,,FALSE,,Missed playoffs,FALSE,FALSE,FALSE,2010-preseason.png,95.7,https://raw.githubusercontent.com/nflverse/nfldata/master/data/standings.csv,https://raw.githubusercontent.com/nflverse/nfldata/master/data/games.csv
2010,KC,CHIEFS,Kansas City Chiefs,Kansas City,Chiefs,AFC,AFC West,1,TRUE,TRUE,4,1,3,0,0.25,59,73,-14,16,10,6,0,0.625,366,326,40,4,TRUE,LostWC,Lost Wild Card,FALSE,FALSE,FALSE,2010-preseason.png,88.4,https://raw.githubusercontent.com/nflverse/nfldata/master/data/standings.csv,https://raw.githubusercontent.com/nflverse/nfldata/master/data/games.csv
2010,LAC,CHARGERS,San Diego Chargers,San Diego,Chargers,AFC,AFC West,2,TRUE,TRUE,4,1,3,0,0.25,74,79,-5,16,9,7,0,0.5625,441,322,119,,FALSE,,Missed playoffs,FALSE,FALSE,FALSE,2010-preseason.png,93.9,https://raw.githubusercontent.com/nflverse/nfldata/master/data/standings.csv,https://raw.githubusercontent.com/nflverse/nfldata/master/data/games.csv
2010,LV,RAIDERS,Oakland Raiders,Oakland,Raiders,AFC,AFC West,3,TRUE,TRUE,4,3,1,0,0.75,100,78,22,16,8,8,0,0.5,410,371,39,,FALSE,,Missed playoffs,FALSE,FALSE,FALSE,2010-preseason.png,90.8,https://raw.githubusercontent.com/nflverse/nfldata/master/data/standings.csv,https://raw.githubusercontent.com/nflverse/nfldata/master/data/games.csv
2010,DEN,BRONCOS,Denver Broncos,Denver,Broncos,AFC,AFC West,4,TRUE,TRUE,4,1,3,0,0.25,102,106,-4,16,4,12,0,0.25,344,471,-127,,FALSE,,Missed playoffs,FALSE,FALSE,FALSE,2010-preseason.png,85.6,https://raw.githubusercontent.com/nflverse/nfldata/master/data/standings.csv,https://raw.githubusercontent.com/nflverse/nfldata/master/data/games.csv
2010,PHI,EAGLES,Philadelphia Eagles,Philadelphia,Eagles,NFC,NFC East,1,TRUE,TRUE,4,2,2,0,0.5,74,87,-13,16,10,6,0,0.625,439,377,62,3,TRUE,LostWC,Lost Wild Card,FALSE,FALSE,FALSE,2010-preseason.png,93.6,https://raw.githubusercontent.com/nflverse/nfldata/master/data/standings.csv,https://raw.githubusercontent.com/nflverse/nfldata/master/data/games.csv
2010,NYG,GIANTS,New York Giants,New York,Giants,NFC,NFC East,2,TRUE,TRUE,4,2,2,0,0.5,78,81,-3,16,10,6,0,0.625,394,347,47,,FALSE,,Missed playoffs,FALSE,FALSE,FALSE,2010-preseason.png,94.9,https://raw.githubusercontent.com/nflverse/nfldata/master/data/standings.csv,https://raw.githubusercontent.com/nflverse/nfldata/master/data/games.csv
2010,DAL,COWBOYS,Dallas Cowboys,Dallas,Cowboys,NFC,NFC East,3,TRUE,TRUE,5,3,2,0,0.6,75,86,-11,16,6,10,0,0.375,394,436,-42,,FALSE,,Missed playoffs,FALSE,FALSE,FALSE,2010-preseason.png,92.6,https://raw.githubusercontent.com/nflverse/nfldata/master/data/standings.csv,https://raw.githubusercontent.com/nflverse/nfldata/master/data/games.csv
2010,WAS,WASHINGTON,Washington Redskins,Washington,Redskins,NFC,NFC East,4,TRUE,TRUE,4,2,2,0,0.5,71,71,0,16,6,10,0,0.375,302,377,-75,,FALSE,,Missed playoffs,FALSE,FALSE,FALSE,2010-preseason.png,88,https://raw.githubusercontent.com/nflverse/nfldata/master/data/standings.csv,https://raw.githubusercontent.com/nflverse/nfldata/master/data/games.csv
2010,CHI,BEARS,Chicago Bears,Chicago,Bears,NFC,NFC North,1,TRUE,TRUE,4,0,4,0,0,46,84,-38,16,11,5,0,0.6875,334,286,48,2,TRUE,LostCC,Lost Conference Championship,FALSE,FALSE,FALSE,2010-preseason.png,94.5,https://raw.githubusercontent.com/nflverse/nfldata/master/data/standings.csv,https://raw.githubusercontent.com/nflverse/nfldata/master/data/games.csv
2010,GB,PACKERS,Green Bay Packers,Green Bay,Packers,NFC,NFC North,2,TRUE,TRUE,4,2,2,0,0.5,123,92,31,16,10,6,0,0.625,388,240,148,6,TRUE,WonSB,Won Super Bowl,TRUE,TRUE,FALSE,2010-preseason.png,88.4,https://raw.githubusercontent.com/nflverse/nfldata/master/data/standings.csv,https://raw.githubusercontent.com/nflverse/nfldata/master/data/games.csv
2010,DET,LIONS,Detroit Lions,Detroit,Lions,NFC,NFC North,3,TRUE,TRUE,4,3,1,0,0.75,95,93,2,16,6,10,0,0.375,362,369,-7,,FALSE,,Missed playoffs,FALSE,FALSE,FALSE,2010-preseason.png,91.7,https://raw.githubusercontent.com/nflverse/nfldata/master/data/standings.csv,https://raw.githubusercontent.com/nflverse/nfldata/master/data/games.csv
2010,MIN,VIKINGS,Minnesota Vikings,Minnesota,Vikings,NFC,NFC North,4,TRUE,TRUE,4,3,1,0,0.75,93,59,34,16,6,10,0,0.375,281,348,-67,,FALSE,,Missed playoffs,FALSE,FALSE,FALSE,2010-preseason.png,93.8,https://raw.githubusercontent.com/nflverse/nfldata/master/data/standings.csv,https://raw.githubusercontent.com/nflverse/nfldata/master/data/games.csv
2010,ATL,FALCONS,Atlanta Falcons,Atlanta,Falcons,NFC,NFC South,1,TRUE,TRUE,4,2,2,0,0.5,55,57,-2,16,13,3,0,0.8125,414,288,126,1,TRUE,LostDV,Lost Divisional,FALSE,FALSE,FALSE,2010-preseason.png,93.7,https://raw.githubusercontent.com/nflverse/nfldata/master/data/standings.csv,https://raw.githubusercontent.com/nflverse/nfldata/master/data/games.csv
2010,NO,SAINTS,New Orleans Saints,New Orleans,Saints,NFC,NFC South,2,TRUE,TRUE,4,2,2,0,0.5,122,95,27,16,11,5,0,0.6875,384,307,77,5,TRUE,LostWC,Lost Wild Card,FALSE,FALSE,FALSE,2010-preseason.png,93,https://raw.githubusercontent.com/nflverse/nfldata/master/data/standings.csv,https://raw.githubusercontent.com/nflverse/nfldata/master/data/games.csv
2010,TB,BUCCANEERS,Tampa Bay Buccaneers,Tampa Bay,Buccaneers,NFC,NFC South,3,TRUE,TRUE,4,2,2,0,0.5,64,61,3,16,10,6,0,0.625,341,318,23,,FALSE,,Missed playoffs,FALSE,FALSE,FALSE,2010-preseason.png,95.6,https://raw.githubusercontent.com/nflverse/nfldata/master/data/standings.csv,https://raw.githubusercontent.com/nflverse/nfldata/master/data/games.csv
2010,CAR,PANTHERS,Carolina Panthers,Carolina,Panthers,NFC,NFC South,4,TRUE,TRUE,4,1,3,0,0.25,33,52,-19,16,2,14,0,0.125,196,408,-212,,FALSE,,Missed playoffs,FALSE,FALSE,FALSE,2010-preseason.png,93.7,https://raw.githubusercontent.com/nflverse/nfldata/master/data/standings.csv,https://raw.githubusercontent.com/nflverse/nfldata/master/data/games.csv
2010,SEA,SEAHAWKS,Seattle Seahawks,Seattle,Seahawks,NFC,NFC West,1,TRUE,TRUE,4,1,3,0,0.25,81,96,-15,16,7,9,0,0.4375,310,407,-97,4,TRUE,LostDV,Lost Divisional,FALSE,FALSE,FALSE,2010-preseason.png,92.2,https://raw.githubusercontent.com/nflverse/nfldata/master/data/standings.csv,https://raw.githubusercontent.com/nflverse/nfldata/master/data/games.csv
2010,LA,RAMS,St. Louis Rams,St. Louis,Rams,NFC,NFC West,2,TRUE,TRUE,4,3,1,0,0.75,89,101,-12,16,7,9,0,0.4375,289,328,-39,,FALSE,,Missed playoffs,FALSE,FALSE,FALSE,2010-preseason.png,89.8,https://raw.githubusercontent.com/nflverse/nfldata/master/data/standings.csv,https://raw.githubusercontent.com/nflverse/nfldata/master/data/games.csv
2010,SF,49ERS,San Francisco 49ers,San Francisco,49ers,NFC,NFC West,3,TRUE,TRUE,4,4,0,0,1,97,65,32,16,6,10,0,0.375,305,346,-41,,FALSE,,Missed playoffs,FALSE,FALSE,FALSE,2010-preseason.png,96.2,https://raw.githubusercontent.com/nflverse/nfldata/master/data/standings.csv,https://raw.githubusercontent.com/nflverse/nfldata/master/data/games.csv
2010,ARI,CARDINALS,Arizona Cardinals,Arizona,Cardinals,NFC,NFC West,4,TRUE,TRUE,4,3,1,0,0.75,63,59,4,16,5,11,0,0.3125,289,434,-145,,FALSE,,Missed playoffs,FALSE,FALSE,FALSE,2010-preseason.png,95.2,https://raw.githubusercontent.com/nflverse/nfldata/master/data/standings.csv,https://raw.githubusercontent.com/nflverse/nfldata/master/data/games.csv
2011,NE,PATRIOTS,New England Patriots,New England,Patriots,AFC,AFC East,1,TRUE,TRUE,4,2,2,0,0.5,105,78,27,16,13,3,0,0.8125,513,342,171,1,TRUE,LostSB,Lost Super Bowl,TRUE,FALSE,TRUE,2011-preseason.png,89.5,https://raw.githubusercontent.com/nflverse/nfldata/master/data/standings.csv,https://raw.githubusercontent.com/nflverse/nfldata/master/data/games.csv
2011,NYJ,JETS,New York Jets,New York,Jets,AFC,AFC East,2,TRUE,TRUE,4,2,2,0,0.5,74,54,20,16,8,8,0,0.5,377,363,14,,FALSE,,Missed playoffs,FALSE,FALSE,FALSE,2011-preseason.png,95.9,https://raw.githubusercontent.com/nflverse/nfldata/master/data/standings.csv,https://raw.githubusercontent.com/nflverse/nfldata/master/data/games.csv
2011,MIA,DOLPHINS,Miami Dolphins,Miami,Dolphins,AFC,AFC East,3,TRUE,TRUE,4,3,1,0,0.75,78,53,25,16,6,10,0,0.375,329,313,16,,FALSE,,Missed playoffs,FALSE,FALSE,FALSE,2011-preseason.png,85.9,https://raw.githubusercontent.com/nflverse/nfldata/master/data/standings.csv,https://raw.githubusercontent.com/nflverse/nfldata/master/data/games.csv
2011,BUF,BILLS,Buffalo Bills,Buffalo,Bills,AFC,AFC East,4,TRUE,TRUE,4,1,3,0,0.25,54,82,-28,16,6,10,0,0.375,372,434,-62,,FALSE,,Missed playoffs,FALSE,FALSE,FALSE,2011-preseason.png,93.9,https://raw.githubusercontent.com/nflverse/nfldata/master/data/standings.csv,https://raw.githubusercontent.com/nflverse/nfldata/master/data/games.csv
2011,BAL,RAVENS,Baltimore Ravens,Baltimore,Ravens,AFC,AFC North,1,TRUE,TRUE,4,3,1,0,0.75,92,64,28,16,12,4,0,0.75,378,266,112,2,TRUE,LostCC,Lost Conference Championship,FALSE,FALSE,FALSE,2011-preseason.png,90.5,https://raw.githubusercontent.com/nflverse/nfldata/master/data/standings.csv,https://raw.githubusercontent.com/nflverse/nfldata/master/data/games.csv
2011,PIT,STEELERS,Pittsburgh Steelers,Pittsburgh,Steelers,AFC,AFC North,2,TRUE,TRUE,4,3,1,0,0.75,98,63,35,16,12,4,0,0.75,325,227,98,5,TRUE,LostWC,Lost Wild Card,FALSE,FALSE,FALSE,2011-preseason.png,89.1,https://raw.githubusercontent.com/nflverse/nfldata/master/data/standings.csv,https://raw.githubusercontent.com/nflverse/nfldata/master/data/games.csv
2011,CIN,BENGALS,Cincinnati Bengals,Cincinnati,Bengals,AFC,AFC North,3,TRUE,TRUE,4,1,3,0,0.25,47,91,-44,16,9,7,0,0.5625,344,323,21,6,TRUE,LostWC,Lost Wild Card,FALSE,FALSE,FALSE,2011-preseason.png,94.3,https://raw.githubusercontent.com/nflverse/nfldata/master/data/standings.csv,https://raw.githubusercontent.com/nflverse/nfldata/master/data/games.csv
2011,CLE,BROWNS,Cleveland Browns,Cleveland,Browns,AFC,AFC North,4,TRUE,TRUE,4,1,3,0,0.25,83,95,-12,16,4,12,0,0.25,218,307,-89,,FALSE,,Missed playoffs,FALSE,FALSE,FALSE,2011-preseason.png,93.3,https://raw.githubusercontent.com/nflverse/nfldata/master/data/standings.csv,https://raw.githubusercontent.com/nflverse/nfldata/master/data/games.csv
2011,HOU,TEXANS,Houston Texans,Houston,Texans,AFC,AFC South,1,TRUE,TRUE,4,3,1,0,0.75,77,65,12,16,10,6,0,0.625,381,278,103,3,TRUE,LostDV,Lost Divisional,FALSE,FALSE,FALSE,2011-preseason.png,88.2,https://raw.githubusercontent.com/nflverse/nfldata/master/data/standings.csv,https://raw.githubusercontent.com/nflverse/nfldata/master/data/games.csv
2011,TEN,TITANS,Tennessee Titans,Tennessee,Titans,AFC,AFC South,2,TRUE,TRUE,4,3,1,0,0.75,76,42,34,16,9,7,0,0.5625,325,317,8,,FALSE,,Missed playoffs,FALSE,FALSE,FALSE,2011-preseason.png,92.1,https://raw.githubusercontent.com/nflverse/nfldata/master/data/standings.csv,https://raw.githubusercontent.com/nflverse/nfldata/master/data/games.csv
2011,JAX,JAGUARS,Jacksonville Jaguars,Jacksonville,Jaguars,AFC,AFC South,3,TRUE,TRUE,4,1,3,0,0.25,76,119,-43,16,5,11,0,0.3125,243,329,-86,,FALSE,,Missed playoffs,FALSE,FALSE,FALSE,2011-preseason.png,90.6,https://raw.githubusercontent.com/nflverse/nfldata/master/data/standings.csv,https://raw.githubusercontent.com/nflverse/nfldata/master/data/games.csv
2011,IND,COLTS,Indianapolis Colts,Indianapolis,Colts,AFC,AFC South,4,TRUE,TRUE,4,1,3,0,0.25,51,86,-35,16,2,14,0,0.125,243,430,-187,,FALSE,,Missed playoffs,FALSE,FALSE,FALSE,2011-preseason.png,93.9,https://raw.githubusercontent.com/nflverse/nfldata/master/data/standings.csv,https://raw.githubusercontent.com/nflverse/nfldata/master/data/games.csv
2011,DEN,BRONCOS,Denver Broncos,Denver,Broncos,AFC,AFC West,1,TRUE,TRUE,4,2,2,0,0.5,77,80,-3,16,8,8,0,0.5,309,390,-81,4,TRUE,LostDV,Lost Divisional,FALSE,FALSE,FALSE,2011-preseason.png,91.3,https://raw.githubusercontent.com/nflverse/nfldata/master/data/standings.csv,https://raw.githubusercontent.com/nflverse/nfldata/master/data/games.csv
2011,LAC,CHARGERS,San Diego Chargers,San Diego,Chargers,AFC,AFC West,2,TRUE,TRUE,4,2,2,0,0.5,88,82,6,16,8,8,0,0.5,406,377,29,,FALSE,,Missed playoffs,FALSE,FALSE,FALSE,2011-preseason.png,95.1,https://raw.githubusercontent.com/nflverse/nfldata/master/data/standings.csv,https://raw.githubusercontent.com/nflverse/nfldata/master/data/games.csv
2011,LV,RAIDERS,Oakland Raiders,Oakland,Raiders,AFC,AFC West,3,TRUE,TRUE,4,0,4,0,0,44,101,-57,16,8,8,0,0.5,359,433,-74,,FALSE,,Missed playoffs,FALSE,FALSE,FALSE,2011-preseason.png,94.3,https://raw.githubusercontent.com/nflverse/nfldata/master/data/standings.csv,https://raw.githubusercontent.com/nflverse/nfldata/master/data/games.csv
2011,KC,CHIEFS,Kansas City Chiefs,Kansas City,Chiefs,AFC,AFC West,4,TRUE,TRUE,4,0,4,0,0,42,90,-48,16,7,9,0,0.4375,212,338,-126,,FALSE,,Missed playoffs,FALSE,FALSE,FALSE,2011-preseason.png,95,https://raw.githubusercontent.com/nflverse/nfldata/master/data/standings.csv,https://raw.githubusercontent.com/nflverse/nfldata/master/data/games.csv
2011,NYG,GIANTS,New York Giants,New York,Giants,NFC,NFC East,1,TRUE,TRUE,4,2,2,0,0.5,72,67,5,16,9,7,0,0.5625,394,400,-6,4,TRUE,WonSB,Won Super Bowl,TRUE,TRUE,FALSE,2011-preseason.png,94.9,https://raw.githubusercontent.com/nflverse/nfldata/master/data/standings.csv,https://raw.githubusercontent.com/nflverse/nfldata/master/data/games.csv
2011,PHI,EAGLES,Philadelphia Eagles,Philadelphia,Eagles,NFC,NFC East,2,TRUE,TRUE,4,3,1,0,0.75,75,58,17,16,8,8,0,0.5,396,328,68,,FALSE,,Missed playoffs,FALSE,FALSE,FALSE,2011-preseason.png,89.7,https://raw.githubusercontent.com/nflverse/nfldata/master/data/standings.csv,https://raw.githubusercontent.com/nflverse/nfldata/master/data/games.csv
2011,DAL,COWBOYS,Dallas Cowboys,Dallas,Cowboys,NFC,NFC East,3,TRUE,TRUE,4,2,2,0,0.5,57,77,-20,16,8,8,0,0.5,369,347,22,,FALSE,,Missed playoffs,FALSE,FALSE,FALSE,2011-preseason.png,90.2,https://raw.githubusercontent.com/nflverse/nfldata/master/data/standings.csv,https://raw.githubusercontent.com/nflverse/nfldata/master/data/games.csv
2011,WAS,WASHINGTON,Washington Redskins,Washington,Redskins,NFC,NFC East,4,TRUE,TRUE,4,3,1,0,0.75,92,68,24,16,5,11,0,0.3125,288,367,-79,,FALSE,,Missed playoffs,FALSE,FALSE,FALSE,2011-preseason.png,90.1,https://raw.githubusercontent.com/nflverse/nfldata/master/data/standings.csv,https://raw.githubusercontent.com/nflverse/nfldata/master/data/games.csv
2011,GB,PACKERS,Green Bay Packers,Green Bay,Packers,NFC,NFC North,1,TRUE,TRUE,4,3,1,0,0.75,89,87,2,16,15,1,0,0.9375,560,359,201,1,TRUE,LostDV,Lost Divisional,FALSE,FALSE,FALSE,2011-preseason.png,95,https://raw.githubusercontent.com/nflverse/nfldata/master/data/standings.csv,https://raw.githubusercontent.com/nflverse/nfldata/master/data/games.csv
2011,DET,LIONS,Detroit Lions,Detroit,Lions,NFC,NFC North,2,TRUE,TRUE,4,4,0,0,1,114,47,67,16,10,6,0,0.625,474,387,87,6,TRUE,LostWC,Lost Wild Card,FALSE,FALSE,FALSE,2011-preseason.png,92.1,https://raw.githubusercontent.com/nflverse/nfldata/master/data/standings.csv,https://raw.githubusercontent.com/nflverse/nfldata/master/data/games.csv
2011,CHI,BEARS,Chicago Bears,Chicago,Bears,NFC,NFC North,3,TRUE,TRUE,4,2,2,0,0.5,60,72,-12,16,8,8,0,0.5,353,341,12,,FALSE,,Missed playoffs,FALSE,FALSE,FALSE,2011-preseason.png,94.1,https://raw.githubusercontent.com/nflverse/nfldata/master/data/standings.csv,https://raw.githubusercontent.com/nflverse/nfldata/master/data/games.csv
2011,MIN,VIKINGS,Minnesota Vikings,Minnesota,Vikings,NFC,NFC North,4,TRUE,TRUE,4,2,2,0,0.5,68,44,24,16,3,13,0,0.1875,340,449,-109,,FALSE,,Missed playoffs,FALSE,FALSE,FALSE,2011-preseason.png,95.7,https://raw.githubusercontent.com/nflverse/nfldata/master/data/standings.csv,https://raw.githubusercontent.com/nflverse/nfldata/master/data/games.csv
2011,NO,SAINTS,New Orleans Saints,New Orleans,Saints,NFC,NFC South,1,TRUE,TRUE,4,2,2,0,0.5,87,82,5,16,13,3,0,0.8125,547,339,208,3,TRUE,LostDV,Lost Divisional,FALSE,FALSE,FALSE,2011-preseason.png,95,https://raw.githubusercontent.com/nflverse/nfldata/master/data/standings.csv,https://raw.githubusercontent.com/nflverse/nfldata/master/data/games.csv
2011,ATL,FALCONS,Atlanta Falcons,Atlanta,Falcons,NFC,NFC South,2,TRUE,TRUE,4,0,4,0,0,59,98,-39,16,10,6,0,0.625,402,350,52,5,TRUE,LostWC,Lost Wild Card,FALSE,FALSE,FALSE,2011-preseason.png,95.5,https://raw.githubusercontent.com/nflverse/nfldata/master/data/standings.csv,https://raw.githubusercontent.com/nflverse/nfldata/master/data/games.csv
2011,CAR,PANTHERS,Carolina Panthers,Carolina,Panthers,NFC,NFC South,3,TRUE,TRUE,4,1,3,0,0.25,60,87,-27,16,6,10,0,0.375,406,429,-23,,FALSE,,Missed playoffs,FALSE,FALSE,FALSE,2011-preseason.png,93.5,https://raw.githubusercontent.com/nflverse/nfldata/master/data/standings.csv,https://raw.githubusercontent.com/nflverse/nfldata/master/data/games.csv
2011,TB,BUCCANEERS,Tampa Bay Buccaneers,Tampa Bay,Buccaneers,NFC,NFC South,4,TRUE,TRUE,4,2,2,0,0.5,80,73,7,16,4,12,0,0.25,287,494,-207,,FALSE,,Missed playoffs,FALSE,FALSE,FALSE,2011-preseason.png,89.5,https://raw.githubusercontent.com/nflverse/nfldata/master/data/standings.csv,https://raw.githubusercontent.com/nflverse/nfldata/master/data/games.csv
2011,SF,49ERS,San Francisco 49ers,San Francisco,49ers,NFC,NFC West,1,TRUE,TRUE,4,2,2,0,0.5,47,74,-27,16,13,3,0,0.8125,380,229,151,2,TRUE,LostCC,Lost Conference Championship,FALSE,FALSE,FALSE,2011-preseason.png,94.1,https://raw.githubusercontent.com/nflverse/nfldata/master/data/standings.csv,https://raw.githubusercontent.com/nflverse/nfldata/master/data/games.csv
2011,ARI,CARDINALS,Arizona Cardinals,Arizona,Cardinals,NFC,NFC West,2,TRUE,TRUE,4,2,2,0,0.5,101,87,14,16,8,8,0,0.5,312,348,-36,,FALSE,,Missed playoffs,FALSE,FALSE,FALSE,2011-preseason.png,87,https://raw.githubusercontent.com/nflverse/nfldata/master/data/standings.csv,https://raw.githubusercontent.com/nflverse/nfldata/master/data/games.csv
2011,SEA,SEAHAWKS,Seattle Seahawks,Seattle,Seahawks,NFC,NFC West,3,TRUE,TRUE,4,2,2,0,0.5,71,63,8,16,7,9,0,0.4375,321,315,6,,FALSE,,Missed playoffs,FALSE,FALSE,FALSE,2011-preseason.png,94.8,https://raw.githubusercontent.com/nflverse/nfldata/master/data/standings.csv,https://raw.githubusercontent.com/nflverse/nfldata/master/data/games.csv
2011,LA,RAMS,St. Louis Rams,St. Louis,Rams,NFC,NFC West,4,TRUE,TRUE,4,4,0,0,1,88,53,35,16,2,14,0,0.125,193,407,-214,,FALSE,,Missed playoffs,FALSE,FALSE,FALSE,2011-preseason.png,95.5,https://raw.githubusercontent.com/nflverse/nfldata/master/data/standings.csv,https://raw.githubusercontent.com/nflverse/nfldata/master/data/games.csv
2012,NE,PATRIOTS,New England Patriots,New England,Patriots,AFC,AFC East,1,TRUE,TRUE,4,1,3,0,0.25,55,69,-14,16,12,4,0,0.75,557,331,226,2,TRUE,LostCC,Lost Conference Championship,FALSE,FALSE,FALSE,2012-preseason.png,92.2,https://raw.githubusercontent.com/nflverse/nfldata/master/data/standings.csv,https://raw.githubusercontent.com/nflverse/nfldata/master/data/games.csv
2012,MIA,DOLPHINS,Miami Dolphins,Miami,Dolphins,AFC,AFC East,2,TRUE,TRUE,4,0,4,0,0,43,96,-53,16,7,9,0,0.4375,288,317,-29,,FALSE,,Missed playoffs,FALSE,FALSE,FALSE,2012-preseason.png,93,https://raw.githubusercontent.com/nflverse/nfldata/master/data/standings.csv,https://raw.githubusercontent.com/nflverse/nfldata/master/data/games.csv
2012,NYJ,JETS,New York Jets,New York,Jets,AFC,AFC East,3,TRUE,TRUE,4,0,4,0,0,31,88,-57,16,6,10,0,0.375,281,375,-94,,FALSE,,Missed playoffs,FALSE,FALSE,FALSE,2012-preseason.png,94.7,https://raw.githubusercontent.com/nflverse/nfldata/master/data/standings.csv,https://raw.githubusercontent.com/nflverse/nfldata/master/data/games.csv
2012,BUF,BILLS,Buffalo Bills,Buffalo,Bills,AFC,AFC East,4,TRUE,TRUE,4,0,4,0,0,59,119,-60,16,6,10,0,0.375,344,435,-91,,FALSE,,Missed playoffs,FALSE,FALSE,FALSE,2012-preseason.png,95.1,https://raw.githubusercontent.com/nflverse/nfldata/master/data/standings.csv,https://raw.githubusercontent.com/nflverse/nfldata/master/data/games.csv
2012,BAL,RAVENS,Baltimore Ravens,Baltimore,Ravens,AFC,AFC North,1,TRUE,TRUE,4,2,2,0,0.5,108,92,16,16,10,6,0,0.625,398,344,54,4,TRUE,WonSB,Won Super Bowl,TRUE,TRUE,FALSE,2012-preseason.png,95,https://raw.githubusercontent.com/nflverse/nfldata/master/data/standings.csv,https://raw.githubusercontent.com/nflverse/nfldata/master/data/games.csv
2012,CIN,BENGALS,Cincinnati Bengals,Cincinnati,Bengals,AFC,AFC North,2,TRUE,TRUE,4,2,2,0,0.5,70,72,-2,16,10,6,0,0.625,391,320,71,6,TRUE,LostWC,Lost Wild Card,FALSE,FALSE,FALSE,2012-preseason.png,93.4,https://raw.githubusercontent.com/nflverse/nfldata/master/data/standings.csv,https://raw.githubusercontent.com/nflverse/nfldata/master/data/games.csv
2012,PIT,STEELERS,Pittsburgh Steelers,Pittsburgh,Steelers,AFC,AFC North,3,TRUE,TRUE,4,3,1,0,0.75,104,71,33,16,8,8,0,0.5,336,314,22,,FALSE,,Missed playoffs,FALSE,FALSE,FALSE,2012-preseason.png,91.4,https://raw.githubusercontent.com/nflverse/nfldata/master/data/standings.csv,https://raw.githubusercontent.com/nflverse/nfldata/master/data/games.csv
2012,CLE,BROWNS,Cleveland Browns,Cleveland,Browns,AFC,AFC North,4,TRUE,TRUE,4,2,2,0,0.5,84,82,2,16,5,11,0,0.3125,302,368,-66,,FALSE,,Missed playoffs,FALSE,FALSE,FALSE,2012-preseason.png,95.6,https://raw.githubusercontent.com/nflverse/nfldata/master/data/standings.csv,https://raw.githubusercontent.com/nflverse/nfldata/master/data/games.csv
2012,HOU,TEXANS,Houston Texans,Houston,Texans,AFC,AFC South,1,TRUE,TRUE,4,3,1,0,0.75,101,80,21,16,12,4,0,0.75,416,331,85,3,TRUE,LostDV,Lost Divisional,FALSE,FALSE,FALSE,2012-preseason.png,90.1,https://raw.githubusercontent.com/nflverse/nfldata/master/data/standings.csv,https://raw.githubusercontent.com/nflverse/nfldata/master/data/games.csv
2012,IND,COLTS,Indianapolis Colts,Indianapolis,Colts,AFC,AFC South,2,TRUE,TRUE,4,2,2,0,0.5,99,75,24,16,11,5,0,0.6875,357,387,-30,5,TRUE,LostWC,Lost Wild Card,FALSE,FALSE,FALSE,2012-preseason.png,95.8,https://raw.githubusercontent.com/nflverse/nfldata/master/data/standings.csv,https://raw.githubusercontent.com/nflverse/nfldata/master/data/games.csv
2012,TEN,TITANS,Tennessee Titans,Tennessee,Titans,AFC,AFC South,3,TRUE,TRUE,4,3,1,0,0.75,89,67,22,16,6,10,0,0.375,330,471,-141,,FALSE,,Missed playoffs,FALSE,FALSE,FALSE,2012-preseason.png,93.5,https://raw.githubusercontent.com/nflverse/nfldata/master/data/standings.csv,https://raw.githubusercontent.com/nflverse/nfldata/master/data/games.csv
2012,JAX,JAGUARS,Jacksonville Jaguars,Jacksonville,Jaguars,AFC,AFC South,4,TRUE,TRUE,4,3,1,0,0.75,100,117,-17,16,2,14,0,0.125,255,444,-189,,FALSE,,Missed playoffs,FALSE,FALSE,FALSE,2012-preseason.png,88.7,https://raw.githubusercontent.com/nflverse/nfldata/master/data/standings.csv,https://raw.githubusercontent.com/nflverse/nfldata/master/data/games.csv
2012,DEN,BRONCOS,Denver Broncos,Denver,Broncos,AFC,AFC West,1,TRUE,TRUE,4,2,2,0,0.5,81,75,6,16,13,3,0,0.8125,481,289,192,1,TRUE,LostDV,Lost Divisional,FALSE,FALSE,FALSE,2012-preseason.png,96.2,https://raw.githubusercontent.com/nflverse/nfldata/master/data/standings.csv,https://raw.githubusercontent.com/nflverse/nfldata/master/data/games.csv
2012,LAC,CHARGERS,San Diego Chargers,San Diego,Chargers,AFC,AFC West,2,TRUE,TRUE,4,3,1,0,0.75,64,78,-14,16,7,9,0,0.4375,350,350,0,,FALSE,,Missed playoffs,FALSE,FALSE,FALSE,2012-preseason.png,94,https://raw.githubusercontent.com/nflverse/nfldata/master/data/standings.csv,https://raw.githubusercontent.com/nflverse/nfldata/master/data/games.csv
2012,LV,RAIDERS,Oakland Raiders,Oakland,Raiders,AFC,AFC West,3,TRUE,TRUE,4,1,3,0,0.25,61,75,-14,16,4,12,0,0.25,290,443,-153,,FALSE,,Missed playoffs,FALSE,FALSE,FALSE,2012-preseason.png,92.7,https://raw.githubusercontent.com/nflverse/nfldata/master/data/standings.csv,https://raw.githubusercontent.com/nflverse/nfldata/master/data/games.csv
2012,KC,CHIEFS,Kansas City Chiefs,Kansas City,Chiefs,AFC,AFC West,4,TRUE,TRUE,4,1,3,0,0.25,61,116,-55,16,2,14,0,0.125,211,425,-214,,FALSE,,Missed playoffs,FALSE,FALSE,FALSE,2012-preseason.png,92.8,https://raw.githubusercontent.com/nflverse/nfldata/master/data/standings.csv,https://raw.githubusercontent.com/nflverse/nfldata/master/data/games.csv
2012,WAS,WASHINGTON,Washington Redskins,Washington,Redskins,NFC,NFC East,1,TRUE,TRUE,4,3,1,0,0.75,98,59,39,16,10,6,0,0.625,436,388,48,4,TRUE,LostWC,Lost Wild Card,FALSE,FALSE,FALSE,2012-preseason.png,96,https://raw.githubusercontent.com/nflverse/nfldata/master/data/standings.csv,https://raw.githubusercontent.com/nflverse/nfldata/master/data/games.csv
2012,NYG,GIANTS,New York Giants,New York,Giants,NFC,NFC East,2,TRUE,TRUE,4,2,2,0,0.5,80,58,22,16,9,7,0,0.5625,429,344,85,,FALSE,,Missed playoffs,FALSE,FALSE,FALSE,2012-preseason.png,96.1,https://raw.githubusercontent.com/nflverse/nfldata/master/data/standings.csv,https://raw.githubusercontent.com/nflverse/nfldata/master/data/games.csv
2012,DAL,COWBOYS,Dallas Cowboys,Dallas,Cowboys,NFC,NFC East,3,TRUE,TRUE,4,3,1,0,0.75,73,60,13,16,8,8,0,0.5,376,400,-24,,FALSE,,Missed playoffs,FALSE,FALSE,FALSE,2012-preseason.png,94.4,https://raw.githubusercontent.com/nflverse/nfldata/master/data/standings.csv,https://raw.githubusercontent.com/nflverse/nfldata/master/data/games.csv
2012,PHI,EAGLES,Philadelphia Eagles,Philadelphia,Eagles,NFC,NFC East,4,TRUE,TRUE,4,4,0,0,1,106,60,46,16,4,12,0,0.25,280,444,-164,,FALSE,,Missed playoffs,FALSE,FALSE,FALSE,2012-preseason.png,95.7,https://raw.githubusercontent.com/nflverse/nfldata/master/data/standings.csv,https://raw.githubusercontent.com/nflverse/nfldata/master/data/games.csv
2012,GB,PACKERS,Green Bay Packers,Green Bay,Packers,NFC,NFC North,1,TRUE,TRUE,4,2,2,0,0.5,74,72,2,16,11,5,0,0.6875,433,336,97,3,TRUE,LostDV,Lost Divisional,FALSE,FALSE,FALSE,2012-preseason.png,95.1,https://raw.githubusercontent.com/nflverse/nfldata/master/data/standings.csv,https://raw.githubusercontent.com/nflverse/nfldata/master/data/games.csv
2012,MIN,VIKINGS,Minnesota Vikings,Minnesota,Vikings,NFC,NFC North,2,TRUE,TRUE,4,1,3,0,0.25,76,71,5,16,10,6,0,0.625,379,348,31,6,TRUE,LostWC,Lost Wild Card,FALSE,FALSE,FALSE,2012-preseason.png,93.8,https://raw.githubusercontent.com/nflverse/nfldata/master/data/standings.csv,https://raw.githubusercontent.com/nflverse/nfldata/master/data/games.csv
2012,CHI,BEARS,Chicago Bears,Chicago,Bears,NFC,NFC North,3,TRUE,TRUE,4,3,1,0,0.75,84,99,-15,16,10,6,0,0.625,375,277,98,,FALSE,,Missed playoffs,FALSE,FALSE,FALSE,2012-preseason.png,92.5,https://raw.githubusercontent.com/nflverse/nfldata/master/data/standings.csv,https://raw.githubusercontent.com/nflverse/nfldata/master/data/games.csv
2012,DET,LIONS,Detroit Lions,Detroit,Lions,NFC,NFC North,4,TRUE,TRUE,4,2,2,0,0.5,102,94,8,16,4,12,0,0.25,372,437,-65,,FALSE,,Missed playoffs,FALSE,FALSE,FALSE,2012-preseason.png,95.1,https://raw.githubusercontent.com/nflverse/nfldata/master/data/standings.csv,https://raw.githubusercontent.com/nflverse/nfldata/master/data/games.csv
2012,ATL,FALCONS,Atlanta Falcons,Atlanta,Falcons,NFC,NFC South,1,TRUE,TRUE,4,1,3,0,0.25,73,85,-12,16,13,3,0,0.8125,419,299,120,1,TRUE,LostCC,Lost Conference Championship,FALSE,FALSE,FALSE,2012-preseason.png,92.7,https://raw.githubusercontent.com/nflverse/nfldata/master/data/standings.csv,https://raw.githubusercontent.com/nflverse/nfldata/master/data/games.csv
2012,CAR,PANTHERS,Carolina Panthers,Carolina,Panthers,NFC,NFC South,2,TRUE,TRUE,4,2,2,0,0.5,69,72,-3,16,7,9,0,0.4375,357,363,-6,,FALSE,,Missed playoffs,FALSE,FALSE,FALSE,2012-preseason.png,95,https://raw.githubusercontent.com/nflverse/nfldata/master/data/standings.csv,https://raw.githubusercontent.com/nflverse/nfldata/master/data/games.csv
2012,NO,SAINTS,New Orleans Saints,New Orleans,Saints,NFC,NFC South,3,TRUE,TRUE,5,2,3,0,0.4,87,81,6,16,7,9,0,0.4375,461,454,7,,FALSE,,Missed playoffs,FALSE,FALSE,FALSE,2012-preseason.png,95.7,https://raw.githubusercontent.com/nflverse/nfldata/master/data/standings.csv,https://raw.githubusercontent.com/nflverse/nfldata/master/data/games.csv
2012,TB,BUCCANEERS,Tampa Bay Buccaneers,Tampa Bay,Buccaneers,NFC,NFC South,4,TRUE,TRUE,4,2,2,0,0.5,60,95,-35,16,7,9,0,0.4375,389,394,-5,,FALSE,,Missed playoffs,FALSE,FALSE,FALSE,2012-preseason.png,87.8,https://raw.githubusercontent.com/nflverse/nfldata/master/data/standings.csv,https://raw.githubusercontent.com/nflverse/nfldata/master/data/games.csv
2012,SF,49ERS,San Francisco 49ers,San Francisco,49ers,NFC,NFC West,1,TRUE,TRUE,4,3,1,0,0.75,90,53,37,16,11,4,1,0.71875,397,273,124,2,TRUE,LostSB,Lost Super Bowl,TRUE,FALSE,TRUE,2012-preseason.png,93.3,https://raw.githubusercontent.com/nflverse/nfldata/master/data/standings.csv,https://raw.githubusercontent.com/nflverse/nfldata/master/data/games.csv
2012,SEA,SEAHAWKS,Seattle Seahawks,Seattle,Seahawks,NFC,NFC West,2,TRUE,TRUE,4,4,0,0,1,122,44,78,16,11,5,0,0.6875,412,245,167,5,TRUE,LostDV,Lost Divisional,FALSE,FALSE,FALSE,2012-preseason.png,96.3,https://raw.githubusercontent.com/nflverse/nfldata/master/data/standings.csv,https://raw.githubusercontent.com/nflverse/nfldata/master/data/games.csv
2012,LA,RAMS,St. Louis Rams,St. Louis,Rams,NFC,NFC West,3,TRUE,TRUE,4,2,2,0,0.5,84,92,-8,16,7,8,1,0.46875,299,348,-49,,FALSE,,Missed playoffs,FALSE,FALSE,FALSE,2012-preseason.png,94.9,https://raw.githubusercontent.com/nflverse/nfldata/master/data/standings.csv,https://raw.githubusercontent.com/nflverse/nfldata/master/data/games.csv
2012,ARI,CARDINALS,Arizona Cardinals,Arizona,Cardinals,NFC,NFC West,4,TRUE,TRUE,5,1,4,0,0.2,98,119,-21,16,5,11,0,0.3125,250,357,-107,,FALSE,,Missed playoffs,FALSE,FALSE,FALSE,2012-preseason.png,94.8,https://raw.githubusercontent.com/nflverse/nfldata/master/data/standings.csv,https://raw.githubusercontent.com/nflverse/nfldata/master/data/games.csv
2013,NE,PATRIOTS,New England Patriots,New England,Patriots,AFC,AFC East,1,TRUE,TRUE,4,3,1,0,0.75,93,103,-10,16,12,4,0,0.75,444,338,106,2,TRUE,LostCC,Lost Conference Championship,FALSE,FALSE,FALSE,2013-preseason.png,91.7,https://raw.githubusercontent.com/nflverse/nfldata/master/data/standings.csv,https://raw.githubusercontent.com/nflverse/nfldata/master/data/games.csv
2013,NYJ,JETS,New York Jets,New York,Jets,AFC,AFC East,2,TRUE,TRUE,4,3,1,0,0.75,105,80,25,16,8,8,0,0.5,290,387,-97,,FALSE,,Missed playoffs,FALSE,FALSE,FALSE,2013-preseason.png,91.9,https://raw.githubusercontent.com/nflverse/nfldata/master/data/standings.csv,https://raw.githubusercontent.com/nflverse/nfldata/master/data/games.csv
2013,MIA,DOLPHINS,Miami Dolphins,Miami,Dolphins,AFC,AFC East,3,TRUE,TRUE,5,2,3,0,0.4,104,89,15,16,8,8,0,0.5,317,335,-18,,FALSE,,Missed playoffs,FALSE,FALSE,FALSE,2013-preseason.png,83,https://raw.githubusercontent.com/nflverse/nfldata/master/data/standings.csv,https://raw.githubusercontent.com/nflverse/nfldata/master/data/games.csv
2013,BUF,BILLS,Buffalo Bills,Buffalo,Bills,AFC,AFC East,4,TRUE,TRUE,4,2,2,0,0.5,84,101,-17,16,6,10,0,0.375,339,388,-49,,FALSE,,Missed playoffs,FALSE,FALSE,FALSE,2013-preseason.png,89,https://raw.githubusercontent.com/nflverse/nfldata/master/data/standings.csv,https://raw.githubusercontent.com/nflverse/nfldata/master/data/games.csv
2013,CIN,BENGALS,Cincinnati Bengals,Cincinnati,Bengals,AFC,AFC North,1,TRUE,TRUE,4,3,1,0,0.75,106,63,43,16,11,5,0,0.6875,430,305,125,3,TRUE,LostWC,Lost Wild Card,FALSE,FALSE,FALSE,2013-preseason.png,90.3,https://raw.githubusercontent.com/nflverse/nfldata/master/data/standings.csv,https://raw.githubusercontent.com/nflverse/nfldata/master/data/games.csv
2013,PIT,STEELERS,Pittsburgh Steelers,Pittsburgh,Steelers,AFC,AFC North,2,TRUE,TRUE,4,0,4,0,0,56,93,-37,16,8,8,0,0.5,379,370,9,,FALSE,,Missed playoffs,FALSE,FALSE,FALSE,2013-preseason.png,95.2,https://raw.githubusercontent.com/nflverse/nfldata/master/data/standings.csv,https://raw.githubusercontent.com/nflverse/nfldata/master/data/games.csv
2013,BAL,RAVENS,Baltimore Ravens,Baltimore,Ravens,AFC,AFC North,3,TRUE,TRUE,4,2,2,0,0.5,119,97,22,16,8,8,0,0.5,320,352,-32,,FALSE,,Missed playoffs,FALSE,FALSE,FALSE,2013-preseason.png,93.8,https://raw.githubusercontent.com/nflverse/nfldata/master/data/standings.csv,https://raw.githubusercontent.com/nflverse/nfldata/master/data/games.csv
2013,CLE,BROWNS,Cleveland Browns,Cleveland,Browns,AFC,AFC North,4,TRUE,TRUE,4,3,1,0,0.75,75,68,7,16,4,12,0,0.25,308,406,-98,,FALSE,,Missed playoffs,FALSE,FALSE,FALSE,2013-preseason.png,95.7,https://raw.githubusercontent.com/nflverse/nfldata/master/data/standings.csv,https://raw.githubusercontent.com/nflverse/nfldata/master/data/games.csv
2013,IND,COLTS,Indianapolis Colts,Indianapolis,Colts,AFC,AFC South,1,TRUE,TRUE,4,2,2,0,0.5,77,89,-12,16,11,5,0,0.6875,391,336,55,4,TRUE,LostDV,Lost Divisional,FALSE,FALSE,FALSE,2013-preseason.png,92,https://raw.githubusercontent.com/nflverse/nfldata/master/data/standings.csv,https://raw.githubusercontent.com/nflverse/nfldata/master/data/games.csv
2013,TEN,TITANS,Tennessee Titans,Tennessee,Titans,AFC,AFC South,2,TRUE,TRUE,4,1,3,0,0.25,90,89,1,16,7,9,0,0.4375,362,381,-19,,FALSE,,Missed playoffs,FALSE,FALSE,FALSE,2013-preseason.png,94.3,https://raw.githubusercontent.com/nflverse/nfldata/master/data/standings.csv,https://raw.githubusercontent.com/nflverse/nfldata/master/data/games.csv
2013,JAX,JAGUARS,Jacksonville Jaguars,Jacksonville,Jaguars,AFC,AFC South,3,TRUE,TRUE,4,1,3,0,0.25,60,111,-51,16,4,12,0,0.25,247,449,-202,,FALSE,,Missed playoffs,FALSE,FALSE,FALSE,2013-preseason.png,90.2,https://raw.githubusercontent.com/nflverse/nfldata/master/data/standings.csv,https://raw.githubusercontent.com/nflverse/nfldata/master/data/games.csv
2013,HOU,TEXANS,Houston Texans,Houston,Texans,AFC,AFC South,4,TRUE,TRUE,4,3,1,0,0.75,98,67,31,16,2,14,0,0.125,276,428,-152,,FALSE,,Missed playoffs,FALSE,FALSE,FALSE,2013-preseason.png,94.1,https://raw.githubusercontent.com/nflverse/nfldata/master/data/standings.csv,https://raw.githubusercontent.com/nflverse/nfldata/master/data/games.csv
2013,DEN,BRONCOS,Denver Broncos,Denver,Broncos,AFC,AFC West,1,TRUE,TRUE,4,2,2,0,0.5,71,104,-33,16,13,3,0,0.8125,606,399,207,1,TRUE,LostSB,Lost Super Bowl,TRUE,FALSE,TRUE,2013-preseason.png,92.2,https://raw.githubusercontent.com/nflverse/nfldata/master/data/standings.csv,https://raw.githubusercontent.com/nflverse/nfldata/master/data/games.csv
2013,KC,CHIEFS,Kansas City Chiefs,Kansas City,Chiefs,AFC,AFC West,2,TRUE,TRUE,4,2,2,0,0.5,82,60,22,16,11,5,0,0.6875,430,305,125,5,TRUE,LostWC,Lost Wild Card,FALSE,FALSE,FALSE,2013-preseason.png,95,https://raw.githubusercontent.com/nflverse/nfldata/master/data/standings.csv,https://raw.githubusercontent.com/nflverse/nfldata/master/data/games.csv
2013,LAC,CHARGERS,San Diego Chargers,San Diego,Chargers,AFC,AFC West,3,TRUE,TRUE,4,1,3,0,0.25,68,112,-44,16,9,7,0,0.5625,396,348,48,6,TRUE,LostDV,Lost Divisional,FALSE,FALSE,FALSE,2013-preseason.png,88,https://raw.githubusercontent.com/nflverse/nfldata/master/data/standings.csv,https://raw.githubusercontent.com/nflverse/nfldata/master/data/games.csv
2013,LV,RAIDERS,Oakland Raiders,Oakland,Raiders,AFC,AFC West,4,TRUE,TRUE,4,1,3,0,0.25,71,101,-30,16,4,12,0,0.25,322,453,-131,,FALSE,,Missed playoffs,FALSE,FALSE,FALSE,2013-preseason.png,87.7,https://raw.githubusercontent.com/nflverse/nfldata/master/data/standings.csv,https://raw.githubusercontent.com/nflverse/nfldata/master/data/games.csv
2013,PHI,EAGLES,Philadelphia Eagles,Philadelphia,Eagles,NFC,NFC East,1,TRUE,TRUE,4,2,2,0,0.5,87,91,-4,16,10,6,0,0.625,442,382,60,3,TRUE,LostWC,Lost Wild Card,FALSE,FALSE,FALSE,2013-preseason.png,92.8,https://raw.githubusercontent.com/nflverse/nfldata/master/data/standings.csv,https://raw.githubusercontent.com/nflverse/nfldata/master/data/games.csv
2013,DAL,COWBOYS,Dallas Cowboys,Dallas,Cowboys,NFC,NFC East,2,TRUE,TRUE,5,2,3,0,0.4,78,93,-15,16,8,8,0,0.5,439,432,7,,FALSE,,Missed playoffs,FALSE,FALSE,FALSE,2013-preseason.png,92.4,https://raw.githubusercontent.com/nflverse/nfldata/master/data/standings.csv,https://raw.githubusercontent.com/nflverse/nfldata/master/data/games.csv
2013,NYG,GIANTS,New York Giants,New York,Giants,NFC,NFC East,3,TRUE,TRUE,4,1,3,0,0.25,71,85,-14,16,7,9,0,0.4375,294,383,-89,,FALSE,,Missed playoffs,FALSE,FALSE,FALSE,2013-preseason.png,93.2,https://raw.githubusercontent.com/nflverse/nfldata/master/data/standings.csv,https://raw.githubusercontent.com/nflverse/nfldata/master/data/games.csv
2013,WAS,WASHINGTON,Washington Redskins,Washington,Redskins,NFC,NFC East,4,TRUE,TRUE,4,4,0,0,1,106,53,53,16,3,13,0,0.1875,334,478,-144,,FALSE,,Missed playoffs,FALSE,FALSE,FALSE,2013-preseason.png,96.3,https://raw.githubusercontent.com/nflverse/nfldata/master/data/standings.csv,https://raw.githubusercontent.com/nflverse/nfldata/master/data/games.csv
2013,GB,PACKERS,Green Bay Packers,Green Bay,Packers,NFC,NFC North,1,TRUE,TRUE,4,1,3,0,0.25,37,71,-34,16,8,7,1,0.53125,417,428,-11,4,TRUE,LostWC,Lost Wild Card,FALSE,FALSE,FALSE,2013-preseason.png,92.8,https://raw.githubusercontent.com/nflverse/nfldata/master/data/standings.csv,https://raw.githubusercontent.com/nflverse/nfldata/master/data/games.csv
2013,CHI,BEARS,Chicago Bears,Chicago,Bears,NFC,NFC North,2,TRUE,TRUE,4,2,2,0,0.5,100,96,4,16,8,8,0,0.5,445,478,-33,,FALSE,,Missed playoffs,FALSE,FALSE,FALSE,2013-preseason.png,95.8,https://raw.githubusercontent.com/nflverse/nfldata/master/data/standings.csv,https://raw.githubusercontent.com/nflverse/nfldata/master/data/games.csv
2013,DET,LIONS,Detroit Lions,Detroit,Lions,NFC,NFC North,3,TRUE,TRUE,4,3,1,0,0.75,107,63,44,16,7,9,0,0.4375,395,376,19,,FALSE,,Missed playoffs,FALSE,FALSE,FALSE,2013-preseason.png,90.8,https://raw.githubusercontent.com/nflverse/nfldata/master/data/standings.csv,https://raw.githubusercontent.com/nflverse/nfldata/master/data/games.csv
2013,MIN,VIKINGS,Minnesota Vikings,Minnesota,Vikings,NFC,NFC North,4,TRUE,TRUE,4,1,3,0,0.25,67,104,-37,16,5,10,1,0.34375,391,480,-89,,FALSE,,Missed playoffs,FALSE,FALSE,FALSE,2013-preseason.png,90.4,https://raw.githubusercontent.com/nflverse/nfldata/master/data/standings.csv,https://raw.githubusercontent.com/nflverse/nfldata/master/data/games.csv
2013,CAR,PANTHERS,Carolina Panthers,Carolina,Panthers,NFC,NFC South,1,TRUE,TRUE,4,3,1,0,0.75,92,68,24,16,12,4,0,0.75,366,241,125,2,TRUE,LostDV,Lost Divisional,FALSE,FALSE,FALSE,2013-preseason.png,95.8,https://raw.githubusercontent.com/nflverse/nfldata/master/data/standings.csv,https://raw.githubusercontent.com/nflverse/nfldata/master/data/games.csv
2013,NO,SAINTS,New Orleans Saints,New Orleans,Saints,NFC,NFC South,2,TRUE,TRUE,4,3,1,0,0.75,97,80,17,16,11,5,0,0.6875,414,304,110,6,TRUE,LostDV,Lost Divisional,FALSE,FALSE,FALSE,2013-preseason.png,95.2,https://raw.githubusercontent.com/nflverse/nfldata/master/data/standings.csv,https://raw.githubusercontent.com/nflverse/nfldata/master/data/games.csv
2013,ATL,FALCONS,Atlanta Falcons,Atlanta,Falcons,NFC,NFC South,3,TRUE,TRUE,4,0,4,0,0,65,108,-43,16,4,12,0,0.25,353,443,-90,,FALSE,,Missed playoffs,FALSE,FALSE,FALSE,2013-preseason.png,94.7,https://raw.githubusercontent.com/nflverse/nfldata/master/data/standings.csv,https://raw.githubusercontent.com/nflverse/nfldata/master/data/games.csv
2013,TB,BUCCANEERS,Tampa Bay Buccaneers,Tampa Bay,Buccaneers,NFC,NFC South,4,TRUE,TRUE,4,1,3,0,0.25,66,115,-49,16,4,12,0,0.25,288,389,-101,,FALSE,,Missed playoffs,FALSE,FALSE,FALSE,2013-preseason.png,91.2,https://raw.githubusercontent.com/nflverse/nfldata/master/data/standings.csv,https://raw.githubusercontent.com/nflverse/nfldata/master/data/games.csv
2013,SEA,SEAHAWKS,Seattle Seahawks,Seattle,Seahawks,NFC,NFC West,1,TRUE,TRUE,4,4,0,0,1,110,36,74,16,13,3,0,0.8125,417,231,186,1,TRUE,WonSB,Won Super Bowl,TRUE,TRUE,FALSE,2013-preseason.png,96.1,https://raw.githubusercontent.com/nflverse/nfldata/master/data/standings.csv,https://raw.githubusercontent.com/nflverse/nfldata/master/data/games.csv
2013,SF,49ERS,San Francisco 49ers,San Francisco,49ers,NFC,NFC West,2,TRUE,TRUE,4,3,1,0,0.75,96,43,53,16,12,4,0,0.75,406,272,134,5,TRUE,LostCC,Lost Conference Championship,FALSE,FALSE,FALSE,2013-preseason.png,95.6,https://raw.githubusercontent.com/nflverse/nfldata/master/data/standings.csv,https://raw.githubusercontent.com/nflverse/nfldata/master/data/games.csv
2013,ARI,CARDINALS,Arizona Cardinals,Arizona,Cardinals,NFC,NFC West,3,TRUE,TRUE,4,3,1,0,0.75,68,55,13,16,10,6,0,0.625,379,324,55,,FALSE,,Missed playoffs,FALSE,FALSE,FALSE,2013-preseason.png,96.1,https://raw.githubusercontent.com/nflverse/nfldata/master/data/standings.csv,https://raw.githubusercontent.com/nflverse/nfldata/master/data/games.csv
2013,LA,RAMS,St. Louis Rams,St. Louis,Rams,NFC,NFC West,4,TRUE,TRUE,4,1,3,0,0.25,76,94,-18,16,7,9,0,0.4375,348,364,-16,,FALSE,,Missed playoffs,FALSE,FALSE,FALSE,2013-preseason.png,94.4,https://raw.githubusercontent.com/nflverse/nfldata/master/data/standings.csv,https://raw.githubusercontent.com/nflverse/nfldata/master/data/games.csv
2014,NE,PATRIOTS,New England Patriots,New England,Patriots,AFC,AFC East,1,TRUE,TRUE,4,2,2,0,0.5,91,81,10,16,12,4,0,0.75,468,313,155,1,TRUE,WonSB,Won Super Bowl,TRUE,TRUE,FALSE,2014-preseason.png,95.2,https://raw.githubusercontent.com/nflverse/nfldata/master/data/standings.csv,https://raw.githubusercontent.com/nflverse/nfldata/master/data/games.csv
2014,BUF,BILLS,Buffalo Bills,Buffalo,Bills,AFC,AFC East,2,TRUE,TRUE,5,1,4,0,0.2,63,104,-41,16,9,7,0,0.5625,343,289,54,,FALSE,,Missed playoffs,FALSE,FALSE,FALSE,2014-preseason.png,93.9,https://raw.githubusercontent.com/nflverse/nfldata/master/data/standings.csv,https://raw.githubusercontent.com/nflverse/nfldata/master/data/games.csv
2014,MIA,DOLPHINS,Miami Dolphins,Miami,Dolphins,AFC,AFC East,3,TRUE,TRUE,4,3,1,0,0.75,69,63,6,16,8,8,0,0.5,388,373,15,,FALSE,,Missed playoffs,FALSE,FALSE,FALSE,2014-preseason.png,87.3,https://raw.githubusercontent.com/nflverse/nfldata/master/data/standings.csv,https://raw.githubusercontent.com/nflverse/nfldata/master/data/games.csv
2014,NYJ,JETS,New York Jets,New York,Jets,AFC,AFC East,4,TRUE,TRUE,4,2,2,0,0.5,69,99,-30,16,4,12,0,0.25,283,401,-118,,FALSE,,Missed playoffs,FALSE,FALSE,FALSE,2014-preseason.png,94.2,https://raw.githubusercontent.com/nflverse/nfldata/master/data/standings.csv,https://raw.githubusercontent.com/nflverse/nfldata/master/data/games.csv
2014,PIT,STEELERS,Pittsburgh Steelers,Pittsburgh,Steelers,AFC,AFC North,1,TRUE,TRUE,4,1,3,0,0.25,56,77,-21,16,11,5,0,0.6875,436,368,68,3,TRUE,LostWC,Lost Wild Card,FALSE,FALSE,FALSE,2014-preseason.png,93.1,https://raw.githubusercontent.com/nflverse/nfldata/master/data/standings.csv,https://raw.githubusercontent.com/nflverse/nfldata/master/data/games.csv
2014,CIN,BENGALS,Cincinnati Bengals,Cincinnati,Bengals,AFC,AFC North,2,TRUE,TRUE,4,2,2,0,0.5,110,86,24,16,10,5,1,0.65625,365,344,21,5,TRUE,LostWC,Lost Wild Card,FALSE,FALSE,FALSE,2014-preseason.png,95.8,https://raw.githubusercontent.com/nflverse/nfldata/master/data/standings.csv,https://raw.githubusercontent.com/nflverse/nfldata/master/data/games.csv
2014,BAL,RAVENS,Baltimore Ravens,Baltimore,Ravens,AFC,AFC North,3,TRUE,TRUE,4,4,0,0,1,105,63,42,16,10,6,0,0.625,409,302,107,6,TRUE,LostDV,Lost Divisional,FALSE,FALSE,FALSE,2014-preseason.png,96,https://raw.githubusercontent.com/nflverse/nfldata/master/data/standings.csv,https://raw.githubusercontent.com/nflverse/nfldata/master/data/games.csv
2014,CLE,BROWNS,Cleveland Browns,Cleveland,Browns,AFC,AFC North,4,TRUE,TRUE,4,1,3,0,0.25,82,83,-1,16,7,9,0,0.4375,299,337,-38,,FALSE,,Missed playoffs,FALSE,FALSE,FALSE,2014-preseason.png,94.3,https://raw.githubusercontent.com/nflverse/nfldata/master/data/standings.csv,https://raw.githubusercontent.com/nflverse/nfldata/master/data/games.csv
2014,IND,COLTS,Indianapolis Colts,Indianapolis,Colts,AFC,AFC South,1,TRUE,TRUE,4,0,4,0,0,60,98,-38,16,11,5,0,0.6875,458,369,89,4,TRUE,LostCC,Lost Conference Championship,FALSE,FALSE,FALSE,2014-preseason.png,95.2,https://raw.githubusercontent.com/nflverse/nfldata/master/data/standings.csv,https://raw.githubusercontent.com/nflverse/nfldata/master/data/games.csv
2014,HOU,TEXANS,Houston Texans,Houston,Texans,AFC,AFC South,2,TRUE,TRUE,4,2,2,0,0.5,63,96,-33,16,9,7,0,0.5625,372,307,65,,FALSE,,Missed playoffs,FALSE,FALSE,FALSE,2014-preseason.png,94.8,https://raw.githubusercontent.com/nflverse/nfldata/master/data/standings.csv,https://raw.githubusercontent.com/nflverse/nfldata/master/data/games.csv
2014,JAX,JAGUARS,Jacksonville Jaguars,Jacksonville,Jaguars,AFC,AFC South,3,TRUE,TRUE,4,1,3,0,0.25,61,67,-6,16,3,13,0,0.1875,249,412,-163,,FALSE,,Missed playoffs,FALSE,FALSE,FALSE,2014-preseason.png,83.3,https://raw.githubusercontent.com/nflverse/nfldata/master/data/standings.csv,https://raw.githubusercontent.com/nflverse/nfldata/master/data/games.csv
2014,TEN,TITANS,Tennessee Titans,Tennessee,Titans,AFC,AFC South,4,TRUE,TRUE,4,2,2,0,0.5,71,83,-12,16,2,14,0,0.125,254,438,-184,,FALSE,,Missed playoffs,FALSE,FALSE,FALSE,2014-preseason.png,94.7,https://raw.githubusercontent.com/nflverse/nfldata/master/data/standings.csv,https://raw.githubusercontent.com/nflverse/nfldata/master/data/games.csv
2014,DEN,BRONCOS,Denver Broncos,Denver,Broncos,AFC,AFC West,1,TRUE,TRUE,4,3,1,0,0.75,99,37,62,16,12,4,0,0.75,482,354,128,2,TRUE,LostDV,Lost Divisional,FALSE,FALSE,FALSE,2014-preseason.png,93.1,https://raw.githubusercontent.com/nflverse/nfldata/master/data/standings.csv,https://raw.githubusercontent.com/nflverse/nfldata/master/data/games.csv
2014,KC,CHIEFS,Kansas City Chiefs,Kansas City,Chiefs,AFC,AFC West,2,TRUE,TRUE,4,1,3,0,0.25,83,131,-48,16,9,7,0,0.5625,353,281,72,,FALSE,,Missed playoffs,FALSE,FALSE,FALSE,2014-preseason.png,91.3,https://raw.githubusercontent.com/nflverse/nfldata/master/data/standings.csv,https://raw.githubusercontent.com/nflverse/nfldata/master/data/games.csv
2014,LAC,CHARGERS,San Diego Chargers,San Diego,Chargers,AFC,AFC West,3,TRUE,TRUE,4,2,2,0,0.5,60,78,-18,16,9,7,0,0.5625,348,348,0,,FALSE,,Missed playoffs,FALSE,FALSE,FALSE,2014-preseason.png,89.4,https://raw.githubusercontent.com/nflverse/nfldata/master/data/standings.csv,https://raw.githubusercontent.com/nflverse/nfldata/master/data/games.csv
2014,LV,RAIDERS,Oakland Raiders,Oakland,Raiders,AFC,AFC West,4,TRUE,TRUE,4,2,2,0,0.5,95,98,-3,16,3,13,0,0.1875,253,452,-199,,FALSE,,Missed playoffs,FALSE,FALSE,FALSE,2014-preseason.png,94.5,https://raw.githubusercontent.com/nflverse/nfldata/master/data/standings.csv,https://raw.githubusercontent.com/nflverse/nfldata/master/data/games.csv
2014,DAL,COWBOYS,Dallas Cowboys,Dallas,Cowboys,NFC,NFC East,1,TRUE,TRUE,4,0,4,0,0,60,116,-56,16,12,4,0,0.75,467,352,115,3,TRUE,LostDV,Lost Divisional,FALSE,FALSE,FALSE,2014-preseason.png,94.4,https://raw.githubusercontent.com/nflverse/nfldata/master/data/standings.csv,https://raw.githubusercontent.com/nflverse/nfldata/master/data/games.csv
2014,PHI,EAGLES,Philadelphia Eagles,Philadelphia,Eagles,NFC,NFC East,2,TRUE,TRUE,4,2,2,0,0.5,131,104,27,16,10,6,0,0.625,474,400,74,,FALSE,,Missed playoffs,FALSE,FALSE,FALSE,2014-preseason.png,86,https://raw.githubusercontent.com/nflverse/nfldata/master/data/standings.csv,https://raw.githubusercontent.com/nflverse/nfldata/master/data/games.csv
2014,NYG,GIANTS,New York Giants,New York,Giants,NFC,NFC East,3,TRUE,TRUE,5,5,0,0,1,115,92,23,16,6,10,0,0.375,380,400,-20,,FALSE,,Missed playoffs,FALSE,FALSE,FALSE,2014-preseason.png,96,https://raw.githubusercontent.com/nflverse/nfldata/master/data/standings.csv,https://raw.githubusercontent.com/nflverse/nfldata/master/data/games.csv
2014,WAS,WASHINGTON,Washington Redskins,Washington,Redskins,NFC,NFC East,4,TRUE,TRUE,4,3,1,0,0.75,88,62,26,16,4,12,0,0.25,301,438,-137,,FALSE,,Missed playoffs,FALSE,FALSE,FALSE,2014-preseason.png,95.4,https://raw.githubusercontent.com/nflverse/nfldata/master/data/standings.csv,https://raw.githubusercontent.com/nflverse/nfldata/master/data/games.csv
2014,GB,PACKERS,Green Bay Packers,Green Bay,Packers,NFC,NFC North,1,TRUE,TRUE,4,3,1,0,0.75,102,62,40,16,12,4,0,0.75,486,348,138,2,TRUE,LostCC,Lost Conference Championship,FALSE,FALSE,FALSE,2014-preseason.png,92.4,https://raw.githubusercontent.com/nflverse/nfldata/master/data/standings.csv,https://raw.githubusercontent.com/nflverse/nfldata/master/data/games.csv
2014,DET,LIONS,Detroit Lions,Detroit,Lions,NFC,NFC North,2,TRUE,TRUE,4,3,1,0,0.75,75,51,24,16,11,5,0,0.6875,321,282,39,6,TRUE,LostWC,Lost Wild Card,FALSE,FALSE,FALSE,2014-preseason.png,95.7,https://raw.githubusercontent.com/nflverse/nfldata/master/data/standings.csv,https://raw.githubusercontent.com/nflverse/nfldata/master/data/games.csv
2014,MIN,VIKINGS,Minnesota Vikings,Minnesota,Vikings,NFC,NFC North,3,TRUE,TRUE,4,4,0,0,1,89,49,40,16,7,9,0,0.4375,325,343,-18,,FALSE,,Missed playoffs,FALSE,FALSE,FALSE,2014-preseason.png,96,https://raw.githubusercontent.com/nflverse/nfldata/master/data/standings.csv,https://raw.githubusercontent.com/nflverse/nfldata/master/data/games.csv
2014,CHI,BEARS,Chicago Bears,Chicago,Bears,NFC,NFC North,4,TRUE,TRUE,4,2,2,0,0.5,73,114,-41,16,5,11,0,0.3125,319,442,-123,,FALSE,,Missed playoffs,FALSE,FALSE,FALSE,2014-preseason.png,93.8,https://raw.githubusercontent.com/nflverse/nfldata/master/data/standings.csv,https://raw.githubusercontent.com/nflverse/nfldata/master/data/games.csv
2014,CAR,PANTHERS,Carolina Panthers,Carolina,Panthers,NFC,NFC South,1,TRUE,TRUE,4,2,2,0,0.5,63,66,-3,16,7,8,1,0.46875,339,374,-35,4,TRUE,LostDV,Lost Divisional,FALSE,FALSE,FALSE,2014-preseason.png,95,https://raw.githubusercontent.com/nflverse/nfldata/master/data/standings.csv,https://raw.githubusercontent.com/nflverse/nfldata/master/data/games.csv
2014,NO,SAINTS,New Orleans Saints,New Orleans,Saints,NFC,NFC South,2,TRUE,TRUE,4,3,1,0,0.75,93,87,6,16,7,9,0,0.4375,401,424,-23,,FALSE,,Missed playoffs,FALSE,FALSE,FALSE,2014-preseason.png,96.1,https://raw.githubusercontent.com/nflverse/nfldata/master/data/standings.csv,https://raw.githubusercontent.com/nflverse/nfldata/master/data/games.csv
2014,ATL,FALCONS,Atlanta Falcons,Atlanta,Falcons,NFC,NFC South,3,TRUE,TRUE,4,2,2,0,0.5,64,80,-16,16,6,10,0,0.375,381,417,-36,,FALSE,,Missed playoffs,FALSE,FALSE,FALSE,2014-preseason.png,94.6,https://raw.githubusercontent.com/nflverse/nfldata/master/data/standings.csv,https://raw.githubusercontent.com/nflverse/nfldata/master/data/games.csv
2014,TB,BUCCANEERS,Tampa Bay Buccaneers,Tampa Bay,Buccaneers,NFC,NFC South,4,TRUE,TRUE,4,1,3,0,0.25,61,74,-13,16,2,14,0,0.125,277,410,-133,,FALSE,,Missed playoffs,FALSE,FALSE,FALSE,2014-preseason.png,92.5,https://raw.githubusercontent.com/nflverse/nfldata/master/data/standings.csv,https://raw.githubusercontent.com/nflverse/nfldata/master/data/games.csv
2014,SEA,SEAHAWKS,Seattle Seahawks,Seattle,Seahawks,NFC,NFC West,1,TRUE,TRUE,4,2,2,0,0.5,122,82,40,16,12,4,0,0.75,394,254,140,1,TRUE,LostSB,Lost Super Bowl,TRUE,FALSE,TRUE,2014-preseason.png,96,https://raw.githubusercontent.com/nflverse/nfldata/master/data/standings.csv,https://raw.githubusercontent.com/nflverse/nfldata/master/data/games.csv
2014,ARI,CARDINALS,Arizona Cardinals,Arizona,Cardinals,NFC,NFC West,2,TRUE,TRUE,4,1,3,0,0.25,82,61,21,16,11,5,0,0.6875,310,299,11,5,TRUE,LostWC,Lost Wild Card,FALSE,FALSE,FALSE,2014-preseason.png,95.2,https://raw.githubusercontent.com/nflverse/nfldata/master/data/standings.csv,https://raw.githubusercontent.com/nflverse/nfldata/master/data/games.csv
2014,SF,49ERS,San Francisco 49ers,San Francisco,49ers,NFC,NFC West,3,TRUE,TRUE,4,2,2,0,0.5,64,77,-13,16,8,8,0,0.5,306,340,-34,,FALSE,,Missed playoffs,FALSE,FALSE,FALSE,2014-preseason.png,95,https://raw.githubusercontent.com/nflverse/nfldata/master/data/standings.csv,https://raw.githubusercontent.com/nflverse/nfldata/master/data/games.csv
2014,LA,RAMS,St. Louis Rams,St. Louis,Rams,NFC,NFC West,4,TRUE,TRUE,4,1,3,0,0.25,77,75,2,16,6,10,0,0.375,324,354,-30,,FALSE,,Missed playoffs,FALSE,FALSE,FALSE,2014-preseason.png,92.4,https://raw.githubusercontent.com/nflverse/nfldata/master/data/standings.csv,https://raw.githubusercontent.com/nflverse/nfldata/master/data/games.csv
2015,NE,PATRIOTS,New England Patriots,New England,Patriots,AFC,AFC East,1,TRUE,TRUE,4,2,2,0,0.5,63,74,-11,16,12,4,0,0.75,465,315,150,2,TRUE,LostCC,Lost Conference Championship,FALSE,FALSE,FALSE,2015-preseason.png,88.8,https://raw.githubusercontent.com/nflverse/nfldata/master/data/standings.csv,https://raw.githubusercontent.com/nflverse/nfldata/master/data/games.csv
2015,NYJ,JETS,New York Jets,New York,Jets,AFC,AFC East,2,TRUE,TRUE,4,3,1,0,0.75,85,81,4,16,10,6,0,0.625,387,314,73,,FALSE,,Missed playoffs,FALSE,FALSE,FALSE,2015-preseason.png,95,https://raw.githubusercontent.com/nflverse/nfldata/master/data/standings.csv,https://raw.githubusercontent.com/nflverse/nfldata/master/data/games.csv
2015,BUF,BILLS,Buffalo Bills,Buffalo,Bills,AFC,AFC East,3,TRUE,TRUE,4,2,2,0,0.5,88,71,17,16,8,8,0,0.5,379,359,20,,FALSE,,Missed playoffs,FALSE,FALSE,FALSE,2015-preseason.png,96.5,https://raw.githubusercontent.com/nflverse/nfldata/master/data/standings.csv,https://raw.githubusercontent.com/nflverse/nfldata/master/data/games.csv
2015,MIA,DOLPHINS,Miami Dolphins,Miami,Dolphins,AFC,AFC East,4,TRUE,TRUE,4,1,3,0,0.25,70,89,-19,16,6,10,0,0.375,310,389,-79,,FALSE,,Missed playoffs,FALSE,FALSE,FALSE,2015-preseason.png,84.7,https://raw.githubusercontent.com/nflverse/nfldata/master/data/standings.csv,https://raw.githubusercontent.com/nflverse/nfldata/master/data/games.csv
2015,CIN,BENGALS,Cincinnati Bengals,Cincinnati,Bengals,AFC,AFC North,1,TRUE,TRUE,4,3,1,0,0.75,64,51,13,16,12,4,0,0.75,419,279,140,3,TRUE,LostWC,Lost Wild Card,FALSE,FALSE,FALSE,2015-preseason.png,92.4,https://raw.githubusercontent.com/nflverse/nfldata/master/data/standings.csv,https://raw.githubusercontent.com/nflverse/nfldata/master/data/games.csv
2015,PIT,STEELERS,Pittsburgh Steelers,Pittsburgh,Steelers,AFC,AFC North,2,TRUE,TRUE,5,1,4,0,0.2,73,122,-49,16,10,6,0,0.625,423,319,104,6,TRUE,LostDV,Lost Divisional,FALSE,FALSE,FALSE,2015-preseason.png,90.6,https://raw.githubusercontent.com/nflverse/nfldata/master/data/standings.csv,https://raw.githubusercontent.com/nflverse/nfldata/master/data/games.csv
2015,BAL,RAVENS,Baltimore Ravens,Baltimore,Ravens,AFC,AFC North,3,TRUE,TRUE,4,1,3,0,0.25,79,118,-39,16,5,11,0,0.3125,328,401,-73,,FALSE,,Missed playoffs,FALSE,FALSE,FALSE,2015-preseason.png,93.3,https://raw.githubusercontent.com/nflverse/nfldata/master/data/standings.csv,https://raw.githubusercontent.com/nflverse/nfldata/master/data/games.csv
2015,CLE,BROWNS,Cleveland Browns,Cleveland,Browns,AFC,AFC North,4,TRUE,TRUE,4,1,3,0,0.25,58,62,-4,16,3,13,0,0.1875,278,432,-154,,FALSE,,Missed playoffs,FALSE,FALSE,FALSE,2015-preseason.png,94.7,https://raw.githubusercontent.com/nflverse/nfldata/master/data/standings.csv,https://raw.githubusercontent.com/nflverse/nfldata/master/data/games.csv
2015,HOU,TEXANS,Houston Texans,Houston,Texans,AFC,AFC South,1,TRUE,TRUE,4,2,2,0,0.5,74,58,16,16,9,7,0,0.5625,339,313,26,4,TRUE,LostWC,Lost Wild Card,FALSE,FALSE,FALSE,2015-preseason.png,92.5,https://raw.githubusercontent.com/nflverse/nfldata/master/data/standings.csv,https://raw.githubusercontent.com/nflverse/nfldata/master/data/games.csv
2015,IND,COLTS,Indianapolis Colts,Indianapolis,Colts,AFC,AFC South,2,TRUE,TRUE,4,1,3,0,0.25,51,82,-31,16,8,8,0,0.5,333,408,-75,,FALSE,,Missed playoffs,FALSE,FALSE,FALSE,2015-preseason.png,84.7,https://raw.githubusercontent.com/nflverse/nfldata/master/data/standings.csv,https://raw.githubusercontent.com/nflverse/nfldata/master/data/games.csv
2015,JAX,JAGUARS,Jacksonville Jaguars,Jacksonville,Jaguars,AFC,AFC South,3,TRUE,TRUE,4,2,2,0,0.5,69,81,-12,16,5,11,0,0.3125,376,448,-72,,FALSE,,Missed playoffs,FALSE,FALSE,FALSE,2015-preseason.png,86,https://raw.githubusercontent.com/nflverse/nfldata/master/data/standings.csv,https://raw.githubusercontent.com/nflverse/nfldata/master/data/games.csv
2015,TEN,TITANS,Tennessee Titans,Tennessee,Titans,AFC,AFC South,4,TRUE,TRUE,4,2,2,0,0.5,85,96,-11,16,3,13,0,0.1875,299,423,-124,,FALSE,,Missed playoffs,FALSE,FALSE,FALSE,2015-preseason.png,93.5,https://raw.githubusercontent.com/nflverse/nfldata/master/data/standings.csv,https://raw.githubusercontent.com/nflverse/nfldata/master/data/games.csv
2015,DEN,BRONCOS,Denver Broncos,Denver,Broncos,AFC,AFC West,1,TRUE,TRUE,4,3,1,0,0.75,75,64,11,16,12,4,0,0.75,355,296,59,1,TRUE,WonSB,Won Super Bowl,TRUE,TRUE,FALSE,2015-preseason.png,93,https://raw.githubusercontent.com/nflverse/nfldata/master/data/standings.csv,https://raw.githubusercontent.com/nflverse/nfldata/master/data/games.csv
2015,KC,CHIEFS,Kansas City Chiefs,Kansas City,Chiefs,AFC,AFC West,2,TRUE,TRUE,4,4,0,0,1,106,59,47,16,11,5,0,0.6875,405,287,118,5,TRUE,LostDV,Lost Divisional,FALSE,FALSE,FALSE,2015-preseason.png,95.4,https://raw.githubusercontent.com/nflverse/nfldata/master/data/standings.csv,https://raw.githubusercontent.com/nflverse/nfldata/master/data/games.csv
2015,LV,RAIDERS,Oakland Raiders,Oakland,Raiders,AFC,AFC West,3,TRUE,TRUE,4,1,3,0,0.25,74,84,-10,16,7,9,0,0.4375,359,399,-40,,FALSE,,Missed playoffs,FALSE,FALSE,FALSE,2015-preseason.png,93.1,https://raw.githubusercontent.com/nflverse/nfldata/master/data/standings.csv,https://raw.githubusercontent.com/nflverse/nfldata/master/data/games.csv
2015,LAC,CHARGERS,San Diego Chargers,San Diego,Chargers,AFC,AFC West,4,TRUE,TRUE,4,2,2,0,0.5,66,56,10,16,4,12,0,0.25,320,398,-78,,FALSE,,Missed playoffs,FALSE,FALSE,FALSE,2015-preseason.png,95.5,https://raw.githubusercontent.com/nflverse/nfldata/master/data/standings.csv,https://raw.githubusercontent.com/nflverse/nfldata/master/data/games.csv
2015,WAS,WASHINGTON,Washington Redskins,Washington,Redskins,NFC,NFC East,1,TRUE,TRUE,4,3,1,0,0.75,88,64,24,16,9,7,0,0.5625,388,379,9,4,TRUE,LostWC,Lost Wild Card,FALSE,FALSE,FALSE,2015-preseason.png,95.5,https://raw.githubusercontent.com/nflverse/nfldata/master/data/standings.csv,https://raw.githubusercontent.com/nflverse/nfldata/master/data/games.csv
2015,PHI,EAGLES,Philadelphia Eagles,Philadelphia,Eagles,NFC,NFC East,2,TRUE,TRUE,4,3,1,0,0.75,133,77,56,16,7,9,0,0.4375,377,430,-53,,FALSE,,Missed playoffs,FALSE,FALSE,FALSE,2015-preseason.png,86.8,https://raw.githubusercontent.com/nflverse/nfldata/master/data/standings.csv,https://raw.githubusercontent.com/nflverse/nfldata/master/data/games.csv
2015,NYG,GIANTS,New York Giants,New York,Giants,NFC,NFC East,3,TRUE,TRUE,4,2,2,0,0.5,62,72,-10,16,6,10,0,0.375,420,442,-22,,FALSE,,Missed playoffs,FALSE,FALSE,FALSE,2015-preseason.png,94.3,https://raw.githubusercontent.com/nflverse/nfldata/master/data/standings.csv,https://raw.githubusercontent.com/nflverse/nfldata/master/data/games.csv
2015,DAL,COWBOYS,Dallas Cowboys,Dallas,Cowboys,NFC,NFC East,4,TRUE,TRUE,4,1,3,0,0.25,48,82,-34,16,4,12,0,0.25,275,374,-99,,FALSE,,Missed playoffs,FALSE,FALSE,FALSE,2015-preseason.png,93.2,https://raw.githubusercontent.com/nflverse/nfldata/master/data/standings.csv,https://raw.githubusercontent.com/nflverse/nfldata/master/data/games.csv
2015,MIN,VIKINGS,Minnesota Vikings,Minnesota,Vikings,NFC,NFC North,1,TRUE,TRUE,5,4,1,0,0.8,105,69,36,16,11,5,0,0.6875,365,302,63,3,TRUE,LostWC,Lost Wild Card,FALSE,FALSE,FALSE,2015-preseason.png,95.5,https://raw.githubusercontent.com/nflverse/nfldata/master/data/standings.csv,https://raw.githubusercontent.com/nflverse/nfldata/master/data/games.csv
2015,GB,PACKERS,Green Bay Packers,Green Bay,Packers,NFC,NFC North,2,TRUE,TRUE,4,2,2,0,0.5,105,84,21,16,10,6,0,0.625,368,323,45,5,TRUE,LostDV,Lost Divisional,FALSE,FALSE,FALSE,2015-preseason.png,94.8,https://raw.githubusercontent.com/nflverse/nfldata/master/data/standings.csv,https://raw.githubusercontent.com/nflverse/nfldata/master/data/games.csv
2015,DET,LIONS,Detroit Lions,Detroit,Lions,NFC,NFC North,3,TRUE,TRUE,4,3,1,0,0.75,79,51,28,16,7,9,0,0.4375,358,400,-42,,FALSE,,Missed playoffs,FALSE,FALSE,FALSE,2015-preseason.png,90.6,https://raw.githubusercontent.com/nflverse/nfldata/master/data/standings.csv,https://raw.githubusercontent.com/nflverse/nfldata/master/data/games.csv
2015,CHI,BEARS,Chicago Bears,Chicago,Bears,NFC,NFC North,4,TRUE,TRUE,4,3,1,0,0.75,84,42,42,16,6,10,0,0.375,335,397,-62,,FALSE,,Missed playoffs,FALSE,FALSE,FALSE,2015-preseason.png,95.3,https://raw.githubusercontent.com/nflverse/nfldata/master/data/standings.csv,https://raw.githubusercontent.com/nflverse/nfldata/master/data/games.csv
2015,CAR,PANTHERS,Carolina Panthers,Carolina,Panthers,NFC,NFC South,1,TRUE,TRUE,4,3,1,0,0.75,95,77,18,16,15,1,0,0.9375,500,308,192,1,TRUE,LostSB,Lost Super Bowl,TRUE,FALSE,TRUE,2015-preseason.png,92.1,https://raw.githubusercontent.com/nflverse/nfldata/master/data/standings.csv,https://raw.githubusercontent.com/nflverse/nfldata/master/data/games.csv
2015,ATL,FALCONS,Atlanta Falcons,Atlanta,Falcons,NFC,NFC South,2,TRUE,TRUE,4,2,2,0,0.5,82,86,-4,16,8,8,0,0.5,339,345,-6,,FALSE,,Missed playoffs,FALSE,FALSE,FALSE,2015-preseason.png,94,https://raw.githubusercontent.com/nflverse/nfldata/master/data/standings.csv,https://raw.githubusercontent.com/nflverse/nfldata/master/data/games.csv
2015,NO,SAINTS,New Orleans Saints,New Orleans,Saints,NFC,NFC South,3,TRUE,TRUE,4,0,4,0,0,74,121,-47,16,7,9,0,0.4375,408,476,-68,,FALSE,,Missed playoffs,FALSE,FALSE,FALSE,2015-preseason.png,93.6,https://raw.githubusercontent.com/nflverse/nfldata/master/data/standings.csv,https://raw.githubusercontent.com/nflverse/nfldata/master/data/games.csv
2015,TB,BUCCANEERS,Tampa Bay Buccaneers,Tampa Bay,Buccaneers,NFC,NFC South,4,TRUE,TRUE,4,2,2,0,0.5,70,85,-15,16,6,10,0,0.375,342,417,-75,,FALSE,,Missed playoffs,FALSE,FALSE,FALSE,2015-preseason.png,88.7,https://raw.githubusercontent.com/nflverse/nfldata/master/data/standings.csv,https://raw.githubusercontent.com/nflverse/nfldata/master/data/games.csv
2015,ARI,CARDINALS,Arizona Cardinals,Arizona,Cardinals,NFC,NFC West,1,TRUE,TRUE,4,2,2,0,0.5,90,99,-9,16,13,3,0,0.8125,489,313,176,2,TRUE,LostCC,Lost Conference Championship,FALSE,FALSE,FALSE,2015-preseason.png,94,https://raw.githubusercontent.com/nflverse/nfldata/master/data/standings.csv,https://raw.githubusercontent.com/nflverse/nfldata/master/data/games.csv
2015,SEA,SEAHAWKS,Seattle Seahawks,Seattle,Seahawks,NFC,NFC West,2,TRUE,TRUE,4,2,2,0,0.5,80,72,8,16,10,6,0,0.625,423,277,146,6,TRUE,LostDV,Lost Divisional,FALSE,FALSE,FALSE,2015-preseason.png,95.8,https://raw.githubusercontent.com/nflverse/nfldata/master/data/standings.csv,https://raw.githubusercontent.com/nflverse/nfldata/master/data/games.csv
2015,LA,RAMS,St. Louis Rams,St. Louis,Rams,NFC,NFC West,3,TRUE,TRUE,4,0,4,0,0,48,93,-45,16,7,9,0,0.4375,280,330,-50,,FALSE,,Missed playoffs,FALSE,FALSE,FALSE,2015-preseason.png,95.4,https://raw.githubusercontent.com/nflverse/nfldata/master/data/standings.csv,https://raw.githubusercontent.com/nflverse/nfldata/master/data/games.csv
2015,SF,49ERS,San Francisco 49ers,San Francisco,49ers,NFC,NFC West,4,TRUE,TRUE,4,2,2,0,0.5,59,60,-1,16,5,11,0,0.3125,238,387,-149,,FALSE,,Missed playoffs,FALSE,FALSE,FALSE,2015-preseason.png,94.2,https://raw.githubusercontent.com/nflverse/nfldata/master/data/standings.csv,https://raw.githubusercontent.com/nflverse/nfldata/master/data/games.csv
2016,NE,PATRIOTS,New England Patriots,New England,Patriots,AFC,AFC East,1,TRUE,TRUE,4,3,1,0,0.75,85,78,7,16,14,2,0,0.875,441,250,191,1,TRUE,WonSB,Won Super Bowl,TRUE,TRUE,FALSE,2016-preseason.png,94.4,https://raw.githubusercontent.com/nflverse/nfldata/master/data/standings.csv,https://raw.githubusercontent.com/nflverse/nfldata/master/data/games.csv
2016,MIA,DOLPHINS,Miami Dolphins,Miami,Dolphins,AFC,AFC East,2,TRUE,TRUE,4,2,2,0,0.5,68,78,-10,16,10,6,0,0.625,363,380,-17,6,TRUE,LostWC,Lost Wild Card,FALSE,FALSE,FALSE,2016-preseason.png,92.1,https://raw.githubusercontent.com/nflverse/nfldata/master/data/standings.csv,https://raw.githubusercontent.com/nflverse/nfldata/master/data/games.csv
2016,BUF,BILLS,Buffalo Bills,Buffalo,Bills,AFC,AFC East,3,TRUE,TRUE,4,1,3,0,0.25,55,71,-16,16,7,9,0,0.4375,399,378,21,,FALSE,,Missed playoffs,FALSE,FALSE,FALSE,2016-preseason.png,90.9,https://raw.githubusercontent.com/nflverse/nfldata/master/data/standings.csv,https://raw.githubusercontent.com/nflverse/nfldata/master/data/games.csv
2016,NYJ,JETS,New York Jets,New York,Jets,AFC,AFC East,4,TRUE,TRUE,4,1,3,0,0.25,61,70,-9,16,5,11,0,0.3125,275,409,-134,,FALSE,,Missed playoffs,FALSE,FALSE,FALSE,2016-preseason.png,94.4,https://raw.githubusercontent.com/nflverse/nfldata/master/data/standings.csv,https://raw.githubusercontent.com/nflverse/nfldata/master/data/games.csv
2016,PIT,STEELERS,Pittsburgh Steelers,Pittsburgh,Steelers,AFC,AFC North,1,TRUE,TRUE,4,1,3,0,0.25,50,79,-29,16,11,5,0,0.6875,399,327,72,3,TRUE,LostCC,Lost Conference Championship,FALSE,FALSE,FALSE,2016-preseason.png,92.3,https://raw.githubusercontent.com/nflverse/nfldata/master/data/standings.csv,https://raw.githubusercontent.com/nflverse/nfldata/master/data/games.csv
2016,BAL,RAVENS,Baltimore Ravens,Baltimore,Ravens,AFC,AFC North,2,TRUE,TRUE,4,4,0,0,1,94,60,34,16,8,8,0,0.5,343,321,22,,FALSE,,Missed playoffs,FALSE,FALSE,FALSE,2016-preseason.png,96.3,https://raw.githubusercontent.com/nflverse/nfldata/master/data/standings.csv,https://raw.githubusercontent.com/nflverse/nfldata/master/data/games.csv
2016,CIN,BENGALS,Cincinnati Bengals,Cincinnati,Bengals,AFC,AFC North,3,TRUE,TRUE,4,1,3,0,0.25,77,70,7,16,6,9,1,0.40625,325,315,10,,FALSE,,Missed playoffs,FALSE,FALSE,FALSE,2016-preseason.png,92.8,https://raw.githubusercontent.com/nflverse/nfldata/master/data/standings.csv,https://raw.githubusercontent.com/nflverse/nfldata/master/data/games.csv
2016,CLE,BROWNS,Cleveland Browns,Cleveland,Browns,AFC,AFC North,4,TRUE,TRUE,4,0,4,0,0,44,92,-48,16,1,15,0,0.0625,264,452,-188,,FALSE,,Missed playoffs,FALSE,FALSE,FALSE,2016-preseason.png,94.9,https://raw.githubusercontent.com/nflverse/nfldata/master/data/standings.csv,https://raw.githubusercontent.com/nflverse/nfldata/master/data/games.csv
2016,HOU,TEXANS,Houston Texans,Houston,Texans,AFC,AFC South,1,TRUE,TRUE,4,4,0,0,1,102,63,39,16,9,7,0,0.5625,279,328,-49,4,TRUE,LostDV,Lost Divisional,FALSE,FALSE,FALSE,2016-preseason.png,94.3,https://raw.githubusercontent.com/nflverse/nfldata/master/data/standings.csv,https://raw.githubusercontent.com/nflverse/nfldata/master/data/games.csv
2016,TEN,TITANS,Tennessee Titans,Tennessee,Titans,AFC,AFC South,2,TRUE,TRUE,4,3,1,0,0.75,91,60,31,16,9,7,0,0.5625,381,378,3,,FALSE,,Missed playoffs,FALSE,FALSE,FALSE,2016-preseason.png,93.6,https://raw.githubusercontent.com/nflverse/nfldata/master/data/standings.csv,https://raw.githubusercontent.com/nflverse/nfldata/master/data/games.csv
2016,IND,COLTS,Indianapolis Colts,Indianapolis,Colts,AFC,AFC South,3,TRUE,TRUE,4,2,2,0,0.5,73,80,-7,16,8,8,0,0.5,411,392,19,,FALSE,,Missed playoffs,FALSE,FALSE,FALSE,2016-preseason.png,92.9,https://raw.githubusercontent.com/nflverse/nfldata/master/data/standings.csv,https://raw.githubusercontent.com/nflverse/nfldata/master/data/games.csv
2016,JAX,JAGUARS,Jacksonville Jaguars,Jacksonville,Jaguars,AFC,AFC South,4,TRUE,TRUE,4,1,3,0,0.25,75,82,-7,16,3,13,0,0.1875,318,400,-82,,FALSE,,Missed playoffs,FALSE,FALSE,FALSE,2016-preseason.png,87.1,https://raw.githubusercontent.com/nflverse/nfldata/master/data/standings.csv,https://raw.githubusercontent.com/nflverse/nfldata/master/data/games.csv
2016,KC,CHIEFS,Kansas City Chiefs,Kansas City,Chiefs,AFC,AFC West,1,TRUE,TRUE,4,2,2,0,0.5,76,52,24,16,12,4,0,0.75,389,311,78,2,TRUE,LostDV,Lost Divisional,FALSE,FALSE,FALSE,2016-preseason.png,95.9,https://raw.githubusercontent.com/nflverse/nfldata/master/data/standings.csv,https://raw.githubusercontent.com/nflverse/nfldata/master/data/games.csv
2016,LV,RAIDERS,Oakland Raiders,Oakland,Raiders,AFC,AFC West,2,TRUE,TRUE,4,1,3,0,0.25,78,80,-2,16,12,4,0,0.75,416,385,31,5,TRUE,LostWC,Lost Wild Card,FALSE,FALSE,FALSE,2016-preseason.png,92.9,https://raw.githubusercontent.com/nflverse/nfldata/master/data/standings.csv,https://raw.githubusercontent.com/nflverse/nfldata/master/data/games.csv
2016,DEN,BRONCOS,Denver Broncos,Denver,Broncos,AFC,AFC West,3,TRUE,TRUE,4,2,2,0,0.5,80,78,2,16,9,7,0,0.5625,333,297,36,,FALSE,,Missed playoffs,FALSE,FALSE,FALSE,2016-preseason.png,95.2,https://raw.githubusercontent.com/nflverse/nfldata/master/data/standings.csv,https://raw.githubusercontent.com/nflverse/nfldata/master/data/games.csv
2016,LAC,CHARGERS,San Diego Chargers,San Diego,Chargers,AFC,AFC West,4,TRUE,TRUE,4,1,3,0,0.25,60,84,-24,16,5,11,0,0.3125,410,423,-13,,FALSE,,Missed playoffs,FALSE,FALSE,FALSE,2016-preseason.png,94,https://raw.githubusercontent.com/nflverse/nfldata/master/data/standings.csv,https://raw.githubusercontent.com/nflverse/nfldata/master/data/games.csv
2016,DAL,COWBOYS,Dallas Cowboys,Dallas,Cowboys,NFC,NFC East,1,TRUE,TRUE,4,1,3,0,0.25,99,97,2,16,13,3,0,0.8125,421,306,115,1,TRUE,LostDV,Lost Divisional,FALSE,FALSE,FALSE,2016-preseason.png,94,https://raw.githubusercontent.com/nflverse/nfldata/master/data/standings.csv,https://raw.githubusercontent.com/nflverse/nfldata/master/data/games.csv
2016,NYG,GIANTS,New York Giants,New York,Giants,NFC,NFC East,2,TRUE,TRUE,4,2,2,0,0.5,48,77,-29,16,11,5,0,0.6875,310,284,26,5,TRUE,LostWC,Lost Wild Card,FALSE,FALSE,FALSE,2016-preseason.png,90.4,https://raw.githubusercontent.com/nflverse/nfldata/master/data/standings.csv,https://raw.githubusercontent.com/nflverse/nfldata/master/data/games.csv
2016,WAS,WASHINGTON,Washington Redskins,Washington,Redskins,NFC,NFC East,3,TRUE,TRUE,4,3,1,0,0.75,80,70,10,16,8,7,1,0.53125,396,383,13,,FALSE,,Missed playoffs,FALSE,FALSE,FALSE,2016-preseason.png,90.9,https://raw.githubusercontent.com/nflverse/nfldata/master/data/standings.csv,https://raw.githubusercontent.com/nflverse/nfldata/master/data/games.csv
2016,PHI,EAGLES,Philadelphia Eagles,Philadelphia,Eagles,NFC,NFC East,4,TRUE,TRUE,4,4,0,0,1,81,38,43,16,7,9,0,0.4375,367,331,36,,FALSE,,Missed playoffs,FALSE,FALSE,FALSE,2016-preseason.png,95.8,https://raw.githubusercontent.com/nflverse/nfldata/master/data/standings.csv,https://raw.githubusercontent.com/nflverse/nfldata/master/data/games.csv
2016,GB,PACKERS,Green Bay Packers,Green Bay,Packers,NFC,NFC North,1,TRUE,TRUE,4,3,1,0,0.75,65,50,15,16,10,6,0,0.625,432,388,44,4,TRUE,LostCC,Lost Conference Championship,FALSE,FALSE,FALSE,2016-preseason.png,93.5,https://raw.githubusercontent.com/nflverse/nfldata/master/data/standings.csv,https://raw.githubusercontent.com/nflverse/nfldata/master/data/games.csv
2016,DET,LIONS,Detroit Lions,Detroit,Lions,NFC,NFC North,2,TRUE,TRUE,4,2,2,0,0.5,84,77,7,16,9,7,0,0.5625,346,358,-12,6,TRUE,LostWC,Lost Wild Card,FALSE,FALSE,FALSE,2016-preseason.png,88.4,https://raw.githubusercontent.com/nflverse/nfldata/master/data/standings.csv,https://raw.githubusercontent.com/nflverse/nfldata/master/data/games.csv
2016,MIN,VIKINGS,Minnesota Vikings,Minnesota,Vikings,NFC,NFC North,3,TRUE,TRUE,4,4,0,0,1,85,62,23,16,8,8,0,0.5,327,307,20,,FALSE,,Missed playoffs,FALSE,FALSE,FALSE,2016-preseason.png,95.4,https://raw.githubusercontent.com/nflverse/nfldata/master/data/standings.csv,https://raw.githubusercontent.com/nflverse/nfldata/master/data/games.csv
2016,CHI,BEARS,Chicago Bears,Chicago,Bears,NFC,NFC North,4,TRUE,TRUE,4,1,3,0,0.25,50,75,-25,16,3,13,0,0.1875,279,399,-120,,FALSE,,Missed playoffs,FALSE,FALSE,FALSE,2016-preseason.png,89.1,https://raw.githubusercontent.com/nflverse/nfldata/master/data/standings.csv,https://raw.githubusercontent.com/nflverse/nfldata/master/data/games.csv
2016,ATL,FALCONS,Atlanta Falcons,Atlanta,Falcons,NFC,NFC South,1,TRUE,TRUE,4,3,1,0,0.75,70,62,8,16,11,5,0,0.6875,540,406,134,2,TRUE,LostSB,Lost Super Bowl,TRUE,FALSE,TRUE,2016-preseason.png,94.9,https://raw.githubusercontent.com/nflverse/nfldata/master/data/standings.csv,https://raw.githubusercontent.com/nflverse/nfldata/master/data/games.csv
2016,TB,BUCCANEERS,Tampa Bay Buccaneers,Tampa Bay,Buccaneers,NFC,NFC South,2,TRUE,TRUE,4,2,2,0,0.5,79,71,8,16,9,7,0,0.5625,354,369,-15,,FALSE,,Missed playoffs,FALSE,FALSE,FALSE,2016-preseason.png,88.5,https://raw.githubusercontent.com/nflverse/nfldata/master/data/standings.csv,https://raw.githubusercontent.com/nflverse/nfldata/master/data/games.csv
2016,NO,SAINTS,New Orleans Saints,New Orleans,Saints,NFC,NFC South,3,TRUE,TRUE,4,0,4,0,0,59,100,-41,16,7,9,0,0.4375,469,454,15,,FALSE,,Missed playoffs,FALSE,FALSE,FALSE,2016-preseason.png,91.7,https://raw.githubusercontent.com/nflverse/nfldata/master/data/standings.csv,https://raw.githubusercontent.com/nflverse/nfldata/master/data/games.csv
2016,CAR,PANTHERS,Carolina Panthers,Carolina,Panthers,NFC,NFC South,4,TRUE,TRUE,4,2,2,0,0.5,80,63,17,16,6,10,0,0.375,369,402,-33,,FALSE,,Missed playoffs,FALSE,FALSE,FALSE,2016-preseason.png,94.7,https://raw.githubusercontent.com/nflverse/nfldata/master/data/standings.csv,https://raw.githubusercontent.com/nflverse/nfldata/master/data/games.csv
2016,SEA,SEAHAWKS,Seattle Seahawks,Seattle,Seahawks,NFC,NFC West,1,TRUE,TRUE,4,3,1,0,0.75,78,72,6,16,10,5,1,0.65625,354,292,62,3,TRUE,LostDV,Lost Divisional,FALSE,FALSE,FALSE,2016-preseason.png,95,https://raw.githubusercontent.com/nflverse/nfldata/master/data/standings.csv,https://raw.githubusercontent.com/nflverse/nfldata/master/data/games.csv
2016,ARI,CARDINALS,Arizona Cardinals,Arizona,Cardinals,NFC,NFC West,2,TRUE,TRUE,4,1,3,0,0.25,75,101,-26,16,7,8,1,0.46875,418,362,56,,FALSE,,Missed playoffs,FALSE,FALSE,FALSE,2016-preseason.png,89.7,https://raw.githubusercontent.com/nflverse/nfldata/master/data/standings.csv,https://raw.githubusercontent.com/nflverse/nfldata/master/data/games.csv
2016,LA,RAMS,Los Angeles Rams,Los Angeles,Rams,NFC,NFC West,3,TRUE,TRUE,4,2,2,0,0.5,83,88,-5,16,4,12,0,0.25,224,394,-170,,FALSE,,Missed playoffs,FALSE,FALSE,FALSE,2016-preseason.png,83.6,https://raw.githubusercontent.com/nflverse/nfldata/master/data/standings.csv,https://raw.githubusercontent.com/nflverse/nfldata/master/data/games.csv
2016,SF,49ERS,San Francisco 49ers,San Francisco,49ers,NFC,NFC West,4,TRUE,TRUE,4,2,2,0,0.5,85,90,-5,16,2,14,0,0.125,309,480,-171,,FALSE,,Missed playoffs,FALSE,FALSE,FALSE,2016-preseason.png,87.3,https://raw.githubusercontent.com/nflverse/nfldata/master/data/standings.csv,https://raw.githubusercontent.com/nflverse/nfldata/master/data/games.csv
2017,NE,PATRIOTS,New England Patriots,New England,Patriots,AFC,AFC East,1,TRUE,TRUE,4,1,3,0,0.25,115,126,-11,16,13,3,0,0.8125,458,296,162,1,TRUE,LostSB,Lost Super Bowl,TRUE,FALSE,TRUE,2017-preseason.png,92,https://raw.githubusercontent.com/nflverse/nfldata/master/data/standings.csv,https://raw.githubusercontent.com/nflverse/nfldata/master/data/games.csv
2017,BUF,BILLS,Buffalo Bills,Buffalo,Bills,AFC,AFC East,2,TRUE,TRUE,4,1,3,0,0.25,62,67,-5,16,9,7,0,0.5625,302,359,-57,6,TRUE,LostWC,Lost Wild Card,FALSE,FALSE,FALSE,2017-preseason.png,94.8,https://raw.githubusercontent.com/nflverse/nfldata/master/data/standings.csv,https://raw.githubusercontent.com/nflverse/nfldata/master/data/games.csv
2017,MIA,DOLPHINS,Miami Dolphins,Miami,Dolphins,AFC,AFC East,3,TRUE,TRUE,4,2,2,0,0.5,91,98,-7,16,6,10,0,0.375,281,393,-112,,FALSE,,Missed playoffs,FALSE,FALSE,FALSE,2017-preseason.png,92.7,https://raw.githubusercontent.com/nflverse/nfldata/master/data/standings.csv,https://raw.githubusercontent.com/nflverse/nfldata/master/data/games.csv
2017,NYJ,JETS,New York Jets,New York,Jets,AFC,AFC East,4,TRUE,TRUE,4,2,2,0,0.5,60,61,-1,16,5,11,0,0.3125,298,382,-84,,FALSE,,Missed playoffs,FALSE,FALSE,FALSE,2017-preseason.png,95,https://raw.githubusercontent.com/nflverse/nfldata/master/data/standings.csv,https://raw.githubusercontent.com/nflverse/nfldata/master/data/games.csv
2017,PIT,STEELERS,Pittsburgh Steelers,Pittsburgh,Steelers,AFC,AFC North,1,TRUE,TRUE,4,3,1,0,0.75,69,58,11,16,13,3,0,0.8125,406,308,98,2,TRUE,LostDV,Lost Divisional,FALSE,FALSE,FALSE,2017-preseason.png,94.5,https://raw.githubusercontent.com/nflverse/nfldata/master/data/standings.csv,https://raw.githubusercontent.com/nflverse/nfldata/master/data/games.csv
2017,BAL,RAVENS,Baltimore Ravens,Baltimore,Ravens,AFC,AFC North,2,TRUE,TRUE,4,4,0,0,1,81,32,49,16,9,7,0,0.5625,395,303,92,,FALSE,,Missed playoffs,FALSE,FALSE,FALSE,2017-preseason.png,95.3,https://raw.githubusercontent.com/nflverse/nfldata/master/data/standings.csv,https://raw.githubusercontent.com/nflverse/nfldata/master/data/games.csv
2017,CIN,BENGALS,Cincinnati Bengals,Cincinnati,Bengals,AFC,AFC North,3,TRUE,TRUE,4,1,3,0,0.25,58,72,-14,16,7,9,0,0.4375,290,349,-59,,FALSE,,Missed playoffs,FALSE,FALSE,FALSE,2017-preseason.png,92.3,https://raw.githubusercontent.com/nflverse/nfldata/master/data/standings.csv,https://raw.githubusercontent.com/nflverse/nfldata/master/data/games.csv
2017,CLE,BROWNS,Cleveland Browns,Cleveland,Browns,AFC,AFC North,4,TRUE,TRUE,4,4,0,0,1,68,29,39,16,0,16,0,0,234,410,-176,,FALSE,,Missed playoffs,FALSE,FALSE,FALSE,2017-preseason.png,96.5,https://raw.githubusercontent.com/nflverse/nfldata/master/data/standings.csv,https://raw.githubusercontent.com/nflverse/nfldata/master/data/games.csv
2017,JAX,JAGUARS,Jacksonville Jaguars,Jacksonville,Jaguars,AFC,AFC South,1,TRUE,TRUE,4,2,2,0,0.5,75,67,8,16,10,6,0,0.625,417,268,149,3,TRUE,LostCC,Lost Conference Championship,FALSE,FALSE,FALSE,2017-preseason.png,82.9,https://raw.githubusercontent.com/nflverse/nfldata/master/data/standings.csv,https://raw.githubusercontent.com/nflverse/nfldata/master/data/games.csv
2017,TEN,TITANS,Tennessee Titans,Tennessee,Titans,AFC,AFC South,2,TRUE,TRUE,4,1,3,0,0.25,50,83,-33,16,9,7,0,0.5625,334,356,-22,5,TRUE,LostDV,Lost Divisional,FALSE,FALSE,FALSE,2017-preseason.png,93.6,https://raw.githubusercontent.com/nflverse/nfldata/master/data/standings.csv,https://raw.githubusercontent.com/nflverse/nfldata/master/data/games.csv
2017,IND,COLTS,Indianapolis Colts,Indianapolis,Colts,AFC,AFC South,3,TRUE,TRUE,4,2,2,0,0.5,55,69,-14,16,4,12,0,0.25,263,404,-141,,FALSE,,Missed playoffs,FALSE,FALSE,FALSE,2017-preseason.png,92.3,https://raw.githubusercontent.com/nflverse/nfldata/master/data/standings.csv,https://raw.githubusercontent.com/nflverse/nfldata/master/data/games.csv
2017,HOU,TEXANS,Houston Texans,Houston,Texans,AFC,AFC South,4,TRUE,TRUE,3,1,2,0,0.333333,44,63,-19,16,4,12,0,0.25,338,436,-98,,FALSE,,Missed playoffs,FALSE,FALSE,FALSE,2017-preseason.png,93,https://raw.githubusercontent.com/nflverse/nfldata/master/data/standings.csv,https://raw.githubusercontent.com/nflverse/nfldata/master/data/games.csv
2017,KC,CHIEFS,Kansas City Chiefs,Kansas City,Chiefs,AFC,AFC West,1,TRUE,TRUE,4,2,2,0,0.5,90,71,19,16,10,6,0,0.625,415,339,76,4,TRUE,LostWC,Lost Wild Card,FALSE,FALSE,FALSE,2017-preseason.png,94,https://raw.githubusercontent.com/nflverse/nfldata/master/data/standings.csv,https://raw.githubusercontent.com/nflverse/nfldata/master/data/games.csv
2017,LAC,CHARGERS,Los Angeles Chargers,Los Angeles,Chargers,AFC,AFC West,2,TRUE,TRUE,4,1,3,0,0.25,58,103,-45,16,9,7,0,0.5625,355,272,83,,FALSE,,Missed playoffs,FALSE,FALSE,FALSE,2017-preseason.png,93.9,https://raw.githubusercontent.com/nflverse/nfldata/master/data/standings.csv,https://raw.githubusercontent.com/nflverse/nfldata/master/data/games.csv
2017,LV,RAIDERS,Oakland Raiders,Oakland,Raiders,AFC,AFC West,3,TRUE,TRUE,4,0,4,0,0,64,85,-21,16,6,10,0,0.375,301,373,-72,,FALSE,,Missed playoffs,FALSE,FALSE,FALSE,2017-preseason.png,94.3,https://raw.githubusercontent.com/nflverse/nfldata/master/data/standings.csv,https://raw.githubusercontent.com/nflverse/nfldata/master/data/games.csv
2017,DEN,BRONCOS,Denver Broncos,Denver,Broncos,AFC,AFC West,4,TRUE,TRUE,4,4,0,0,1,107,50,57,16,5,11,0,0.3125,289,382,-93,,FALSE,,Missed playoffs,FALSE,FALSE,FALSE,2017-preseason.png,94.6,https://raw.githubusercontent.com/nflverse/nfldata/master/data/standings.csv,https://raw.githubusercontent.com/nflverse/nfldata/master/data/games.csv
2017,PHI,EAGLES,Philadelphia Eagles,Philadelphia,Eagles,NFC,NFC East,1,TRUE,TRUE,4,2,2,0,0.5,77,87,-10,16,13,3,0,0.8125,457,295,162,1,TRUE,WonSB,Won Super Bowl,TRUE,TRUE,FALSE,2017-preseason.png,92.6,https://raw.githubusercontent.com/nflverse/nfldata/master/data/standings.csv,https://raw.githubusercontent.com/nflverse/nfldata/master/data/games.csv
2017,DAL,COWBOYS,Dallas Cowboys,Dallas,Cowboys,NFC,NFC East,2,TRUE,TRUE,3,2,1,0,0.666667,58,52,6,16,9,7,0,0.5625,354,332,22,,FALSE,,Missed playoffs,FALSE,FALSE,FALSE,2017-preseason.png,91.3,https://raw.githubusercontent.com/nflverse/nfldata/master/data/standings.csv,https://raw.githubusercontent.com/nflverse/nfldata/master/data/games.csv
2017,WAS,WASHINGTON,Washington Redskins,Washington,Redskins,NFC,NFC East,3,TRUE,TRUE,4,2,2,0,0.5,56,71,-15,16,7,9,0,0.4375,342,388,-46,,FALSE,,Missed playoffs,FALSE,FALSE,FALSE,2017-preseason.png,93.9,https://raw.githubusercontent.com/nflverse/nfldata/master/data/standings.csv,https://raw.githubusercontent.com/nflverse/nfldata/master/data/games.csv
2017,NYG,GIANTS,New York Giants,New York,Giants,NFC,NFC East,4,TRUE,TRUE,4,2,2,0,0.5,90,99,-9,16,3,13,0,0.1875,246,388,-142,,FALSE,,Missed playoffs,FALSE,FALSE,FALSE,2017-preseason.png,94.6,https://raw.githubusercontent.com/nflverse/nfldata/master/data/standings.csv,https://raw.githubusercontent.com/nflverse/nfldata/master/data/games.csv
2017,MIN,VIKINGS,Minnesota Vikings,Minnesota,Vikings,NFC,NFC North,1,TRUE,TRUE,4,2,2,0,0.5,71,91,-20,16,13,3,0,0.8125,382,252,130,2,TRUE,LostCC,Lost Conference Championship,FALSE,FALSE,FALSE,2017-preseason.png,90.7,https://raw.githubusercontent.com/nflverse/nfldata/master/data/standings.csv,https://raw.githubusercontent.com/nflverse/nfldata/master/data/games.csv
2017,DET,LIONS,Detroit Lions,Detroit,Lions,NFC,NFC North,2,TRUE,TRUE,4,2,2,0,0.5,85,73,12,16,9,7,0,0.5625,410,376,34,,FALSE,,Missed playoffs,FALSE,FALSE,FALSE,2017-preseason.png,95.2,https://raw.githubusercontent.com/nflverse/nfldata/master/data/standings.csv,https://raw.githubusercontent.com/nflverse/nfldata/master/data/games.csv
2017,GB,PACKERS,Green Bay Packers,Green Bay,Packers,NFC,NFC North,3,TRUE,TRUE,4,3,1,0,0.75,86,56,30,16,7,9,0,0.4375,320,384,-64,,FALSE,,Missed playoffs,FALSE,FALSE,FALSE,2017-preseason.png,92.8,https://raw.githubusercontent.com/nflverse/nfldata/master/data/standings.csv,https://raw.githubusercontent.com/nflverse/nfldata/master/data/games.csv
2017,CHI,BEARS,Chicago Bears,Chicago,Bears,NFC,NFC North,4,TRUE,TRUE,4,2,2,0,0.5,60,79,-19,16,5,11,0,0.3125,264,320,-56,,FALSE,,Missed playoffs,FALSE,FALSE,FALSE,2017-preseason.png,94,https://raw.githubusercontent.com/nflverse/nfldata/master/data/standings.csv,https://raw.githubusercontent.com/nflverse/nfldata/master/data/games.csv
2017,NO,SAINTS,New Orleans Saints,New Orleans,Saints,NFC,NFC South,1,TRUE,TRUE,4,2,2,0,0.5,53,41,12,16,11,5,0,0.6875,448,326,122,4,TRUE,LostDV,Lost Divisional,FALSE,FALSE,FALSE,2017-preseason.png,95.1,https://raw.githubusercontent.com/nflverse/nfldata/master/data/standings.csv,https://raw.githubusercontent.com/nflverse/nfldata/master/data/games.csv
2017,CAR,PANTHERS,Carolina Panthers,Carolina,Panthers,NFC,NFC South,2,TRUE,TRUE,4,2,2,0,0.5,92,91,1,16,11,5,0,0.6875,363,327,36,5,TRUE,LostWC,Lost Wild Card,FALSE,FALSE,FALSE,2017-preseason.png,93.1,https://raw.githubusercontent.com/nflverse/nfldata/master/data/standings.csv,https://raw.githubusercontent.com/nflverse/nfldata/master/data/games.csv
2017,ATL,FALCONS,Atlanta Falcons,Atlanta,Falcons,NFC,NFC South,3,TRUE,TRUE,4,0,4,0,0,54,77,-23,16,10,6,0,0.625,353,315,38,6,TRUE,LostDV,Lost Divisional,FALSE,FALSE,FALSE,2017-preseason.png,95,https://raw.githubusercontent.com/nflverse/nfldata/master/data/standings.csv,https://raw.githubusercontent.com/nflverse/nfldata/master/data/games.csv
2017,TB,BUCCANEERS,Tampa Bay Buccaneers,Tampa Bay,Buccaneers,NFC,NFC South,4,TRUE,TRUE,4,1,3,0,0.25,43,57,-14,16,5,11,0,0.3125,335,382,-47,,FALSE,,Missed playoffs,FALSE,FALSE,FALSE,2017-preseason.png,94,https://raw.githubusercontent.com/nflverse/nfldata/master/data/standings.csv,https://raw.githubusercontent.com/nflverse/nfldata/master/data/games.csv
2017,LA,RAMS,Los Angeles Rams,Los Angeles,Rams,NFC,NFC West,1,TRUE,TRUE,4,2,2,0,0.5,66,76,-10,16,11,5,0,0.6875,478,329,149,3,TRUE,LostWC,Lost Wild Card,FALSE,FALSE,FALSE,2017-preseason.png,94.4,https://raw.githubusercontent.com/nflverse/nfldata/master/data/standings.csv,https://raw.githubusercontent.com/nflverse/nfldata/master/data/games.csv
2017,SEA,SEAHAWKS,Seattle Seahawks,Seattle,Seahawks,NFC,NFC West,2,TRUE,TRUE,4,4,0,0,1,111,56,55,16,9,7,0,0.5625,366,332,34,,FALSE,,Missed playoffs,FALSE,FALSE,FALSE,2017-preseason.png,94.7,https://raw.githubusercontent.com/nflverse/nfldata/master/data/standings.csv,https://raw.githubusercontent.com/nflverse/nfldata/master/data/games.csv
2017,ARI,CARDINALS,Arizona Cardinals,Arizona,Cardinals,NFC,NFC West,3,TRUE,TRUE,4,2,2,0,0.5,69,78,-9,16,8,8,0,0.5,295,361,-66,,FALSE,,Missed playoffs,FALSE,FALSE,FALSE,2017-preseason.png,95.2,https://raw.githubusercontent.com/nflverse/nfldata/master/data/standings.csv,https://raw.githubusercontent.com/nflverse/nfldata/master/data/games.csv
2017,SF,49ERS,San Francisco 49ers,San Francisco,49ers,NFC,NFC West,4,TRUE,TRUE,4,2,2,0,0.5,95,95,0,16,6,10,0,0.375,331,383,-52,,FALSE,,Missed playoffs,FALSE,FALSE,FALSE,2017-preseason.png,93.9,https://raw.githubusercontent.com/nflverse/nfldata/master/data/standings.csv,https://raw.githubusercontent.com/nflverse/nfldata/master/data/games.csv
2018,NE,PATRIOTS,New England Patriots,New England,Patriots,AFC,AFC East,1,TRUE,TRUE,4,3,1,0,0.75,94,74,20,16,11,5,0,0.6875,436,325,111,2,TRUE,WonSB,Won Super Bowl,TRUE,TRUE,FALSE,2018-preseason.png,93,https://raw.githubusercontent.com/nflverse/nfldata/master/data/standings.csv,https://raw.githubusercontent.com/nflverse/nfldata/master/data/games.csv
2018,MIA,DOLPHINS,Miami Dolphins,Miami,Dolphins,AFC,AFC East,2,TRUE,TRUE,4,1,3,0,0.25,88,87,1,16,7,9,0,0.4375,319,433,-114,,FALSE,,Missed playoffs,FALSE,FALSE,FALSE,2018-preseason.png,95,https://raw.githubusercontent.com/nflverse/nfldata/master/data/standings.csv,https://raw.githubusercontent.com/nflverse/nfldata/master/data/games.csv
2018,BUF,BILLS,Buffalo Bills,Buffalo,Bills,AFC,AFC East,3,TRUE,TRUE,4,2,2,0,0.5,83,98,-15,16,6,10,0,0.375,269,374,-105,,FALSE,,Missed playoffs,FALSE,FALSE,FALSE,2018-preseason.png,93.1,https://raw.githubusercontent.com/nflverse/nfldata/master/data/standings.csv,https://raw.githubusercontent.com/nflverse/nfldata/master/data/games.csv
2018,NYJ,JETS,New York Jets,New York,Jets,AFC,AFC East,4,TRUE,TRUE,4,1,3,0,0.25,55,47,8,16,4,12,0,0.25,333,441,-108,,FALSE,,Missed playoffs,FALSE,FALSE,FALSE,2018-preseason.png,94.9,https://raw.githubusercontent.com/nflverse/nfldata/master/data/standings.csv,https://raw.githubusercontent.com/nflverse/nfldata/master/data/games.csv
2018,BAL,RAVENS,Baltimore Ravens,Baltimore,Ravens,AFC,AFC North,1,TRUE,TRUE,5,5,0,0,1,127,72,55,16,10,6,0,0.625,389,287,102,4,TRUE,LostWC,Lost Wild Card,FALSE,FALSE,FALSE,2018-preseason.png,90.4,https://raw.githubusercontent.com/nflverse/nfldata/master/data/standings.csv,https://raw.githubusercontent.com/nflverse/nfldata/master/data/games.csv
2018,PIT,STEELERS,Pittsburgh Steelers,Pittsburgh,Steelers,AFC,AFC North,2,TRUE,TRUE,4,3,1,0,0.75,120,95,25,16,9,6,1,0.59375,428,360,68,,FALSE,,Missed playoffs,FALSE,FALSE,FALSE,2018-preseason.png,92.1,https://raw.githubusercontent.com/nflverse/nfldata/master/data/standings.csv,https://raw.githubusercontent.com/nflverse/nfldata/master/data/games.csv
2018,CLE,BROWNS,Cleveland Browns,Cleveland,Browns,AFC,AFC North,3,TRUE,TRUE,4,3,1,0,0.75,77,46,31,16,7,8,1,0.46875,359,392,-33,,FALSE,,Missed playoffs,FALSE,FALSE,FALSE,2018-preseason.png,92.9,https://raw.githubusercontent.com/nflverse/nfldata/master/data/standings.csv,https://raw.githubusercontent.com/nflverse/nfldata/master/data/games.csv
2018,CIN,BENGALS,Cincinnati Bengals,Cincinnati,Bengals,AFC,AFC North,4,TRUE,TRUE,4,3,1,0,0.75,103,80,23,16,6,10,0,0.375,368,455,-87,,FALSE,,Missed playoffs,FALSE,FALSE,FALSE,2018-preseason.png,91.8,https://raw.githubusercontent.com/nflverse/nfldata/master/data/standings.csv,https://raw.githubusercontent.com/nflverse/nfldata/master/data/games.csv
2018,HOU,TEXANS,Houston Texans,Houston,Texans,AFC,AFC South,1,TRUE,TRUE,4,3,1,0,0.75,67,50,17,16,11,5,0,0.6875,402,316,86,3,TRUE,LostWC,Lost Wild Card,FALSE,FALSE,FALSE,2018-preseason.png,90.6,https://raw.githubusercontent.com/nflverse/nfldata/master/data/standings.csv,https://raw.githubusercontent.com/nflverse/nfldata/master/data/games.csv
2018,IND,COLTS,Indianapolis Colts,Indianapolis,Colts,AFC,AFC South,2,TRUE,TRUE,4,3,1,0,0.75,88,80,8,16,10,6,0,0.625,433,344,89,6,TRUE,LostDV,Lost Divisional,FALSE,FALSE,FALSE,2018-preseason.png,95.6,https://raw.githubusercontent.com/nflverse/nfldata/master/data/standings.csv,https://raw.githubusercontent.com/nflverse/nfldata/master/data/games.csv
2018,TEN,TITANS,Tennessee Titans,Tennessee,Titans,AFC,AFC South,3,TRUE,TRUE,4,0,4,0,0,40,90,-50,16,9,7,0,0.5625,310,303,7,,FALSE,,Missed playoffs,FALSE,FALSE,FALSE,2018-preseason.png,94.7,https://raw.githubusercontent.com/nflverse/nfldata/master/data/standings.csv,https://raw.githubusercontent.com/nflverse/nfldata/master/data/games.csv
2018,JAX,JAGUARS,Jacksonville Jaguars,Jacksonville,Jaguars,AFC,AFC South,4,TRUE,TRUE,4,3,1,0,0.75,76,50,26,16,5,11,0,0.3125,245,316,-71,,FALSE,,Missed playoffs,FALSE,FALSE,FALSE,2018-preseason.png,95.1,https://raw.githubusercontent.com/nflverse/nfldata/master/data/standings.csv,https://raw.githubusercontent.com/nflverse/nfldata/master/data/games.csv
2018,KC,CHIEFS,Kansas City Chiefs,Kansas City,Chiefs,AFC,AFC West,1,TRUE,TRUE,4,2,2,0,0.5,91,79,12,16,12,4,0,0.75,565,421,144,1,TRUE,LostCC,Lost Conference Championship,FALSE,FALSE,FALSE,2018-preseason.png,93.1,https://raw.githubusercontent.com/nflverse/nfldata/master/data/standings.csv,https://raw.githubusercontent.com/nflverse/nfldata/master/data/games.csv
2018,LAC,CHARGERS,Los Angeles Chargers,Los Angeles,Chargers,AFC,AFC West,2,TRUE,TRUE,4,2,2,0,0.5,71,95,-24,16,12,4,0,0.75,428,329,99,5,TRUE,LostDV,Lost Divisional,FALSE,FALSE,FALSE,2018-preseason.png,90.4,https://raw.githubusercontent.com/nflverse/nfldata/master/data/standings.csv,https://raw.githubusercontent.com/nflverse/nfldata/master/data/games.csv
2018,DEN,BRONCOS,Denver Broncos,Denver,Broncos,AFC,AFC West,3,TRUE,TRUE,4,2,2,0,0.5,101,93,8,16,6,10,0,0.375,329,349,-20,,FALSE,,Missed playoffs,FALSE,FALSE,FALSE,2018-preseason.png,92.6,https://raw.githubusercontent.com/nflverse/nfldata/master/data/standings.csv,https://raw.githubusercontent.com/nflverse/nfldata/master/data/games.csv
2018,LV,RAIDERS,Oakland Raiders,Oakland,Raiders,AFC,AFC West,4,TRUE,TRUE,4,3,1,0,0.75,74,54,20,16,4,12,0,0.25,290,467,-177,,FALSE,,Missed playoffs,FALSE,FALSE,FALSE,2018-preseason.png,91.2,https://raw.githubusercontent.com/nflverse/nfldata/master/data/standings.csv,https://raw.githubusercontent.com/nflverse/nfldata/master/data/games.csv
2018,DAL,COWBOYS,Dallas Cowboys,Dallas,Cowboys,NFC,NFC East,1,TRUE,TRUE,4,0,4,0,0,43,86,-43,16,10,6,0,0.625,339,324,15,4,TRUE,LostDV,Lost Divisional,FALSE,FALSE,FALSE,2018-preseason.png,93.9,https://raw.githubusercontent.com/nflverse/nfldata/master/data/standings.csv,https://raw.githubusercontent.com/nflverse/nfldata/master/data/games.csv
2018,PHI,EAGLES,Philadelphia Eagles,Philadelphia,Eagles,NFC,NFC East,2,TRUE,TRUE,4,1,3,0,0.25,44,82,-38,16,9,7,0,0.5625,367,348,19,6,TRUE,LostDV,Lost Divisional,FALSE,FALSE,FALSE,2018-preseason.png,93.1,https://raw.githubusercontent.com/nflverse/nfldata/master/data/standings.csv,https://raw.githubusercontent.com/nflverse/nfldata/master/data/games.csv
2018,WAS,WASHINGTON,Washington Redskins,Washington,Redskins,NFC,NFC East,3,TRUE,TRUE,4,1,3,0,0.25,69,98,-29,16,7,9,0,0.4375,281,359,-78,,FALSE,,Missed playoffs,FALSE,FALSE,FALSE,2018-preseason.png,93.7,https://raw.githubusercontent.com/nflverse/nfldata/master/data/standings.csv,https://raw.githubusercontent.com/nflverse/nfldata/master/data/games.csv
2018,NYG,GIANTS,New York Giants,New York,Giants,NFC,NFC East,4,TRUE,TRUE,4,2,2,0,0.5,74,70,4,16,5,11,0,0.3125,369,412,-43,,FALSE,,Missed playoffs,FALSE,FALSE,FALSE,2018-preseason.png,95.4,https://raw.githubusercontent.com/nflverse/nfldata/master/data/standings.csv,https://raw.githubusercontent.com/nflverse/nfldata/master/data/games.csv
2018,CHI,BEARS,Chicago Bears,Chicago,Bears,NFC,NFC North,1,TRUE,TRUE,5,2,3,0,0.4,121,118,3,16,12,4,0,0.75,421,283,138,3,TRUE,LostWC,Lost Wild Card,FALSE,FALSE,FALSE,2018-preseason.png,93.4,https://raw.githubusercontent.com/nflverse/nfldata/master/data/standings.csv,https://raw.githubusercontent.com/nflverse/nfldata/master/data/games.csv
2018,MIN,VIKINGS,Minnesota Vikings,Minnesota,Vikings,NFC,NFC North,2,TRUE,TRUE,4,3,1,0,0.75,86,65,21,16,8,7,1,0.53125,360,341,19,,FALSE,,Missed playoffs,FALSE,FALSE,FALSE,2018-preseason.png,96.1,https://raw.githubusercontent.com/nflverse/nfldata/master/data/standings.csv,https://raw.githubusercontent.com/nflverse/nfldata/master/data/games.csv
2018,GB,PACKERS,Green Bay Packers,Green Bay,Packers,NFC,NFC North,3,TRUE,TRUE,4,2,2,0,0.5,109,97,12,16,6,9,1,0.40625,376,400,-24,,FALSE,,Missed playoffs,FALSE,FALSE,FALSE,2018-preseason.png,95.8,https://raw.githubusercontent.com/nflverse/nfldata/master/data/standings.csv,https://raw.githubusercontent.com/nflverse/nfldata/master/data/games.csv
2018,DET,LIONS,Detroit Lions,Detroit,Lions,NFC,NFC North,4,TRUE,TRUE,4,1,3,0,0.25,77,111,-34,16,6,10,0,0.375,324,360,-36,,FALSE,,Missed playoffs,FALSE,FALSE,FALSE,2018-preseason.png,88.1,https://raw.githubusercontent.com/nflverse/nfldata/master/data/standings.csv,https://raw.githubusercontent.com/nflverse/nfldata/master/data/games.csv
2018,NO,SAINTS,New Orleans Saints,New Orleans,Saints,NFC,NFC South,1,TRUE,TRUE,4,3,1,0,0.75,103,47,56,16,13,3,0,0.8125,504,353,151,1,TRUE,LostCC,Lost Conference Championship,FALSE,FALSE,FALSE,2018-preseason.png,91.6,https://raw.githubusercontent.com/nflverse/nfldata/master/data/standings.csv,https://raw.githubusercontent.com/nflverse/nfldata/master/data/games.csv
2018,ATL,FALCONS,Atlanta Falcons,Atlanta,Falcons,NFC,NFC South,2,TRUE,TRUE,4,0,4,0,0,27,96,-69,16,7,9,0,0.4375,414,423,-9,,FALSE,,Missed playoffs,FALSE,FALSE,FALSE,2018-preseason.png,94.4,https://raw.githubusercontent.com/nflverse/nfldata/master/data/standings.csv,https://raw.githubusercontent.com/nflverse/nfldata/master/data/games.csv
2018,CAR,PANTHERS,Carolina Panthers,Carolina,Panthers,NFC,NFC South,3,TRUE,TRUE,4,3,1,0,0.75,104,96,8,16,7,9,0,0.4375,376,382,-6,,FALSE,,Missed playoffs,FALSE,FALSE,FALSE,2018-preseason.png,94.3,https://raw.githubusercontent.com/nflverse/nfldata/master/data/standings.csv,https://raw.githubusercontent.com/nflverse/nfldata/master/data/games.csv
2018,TB,BUCCANEERS,Tampa Bay Buccaneers,Tampa Bay,Buccaneers,NFC,NFC South,4,TRUE,TRUE,4,2,2,0,0.5,96,96,0,16,5,11,0,0.3125,396,464,-68,,FALSE,,Missed playoffs,FALSE,FALSE,FALSE,2018-preseason.png,88.6,https://raw.githubusercontent.com/nflverse/nfldata/master/data/standings.csv,https://raw.githubusercontent.com/nflverse/nfldata/master/data/games.csv
2018,LA,RAMS,Los Angeles Rams,Los Angeles,Rams,NFC,NFC West,1,TRUE,TRUE,4,2,2,0,0.5,47,96,-49,16,13,3,0,0.8125,527,384,143,2,TRUE,LostSB,Lost Super Bowl,TRUE,FALSE,TRUE,2018-preseason.png,94.7,https://raw.githubusercontent.com/nflverse/nfldata/master/data/standings.csv,https://raw.githubusercontent.com/nflverse/nfldata/master/data/games.csv
2018,SEA,SEAHAWKS,Seattle Seahawks,Seattle,Seahawks,NFC,NFC West,2,TRUE,TRUE,4,0,4,0,0,70,94,-24,16,10,6,0,0.625,428,347,81,5,TRUE,LostWC,Lost Wild Card,FALSE,FALSE,FALSE,2018-preseason.png,94.7,https://raw.githubusercontent.com/nflverse/nfldata/master/data/standings.csv,https://raw.githubusercontent.com/nflverse/nfldata/master/data/games.csv
2018,SF,49ERS,San Francisco 49ers,San Francisco,49ers,NFC,NFC West,3,TRUE,TRUE,4,1,3,0,0.25,75,83,-8,16,4,12,0,0.25,342,435,-93,,FALSE,,Missed playoffs,FALSE,FALSE,FALSE,2018-preseason.png,94.6,https://raw.githubusercontent.com/nflverse/nfldata/master/data/standings.csv,https://raw.githubusercontent.com/nflverse/nfldata/master/data/games.csv
2018,ARI,CARDINALS,Arizona Cardinals,Arizona,Cardinals,NFC,NFC West,4,TRUE,TRUE,4,3,1,0,0.75,81,56,25,16,3,13,0,0.1875,225,425,-200,,FALSE,,Missed playoffs,FALSE,FALSE,FALSE,2018-preseason.png,94.7,https://raw.githubusercontent.com/nflverse/nfldata/master/data/standings.csv,https://raw.githubusercontent.com/nflverse/nfldata/master/data/games.csv
2019,NE,PATRIOTS,New England Patriots,New England,Patriots,AFC,AFC East,1,TRUE,TRUE,4,3,1,0,0.75,92,54,38,16,12,4,0,0.75,420,225,195,3,TRUE,LostWC,Lost Wild Card,FALSE,FALSE,FALSE,2019-preseason.png,93.5,https://raw.githubusercontent.com/nflverse/nfldata/master/data/standings.csv,https://raw.githubusercontent.com/nflverse/nfldata/master/data/games.csv
2019,BUF,BILLS,Buffalo Bills,Buffalo,Bills,AFC,AFC East,2,TRUE,TRUE,4,4,0,0,1,102,73,29,16,10,6,0,0.625,314,259,55,5,TRUE,LostWC,Lost Wild Card,FALSE,FALSE,FALSE,2019-preseason.png,94.4,https://raw.githubusercontent.com/nflverse/nfldata/master/data/standings.csv,https://raw.githubusercontent.com/nflverse/nfldata/master/data/games.csv
2019,NYJ,JETS,New York Jets,New York,Jets,AFC,AFC East,3,TRUE,TRUE,4,2,2,0,0.5,63,69,-6,16,7,9,0,0.4375,276,359,-83,,FALSE,,Missed playoffs,FALSE,FALSE,FALSE,2019-preseason.png,94.6,https://raw.githubusercontent.com/nflverse/nfldata/master/data/standings.csv,https://raw.githubusercontent.com/nflverse/nfldata/master/data/games.csv
2019,MIA,DOLPHINS,Miami Dolphins,Miami,Dolphins,AFC,AFC East,4,TRUE,TRUE,4,3,1,0,0.75,86,63,23,16,5,11,0,0.3125,306,494,-188,,FALSE,,Missed playoffs,FALSE,FALSE,FALSE,2019-preseason.png,94.1,https://raw.githubusercontent.com/nflverse/nfldata/master/data/standings.csv,https://raw.githubusercontent.com/nflverse/nfldata/master/data/games.csv
2019,BAL,RAVENS,Baltimore Ravens,Baltimore,Ravens,AFC,AFC North,1,TRUE,TRUE,4,4,0,0,1,101,35,66,16,14,2,0,0.875,531,282,249,1,TRUE,LostDV,Lost Divisional,FALSE,FALSE,FALSE,2019-preseason.png,96.3,https://raw.githubusercontent.com/nflverse/nfldata/master/data/standings.csv,https://raw.githubusercontent.com/nflverse/nfldata/master/data/games.csv
2019,PIT,STEELERS,Pittsburgh Steelers,Pittsburgh,Steelers,AFC,AFC North,2,TRUE,TRUE,4,3,1,0,0.75,84,66,18,16,8,8,0,0.5,289,303,-14,,FALSE,,Missed playoffs,FALSE,FALSE,FALSE,2019-preseason.png,95.3,https://raw.githubusercontent.com/nflverse/nfldata/master/data/standings.csv,https://raw.githubusercontent.com/nflverse/nfldata/master/data/games.csv
2019,CLE,BROWNS,Cleveland Browns,Cleveland,Browns,AFC,AFC North,3,TRUE,TRUE,4,3,1,0,0.75,83,57,26,16,6,10,0,0.375,335,393,-58,,FALSE,,Missed playoffs,FALSE,FALSE,FALSE,2019-preseason.png,93.6,https://raw.githubusercontent.com/nflverse/nfldata/master/data/standings.csv,https://raw.githubusercontent.com/nflverse/nfldata/master/data/games.csv
2019,CIN,BENGALS,Cincinnati Bengals,Cincinnati,Bengals,AFC,AFC North,4,TRUE,TRUE,4,1,3,0,0.25,69,89,-20,16,2,14,0,0.125,279,420,-141,,FALSE,,Missed playoffs,FALSE,FALSE,FALSE,2019-preseason.png,92.4,https://raw.githubusercontent.com/nflverse/nfldata/master/data/standings.csv,https://raw.githubusercontent.com/nflverse/nfldata/master/data/games.csv
2019,HOU,TEXANS,Houston Texans,Houston,Texans,AFC,AFC South,1,TRUE,TRUE,4,1,3,0,0.25,66,107,-41,16,10,6,0,0.625,378,385,-7,4,TRUE,LostDV,Lost Divisional,FALSE,FALSE,FALSE,2019-preseason.png,87.6,https://raw.githubusercontent.com/nflverse/nfldata/master/data/standings.csv,https://raw.githubusercontent.com/nflverse/nfldata/master/data/games.csv
2019,TEN,TITANS,Tennessee Titans,Tennessee,Titans,AFC,AFC South,2,TRUE,TRUE,4,2,2,0,0.5,69,65,4,16,9,7,0,0.5625,402,331,71,6,TRUE,LostCC,Lost Conference Championship,FALSE,FALSE,FALSE,2019-preseason.png,96,https://raw.githubusercontent.com/nflverse/nfldata/master/data/standings.csv,https://raw.githubusercontent.com/nflverse/nfldata/master/data/games.csv
2019,IND,COLTS,Indianapolis Colts,Indianapolis,Colts,AFC,AFC South,3,TRUE,TRUE,4,1,3,0,0.25,64,78,-14,16,7,9,0,0.4375,361,373,-12,,FALSE,,Missed playoffs,FALSE,FALSE,FALSE,2019-preseason.png,94.2,https://raw.githubusercontent.com/nflverse/nfldata/master/data/standings.csv,https://raw.githubusercontent.com/nflverse/nfldata/master/data/games.csv
2019,JAX,JAGUARS,Jacksonville Jaguars,Jacksonville,Jaguars,AFC,AFC South,4,TRUE,TRUE,4,0,4,0,0,29,106,-77,16,6,10,0,0.375,300,397,-97,,FALSE,,Missed playoffs,FALSE,FALSE,FALSE,2019-preseason.png,93.3,https://raw.githubusercontent.com/nflverse/nfldata/master/data/standings.csv,https://raw.githubusercontent.com/nflverse/nfldata/master/data/games.csv
2019,KC,CHIEFS,Kansas City Chiefs,Kansas City,Chiefs,AFC,AFC West,1,TRUE,TRUE,4,1,3,0,0.25,82,88,-6,16,12,4,0,0.75,451,308,143,2,TRUE,WonSB,Won Super Bowl,TRUE,TRUE,FALSE,2019-preseason.png,95,https://raw.githubusercontent.com/nflverse/nfldata/master/data/standings.csv,https://raw.githubusercontent.com/nflverse/nfldata/master/data/games.csv
2019,DEN,BRONCOS,Denver Broncos,Denver,Broncos,AFC,AFC West,2,TRUE,TRUE,5,2,3,0,0.4,69,73,-4,16,7,9,0,0.4375,282,316,-34,,FALSE,,Missed playoffs,FALSE,FALSE,FALSE,2019-preseason.png,94.6,https://raw.githubusercontent.com/nflverse/nfldata/master/data/standings.csv,https://raw.githubusercontent.com/nflverse/nfldata/master/data/games.csv
2019,LV,RAIDERS,Oakland Raiders,Oakland,Raiders,AFC,AFC West,3,TRUE,TRUE,4,3,1,0,0.75,84,67,17,16,7,9,0,0.4375,313,419,-106,,FALSE,,Missed playoffs,FALSE,FALSE,FALSE,2019-preseason.png,92.4,https://raw.githubusercontent.com/nflverse/nfldata/master/data/standings.csv,https://raw.githubusercontent.com/nflverse/nfldata/master/data/games.csv
2019,LAC,CHARGERS,Los Angeles Chargers,Los Angeles,Chargers,AFC,AFC West,4,TRUE,TRUE,4,1,3,0,0.25,72,83,-11,16,5,11,0,0.3125,337,345,-8,,FALSE,,Missed playoffs,FALSE,FALSE,FALSE,2019-preseason.png,89.8,https://raw.githubusercontent.com/nflverse/nfldata/master/data/standings.csv,https://raw.githubusercontent.com/nflverse/nfldata/master/data/games.csv
2019,PHI,EAGLES,Philadelphia Eagles,Philadelphia,Eagles,NFC,NFC East,1,TRUE,TRUE,4,1,3,0,0.25,49,69,-20,16,9,7,0,0.5625,385,354,31,4,TRUE,LostWC,Lost Wild Card,FALSE,FALSE,FALSE,2019-preseason.png,93.6,https://raw.githubusercontent.com/nflverse/nfldata/master/data/standings.csv,https://raw.githubusercontent.com/nflverse/nfldata/master/data/games.csv
2019,DAL,COWBOYS,Dallas Cowboys,Dallas,Cowboys,NFC,NFC East,2,TRUE,TRUE,4,2,2,0,0.5,72,44,28,16,8,8,0,0.5,434,321,113,,FALSE,,Missed playoffs,FALSE,FALSE,FALSE,2019-preseason.png,96.3,https://raw.githubusercontent.com/nflverse/nfldata/master/data/standings.csv,https://raw.githubusercontent.com/nflverse/nfldata/master/data/games.csv
2019,NYG,GIANTS,New York Giants,New York,Giants,NFC,NFC East,3,TRUE,TRUE,4,4,0,0,1,119,87,32,16,4,12,0,0.25,341,451,-110,,FALSE,,Missed playoffs,FALSE,FALSE,FALSE,2019-preseason.png,96.4,https://raw.githubusercontent.com/nflverse/nfldata/master/data/standings.csv,https://raw.githubusercontent.com/nflverse/nfldata/master/data/games.csv
2019,WAS,WASHINGTON,Washington Redskins,Washington,Redskins,NFC,NFC East,4,TRUE,TRUE,4,1,3,0,0.25,49,80,-31,16,3,13,0,0.1875,266,435,-169,,FALSE,,Missed playoffs,FALSE,FALSE,FALSE,2019-preseason.png,91.7,https://raw.githubusercontent.com/nflverse/nfldata/master/data/standings.csv,https://raw.githubusercontent.com/nflverse/nfldata/master/data/games.csv
2019,GB,PACKERS,Green Bay Packers,Green Bay,Packers,NFC,NFC North,1,TRUE,TRUE,4,2,2,0,0.5,89,94,-5,16,13,3,0,0.8125,376,313,63,2,TRUE,LostCC,Lost Conference Championship,FALSE,FALSE,FALSE,2019-preseason.png,95.3,https://raw.githubusercontent.com/nflverse/nfldata/master/data/standings.csv,https://raw.githubusercontent.com/nflverse/nfldata/master/data/games.csv
2019,MIN,VIKINGS,Minnesota Vikings,Minnesota,Vikings,NFC,NFC North,2,TRUE,TRUE,4,3,1,0,0.75,102,80,22,16,10,6,0,0.625,407,303,104,6,TRUE,LostDV,Lost Divisional,FALSE,FALSE,FALSE,2019-preseason.png,90.9,https://raw.githubusercontent.com/nflverse/nfldata/master/data/standings.csv,https://raw.githubusercontent.com/nflverse/nfldata/master/data/games.csv
2019,CHI,BEARS,Chicago Bears,Chicago,Bears,NFC,NFC North,3,TRUE,TRUE,4,1,3,0,0.25,68,91,-23,16,8,8,0,0.5,280,298,-18,,FALSE,,Missed playoffs,FALSE,FALSE,FALSE,2019-preseason.png,93.4,https://raw.githubusercontent.com/nflverse/nfldata/master/data/standings.csv,https://raw.githubusercontent.com/nflverse/nfldata/master/data/games.csv
2019,DET,LIONS,Detroit Lions,Detroit,Lions,NFC,NFC North,4,TRUE,TRUE,4,0,4,0,0,62,105,-43,16,3,12,1,0.21875,341,423,-82,,FALSE,,Missed playoffs,FALSE,FALSE,FALSE,2019-preseason.png,94.9,https://raw.githubusercontent.com/nflverse/nfldata/master/data/standings.csv,https://raw.githubusercontent.com/nflverse/nfldata/master/data/games.csv
2019,NO,SAINTS,New Orleans Saints,New Orleans,Saints,NFC,NFC South,1,TRUE,TRUE,4,2,2,0,0.5,85,80,5,16,13,3,0,0.8125,458,341,117,3,TRUE,LostWC,Lost Wild Card,FALSE,FALSE,FALSE,2019-preseason.png,95.6,https://raw.githubusercontent.com/nflverse/nfldata/master/data/standings.csv,https://raw.githubusercontent.com/nflverse/nfldata/master/data/games.csv
2019,ATL,FALCONS,Atlanta Falcons,Atlanta,Falcons,NFC,NFC South,2,TRUE,TRUE,5,1,4,0,0.2,85,101,-16,16,7,9,0,0.4375,381,399,-18,,FALSE,,Missed playoffs,FALSE,FALSE,FALSE,2019-preseason.png,94.7,https://raw.githubusercontent.com/nflverse/nfldata/master/data/standings.csv,https://raw.githubusercontent.com/nflverse/nfldata/master/data/games.csv
2019,TB,BUCCANEERS,Tampa Bay Buccaneers,Tampa Bay,Buccaneers,NFC,NFC South,3,TRUE,TRUE,4,3,1,0,0.75,74,71,3,16,7,9,0,0.4375,458,449,9,,FALSE,,Missed playoffs,FALSE,FALSE,FALSE,2019-preseason.png,94.3,https://raw.githubusercontent.com/nflverse/nfldata/master/data/standings.csv,https://raw.githubusercontent.com/nflverse/nfldata/master/data/games.csv
2019,CAR,PANTHERS,Carolina Panthers,Carolina,Panthers,NFC,NFC South,4,TRUE,TRUE,4,2,2,0,0.5,65,69,-4,16,5,11,0,0.3125,340,470,-130,,FALSE,,Missed playoffs,FALSE,FALSE,FALSE,2019-preseason.png,94.4,https://raw.githubusercontent.com/nflverse/nfldata/master/data/standings.csv,https://raw.githubusercontent.com/nflverse/nfldata/master/data/games.csv
2019,SF,49ERS,San Francisco 49ers,San Francisco,49ers,NFC,NFC West,1,TRUE,TRUE,4,3,1,0,0.75,92,68,24,16,13,3,0,0.8125,479,310,169,1,TRUE,LostSB,Lost Super Bowl,TRUE,FALSE,TRUE,2019-preseason.png,95.9,https://raw.githubusercontent.com/nflverse/nfldata/master/data/standings.csv,https://raw.githubusercontent.com/nflverse/nfldata/master/data/games.csv
2019,SEA,SEAHAWKS,Seattle Seahawks,Seattle,Seahawks,NFC,NFC West,2,TRUE,TRUE,4,3,1,0,0.75,81,69,12,16,11,5,0,0.6875,405,398,7,5,TRUE,LostDV,Lost Divisional,FALSE,FALSE,FALSE,2019-preseason.png,95.1,https://raw.githubusercontent.com/nflverse/nfldata/master/data/standings.csv,https://raw.githubusercontent.com/nflverse/nfldata/master/data/games.csv
2019,LA,RAMS,Los Angeles Rams,Los Angeles,Rams,NFC,NFC West,3,TRUE,TRUE,4,2,2,0,0.5,45,44,1,16,9,7,0,0.5625,394,364,30,,FALSE,,Missed playoffs,FALSE,FALSE,FALSE,2019-preseason.png,95.3,https://raw.githubusercontent.com/nflverse/nfldata/master/data/standings.csv,https://raw.githubusercontent.com/nflverse/nfldata/master/data/games.csv
2019,ARI,CARDINALS,Arizona Cardinals,Arizona,Cardinals,NFC,NFC West,4,TRUE,TRUE,4,1,3,0,0.25,59,86,-27,16,5,10,1,0.34375,361,442,-81,,FALSE,,Missed playoffs,FALSE,FALSE,FALSE,2019-preseason.png,92.9,https://raw.githubusercontent.com/nflverse/nfldata/master/data/standings.csv,https://raw.githubusercontent.com/nflverse/nfldata/master/data/games.csv
2020,BUF,BILLS,Buffalo Bills,Buffalo,Bills,AFC,AFC East,1,TRUE,FALSE,,,,,,,,,16,13,3,0,0.8125,501,375,126,2,TRUE,LostCC,Lost Conference Championship,FALSE,FALSE,FALSE,,,https://raw.githubusercontent.com/nflverse/nfldata/master/data/standings.csv,https://raw.githubusercontent.com/nflverse/nfldata/master/data/games.csv
2020,MIA,DOLPHINS,Miami Dolphins,Miami,Dolphins,AFC,AFC East,2,TRUE,FALSE,,,,,,,,,16,10,6,0,0.625,404,338,66,,FALSE,,Missed playoffs,FALSE,FALSE,FALSE,,,https://raw.githubusercontent.com/nflverse/nfldata/master/data/standings.csv,https://raw.githubusercontent.com/nflverse/nfldata/master/data/games.csv
2020,NE,PATRIOTS,New England Patriots,New England,Patriots,AFC,AFC East,3,TRUE,FALSE,,,,,,,,,16,7,9,0,0.4375,326,353,-27,,FALSE,,Missed playoffs,FALSE,FALSE,FALSE,,,https://raw.githubusercontent.com/nflverse/nfldata/master/data/standings.csv,https://raw.githubusercontent.com/nflverse/nfldata/master/data/games.csv
2020,NYJ,JETS,New York Jets,New York,Jets,AFC,AFC East,4,TRUE,FALSE,,,,,,,,,16,2,14,0,0.125,243,457,-214,,FALSE,,Missed playoffs,FALSE,FALSE,FALSE,,,https://raw.githubusercontent.com/nflverse/nfldata/master/data/standings.csv,https://raw.githubusercontent.com/nflverse/nfldata/master/data/games.csv
2020,PIT,STEELERS,Pittsburgh Steelers,Pittsburgh,Steelers,AFC,AFC North,1,TRUE,FALSE,,,,,,,,,16,12,4,0,0.75,416,312,104,3,TRUE,LostWC,Lost Wild Card,FALSE,FALSE,FALSE,,,https://raw.githubusercontent.com/nflverse/nfldata/master/data/standings.csv,https://raw.githubusercontent.com/nflverse/nfldata/master/data/games.csv
2020,BAL,RAVENS,Baltimore Ravens,Baltimore,Ravens,AFC,AFC North,2,TRUE,FALSE,,,,,,,,,16,11,5,0,0.6875,468,303,165,5,TRUE,LostDV,Lost Divisional,FALSE,FALSE,FALSE,,,https://raw.githubusercontent.com/nflverse/nfldata/master/data/standings.csv,https://raw.githubusercontent.com/nflverse/nfldata/master/data/games.csv
2020,CLE,BROWNS,Cleveland Browns,Cleveland,Browns,AFC,AFC North,3,TRUE,FALSE,,,,,,,,,16,11,5,0,0.6875,408,419,-11,6,TRUE,LostDV,Lost Divisional,FALSE,FALSE,FALSE,,,https://raw.githubusercontent.com/nflverse/nfldata/master/data/standings.csv,https://raw.githubusercontent.com/nflverse/nfldata/master/data/games.csv
2020,CIN,BENGALS,Cincinnati Bengals,Cincinnati,Bengals,AFC,AFC North,4,TRUE,FALSE,,,,,,,,,16,4,11,1,0.28125,311,424,-113,,FALSE,,Missed playoffs,FALSE,FALSE,FALSE,,,https://raw.githubusercontent.com/nflverse/nfldata/master/data/standings.csv,https://raw.githubusercontent.com/nflverse/nfldata/master/data/games.csv
2020,TEN,TITANS,Tennessee Titans,Tennessee,Titans,AFC,AFC South,1,TRUE,FALSE,,,,,,,,,16,11,5,0,0.6875,491,439,52,4,TRUE,LostWC,Lost Wild Card,FALSE,FALSE,FALSE,,,https://raw.githubusercontent.com/nflverse/nfldata/master/data/standings.csv,https://raw.githubusercontent.com/nflverse/nfldata/master/data/games.csv
2020,IND,COLTS,Indianapolis Colts,Indianapolis,Colts,AFC,AFC South,2,TRUE,FALSE,,,,,,,,,16,11,5,0,0.6875,451,362,89,7,TRUE,LostWC,Lost Wild Card,FALSE,FALSE,FALSE,,,https://raw.githubusercontent.com/nflverse/nfldata/master/data/standings.csv,https://raw.githubusercontent.com/nflverse/nfldata/master/data/games.csv
2020,HOU,TEXANS,Houston Texans,Houston,Texans,AFC,AFC South,3,TRUE,FALSE,,,,,,,,,16,4,12,0,0.25,384,464,-80,,FALSE,,Missed playoffs,FALSE,FALSE,FALSE,,,https://raw.githubusercontent.com/nflverse/nfldata/master/data/standings.csv,https://raw.githubusercontent.com/nflverse/nfldata/master/data/games.csv
2020,JAX,JAGUARS,Jacksonville Jaguars,Jacksonville,Jaguars,AFC,AFC South,4,TRUE,FALSE,,,,,,,,,16,1,15,0,0.0625,306,492,-186,,FALSE,,Missed playoffs,FALSE,FALSE,FALSE,,,https://raw.githubusercontent.com/nflverse/nfldata/master/data/standings.csv,https://raw.githubusercontent.com/nflverse/nfldata/master/data/games.csv
2020,KC,CHIEFS,Kansas City Chiefs,Kansas City,Chiefs,AFC,AFC West,1,TRUE,FALSE,,,,,,,,,16,14,2,0,0.875,473,362,111,1,TRUE,LostSB,Lost Super Bowl,TRUE,FALSE,TRUE,,,https://raw.githubusercontent.com/nflverse/nfldata/master/data/standings.csv,https://raw.githubusercontent.com/nflverse/nfldata/master/data/games.csv
2020,LV,RAIDERS,Las Vegas Raiders,Las Vegas,Raiders,AFC,AFC West,2,TRUE,FALSE,,,,,,,,,16,8,8,0,0.5,434,478,-44,,FALSE,,Missed playoffs,FALSE,FALSE,FALSE,,,https://raw.githubusercontent.com/nflverse/nfldata/master/data/standings.csv,https://raw.githubusercontent.com/nflverse/nfldata/master/data/games.csv
2020,LAC,CHARGERS,Los Angeles Chargers,Los Angeles,Chargers,AFC,AFC West,3,TRUE,FALSE,,,,,,,,,16,7,9,0,0.4375,384,426,-42,,FALSE,,Missed playoffs,FALSE,FALSE,FALSE,,,https://raw.githubusercontent.com/nflverse/nfldata/master/data/standings.csv,https://raw.githubusercontent.com/nflverse/nfldata/master/data/games.csv
2020,DEN,BRONCOS,Denver Broncos,Denver,Broncos,AFC,AFC West,4,TRUE,FALSE,,,,,,,,,16,5,11,0,0.3125,323,446,-123,,FALSE,,Missed playoffs,FALSE,FALSE,FALSE,,,https://raw.githubusercontent.com/nflverse/nfldata/master/data/standings.csv,https://raw.githubusercontent.com/nflverse/nfldata/master/data/games.csv
2020,WAS,WASHINGTON,Washington Football Team,Washington,Football Team,NFC,NFC East,1,TRUE,FALSE,,,,,,,,,16,7,9,0,0.4375,335,329,6,4,TRUE,LostWC,Lost Wild Card,FALSE,FALSE,FALSE,,,https://raw.githubusercontent.com/nflverse/nfldata/master/data/standings.csv,https://raw.githubusercontent.com/nflverse/nfldata/master/data/games.csv
2020,NYG,GIANTS,New York Giants,New York,Giants,NFC,NFC East,2,TRUE,FALSE,,,,,,,,,16,6,10,0,0.375,280,357,-77,,FALSE,,Missed playoffs,FALSE,FALSE,FALSE,,,https://raw.githubusercontent.com/nflverse/nfldata/master/data/standings.csv,https://raw.githubusercontent.com/nflverse/nfldata/master/data/games.csv
2020,DAL,COWBOYS,Dallas Cowboys,Dallas,Cowboys,NFC,NFC East,3,TRUE,FALSE,,,,,,,,,16,6,10,0,0.375,395,473,-78,,FALSE,,Missed playoffs,FALSE,FALSE,FALSE,,,https://raw.githubusercontent.com/nflverse/nfldata/master/data/standings.csv,https://raw.githubusercontent.com/nflverse/nfldata/master/data/games.csv
2020,PHI,EAGLES,Philadelphia Eagles,Philadelphia,Eagles,NFC,NFC East,4,TRUE,FALSE,,,,,,,,,16,4,11,1,0.28125,334,418,-84,,FALSE,,Missed playoffs,FALSE,FALSE,FALSE,,,https://raw.githubusercontent.com/nflverse/nfldata/master/data/standings.csv,https://raw.githubusercontent.com/nflverse/nfldata/master/data/games.csv
2020,GB,PACKERS,Green Bay Packers,Green Bay,Packers,NFC,NFC North,1,TRUE,FALSE,,,,,,,,,16,13,3,0,0.8125,509,369,140,1,TRUE,LostCC,Lost Conference Championship,FALSE,FALSE,FALSE,,,https://raw.githubusercontent.com/nflverse/nfldata/master/data/standings.csv,https://raw.githubusercontent.com/nflverse/nfldata/master/data/games.csv
2020,CHI,BEARS,Chicago Bears,Chicago,Bears,NFC,NFC North,2,TRUE,FALSE,,,,,,,,,16,8,8,0,0.5,372,370,2,7,TRUE,LostWC,Lost Wild Card,FALSE,FALSE,FALSE,,,https://raw.githubusercontent.com/nflverse/nfldata/master/data/standings.csv,https://raw.githubusercontent.com/nflverse/nfldata/master/data/games.csv
2020,MIN,VIKINGS,Minnesota Vikings,Minnesota,Vikings,NFC,NFC North,3,TRUE,FALSE,,,,,,,,,16,7,9,0,0.4375,430,475,-45,,FALSE,,Missed playoffs,FALSE,FALSE,FALSE,,,https://raw.githubusercontent.com/nflverse/nfldata/master/data/standings.csv,https://raw.githubusercontent.com/nflverse/nfldata/master/data/games.csv
2020,DET,LIONS,Detroit Lions,Detroit,Lions,NFC,NFC North,4,TRUE,FALSE,,,,,,,,,16,5,11,0,0.3125,377,519,-142,,FALSE,,Missed playoffs,FALSE,FALSE,FALSE,,,https://raw.githubusercontent.com/nflverse/nfldata/master/data/standings.csv,https://raw.githubusercontent.com/nflverse/nfldata/master/data/games.csv
2020,NO,SAINTS,New Orleans Saints,New Orleans,Saints,NFC,NFC South,1,TRUE,FALSE,,,,,,,,,16,12,4,0,0.75,482,337,145,2,TRUE,LostDV,Lost Divisional,FALSE,FALSE,FALSE,,,https://raw.githubusercontent.com/nflverse/nfldata/master/data/standings.csv,https://raw.githubusercontent.com/nflverse/nfldata/master/data/games.csv
2020,TB,BUCCANEERS,Tampa Bay Buccaneers,Tampa Bay,Buccaneers,NFC,NFC South,2,TRUE,FALSE,,,,,,,,,16,11,5,0,0.6875,492,355,137,5,TRUE,WonSB,Won Super Bowl,TRUE,TRUE,FALSE,,,https://raw.githubusercontent.com/nflverse/nfldata/master/data/standings.csv,https://raw.githubusercontent.com/nflverse/nfldata/master/data/games.csv
2020,CAR,PANTHERS,Carolina Panthers,Carolina,Panthers,NFC,NFC South,3,TRUE,FALSE,,,,,,,,,16,5,11,0,0.3125,350,402,-52,,FALSE,,Missed playoffs,FALSE,FALSE,FALSE,,,https://raw.githubusercontent.com/nflverse/nfldata/master/data/standings.csv,https://raw.githubusercontent.com/nflverse/nfldata/master/data/games.csv
2020,ATL,FALCONS,Atlanta Falcons,Atlanta,Falcons,NFC,NFC South,4,TRUE,FALSE,,,,,,,,,16,4,12,0,0.25,396,414,-18,,FALSE,,Missed playoffs,FALSE,FALSE,FALSE,,,https://raw.githubusercontent.com/nflverse/nfldata/master/data/standings.csv,https://raw.githubusercontent.com/nflverse/nfldata/master/data/games.csv
2020,SEA,SEAHAWKS,Seattle Seahawks,Seattle,Seahawks,NFC,NFC West,1,TRUE,FALSE,,,,,,,,,16,12,4,0,0.75,459,371,88,3,TRUE,LostWC,Lost Wild Card,FALSE,FALSE,FALSE,,,https://raw.githubusercontent.com/nflverse/nfldata/master/data/standings.csv,https://raw.githubusercontent.com/nflverse/nfldata/master/data/games.csv
2020,LA,RAMS,Los Angeles Rams,Los Angeles,Rams,NFC,NFC West,2,TRUE,FALSE,,,,,,,,,16,10,6,0,0.625,372,296,76,6,TRUE,LostDV,Lost Divisional,FALSE,FALSE,FALSE,,,https://raw.githubusercontent.com/nflverse/nfldata/master/data/standings.csv,https://raw.githubusercontent.com/nflverse/nfldata/master/data/games.csv
2020,ARI,CARDINALS,Arizona Cardinals,Arizona,Cardinals,NFC,NFC West,3,TRUE,FALSE,,,,,,,,,16,8,8,0,0.5,410,367,43,,FALSE,,Missed playoffs,FALSE,FALSE,FALSE,,,https://raw.githubusercontent.com/nflverse/nfldata/master/data/standings.csv,https://raw.githubusercontent.com/nflverse/nfldata/master/data/games.csv
2020,SF,49ERS,San Francisco 49ers,San Francisco,49ers,NFC,NFC West,4,TRUE,FALSE,,,,,,,,,16,6,10,0,0.375,376,390,-14,,FALSE,,Missed playoffs,FALSE,FALSE,FALSE,,,https://raw.githubusercontent.com/nflverse/nfldata/master/data/standings.csv,https://raw.githubusercontent.com/nflverse/nfldata/master/data/games.csv
2021,BUF,BILLS,Buffalo Bills,Buffalo,Bills,AFC,AFC East,1,TRUE,TRUE,3,3,0,0,1,76,30,46,17,11,6,0,0.6470588235294118,483,289,194,3,TRUE,LostDV,Lost Divisional,FALSE,FALSE,FALSE,2021-preseason.png,93.9,https://raw.githubusercontent.com/nflverse/nfldata/master/data/standings.csv,https://raw.githubusercontent.com/nflverse/nfldata/master/data/games.csv
2021,NE,PATRIOTS,New England Patriots,New England,Patriots,AFC,AFC East,2,TRUE,TRUE,3,3,0,0,1,79,33,46,17,10,7,0,0.5882352941176471,462,303,159,6,TRUE,LostWC,Lost Wild Card,FALSE,FALSE,FALSE,2021-preseason.png,94.9,https://raw.githubusercontent.com/nflverse/nfldata/master/data/standings.csv,https://raw.githubusercontent.com/nflverse/nfldata/master/data/games.csv
2021,MIA,DOLPHINS,Miami Dolphins,Miami,Dolphins,AFC,AFC East,3,TRUE,TRUE,3,2,1,0,0.666667,79,63,16,17,9,8,0,0.5294117647058824,341,373,-32,,FALSE,,Missed playoffs,FALSE,FALSE,FALSE,2021-preseason.png,92.3,https://raw.githubusercontent.com/nflverse/nfldata/master/data/standings.csv,https://raw.githubusercontent.com/nflverse/nfldata/master/data/games.csv
2021,NYJ,JETS,New York Jets,New York,Jets,AFC,AFC East,4,TRUE,TRUE,3,2,0,1,0.833333,66,52,14,17,4,13,0,0.23529411764705882,310,504,-194,,FALSE,,Missed playoffs,FALSE,FALSE,FALSE,2021-preseason.png,94.9,https://raw.githubusercontent.com/nflverse/nfldata/master/data/standings.csv,https://raw.githubusercontent.com/nflverse/nfldata/master/data/games.csv
2021,CIN,BENGALS,Cincinnati Bengals,Cincinnati,Bengals,AFC,AFC North,1,TRUE,TRUE,3,1,2,0,0.333333,58,60,-2,17,10,7,0,0.5882352941176471,460,376,84,4,TRUE,LostSB,Lost Super Bowl,TRUE,FALSE,TRUE,2021-preseason.png,93.1,https://raw.githubusercontent.com/nflverse/nfldata/master/data/standings.csv,https://raw.githubusercontent.com/nflverse/nfldata/master/data/games.csv
2021,PIT,STEELERS,Pittsburgh Steelers,Pittsburgh,Steelers,AFC,AFC North,2,TRUE,TRUE,4,3,1,0,0.75,75,73,2,17,9,7,1,0.5588235294117647,343,398,-55,7,TRUE,LostWC,Lost Wild Card,FALSE,FALSE,FALSE,2021-preseason.png,88.3,https://raw.githubusercontent.com/nflverse/nfldata/master/data/standings.csv,https://raw.githubusercontent.com/nflverse/nfldata/master/data/games.csv
2021,CLE,BROWNS,Cleveland Browns,Cleveland,Browns,AFC,AFC North,3,TRUE,TRUE,3,3,0,0,1,59,36,23,17,8,9,0,0.47058823529411764,349,371,-22,,FALSE,,Missed playoffs,FALSE,FALSE,FALSE,2021-preseason.png,93.7,https://raw.githubusercontent.com/nflverse/nfldata/master/data/standings.csv,https://raw.githubusercontent.com/nflverse/nfldata/master/data/games.csv
2021,BAL,RAVENS,Baltimore Ravens,Baltimore,Ravens,AFC,AFC North,4,TRUE,TRUE,3,3,0,0,1,74,20,54,17,8,9,0,0.47058823529411764,387,392,-5,,FALSE,,Missed playoffs,FALSE,FALSE,FALSE,2021-preseason.png,92.6,https://raw.githubusercontent.com/nflverse/nfldata/master/data/standings.csv,https://raw.githubusercontent.com/nflverse/nfldata/master/data/games.csv
2021,TEN,TITANS,Tennessee Titans,Tennessee,Titans,AFC,AFC South,1,TRUE,TRUE,3,2,1,0,0.666667,81,33,48,17,12,5,0,0.7058823529411765,419,354,65,1,TRUE,LostDV,Lost Divisional,FALSE,FALSE,FALSE,2021-preseason.png,94.7,https://raw.githubusercontent.com/nflverse/nfldata/master/data/standings.csv,https://raw.githubusercontent.com/nflverse/nfldata/master/data/games.csv
2021,IND,COLTS,Indianapolis Colts,Indianapolis,Colts,AFC,AFC South,2,TRUE,TRUE,3,3,0,0,1,60,45,15,17,9,8,0,0.5294117647058824,451,365,86,,FALSE,,Missed playoffs,FALSE,FALSE,FALSE,2021-preseason.png,94.6,https://raw.githubusercontent.com/nflverse/nfldata/master/data/standings.csv,https://raw.githubusercontent.com/nflverse/nfldata/master/data/games.csv
2021,HOU,TEXANS,Houston Texans,Houston,Texans,AFC,AFC South,3,TRUE,TRUE,3,2,1,0,0.666667,62,44,18,17,4,13,0,0.23529411764705882,280,452,-172,,FALSE,,Missed playoffs,FALSE,FALSE,FALSE,2021-preseason.png,95.5,https://raw.githubusercontent.com/nflverse/nfldata/master/data/standings.csv,https://raw.githubusercontent.com/nflverse/nfldata/master/data/games.csv
2021,JAX,JAGUARS,Jacksonville Jaguars,Jacksonville,Jaguars,AFC,AFC South,4,TRUE,TRUE,3,1,2,0,0.333333,68,60,8,17,3,14,0,0.17647058823529413,253,457,-204,,FALSE,,Missed playoffs,FALSE,FALSE,FALSE,2021-preseason.png,90.9,https://raw.githubusercontent.com/nflverse/nfldata/master/data/standings.csv,https://raw.githubusercontent.com/nflverse/nfldata/master/data/games.csv
2021,KC,CHIEFS,Kansas City Chiefs,Kansas City,Chiefs,AFC,AFC West,1,TRUE,TRUE,3,3,0,0,1,64,51,13,17,12,5,0,0.7058823529411765,480,364,116,2,TRUE,LostCC,Lost Conference Championship,FALSE,FALSE,FALSE,2021-preseason.png,95.5,https://raw.githubusercontent.com/nflverse/nfldata/master/data/standings.csv,https://raw.githubusercontent.com/nflverse/nfldata/master/data/games.csv
2021,LV,RAIDERS,Las Vegas Raiders,Las Vegas,Raiders,AFC,AFC West,2,TRUE,TRUE,3,2,1,0,0.666667,47,57,-10,17,10,7,0,0.5882352941176471,374,439,-65,5,TRUE,LostWC,Lost Wild Card,FALSE,FALSE,FALSE,2021-preseason.png,87,https://raw.githubusercontent.com/nflverse/nfldata/master/data/standings.csv,https://raw.githubusercontent.com/nflverse/nfldata/master/data/games.csv
2021,LAC,CHARGERS,Los Angeles Chargers,Los Angeles,Chargers,AFC,AFC West,3,TRUE,TRUE,3,1,2,0,0.333333,23,48,-25,17,9,8,0,0.5294117647058824,474,459,15,,FALSE,,Missed playoffs,FALSE,FALSE,FALSE,2021-preseason.png,88.4,https://raw.githubusercontent.com/nflverse/nfldata/master/data/standings.csv,https://raw.githubusercontent.com/nflverse/nfldata/master/data/games.csv
2021,DEN,BRONCOS,Denver Broncos,Denver,Broncos,AFC,AFC West,4,TRUE,TRUE,3,3,0,0,1,80,21,59,17,7,10,0,0.4117647058823529,335,322,13,,FALSE,,Missed playoffs,FALSE,FALSE,FALSE,2021-preseason.png,92.5,https://raw.githubusercontent.com/nflverse/nfldata/master/data/standings.csv,https://raw.githubusercontent.com/nflverse/nfldata/master/data/games.csv
2021,DAL,COWBOYS,Dallas Cowboys,Dallas,Cowboys,NFC,NFC East,1,TRUE,TRUE,4,0,4,0,0,47,89,-42,17,12,5,0,0.7058823529411765,530,358,172,3,TRUE,LostWC,Lost Wild Card,FALSE,FALSE,FALSE,2021-preseason.png,92.1,https://raw.githubusercontent.com/nflverse/nfldata/master/data/standings.csv,https://raw.githubusercontent.com/nflverse/nfldata/master/data/games.csv
2021,PHI,EAGLES,Philadelphia Eagles,Philadelphia,Eagles,NFC,NFC East,2,TRUE,TRUE,3,0,2,1,0.166667,47,90,-43,17,9,8,0,0.5294117647058824,444,385,59,7,TRUE,LostWC,Lost Wild Card,FALSE,FALSE,FALSE,2021-preseason.png,91.3,https://raw.githubusercontent.com/nflverse/nfldata/master/data/standings.csv,https://raw.githubusercontent.com/nflverse/nfldata/master/data/games.csv
2021,WAS,WASHINGTON,Washington Football Team,Washington,Football Team,NFC,NFC East,3,TRUE,TRUE,3,1,2,0,0.333333,33,72,-39,17,7,10,0,0.4117647058823529,335,434,-99,,FALSE,,Missed playoffs,FALSE,FALSE,FALSE,2021-preseason.png,91.9,https://raw.githubusercontent.com/nflverse/nfldata/master/data/standings.csv,https://raw.githubusercontent.com/nflverse/nfldata/master/data/games.csv
2021,NYG,GIANTS,New York Giants,New York,Giants,NFC,NFC East,4,TRUE,TRUE,3,0,3,0,0,40,51,-11,17,4,13,0,0.23529411764705882,258,416,-158,,FALSE,,Missed playoffs,FALSE,FALSE,FALSE,2021-preseason.png,90,https://raw.githubusercontent.com/nflverse/nfldata/master/data/standings.csv,https://raw.githubusercontent.com/nflverse/nfldata/master/data/games.csv
2021,GB,PACKERS,Green Bay Packers,Green Bay,Packers,NFC,NFC North,1,TRUE,TRUE,3,0,3,0,0,21,68,-47,17,13,4,0,0.7647058823529411,450,371,79,1,TRUE,LostDV,Lost Divisional,FALSE,FALSE,FALSE,2021-preseason.png,91.5,https://raw.githubusercontent.com/nflverse/nfldata/master/data/standings.csv,https://raw.githubusercontent.com/nflverse/nfldata/master/data/games.csv
2021,MIN,VIKINGS,Minnesota Vikings,Minnesota,Vikings,NFC,NFC North,2,TRUE,TRUE,3,0,3,0,0,41,73,-32,17,8,9,0,0.47058823529411764,425,426,-1,,FALSE,,Missed playoffs,FALSE,FALSE,FALSE,2021-preseason.png,88.9,https://raw.githubusercontent.com/nflverse/nfldata/master/data/standings.csv,https://raw.githubusercontent.com/nflverse/nfldata/master/data/games.csv
2021,CHI,BEARS,Chicago Bears,Chicago,Bears,NFC,NFC North,3,TRUE,TRUE,3,2,1,0,0.666667,62,78,-16,17,6,11,0,0.35294117647058826,311,407,-96,,FALSE,,Missed playoffs,FALSE,FALSE,FALSE,2021-preseason.png,92,https://raw.githubusercontent.com/nflverse/nfldata/master/data/standings.csv,https://raw.githubusercontent.com/nflverse/nfldata/master/data/games.csv
2021,DET,LIONS,Detroit Lions,Detroit,Lions,NFC,NFC North,4,TRUE,TRUE,3,0,3,0,0,52,69,-17,17,3,13,1,0.20588235294117646,325,467,-142,,FALSE,,Missed playoffs,FALSE,FALSE,FALSE,2021-preseason.png,90.3,https://raw.githubusercontent.com/nflverse/nfldata/master/data/standings.csv,https://raw.githubusercontent.com/nflverse/nfldata/master/data/games.csv
2021,TB,BUCCANEERS,Tampa Bay Buccaneers,Tampa Bay,Buccaneers,NFC,NFC South,1,TRUE,TRUE,3,1,2,0,0.333333,40,69,-29,17,13,4,0,0.7647058823529411,511,353,158,2,TRUE,LostDV,Lost Divisional,FALSE,FALSE,FALSE,2021-preseason.png,88.9,https://raw.githubusercontent.com/nflverse/nfldata/master/data/standings.csv,https://raw.githubusercontent.com/nflverse/nfldata/master/data/games.csv
2021,NO,SAINTS,New Orleans Saints,New Orleans,Saints,NFC,NFC South,2,TRUE,TRUE,2,1,1,0,0.5,37,38,-1,17,9,8,0,0.5294117647058824,364,335,29,,FALSE,,Missed playoffs,FALSE,FALSE,FALSE,2021-preseason.png,93.8,https://raw.githubusercontent.com/nflverse/nfldata/master/data/standings.csv,https://raw.githubusercontent.com/nflverse/nfldata/master/data/games.csv
2021,ATL,FALCONS,Atlanta Falcons,Atlanta,Falcons,NFC,NFC South,3,TRUE,TRUE,3,0,3,0,0,30,79,-49,17,7,10,0,0.4117647058823529,313,459,-146,,FALSE,,Missed playoffs,FALSE,FALSE,FALSE,2021-preseason.png,86.8,https://raw.githubusercontent.com/nflverse/nfldata/master/data/standings.csv,https://raw.githubusercontent.com/nflverse/nfldata/master/data/games.csv
2021,CAR,PANTHERS,Carolina Panthers,Carolina,Panthers,NFC,NFC South,4,TRUE,TRUE,3,1,2,0,0.333333,55,50,5,17,5,12,0,0.29411764705882354,304,404,-100,,FALSE,,Missed playoffs,FALSE,FALSE,FALSE,2021-preseason.png,94.8,https://raw.githubusercontent.com/nflverse/nfldata/master/data/standings.csv,https://raw.githubusercontent.com/nflverse/nfldata/master/data/games.csv
2021,LA,RAMS,Los Angeles Rams,Los Angeles,Rams,NFC,NFC West,1,TRUE,TRUE,3,0,3,0,0,34,47,-13,17,12,5,0,0.7058823529411765,460,372,88,4,TRUE,WonSB,Won Super Bowl,TRUE,TRUE,FALSE,2021-preseason.png,91,https://raw.githubusercontent.com/nflverse/nfldata/master/data/standings.csv,https://raw.githubusercontent.com/nflverse/nfldata/master/data/games.csv
2021,ARI,CARDINALS,Arizona Cardinals,Arizona,Cardinals,NFC,NFC West,2,TRUE,TRUE,2,1,1,0,0.5,29,33,-4,17,11,6,0,0.6470588235294118,449,366,83,5,TRUE,LostWC,Lost Wild Card,FALSE,FALSE,FALSE,2021-preseason.png,89.2,https://raw.githubusercontent.com/nflverse/nfldata/master/data/standings.csv,https://raw.githubusercontent.com/nflverse/nfldata/master/data/games.csv
2021,SF,49ERS,San Francisco 49ers,San Francisco,49ers,NFC,NFC West,3,TRUE,TRUE,3,2,1,0,0.666667,65,39,26,17,10,7,0,0.5882352941176471,427,365,62,6,TRUE,LostCC,Lost Conference Championship,FALSE,FALSE,FALSE,2021-preseason.png,95.1,https://raw.githubusercontent.com/nflverse/nfldata/master/data/standings.csv,https://raw.githubusercontent.com/nflverse/nfldata/master/data/games.csv
2021,SEA,SEAHAWKS,Seattle Seahawks,Seattle,Seahawks,NFC,NFC West,4,TRUE,TRUE,3,1,2,0,0.333333,37,50,-13,17,7,10,0,0.4117647058823529,395,366,29,,FALSE,,Missed playoffs,FALSE,FALSE,FALSE,2021-preseason.png,89.9,https://raw.githubusercontent.com/nflverse/nfldata/master/data/standings.csv,https://raw.githubusercontent.com/nflverse/nfldata/master/data/games.csv
2022,BUF,BILLS,Buffalo Bills,Buffalo,Bills,AFC,AFC East,1,TRUE,TRUE,3,2,1,0,0.666667,69,60,9,16,13,3,0,0.8125,455,286,169,2,TRUE,LostDV,Lost Divisional,FALSE,FALSE,FALSE,2022-preseason.png,95.8,https://raw.githubusercontent.com/nflverse/nfldata/master/data/standings.csv,https://raw.githubusercontent.com/nflverse/nfldata/master/data/games.csv
2022,MIA,DOLPHINS,Miami Dolphins,Miami,Dolphins,AFC,AFC East,2,TRUE,TRUE,3,2,1,0,0.666667,87,49,38,17,9,8,0,0.5294117647058824,397,399,-2,7,TRUE,LostWC,Lost Wild Card,FALSE,FALSE,FALSE,2022-preseason.png,92.2,https://raw.githubusercontent.com/nflverse/nfldata/master/data/standings.csv,https://raw.githubusercontent.com/nflverse/nfldata/master/data/games.csv
2022,NE,PATRIOTS,New England Patriots,New England,Patriots,AFC,AFC East,3,TRUE,TRUE,3,1,2,0,0.333333,47,56,-9,17,8,9,0,0.47058823529411764,364,347,17,,FALSE,,Missed playoffs,FALSE,FALSE,FALSE,2022-preseason.png,93.2,https://raw.githubusercontent.com/nflverse/nfldata/master/data/standings.csv,https://raw.githubusercontent.com/nflverse/nfldata/master/data/games.csv
2022,NYJ,JETS,New York Jets,New York,Jets,AFC,AFC East,4,TRUE,TRUE,3,3,0,0,1,79,64,15,17,7,10,0,0.4117647058823529,296,316,-20,,FALSE,,Missed playoffs,FALSE,FALSE,FALSE,2022-preseason.png,94.4,https://raw.githubusercontent.com/nflverse/nfldata/master/data/standings.csv,https://raw.githubusercontent.com/nflverse/nfldata/master/data/games.csv
2022,CIN,BENGALS,Cincinnati Bengals,Cincinnati,Bengals,AFC,AFC North,1,TRUE,TRUE,3,1,2,0,0.333333,61,68,-7,16,12,4,0,0.75,418,322,96,3,TRUE,LostCC,Lost Conference Championship,FALSE,FALSE,FALSE,2022-preseason.png,93.4,https://raw.githubusercontent.com/nflverse/nfldata/master/data/standings.csv,https://raw.githubusercontent.com/nflverse/nfldata/master/data/games.csv
2022,BAL,RAVENS,Baltimore Ravens,Baltimore,Ravens,AFC,AFC North,2,TRUE,TRUE,3,3,0,0,1,64,42,22,17,10,7,0,0.5882352941176471,350,315,35,6,TRUE,LostWC,Lost Wild Card,FALSE,FALSE,FALSE,2022-preseason.png,90.1,https://raw.githubusercontent.com/nflverse/nfldata/master/data/standings.csv,https://raw.githubusercontent.com/nflverse/nfldata/master/data/games.csv
2022,PIT,STEELERS,Pittsburgh Steelers,Pittsburgh,Steelers,AFC,AFC North,3,TRUE,TRUE,3,3,0,0,1,67,49,18,17,9,8,0,0.5294117647058824,308,346,-38,,FALSE,,Missed playoffs,FALSE,FALSE,FALSE,2022-preseason.png,93.5,https://raw.githubusercontent.com/nflverse/nfldata/master/data/standings.csv,https://raw.githubusercontent.com/nflverse/nfldata/master/data/games.csv
2022,CLE,BROWNS,Cleveland Browns,Cleveland,Browns,AFC,AFC North,4,TRUE,TRUE,3,1,2,0,0.333333,64,55,9,17,7,10,0,0.4117647058823529,361,381,-20,,FALSE,,Missed playoffs,FALSE,FALSE,FALSE,2022-preseason.png,86.2,https://raw.githubusercontent.com/nflverse/nfldata/master/data/standings.csv,https://raw.githubusercontent.com/nflverse/nfldata/master/data/games.csv
2022,JAX,JAGUARS,Jacksonville Jaguars,Jacksonville,Jaguars,AFC,AFC South,1,TRUE,TRUE,4,0,4,0,0,51,95,-44,17,9,8,0,0.5294117647058824,404,350,54,4,TRUE,LostDV,Lost Divisional,FALSE,FALSE,FALSE,2022-preseason.png,93.4,https://raw.githubusercontent.com/nflverse/nfldata/master/data/standings.csv,https://raw.githubusercontent.com/nflverse/nfldata/master/data/games.csv
2022,TEN,TITANS,Tennessee Titans,Tennessee,Titans,AFC,AFC South,2,TRUE,TRUE,3,2,1,0,0.666667,49,49,0,17,7,10,0,0.4117647058823529,298,359,-61,,FALSE,,Missed playoffs,FALSE,FALSE,FALSE,2022-preseason.png,88.1,https://raw.githubusercontent.com/nflverse/nfldata/master/data/standings.csv,https://raw.githubusercontent.com/nflverse/nfldata/master/data/games.csv
2022,IND,COLTS,Indianapolis Colts,Indianapolis,Colts,AFC,AFC South,3,TRUE,TRUE,3,1,2,0,0.333333,77,64,13,17,4,12,1,0.2647058823529412,289,427,-138,,FALSE,,Missed playoffs,FALSE,FALSE,FALSE,2022-preseason.png,91.3,https://raw.githubusercontent.com/nflverse/nfldata/master/data/standings.csv,https://raw.githubusercontent.com/nflverse/nfldata/master/data/games.csv
2022,HOU,TEXANS,Houston Texans,Houston,Texans,AFC,AFC South,4,TRUE,TRUE,3,3,0,0,1,58,33,25,17,3,13,1,0.20588235294117646,289,420,-131,,FALSE,,Missed playoffs,FALSE,FALSE,FALSE,2022-preseason.png,91.7,https://raw.githubusercontent.com/nflverse/nfldata/master/data/standings.csv,https://raw.githubusercontent.com/nflverse/nfldata/master/data/games.csv
2022,KC,CHIEFS,Kansas City Chiefs,Kansas City,Chiefs,AFC,AFC West,1,TRUE,TRUE,3,2,1,0,0.666667,55,43,12,17,14,3,0,0.8235294117647058,496,369,127,1,TRUE,WonSB,Won Super Bowl,TRUE,TRUE,FALSE,2022-preseason.png,93.4,https://raw.githubusercontent.com/nflverse/nfldata/master/data/standings.csv,https://raw.githubusercontent.com/nflverse/nfldata/master/data/games.csv
2022,LAC,CHARGERS,Los Angeles Chargers,Los Angeles,Chargers,AFC,AFC West,2,TRUE,TRUE,3,0,3,0,0,50,88,-38,17,10,7,0,0.5882352941176471,391,384,7,5,TRUE,LostWC,Lost Wild Card,FALSE,FALSE,FALSE,2022-preseason.png,89,https://raw.githubusercontent.com/nflverse/nfldata/master/data/standings.csv,https://raw.githubusercontent.com/nflverse/nfldata/master/data/games.csv
2022,LV,RAIDERS,Las Vegas Raiders,Las Vegas,Raiders,AFC,AFC West,3,TRUE,TRUE,4,4,0,0,1,91,50,41,17,6,11,0,0.35294117647058826,395,418,-23,,FALSE,,Missed playoffs,FALSE,FALSE,FALSE,2022-preseason.png,93.5,https://raw.githubusercontent.com/nflverse/nfldata/master/data/standings.csv,https://raw.githubusercontent.com/nflverse/nfldata/master/data/games.csv
2022,DEN,BRONCOS,Denver Broncos,Denver,Broncos,AFC,AFC West,4,TRUE,TRUE,3,2,1,0,0.666667,55,62,-7,17,5,12,0,0.29411764705882354,287,359,-72,,FALSE,,Missed playoffs,FALSE,FALSE,FALSE,2022-preseason.png,84.3,https://raw.githubusercontent.com/nflverse/nfldata/master/data/standings.csv,https://raw.githubusercontent.com/nflverse/nfldata/master/data/games.csv
2022,PHI,EAGLES,Philadelphia Eagles,Philadelphia,Eagles,NFC,NFC East,1,TRUE,TRUE,3,1,2,0,0.333333,52,92,-40,17,14,3,0,0.8235294117647058,477,344,133,1,TRUE,LostSB,Lost Super Bowl,TRUE,FALSE,TRUE,2022-preseason.png,87.6,https://raw.githubusercontent.com/nflverse/nfldata/master/data/standings.csv,https://raw.githubusercontent.com/nflverse/nfldata/master/data/games.csv
2022,DAL,COWBOYS,Dallas Cowboys,Dallas,Cowboys,NFC,NFC East,2,TRUE,TRUE,3,2,1,0,0.666667,66,61,5,17,12,5,0,0.7058823529411765,467,342,125,5,TRUE,LostDV,Lost Divisional,FALSE,FALSE,FALSE,2022-preseason.png,89.4,https://raw.githubusercontent.com/nflverse/nfldata/master/data/standings.csv,https://raw.githubusercontent.com/nflverse/nfldata/master/data/games.csv
2022,NYG,GIANTS,New York Giants,New York,Giants,NFC,NFC East,3,TRUE,TRUE,3,2,1,0,0.666667,75,74,1,17,9,7,1,0.5588235294117647,365,371,-6,6,TRUE,LostDV,Lost Divisional,FALSE,FALSE,FALSE,2022-preseason.png,92.3,https://raw.githubusercontent.com/nflverse/nfldata/master/data/standings.csv,https://raw.githubusercontent.com/nflverse/nfldata/master/data/games.csv
2022,WAS,WASHINGTON,Washington Commanders,Washington,Commanders,NFC,NFC East,4,TRUE,TRUE,3,0,3,0,0,50,64,-14,17,8,8,1,0.5,321,343,-22,,FALSE,,Missed playoffs,FALSE,FALSE,FALSE,2022-preseason.png,93.6,https://raw.githubusercontent.com/nflverse/nfldata/master/data/standings.csv,https://raw.githubusercontent.com/nflverse/nfldata/master/data/games.csv
2022,MIN,VIKINGS,Minnesota Vikings,Minnesota,Vikings,NFC,NFC North,1,TRUE,TRUE,3,0,3,0,0,40,66,-26,17,13,4,0,0.7647058823529411,424,427,-3,3,TRUE,LostWC,Lost Wild Card,FALSE,FALSE,FALSE,2022-preseason.png,88.3,https://raw.githubusercontent.com/nflverse/nfldata/master/data/standings.csv,https://raw.githubusercontent.com/nflverse/nfldata/master/data/games.csv
2022,DET,LIONS,Detroit Lions,Detroit,Lions,NFC,NFC North,2,TRUE,TRUE,3,1,2,0,0.333333,59,72,-13,17,9,8,0,0.5294117647058824,453,427,26,,FALSE,,Missed playoffs,FALSE,FALSE,FALSE,2022-preseason.png,87.7,https://raw.githubusercontent.com/nflverse/nfldata/master/data/standings.csv,https://raw.githubusercontent.com/nflverse/nfldata/master/data/games.csv
2022,GB,PACKERS,Green Bay Packers,Green Bay,Packers,NFC,NFC North,3,TRUE,TRUE,3,1,2,0,0.333333,51,55,-4,17,8,9,0,0.47058823529411764,370,371,-1,,FALSE,,Missed playoffs,FALSE,FALSE,FALSE,2022-preseason.png,93,https://raw.githubusercontent.com/nflverse/nfldata/master/data/standings.csv,https://raw.githubusercontent.com/nflverse/nfldata/master/data/games.csv
2022,CHI,BEARS,Chicago Bears,Chicago,Bears,NFC,NFC North,4,TRUE,TRUE,3,3,0,0,1,67,45,22,17,3,14,0,0.17647058823529413,326,463,-137,,FALSE,,Missed playoffs,FALSE,FALSE,FALSE,2022-preseason.png,92.2,https://raw.githubusercontent.com/nflverse/nfldata/master/data/standings.csv,https://raw.githubusercontent.com/nflverse/nfldata/master/data/games.csv
2022,TB,BUCCANEERS,Tampa Bay Buccaneers,Tampa Bay,Buccaneers,NFC,NFC South,1,TRUE,TRUE,3,0,3,0,0,37,66,-29,17,8,9,0,0.47058823529411764,313,358,-45,4,TRUE,LostWC,Lost Wild Card,FALSE,FALSE,FALSE,2022-preseason.png,89.4,https://raw.githubusercontent.com/nflverse/nfldata/master/data/standings.csv,https://raw.githubusercontent.com/nflverse/nfldata/master/data/games.csv
2022,CAR,PANTHERS,Carolina Panthers,Carolina,Panthers,NFC,NFC South,2,TRUE,TRUE,3,2,1,0,0.666667,54,41,13,17,7,10,0,0.4117647058823529,347,374,-27,,FALSE,,Missed playoffs,FALSE,FALSE,FALSE,2022-preseason.png,90.8,https://raw.githubusercontent.com/nflverse/nfldata/master/data/standings.csv,https://raw.githubusercontent.com/nflverse/nfldata/master/data/games.csv
2022,NO,SAINTS,New Orleans Saints,New Orleans,Saints,NFC,NFC South,3,TRUE,TRUE,3,1,2,0,0.333333,50,47,3,17,7,10,0,0.4117647058823529,330,345,-15,,FALSE,,Missed playoffs,FALSE,FALSE,FALSE,2022-preseason.png,86.6,https://raw.githubusercontent.com/nflverse/nfldata/master/data/standings.csv,https://raw.githubusercontent.com/nflverse/nfldata/master/data/games.csv
2022,ATL,FALCONS,Atlanta Falcons,Atlanta,Falcons,NFC,NFC South,4,TRUE,TRUE,3,2,1,0,0.666667,71,59,12,17,7,10,0,0.4117647058823529,365,386,-21,,FALSE,,Missed playoffs,FALSE,FALSE,FALSE,2022-preseason.png,88,https://raw.githubusercontent.com/nflverse/nfldata/master/data/standings.csv,https://raw.githubusercontent.com/nflverse/nfldata/master/data/games.csv
2022,SF,49ERS,San Francisco 49ers,San Francisco,49ers,NFC,NFC West,1,TRUE,TRUE,3,2,1,0,0.666667,45,45,0,17,13,4,0,0.7647058823529411,450,277,173,2,TRUE,LostCC,Lost Conference Championship,FALSE,FALSE,FALSE,2022-preseason.png,93.7,https://raw.githubusercontent.com/nflverse/nfldata/master/data/standings.csv,https://raw.githubusercontent.com/nflverse/nfldata/master/data/games.csv
2022,SEA,SEAHAWKS,Seattle Seahawks,Seattle,Seahawks,NFC,NFC West,2,TRUE,TRUE,3,0,3,0,0,62,86,-24,17,9,8,0,0.5294117647058824,407,401,6,7,TRUE,LostWC,Lost Wild Card,FALSE,FALSE,FALSE,2022-preseason.png,88.6,https://raw.githubusercontent.com/nflverse/nfldata/master/data/standings.csv,https://raw.githubusercontent.com/nflverse/nfldata/master/data/games.csv
2022,LA,RAMS,Los Angeles Rams,Los Angeles,Rams,NFC,NFC West,3,TRUE,TRUE,3,1,2,0,0.333333,56,62,-6,17,5,12,0,0.29411764705882354,307,384,-77,,FALSE,,Missed playoffs,FALSE,FALSE,FALSE,2022-preseason.png,94.5,https://raw.githubusercontent.com/nflverse/nfldata/master/data/standings.csv,https://raw.githubusercontent.com/nflverse/nfldata/master/data/games.csv
2022,ARI,CARDINALS,Arizona Cardinals,Arizona,Cardinals,NFC,NFC West,4,TRUE,TRUE,3,1,2,0,0.333333,76,73,3,17,4,13,0,0.23529411764705882,340,449,-109,,FALSE,,Missed playoffs,FALSE,FALSE,FALSE,2022-preseason.png,91.9,https://raw.githubusercontent.com/nflverse/nfldata/master/data/standings.csv,https://raw.githubusercontent.com/nflverse/nfldata/master/data/games.csv
2023,BUF,BILLS,Buffalo Bills,Buffalo,Bills,AFC,AFC East,1,TRUE,TRUE,3,2,1,0,0.666667,62,67,-5,17,11,6,0,0.6470588235294118,451,311,140,2,TRUE,LostDV,Lost Divisional,FALSE,FALSE,FALSE,2023-preseason.png,84.3,https://raw.githubusercontent.com/nflverse/nfldata/master/data/standings.csv,https://raw.githubusercontent.com/nflverse/nfldata/master/data/games.csv
2023,MIA,DOLPHINS,Miami Dolphins,Miami,Dolphins,AFC,AFC East,2,TRUE,TRUE,3,1,2,0,0.333333,49,53,-4,17,11,6,0,0.6470588235294118,496,391,105,6,TRUE,LostWC,Lost Wild Card,FALSE,FALSE,FALSE,2023-preseason.png,84.8,https://raw.githubusercontent.com/nflverse/nfldata/master/data/standings.csv,https://raw.githubusercontent.com/nflverse/nfldata/master/data/games.csv
2023,NYJ,JETS,New York Jets,New York,Jets,AFC,AFC East,3,TRUE,TRUE,4,2,2,0,0.5,81,58,23,17,7,10,0,0.4117647058823529,268,355,-87,,FALSE,,Missed playoffs,FALSE,FALSE,FALSE,2023-preseason.png,94.6,https://raw.githubusercontent.com/nflverse/nfldata/master/data/standings.csv,https://raw.githubusercontent.com/nflverse/nfldata/master/data/games.csv
2023,NE,PATRIOTS,New England Patriots,New England,Patriots,AFC,AFC East,4,TRUE,TRUE,3,1,2,0,0.333333,37,60,-23,17,4,13,0,0.23529411764705882,236,366,-130,,FALSE,,Missed playoffs,FALSE,FALSE,FALSE,2023-preseason.png,90.2,https://raw.githubusercontent.com/nflverse/nfldata/master/data/standings.csv,https://raw.githubusercontent.com/nflverse/nfldata/master/data/games.csv
2023,BAL,RAVENS,Baltimore Ravens,Baltimore,Ravens,AFC,AFC North,1,TRUE,TRUE,3,1,2,0,0.333333,68,74,-6,17,13,4,0,0.7647058823529411,483,280,203,1,TRUE,LostCC,Lost Conference Championship,FALSE,FALSE,FALSE,2023-preseason.png,92,https://raw.githubusercontent.com/nflverse/nfldata/master/data/standings.csv,https://raw.githubusercontent.com/nflverse/nfldata/master/data/games.csv
2023,CLE,BROWNS,Cleveland Browns,Cleveland,Browns,AFC,AFC North,2,TRUE,TRUE,3,1,2,0,0.333333,86,84,2,17,11,6,0,0.6470588235294118,396,362,34,5,TRUE,LostWC,Lost Wild Card,FALSE,FALSE,FALSE,2023-preseason.png,94.1,https://raw.githubusercontent.com/nflverse/nfldata/master/data/standings.csv,https://raw.githubusercontent.com/nflverse/nfldata/master/data/games.csv
2023,PIT,STEELERS,Pittsburgh Steelers,Pittsburgh,Steelers,AFC,AFC North,3,TRUE,TRUE,3,3,0,0,1,78,32,46,17,10,7,0,0.5882352941176471,304,324,-20,7,TRUE,LostWC,Lost Wild Card,FALSE,FALSE,FALSE,2023-preseason.png,90.2,https://raw.githubusercontent.com/nflverse/nfldata/master/data/standings.csv,https://raw.githubusercontent.com/nflverse/nfldata/master/data/games.csv
2023,CIN,BENGALS,Cincinnati Bengals,Cincinnati,Bengals,AFC,AFC North,4,TRUE,TRUE,2,0,2,0,0,51,70,-19,17,9,8,0,0.5294117647058824,366,384,-18,,FALSE,,Missed playoffs,FALSE,FALSE,FALSE,2023-preseason.png,90.1,https://raw.githubusercontent.com/nflverse/nfldata/master/data/standings.csv,https://raw.githubusercontent.com/nflverse/nfldata/master/data/games.csv
2023,HOU,TEXANS,Houston Texans,Houston,Texans,AFC,AFC South,1,TRUE,TRUE,3,2,1,0,0.666667,40,50,-10,17,10,7,0,0.5882352941176471,377,353,24,4,TRUE,LostDV,Lost Divisional,FALSE,FALSE,FALSE,2023-preseason.png,88.6,https://raw.githubusercontent.com/nflverse/nfldata/master/data/standings.csv,https://raw.githubusercontent.com/nflverse/nfldata/master/data/games.csv
2023,JAX,JAGUARS,Jacksonville Jaguars,Jacksonville,Jaguars,AFC,AFC South,2,TRUE,TRUE,3,3,0,0,1,84,48,36,17,9,8,0,0.5294117647058824,377,371,6,,FALSE,,Missed playoffs,FALSE,FALSE,FALSE,2023-preseason.png,90.6,https://raw.githubusercontent.com/nflverse/nfldata/master/data/standings.csv,https://raw.githubusercontent.com/nflverse/nfldata/master/data/games.csv
2023,IND,COLTS,Indianapolis Colts,Indianapolis,Colts,AFC,AFC South,3,TRUE,TRUE,3,2,1,0,0.666667,70,53,17,17,9,8,0,0.5294117647058824,396,415,-19,,FALSE,,Missed playoffs,FALSE,FALSE,FALSE,2023-preseason.png,88.7,https://raw.githubusercontent.com/nflverse/nfldata/master/data/standings.csv,https://raw.githubusercontent.com/nflverse/nfldata/master/data/games.csv
2023,TEN,TITANS,Tennessee Titans,Tennessee,Titans,AFC,AFC South,4,TRUE,TRUE,3,2,1,0,0.666667,64,46,18,17,6,11,0,0.35294117647058826,305,367,-62,,FALSE,,Missed playoffs,FALSE,FALSE,FALSE,2023-preseason.png,94.2,https://raw.githubusercontent.com/nflverse/nfldata/master/data/standings.csv,https://raw.githubusercontent.com/nflverse/nfldata/master/data/games.csv
2023,KC,CHIEFS,Kansas City Chiefs,Kansas City,Chiefs,AFC,AFC West,1,TRUE,TRUE,3,2,1,0,0.666667,95,68,27,17,11,6,0,0.6470588235294118,371,294,77,3,TRUE,WonSB,Won Super Bowl,TRUE,TRUE,FALSE,2023-preseason.png,92.8,https://raw.githubusercontent.com/nflverse/nfldata/master/data/standings.csv,https://raw.githubusercontent.com/nflverse/nfldata/master/data/games.csv
2023,LV,RAIDERS,Las Vegas Raiders,Las Vegas,Raiders,AFC,AFC West,2,TRUE,TRUE,3,2,1,0,0.666667,84,55,29,17,8,9,0,0.47058823529411764,332,331,1,,FALSE,,Missed playoffs,FALSE,FALSE,FALSE,2023-preseason.png,90.7,https://raw.githubusercontent.com/nflverse/nfldata/master/data/standings.csv,https://raw.githubusercontent.com/nflverse/nfldata/master/data/games.csv
2023,DEN,BRONCOS,Denver Broncos,Denver,Broncos,AFC,AFC West,3,TRUE,TRUE,3,1,2,0,0.333333,78,39,39,17,8,9,0,0.47058823529411764,357,413,-56,,FALSE,,Missed playoffs,FALSE,FALSE,FALSE,2023-preseason.png,92.5,https://raw.githubusercontent.com/nflverse/nfldata/master/data/standings.csv,https://raw.githubusercontent.com/nflverse/nfldata/master/data/games.csv
2023,LAC,CHARGERS,Los Angeles Chargers,Los Angeles,Chargers,AFC,AFC West,4,TRUE,TRUE,3,2,1,0,0.666667,74,51,23,17,5,12,0,0.29411764705882354,346,398,-52,,FALSE,,Missed playoffs,FALSE,FALSE,FALSE,2023-preseason.png,93.4,https://raw.githubusercontent.com/nflverse/nfldata/master/data/standings.csv,https://raw.githubusercontent.com/nflverse/nfldata/master/data/games.csv
2023,DAL,COWBOYS,Dallas Cowboys,Dallas,Cowboys,NFC,NFC East,1,TRUE,TRUE,3,1,2,0,0.333333,68,66,2,17,12,5,0,0.7058823529411765,509,315,194,2,TRUE,LostWC,Lost Wild Card,FALSE,FALSE,FALSE,2023-preseason.png,91.4,https://raw.githubusercontent.com/nflverse/nfldata/master/data/standings.csv,https://raw.githubusercontent.com/nflverse/nfldata/master/data/games.csv
2023,PHI,EAGLES,Philadelphia Eagles,Philadelphia,Eagles,NFC,NFC East,2,TRUE,TRUE,2,0,2,0,0,50,65,-15,17,11,6,0,0.6470588235294118,433,428,5,5,TRUE,LostWC,Lost Wild Card,FALSE,FALSE,FALSE,2023-preseason.png,84.3,https://raw.githubusercontent.com/nflverse/nfldata/master/data/standings.csv,https://raw.githubusercontent.com/nflverse/nfldata/master/data/games.csv
2023,NYG,GIANTS,New York Giants,New York,Giants,NFC,NFC East,3,TRUE,TRUE,3,1,2,0,0.333333,61,72,-11,17,6,11,0,0.35294117647058826,266,407,-141,,FALSE,,Missed playoffs,FALSE,FALSE,FALSE,2023-preseason.png,88.7,https://raw.githubusercontent.com/nflverse/nfldata/master/data/standings.csv,https://raw.githubusercontent.com/nflverse/nfldata/master/data/games.csv
2023,WAS,WASHINGTON,Washington Commanders,Washington,Commanders,NFC,NFC East,4,TRUE,TRUE,3,3,0,0,1,67,62,5,17,4,13,0,0.23529411764705882,329,518,-189,,FALSE,,Missed playoffs,FALSE,FALSE,FALSE,2023-preseason.png,89.1,https://raw.githubusercontent.com/nflverse/nfldata/master/data/standings.csv,https://raw.githubusercontent.com/nflverse/nfldata/master/data/games.csv
2023,DET,LIONS,Detroit Lions,Detroit,Lions,NFC,NFC North,1,TRUE,TRUE,3,2,1,0,0.666667,54,58,-4,17,12,5,0,0.7058823529411765,461,395,66,3,TRUE,LostCC,Lost Conference Championship,FALSE,FALSE,FALSE,2023-preseason.png,92.9,https://raw.githubusercontent.com/nflverse/nfldata/master/data/standings.csv,https://raw.githubusercontent.com/nflverse/nfldata/master/data/games.csv
2023,GB,PACKERS,Green Bay Packers,Green Bay,Packers,NFC,NFC North,2,TRUE,TRUE,3,2,1,0,0.666667,72,55,17,17,9,8,0,0.5294117647058824,383,350,33,7,TRUE,LostDV,Lost Divisional,FALSE,FALSE,FALSE,2023-preseason.png,88.3,https://raw.githubusercontent.com/nflverse/nfldata/master/data/standings.csv,https://raw.githubusercontent.com/nflverse/nfldata/master/data/games.csv
2023,MIN,VIKINGS,Minnesota Vikings,Minnesota,Vikings,NFC,NFC North,3,TRUE,TRUE,3,0,3,0,0,46,66,-20,17,7,10,0,0.4117647058823529,344,362,-18,,FALSE,,Missed playoffs,FALSE,FALSE,FALSE,2023-preseason.png,94.2,https://raw.githubusercontent.com/nflverse/nfldata/master/data/standings.csv,https://raw.githubusercontent.com/nflverse/nfldata/master/data/games.csv
2023,CHI,BEARS,Chicago Bears,Chicago,Bears,NFC,NFC North,4,TRUE,TRUE,3,1,2,0,0.333333,61,65,-4,17,7,10,0,0.4117647058823529,360,379,-19,,FALSE,,Missed playoffs,FALSE,FALSE,FALSE,2023-preseason.png,90.5,https://raw.githubusercontent.com/nflverse/nfldata/master/data/standings.csv,https://raw.githubusercontent.com/nflverse/nfldata/master/data/games.csv
2023,TB,BUCCANEERS,Tampa Bay Buccaneers,Tampa Bay,Buccaneers,NFC,NFC South,1,TRUE,TRUE,3,2,1,0,0.666667,56,53,3,17,9,8,0,0.5294117647058824,348,325,23,4,TRUE,LostDV,Lost Divisional,FALSE,FALSE,FALSE,2023-preseason.png,93.3,https://raw.githubusercontent.com/nflverse/nfldata/master/data/standings.csv,https://raw.githubusercontent.com/nflverse/nfldata/master/data/games.csv
2023,NO,SAINTS,New Orleans Saints,New Orleans,Saints,NFC,NFC South,2,TRUE,TRUE,3,2,1,0,0.666667,61,58,3,17,9,8,0,0.5294117647058824,402,327,75,,FALSE,,Missed playoffs,FALSE,FALSE,FALSE,2023-preseason.png,95,https://raw.githubusercontent.com/nflverse/nfldata/master/data/standings.csv,https://raw.githubusercontent.com/nflverse/nfldata/master/data/games.csv
2023,ATL,FALCONS,Atlanta Falcons,Atlanta,Falcons,NFC,NFC South,3,TRUE,TRUE,2,1,1,0,0.5,32,40,-8,17,7,10,0,0.4117647058823529,321,373,-52,,FALSE,,Missed playoffs,FALSE,FALSE,FALSE,2023-preseason.png,88.4,https://raw.githubusercontent.com/nflverse/nfldata/master/data/standings.csv,https://raw.githubusercontent.com/nflverse/nfldata/master/data/games.csv
2023,CAR,PANTHERS,Carolina Panthers,Carolina,Panthers,NFC,NFC South,4,TRUE,TRUE,3,0,3,0,0,36,74,-38,17,2,15,0,0.11764705882352941,236,416,-180,,FALSE,,Missed playoffs,FALSE,FALSE,FALSE,2023-preseason.png,94.5,https://raw.githubusercontent.com/nflverse/nfldata/master/data/standings.csv,https://raw.githubusercontent.com/nflverse/nfldata/master/data/games.csv
2023,SF,49ERS,San Francisco 49ers,San Francisco,49ers,NFC,NFC West,1,TRUE,TRUE,3,1,2,0,0.333333,40,77,-37,17,12,5,0,0.7058823529411765,491,298,193,1,TRUE,LostSB,Lost Super Bowl,TRUE,FALSE,TRUE,2023-preseason.png,87.7,https://raw.githubusercontent.com/nflverse/nfldata/master/data/standings.csv,https://raw.githubusercontent.com/nflverse/nfldata/master/data/games.csv
2023,LA,RAMS,Los Angeles Rams,Los Angeles,Rams,NFC,NFC West,2,TRUE,TRUE,3,0,3,0,0,34,109,-75,17,10,7,0,0.5882352941176471,404,377,27,6,TRUE,LostWC,Lost Wild Card,FALSE,FALSE,FALSE,2023-preseason.png,93.3,https://raw.githubusercontent.com/nflverse/nfldata/master/data/standings.csv,https://raw.githubusercontent.com/nflverse/nfldata/master/data/games.csv
2023,SEA,SEAHAWKS,Seattle Seahawks,Seattle,Seahawks,NFC,NFC West,3,TRUE,TRUE,3,2,1,0,0.666667,61,46,15,17,9,8,0,0.5294117647058824,364,402,-38,,FALSE,,Missed playoffs,FALSE,FALSE,FALSE,2023-preseason.png,92.1,https://raw.githubusercontent.com/nflverse/nfldata/master/data/standings.csv,https://raw.githubusercontent.com/nflverse/nfldata/master/data/games.csv
2023,ARI,CARDINALS,Arizona Cardinals,Arizona,Cardinals,NFC,NFC West,4,TRUE,TRUE,3,2,1,0,0.666667,46,72,-26,17,4,13,0,0.23529411764705882,330,455,-125,,FALSE,,Missed playoffs,FALSE,FALSE,FALSE,2023-preseason.png,88.4,https://raw.githubusercontent.com/nflverse/nfldata/master/data/standings.csv,https://raw.githubusercontent.com/nflverse/nfldata/master/data/games.csv
2024,BUF,BILLS,Buffalo Bills,Buffalo,Bills,AFC,AFC East,1,TRUE,TRUE,3,1,2,0,0.333333,41,67,-26,17,13,4,0,0.7647058823529411,525,368,157,2,TRUE,LostCC,Lost Conference Championship,FALSE,FALSE,FALSE,2024-preseason.png,92.7,https://raw.githubusercontent.com/nflverse/nfldata/master/data/standings.csv,https://raw.githubusercontent.com/nflverse/nfldata/master/data/games.csv
2024,MIA,DOLPHINS,Miami Dolphins,Miami,Dolphins,AFC,AFC East,2,TRUE,TRUE,3,2,1,0,0.666667,47,43,4,17,8,9,0,0.47058823529411764,345,364,-19,,FALSE,,Missed playoffs,FALSE,FALSE,FALSE,2024-preseason.png,83.2,https://raw.githubusercontent.com/nflverse/nfldata/master/data/standings.csv,https://raw.githubusercontent.com/nflverse/nfldata/master/data/games.csv
2024,NYJ,JETS,New York Jets,New York,Jets,AFC,AFC East,3,TRUE,TRUE,3,3,0,0,1,45,35,10,17,5,12,0,0.29411764705882354,338,404,-66,,FALSE,,Missed playoffs,FALSE,FALSE,FALSE,2024-preseason.png,93.2,https://raw.githubusercontent.com/nflverse/nfldata/master/data/standings.csv,https://raw.githubusercontent.com/nflverse/nfldata/master/data/games.csv
2024,NE,PATRIOTS,New England Patriots,New England,Patriots,AFC,AFC East,4,TRUE,TRUE,3,1,2,0,0.333333,40,37,3,17,4,13,0,0.23529411764705882,289,417,-128,,FALSE,,Missed playoffs,FALSE,FALSE,FALSE,2024-preseason.png,90.5,https://raw.githubusercontent.com/nflverse/nfldata/master/data/standings.csv,https://raw.githubusercontent.com/nflverse/nfldata/master/data/games.csv
2024,BAL,RAVENS,Baltimore Ravens,Baltimore,Ravens,AFC,AFC North,1,TRUE,TRUE,3,1,2,0,0.333333,33,58,-25,17,12,5,0,0.7058823529411765,518,361,157,3,TRUE,LostDV,Lost Divisional,FALSE,FALSE,FALSE,2024-preseason.png,86.6,https://raw.githubusercontent.com/nflverse/nfldata/master/data/standings.csv,https://raw.githubusercontent.com/nflverse/nfldata/master/data/games.csv
2024,PIT,STEELERS,Pittsburgh Steelers,Pittsburgh,Steelers,AFC,AFC North,2,TRUE,TRUE,3,0,3,0,0,32,53,-21,17,10,7,0,0.5882352941176471,380,347,33,6,TRUE,LostWC,Lost Wild Card,FALSE,FALSE,FALSE,2024-preseason.png,89.1,https://raw.githubusercontent.com/nflverse/nfldata/master/data/standings.csv,https://raw.githubusercontent.com/nflverse/nfldata/master/data/games.csv
2024,CIN,BENGALS,Cincinnati Bengals,Cincinnati,Bengals,AFC,AFC North,3,TRUE,TRUE,3,0,3,0,0,31,71,-40,17,9,8,0,0.5294117647058824,472,434,38,,FALSE,,Missed playoffs,FALSE,FALSE,FALSE,2024-preseason.png,92.2,https://raw.githubusercontent.com/nflverse/nfldata/master/data/standings.csv,https://raw.githubusercontent.com/nflverse/nfldata/master/data/games.csv
2024,CLE,BROWNS,Cleveland Browns,Cleveland,Browns,AFC,AFC North,4,TRUE,TRUE,3,0,3,0,0,55,87,-32,17,3,14,0,0.17647058823529413,258,435,-177,,FALSE,,Missed playoffs,FALSE,FALSE,FALSE,2024-preseason.png,92.4,https://raw.githubusercontent.com/nflverse/nfldata/master/data/standings.csv,https://raw.githubusercontent.com/nflverse/nfldata/master/data/games.csv
2024,HOU,TEXANS,Houston Texans,Houston,Texans,AFC,AFC South,1,TRUE,TRUE,4,3,1,0,0.75,82,58,24,17,10,7,0,0.5882352941176471,372,372,0,4,TRUE,LostDV,Lost Divisional,FALSE,FALSE,FALSE,2024-preseason.png,90,https://raw.githubusercontent.com/nflverse/nfldata/master/data/standings.csv,https://raw.githubusercontent.com/nflverse/nfldata/master/data/games.csv
2024,IND,COLTS,Indianapolis Colts,Indianapolis,Colts,AFC,AFC South,2,TRUE,TRUE,3,2,1,0,0.666667,78,61,17,17,8,9,0,0.47058823529411764,377,427,-50,,FALSE,,Missed playoffs,FALSE,FALSE,FALSE,2024-preseason.png,88.1,https://raw.githubusercontent.com/nflverse/nfldata/master/data/standings.csv,https://raw.githubusercontent.com/nflverse/nfldata/master/data/games.csv
2024,JAX,JAGUARS,Jacksonville Jaguars,Jacksonville,Jaguars,AFC,AFC South,3,TRUE,TRUE,3,3,0,0,1,77,20,57,17,4,13,0,0.23529411764705882,320,435,-115,,FALSE,,Missed playoffs,FALSE,FALSE,FALSE,2024-preseason.png,89.8,https://raw.githubusercontent.com/nflverse/nfldata/master/data/standings.csv,https://raw.githubusercontent.com/nflverse/nfldata/master/data/games.csv
2024,TEN,TITANS,Tennessee Titans,Tennessee,Titans,AFC,AFC South,4,TRUE,TRUE,3,3,0,0,1,63,55,8,17,3,14,0,0.17647058823529413,311,460,-149,,FALSE,,Missed playoffs,FALSE,FALSE,FALSE,2024-preseason.png,93,https://raw.githubusercontent.com/nflverse/nfldata/master/data/standings.csv,https://raw.githubusercontent.com/nflverse/nfldata/master/data/games.csv
2024,KC,CHIEFS,Kansas City Chiefs,Kansas City,Chiefs,AFC,AFC West,1,TRUE,TRUE,3,0,3,0,0,57,84,-27,17,15,2,0,0.8823529411764706,385,326,59,1,TRUE,LostSB,Lost Super Bowl,TRUE,FALSE,TRUE,2024-preseason.png,91.9,https://raw.githubusercontent.com/nflverse/nfldata/master/data/standings.csv,https://raw.githubusercontent.com/nflverse/nfldata/master/data/games.csv
2024,LAC,CHARGERS,Los Angeles Chargers,Los Angeles,Chargers,AFC,AFC West,2,TRUE,TRUE,3,1,2,0,0.333333,38,48,-10,17,11,6,0,0.6470588235294118,402,301,101,5,TRUE,LostWC,Lost Wild Card,FALSE,FALSE,FALSE,2024-preseason.png,94.8,https://raw.githubusercontent.com/nflverse/nfldata/master/data/standings.csv,https://raw.githubusercontent.com/nflverse/nfldata/master/data/games.csv
2024,DEN,BRONCOS,Denver Broncos,Denver,Broncos,AFC,AFC West,3,TRUE,TRUE,3,3,0,0,1,99,44,55,17,10,7,0,0.5882352941176471,425,311,114,7,TRUE,LostWC,Lost Wild Card,FALSE,FALSE,FALSE,2024-preseason.png,88.8,https://raw.githubusercontent.com/nflverse/nfldata/master/data/standings.csv,https://raw.githubusercontent.com/nflverse/nfldata/master/data/games.csv
2024,LV,RAIDERS,Las Vegas Raiders,Las Vegas,Raiders,AFC,AFC West,4,TRUE,TRUE,2,0,2,0,0,59,75,-16,17,4,13,0,0.23529411764705882,309,434,-125,,FALSE,,Missed playoffs,FALSE,FALSE,FALSE,2024-preseason.png,91.9,https://raw.githubusercontent.com/nflverse/nfldata/master/data/standings.csv,https://raw.githubusercontent.com/nflverse/nfldata/master/data/games.csv
2024,PHI,EAGLES,Philadelphia Eagles,Philadelphia,Eagles,NFC,NFC East,1,TRUE,TRUE,3,2,1,0,0.666667,33,52,-19,17,14,3,0,0.8235294117647058,463,303,160,2,TRUE,WonSB,Won Super Bowl,TRUE,TRUE,FALSE,2024-preseason.png,91.3,https://raw.githubusercontent.com/nflverse/nfldata/master/data/standings.csv,https://raw.githubusercontent.com/nflverse/nfldata/master/data/games.csv
2024,WAS,WASHINGTON,Washington Commanders,Washington,Commanders,NFC,NFC East,2,TRUE,TRUE,3,1,2,0,0.333333,43,43,0,17,12,5,0,0.7058823529411765,485,391,94,6,TRUE,LostCC,Lost Conference Championship,FALSE,FALSE,FALSE,2024-preseason.png,90.2,https://raw.githubusercontent.com/nflverse/nfldata/master/data/standings.csv,https://raw.githubusercontent.com/nflverse/nfldata/master/data/games.csv
2024,DAL,COWBOYS,Dallas Cowboys,Dallas,Cowboys,NFC,NFC East,3,TRUE,TRUE,3,1,2,0,0.333333,58,51,7,17,7,10,0,0.4117647058823529,350,468,-118,,FALSE,,Missed playoffs,FALSE,FALSE,FALSE,2024-preseason.png,94.3,https://raw.githubusercontent.com/nflverse/nfldata/master/data/standings.csv,https://raw.githubusercontent.com/nflverse/nfldata/master/data/games.csv
2024,NYG,GIANTS,New York Giants,New York,Giants,NFC,NFC East,4,TRUE,TRUE,3,1,2,0,0.333333,30,41,-11,17,3,14,0,0.17647058823529413,273,415,-142,,FALSE,,Missed playoffs,FALSE,FALSE,FALSE,2024-preseason.png,92.7,https://raw.githubusercontent.com/nflverse/nfldata/master/data/standings.csv,https://raw.githubusercontent.com/nflverse/nfldata/master/data/games.csv
2024,DET,LIONS,Detroit Lions,Detroit,Lions,NFC,NFC North,1,TRUE,TRUE,3,2,1,0,0.666667,51,54,-3,17,15,2,0,0.8823529411764706,564,342,222,1,TRUE,LostDV,Lost Divisional,FALSE,FALSE,FALSE,2024-preseason.png,86.5,https://raw.githubusercontent.com/nflverse/nfldata/master/data/standings.csv,https://raw.githubusercontent.com/nflverse/nfldata/master/data/games.csv
2024,MIN,VIKINGS,Minnesota Vikings,Minnesota,Vikings,NFC,NFC North,2,TRUE,TRUE,3,3,0,0,1,77,38,39,17,14,3,0,0.8235294117647058,432,332,100,5,TRUE,LostWC,Lost Wild Card,FALSE,FALSE,FALSE,2024-preseason.png,94.1,https://raw.githubusercontent.com/nflverse/nfldata/master/data/standings.csv,https://raw.githubusercontent.com/nflverse/nfldata/master/data/games.csv
2024,GB,PACKERS,Green Bay Packers,Green Bay,Packers,NFC,NFC North,3,TRUE,TRUE,3,2,1,0,0.666667,55,44,11,17,11,6,0,0.6470588235294118,460,338,122,7,TRUE,LostWC,Lost Wild Card,FALSE,FALSE,FALSE,2024-preseason.png,89.9,https://raw.githubusercontent.com/nflverse/nfldata/master/data/standings.csv,https://raw.githubusercontent.com/nflverse/nfldata/master/data/games.csv
2024,CHI,BEARS,Chicago Bears,Chicago,Bears,NFC,NFC North,4,TRUE,TRUE,4,4,0,0,1,115,47,68,17,5,12,0,0.29411764705882354,310,370,-60,,FALSE,,Missed playoffs,FALSE,FALSE,FALSE,2024-preseason.png,93.1,https://raw.githubusercontent.com/nflverse/nfldata/master/data/standings.csv,https://raw.githubusercontent.com/nflverse/nfldata/master/data/games.csv
2024,TB,BUCCANEERS,Tampa Bay Buccaneers,Tampa Bay,Buccaneers,NFC,NFC South,1,TRUE,TRUE,3,2,1,0,0.666667,48,48,0,17,10,7,0,0.5882352941176471,502,385,117,3,TRUE,LostWC,Lost Wild Card,FALSE,FALSE,FALSE,2024-preseason.png,80,https://raw.githubusercontent.com/nflverse/nfldata/master/data/standings.csv,https://raw.githubusercontent.com/nflverse/nfldata/master/data/games.csv
2024,ATL,FALCONS,Atlanta Falcons,Atlanta,Falcons,NFC,NFC South,2,TRUE,TRUE,3,0,3,0,0,25,64,-39,17,8,9,0,0.47058823529411764,389,423,-34,,FALSE,,Missed playoffs,FALSE,FALSE,FALSE,2024-preseason.png,95,https://raw.githubusercontent.com/nflverse/nfldata/master/data/standings.csv,https://raw.githubusercontent.com/nflverse/nfldata/master/data/games.csv
2024,CAR,PANTHERS,Carolina Panthers,Carolina,Panthers,NFC,NFC South,3,TRUE,TRUE,3,1,2,0,0.333333,46,58,-12,17,5,12,0,0.29411764705882354,341,534,-193,,FALSE,,Missed playoffs,FALSE,FALSE,FALSE,2024-preseason.png,94.1,https://raw.githubusercontent.com/nflverse/nfldata/master/data/standings.csv,https://raw.githubusercontent.com/nflverse/nfldata/master/data/games.csv
2024,NO,SAINTS,New Orleans Saints,New Orleans,Saints,NFC,NFC South,4,TRUE,TRUE,3,1,2,0,0.333333,53,60,-7,17,5,12,0,0.29411764705882354,338,398,-60,,FALSE,,Missed playoffs,FALSE,FALSE,FALSE,2024-preseason.png,94.9,https://raw.githubusercontent.com/nflverse/nfldata/master/data/standings.csv,https://raw.githubusercontent.com/nflverse/nfldata/master/data/games.csv
2024,LA,RAMS,Los Angeles Rams,Los Angeles,Rams,NFC,NFC West,1,TRUE,TRUE,3,2,1,0,0.666667,41,38,3,17,10,7,0,0.5882352941176471,367,386,-19,4,TRUE,LostDV,Lost Divisional,FALSE,FALSE,FALSE,2024-preseason.png,80.4,https://raw.githubusercontent.com/nflverse/nfldata/master/data/standings.csv,https://raw.githubusercontent.com/nflverse/nfldata/master/data/games.csv
2024,SEA,SEAHAWKS,Seattle Seahawks,Seattle,Seahawks,NFC,NFC West,2,TRUE,TRUE,3,2,1,0,0.666667,68,52,16,17,10,7,0,0.5882352941176471,375,368,7,,FALSE,,Missed playoffs,FALSE,FALSE,FALSE,2024-preseason.png,92.6,https://raw.githubusercontent.com/nflverse/nfldata/master/data/standings.csv,https://raw.githubusercontent.com/nflverse/nfldata/master/data/games.csv
2024,ARI,CARDINALS,Arizona Cardinals,Arizona,Cardinals,NFC,NFC West,3,TRUE,TRUE,3,0,3,0,0,39,75,-36,17,8,9,0,0.47058823529411764,400,379,21,,FALSE,,Missed playoffs,FALSE,FALSE,FALSE,2024-preseason.png,94,https://raw.githubusercontent.com/nflverse/nfldata/master/data/standings.csv,https://raw.githubusercontent.com/nflverse/nfldata/master/data/games.csv
2024,SF,49ERS,San Francisco 49ers,San Francisco,49ers,NFC,NFC West,4,TRUE,TRUE,2,1,1,0,0.5,53,51,2,17,6,11,0,0.35294117647058826,389,436,-47,,FALSE,,Missed playoffs,FALSE,FALSE,FALSE,2024-preseason.png,90.9,https://raw.githubusercontent.com/nflverse/nfldata/master/data/standings.csv,https://raw.githubusercontent.com/nflverse/nfldata/master/data/games.csv
2025,NE,PATRIOTS,New England Patriots,New England,Patriots,AFC,AFC East,1,TRUE,TRUE,3,2,1,0,0.666667,78,72,6,17,14,3,0,0.8235294117647058,490,320,170,2,TRUE,LostSB,Lost Super Bowl,TRUE,FALSE,TRUE,2025-preseason.png,87.8,https://raw.githubusercontent.com/nflverse/nfldata/master/data/standings.csv,https://raw.githubusercontent.com/nflverse/nfldata/master/data/games.csv
2025,BUF,BILLS,Buffalo Bills,Buffalo,Bills,AFC,AFC East,2,TRUE,TRUE,3,1,2,0,0.333333,48,91,-43,17,12,5,0,0.7058823529411765,481,365,116,6,TRUE,LostDV,Lost Divisional,FALSE,FALSE,FALSE,2025-preseason.png,94,https://raw.githubusercontent.com/nflverse/nfldata/master/data/standings.csv,https://raw.githubusercontent.com/nflverse/nfldata/master/data/games.csv
2025,MIA,DOLPHINS,Miami Dolphins,Miami,Dolphins,AFC,AFC East,3,TRUE,TRUE,3,2,0,1,0.833333,62,47,15,17,7,10,0,0.4117647058823529,347,424,-77,,FALSE,,Missed playoffs,FALSE,FALSE,FALSE,2025-preseason.png,95.8,https://raw.githubusercontent.com/nflverse/nfldata/master/data/standings.csv,https://raw.githubusercontent.com/nflverse/nfldata/master/data/games.csv
2025,NYJ,JETS,New York Jets,New York,Jets,AFC,AFC East,4,TRUE,TRUE,3,1,2,0,0.333333,59,60,-1,17,3,14,0,0.17647058823529413,300,503,-203,,FALSE,,Missed playoffs,FALSE,FALSE,FALSE,2025-preseason.png,94.7,https://raw.githubusercontent.com/nflverse/nfldata/master/data/standings.csv,https://raw.githubusercontent.com/nflverse/nfldata/master/data/games.csv
2025,PIT,STEELERS,Pittsburgh Steelers,Pittsburgh,Steelers,AFC,AFC North,1,TRUE,TRUE,3,2,1,0,0.666667,64,52,12,17,10,7,0,0.5882352941176471,397,387,10,4,TRUE,LostWC,Lost Wild Card,FALSE,FALSE,FALSE,2025-preseason.png,94.6,https://raw.githubusercontent.com/nflverse/nfldata/master/data/standings.csv,https://raw.githubusercontent.com/nflverse/nfldata/master/data/games.csv
2025,BAL,RAVENS,Baltimore Ravens,Baltimore,Ravens,AFC,AFC North,2,TRUE,TRUE,3,3,0,0,1,85,32,53,17,8,9,0,0.47058823529411764,424,398,26,,FALSE,,Missed playoffs,FALSE,FALSE,FALSE,2025-preseason.png,95.7,https://raw.githubusercontent.com/nflverse/nfldata/master/data/standings.csv,https://raw.githubusercontent.com/nflverse/nfldata/master/data/games.csv
2025,CIN,BENGALS,Cincinnati Bengals,Cincinnati,Bengals,AFC,AFC North,3,TRUE,TRUE,3,1,2,0,0.333333,72,92,-20,17,6,11,0,0.35294117647058826,414,492,-78,,FALSE,,Missed playoffs,FALSE,FALSE,FALSE,2025-preseason.png,93.5,https://raw.githubusercontent.com/nflverse/nfldata/master/data/standings.csv,https://raw.githubusercontent.com/nflverse/nfldata/master/data/games.csv
2025,CLE,BROWNS,Cleveland Browns,Cleveland,Browns,AFC,AFC North,4,TRUE,TRUE,3,3,0,0,1,71,40,31,17,5,12,0,0.29411764705882354,279,379,-100,,FALSE,,Missed playoffs,FALSE,FALSE,FALSE,2025-preseason.png,95.4,https://raw.githubusercontent.com/nflverse/nfldata/master/data/standings.csv,https://raw.githubusercontent.com/nflverse/nfldata/master/data/games.csv
2025,JAX,JAGUARS,Jacksonville Jaguars,Jacksonville,Jaguars,AFC,AFC South,1,TRUE,TRUE,3,0,2,1,0.166667,48,62,-14,17,13,4,0,0.7647058823529411,474,336,138,3,TRUE,LostWC,Lost Wild Card,FALSE,FALSE,FALSE,2025-preseason.png,79.6,https://raw.githubusercontent.com/nflverse/nfldata/master/data/standings.csv,https://raw.githubusercontent.com/nflverse/nfldata/master/data/games.csv
2025,HOU,TEXANS,Houston Texans,Houston,Texans,AFC,AFC South,2,TRUE,TRUE,3,2,1,0,0.666667,56,30,26,17,12,5,0,0.7058823529411765,404,295,109,5,TRUE,LostDV,Lost Divisional,FALSE,FALSE,FALSE,2025-preseason.png,94.6,https://raw.githubusercontent.com/nflverse/nfldata/master/data/standings.csv,https://raw.githubusercontent.com/nflverse/nfldata/master/data/games.csv
2025,IND,COLTS,Indianapolis Colts,Indianapolis,Colts,AFC,AFC South,3,TRUE,TRUE,3,1,2,0,0.333333,76,61,15,17,8,9,0,0.47058823529411764,466,412,54,,FALSE,,Missed playoffs,FALSE,FALSE,FALSE,2025-preseason.png,95.9,https://raw.githubusercontent.com/nflverse/nfldata/master/data/standings.csv,https://raw.githubusercontent.com/nflverse/nfldata/master/data/games.csv
2025,TEN,TITANS,Tennessee Titans,Tennessee,Titans,AFC,AFC South,4,TRUE,TRUE,3,2,1,0,0.666667,53,62,-9,17,3,14,0,0.17647058823529413,284,478,-194,,FALSE,,Missed playoffs,FALSE,FALSE,FALSE,2025-preseason.png,94.7,https://raw.githubusercontent.com/nflverse/nfldata/master/data/standings.csv,https://raw.githubusercontent.com/nflverse/nfldata/master/data/games.csv
2025,DEN,BRONCOS,Denver Broncos,Denver,Broncos,AFC,AFC West,1,TRUE,TRUE,3,3,0,0,1,85,35,50,17,14,3,0,0.8235294117647058,401,311,90,1,TRUE,LostCC,Lost Conference Championship,FALSE,FALSE,FALSE,2025-preseason.png,94.6,https://raw.githubusercontent.com/nflverse/nfldata/master/data/standings.csv,https://raw.githubusercontent.com/nflverse/nfldata/master/data/games.csv
2025,LAC,CHARGERS,Los Angeles Chargers,Los Angeles,Chargers,AFC,AFC West,2,TRUE,TRUE,4,2,2,0,0.5,106,73,33,17,11,6,0,0.6470588235294118,368,340,28,7,TRUE,LostWC,Lost Wild Card,FALSE,FALSE,FALSE,2025-preseason.png,88.6,https://raw.githubusercontent.com/nflverse/nfldata/master/data/standings.csv,https://raw.githubusercontent.com/nflverse/nfldata/master/data/games.csv
2025,KC,CHIEFS,Kansas City Chiefs,Kansas City,Chiefs,AFC,AFC West,3,TRUE,TRUE,3,0,3,0,0,60,82,-22,17,6,11,0,0.35294117647058826,362,328,34,,FALSE,,Missed playoffs,FALSE,FALSE,FALSE,2025-preseason.png,93.6,https://raw.githubusercontent.com/nflverse/nfldata/master/data/standings.csv,https://raw.githubusercontent.com/nflverse/nfldata/master/data/games.csv
2025,LV,RAIDERS,Las Vegas Raiders,Las Vegas,Raiders,AFC,AFC West,4,TRUE,TRUE,3,0,2,1,0.166667,52,65,-13,17,3,14,0,0.17647058823529413,241,432,-191,,FALSE,,Missed playoffs,FALSE,FALSE,FALSE,2025-preseason.png,93.3,https://raw.githubusercontent.com/nflverse/nfldata/master/data/standings.csv,https://raw.githubusercontent.com/nflverse/nfldata/master/data/games.csv
2025,PHI,EAGLES,Philadelphia Eagles,Philadelphia,Eagles,NFC,NFC East,1,TRUE,TRUE,3,2,1,0,0.666667,66,66,0,17,11,6,0,0.6470588235294118,379,325,54,3,TRUE,LostWC,Lost Wild Card,FALSE,FALSE,FALSE,2025-preseason.png,92.9,https://raw.githubusercontent.com/nflverse/nfldata/master/data/standings.csv,https://raw.githubusercontent.com/nflverse/nfldata/master/data/games.csv
2025,DAL,COWBOYS,Dallas Cowboys,Dallas,Cowboys,NFC,NFC East,2,TRUE,TRUE,3,1,2,0,0.333333,65,75,-10,17,7,9,1,0.4411764705882353,471,511,-40,,FALSE,,Missed playoffs,FALSE,FALSE,FALSE,2025-preseason.png,93.9,https://raw.githubusercontent.com/nflverse/nfldata/master/data/standings.csv,https://raw.githubusercontent.com/nflverse/nfldata/master/data/games.csv
2025,WAS,WASHINGTON,Washington Commanders,Washington,Commanders,NFC,NFC East,3,TRUE,TRUE,3,0,3,0,0,38,109,-71,17,5,12,0,0.29411764705882354,356,451,-95,,FALSE,,Missed playoffs,FALSE,FALSE,FALSE,2025-preseason.png,87.6,https://raw.githubusercontent.com/nflverse/nfldata/master/data/standings.csv,https://raw.githubusercontent.com/nflverse/nfldata/master/data/games.csv
2025,NYG,GIANTS,New York Giants,New York,Giants,NFC,NFC East,4,TRUE,TRUE,3,3,0,0,1,107,47,60,17,4,13,0,0.23529411764705882,381,439,-58,,FALSE,,Missed playoffs,FALSE,FALSE,FALSE,2025-preseason.png,90.8,https://raw.githubusercontent.com/nflverse/nfldata/master/data/standings.csv,https://raw.githubusercontent.com/nflverse/nfldata/master/data/games.csv
2025,CHI,BEARS,Chicago Bears,Chicago,Bears,NFC,NFC North,1,TRUE,TRUE,3,2,0,1,0.833333,91,51,40,17,11,6,0,0.6470588235294118,441,415,26,2,TRUE,LostDV,Lost Divisional,FALSE,FALSE,FALSE,2025-preseason.png,94.8,https://raw.githubusercontent.com/nflverse/nfldata/master/data/standings.csv,https://raw.githubusercontent.com/nflverse/nfldata/master/data/games.csv
2025,GB,PACKERS,Green Bay Packers,Green Bay,Packers,NFC,NFC North,2,TRUE,TRUE,3,2,1,0,0.666667,53,56,-3,17,9,7,1,0.5588235294117647,391,360,31,7,TRUE,LostWC,Lost Wild Card,FALSE,FALSE,FALSE,2025-preseason.png,92.5,https://raw.githubusercontent.com/nflverse/nfldata/master/data/standings.csv,https://raw.githubusercontent.com/nflverse/nfldata/master/data/games.csv
2025,MIN,VIKINGS,Minnesota Vikings,Minnesota,Vikings,NFC,NFC North,3,TRUE,TRUE,3,1,2,0,0.333333,45,53,-8,17,9,8,0,0.5294117647058824,344,333,11,,FALSE,,Missed playoffs,FALSE,FALSE,FALSE,2025-preseason.png,94.5,https://raw.githubusercontent.com/nflverse/nfldata/master/data/standings.csv,https://raw.githubusercontent.com/nflverse/nfldata/master/data/games.csv
2025,DET,LIONS,Detroit Lions,Detroit,Lions,NFC,NFC North,4,TRUE,TRUE,4,1,3,0,0.25,48,94,-46,17,9,8,0,0.5294117647058824,481,413,68,,FALSE,,Missed playoffs,FALSE,FALSE,FALSE,2025-preseason.png,93.3,https://raw.githubusercontent.com/nflverse/nfldata/master/data/standings.csv,https://raw.githubusercontent.com/nflverse/nfldata/master/data/games.csv
2025,CAR,PANTHERS,Carolina Panthers,Carolina,Panthers,NFC,NFC South,1,TRUE,TRUE,3,0,3,0,0,23,69,-46,17,8,9,0,0.47058823529411764,311,380,-69,4,TRUE,LostWC,Lost Wild Card,FALSE,FALSE,FALSE,2025-preseason.png,93.5,https://raw.githubusercontent.com/nflverse/nfldata/master/data/standings.csv,https://raw.githubusercontent.com/nflverse/nfldata/master/data/games.csv
2025,TB,BUCCANEERS,Tampa Bay Buccaneers,Tampa Bay,Buccaneers,NFC,NFC South,2,TRUE,TRUE,3,2,1,0,0.666667,65,44,21,17,8,9,0,0.47058823529411764,380,411,-31,,FALSE,,Missed playoffs,FALSE,FALSE,FALSE,2025-preseason.png,95.9,https://raw.githubusercontent.com/nflverse/nfldata/master/data/standings.csv,https://raw.githubusercontent.com/nflverse/nfldata/master/data/games.csv
2025,ATL,FALCONS,Atlanta Falcons,Atlanta,Falcons,NFC,NFC South,3,TRUE,TRUE,3,0,3,0,0,43,71,-28,17,8,9,0,0.47058823529411764,353,401,-48,,FALSE,,Missed playoffs,FALSE,FALSE,FALSE,2025-preseason.png,94.2,https://raw.githubusercontent.com/nflverse/nfldata/master/data/standings.csv,https://raw.githubusercontent.com/nflverse/nfldata/master/data/games.csv
2025,NO,SAINTS,New Orleans Saints,New Orleans,Saints,NFC,NFC South,4,TRUE,TRUE,3,0,2,1,0.166667,49,72,-23,17,6,11,0,0.35294117647058826,306,383,-77,,FALSE,,Missed playoffs,FALSE,FALSE,FALSE,2025-preseason.png,93.2,https://raw.githubusercontent.com/nflverse/nfldata/master/data/standings.csv,https://raw.githubusercontent.com/nflverse/nfldata/master/data/games.csv
2025,SEA,SEAHAWKS,Seattle Seahawks,Seattle,Seahawks,NFC,NFC West,1,TRUE,TRUE,3,1,1,1,0.5,63,59,4,17,14,3,0,0.8235294117647058,483,292,191,1,TRUE,WonSB,Won Super Bowl,TRUE,TRUE,FALSE,2025-preseason.png,94.1,https://raw.githubusercontent.com/nflverse/nfldata/master/data/standings.csv,https://raw.githubusercontent.com/nflverse/nfldata/master/data/games.csv
2025,LA,RAMS,Los Angeles Rams,Los Angeles,Rams,NFC,NFC West,2,TRUE,TRUE,3,2,1,0,0.666667,71,62,9,17,12,5,0,0.7058823529411765,518,346,172,5,TRUE,LostCC,Lost Conference Championship,FALSE,FALSE,FALSE,2025-preseason.png,91.5,https://raw.githubusercontent.com/nflverse/nfldata/master/data/standings.csv,https://raw.githubusercontent.com/nflverse/nfldata/master/data/games.csv
2025,SF,49ERS,San Francisco 49ers,San Francisco,49ers,NFC,NFC West,3,TRUE,TRUE,3,2,1,0,0.666667,61,72,-11,17,12,5,0,0.7058823529411765,437,371,66,6,TRUE,LostDV,Lost Divisional,FALSE,FALSE,FALSE,2025-preseason.png,93.4,https://raw.githubusercontent.com/nflverse/nfldata/master/data/standings.csv,https://raw.githubusercontent.com/nflverse/nfldata/master/data/games.csv
2025,ARI,CARDINALS,Arizona Cardinals,Arizona,Cardinals,NFC,NFC West,4,TRUE,TRUE,3,2,1,0,0.666667,47,54,-7,17,3,14,0,0.17647058823529413,355,488,-133,,FALSE,,Missed playoffs,FALSE,FALSE,FALSE,2025-preseason.png,93.5,https://raw.githubusercontent.com/nflverse/nfldata/master/data/standings.csv,https://raw.githubusercontent.com/nflverse/nfldata/master/data/games.csv
