season,conference,division,team,wins,losses,ties,points_for,points_against,point_diff,source_file,ocr_confidence,review_required,review_notes,raw_ocr
1995,AFC,East,Buffalo Bills,2,3,0,64,109,-45,1995-preseason.png,90.5,no,,Buffalo Bills 23 64 109 -45
1995,AFC,East,Indianapolis Colts,3,1,0,90,75,15,1995-preseason.png,94.7,no,,Indianapolis Colts 31 90 75 15
1995,AFC,East,Miami Dolphins,1,3,0,65,98,-33,1995-preseason.png,86.6,no,,Miami Dolphins 13 65 98 -33
1995,AFC,East,New England Patriots,1,3,0,69,107,-38,1995-preseason.png,94.3,no,,New England Patriots 13 69 107 -38
1995,AFC,East,New York Jets,2,2,0,80,72,8,1995-preseason.png,95.8,no,,New York Jets 22 80 72 8
1995,AFC,Central,Cincinnati Bengals,1,3,0,78,102,-24,1995-preseason.png,93.1,no,,Cincinnati Bengals 13 78 102 -24
1995,AFC,Central,Cleveland Browns,2,2,0,109,68,41,1995-preseason.png,92.3,no,,Cleveland Browns 22109 68 41
1995,AFC,Central,Houston Oilers,0,3,0,26,42,-16,1995-preseason.png,94.7,no,,Houston Oilers 03 26 42 -16
1995,AFC,Central,Jacksonville Jaguars,2,3,0,74,104,-30,1995-preseason.png,92.5,no,,Jacksonville Jaguars 23 74 104 -30
1995,AFC,Central,Pittsburgh Steelers,1,3,0,57,82,-25,1995-preseason.png,90.1,no,,Pittsburgh Steelers 13 57 82 -25
1995,AFC,West,Denver Broncos,3,2,0,80,76,4,1995-preseason.png,95.0,no,,Denver Broncos 32 80 76 4
1995,AFC,West,Kansas City Chiefs,3,1,0,107,66,41,1995-preseason.png,91.6,no,,Kansas City Chiefs 3.1107 66 41
1995,AFC,West,Oakland Raiders,3,1,0,103,80,23,1995-preseason.png,89.7,no,,Oakland Raiders 3.1103 80 23
1995,AFC,West,San Diego Chargers,1,2,0,42,49,-7,1995-preseason.png,94.7,no,,San Diego Chargers 12 42 49 -7
1995,AFC,West,Seattle Seahawks,2,2,0,82,76,6,1995-preseason.png,95.9,no,,Seattle Seahawks 22 82 76 6
1995,NFC,East,Arizona Cardinals,3,1,0,72,77,-5,1995-preseason.png,84.0,no,,Arizona Cardinals 31 72 77 -5
1995,NFC,East,Dallas Cowboys,2,3,0,69,71,-2,1995-preseason.png,94.0,no,,Dallas Cowboys 23 69 71 -2
1995,NFC,East,New York Giants,3,1,0,68,63,5,1995-preseason.png,93.0,no,,New York Giants 31 68 63 5
1995,NFC,East,Philadelphia Eagles,4,0,0,85,40,45,1995-preseason.png,95.9,no,,Philadelphia Eagles 40 85 40 45
1995,NFC,East,Washington Redskins,1,3,0,73,112,-39,1995-preseason.png,78.2,no,,Washington Redskins 13 73 112 -39
1995,NFC,Central,Chicago Bears,1,3,0,54,116,-62,1995-preseason.png,94.4,no,,Chicago Bears 13 54 116 -62
1995,NFC,Central,Detroit Lions,3,1,0,79,57,22,1995-preseason.png,83.8,no,,Detroit Lions 3.1 79 57 22
1995,NFC,Central,Green Bay Packers,3,1,0,115,73,42,1995-preseason.png,91.8,no,,Green Bay Packers 3.1115 73 42
1995,NFC,Central,Minnesota Vikings,2,2,0,70,74,-4,1995-preseason.png,93.9,no,,Minnesota Vikings 22 70 74 -4
1995,NFC,Central,Tampa Bay Buccaneers,3,1,0,78,40,38,1995-preseason.png,94.4,no,,Tampa Bay Buccaneers 3 1 78 40 38
1995,NFC,West,Atlanta Falcons,2,2,0,87,55,32,1995-preseason.png,95.2,no,,Atlanta Falcons 22 87 55 32
1995,NFC,West,Carolina Panthers,3,2,0,70,62,8,1995-preseason.png,96.0,no,,Carolina Panthers 32 70 62 8
1995,NFC,West,New Orleans Saints,1,3,0,73,75,-2,1995-preseason.png,92.3,no,,New Orleans Saints 13 73 75 -2
1995,NFC,West,San Francisco 49ers,3,2,0,68,56,12,1995-preseason.png,94.9,no,,San Francisco 49ers 32 68 56 12
1995,NFC,West,St. Louis Rams,1,3,0,78,88,-10,1995-preseason.png,93.6,no,,St. Louis Rams 13 78 88 -10
1996,AFC,East,Buffalo Bills,2,2,0,80,66,14,1996-preseason.png,95.8,no,,Buffalo Bills 22 80 66 14
1996,AFC,East,Indianapolis Colts,3,2,0,92,66,26,1996-preseason.png,96.2,no,,Indianapolis Colts 32 92 66 26
1996,AFC,East,Miami Dolphins,3,1,0,77,58,19,1996-preseason.png,86.5,no,,Miami Dolphins 3.1 77 58 19
1996,AFC,East,New England Patriots,3,1,0,102,60,42,1996-preseason.png,87.7,no,,New England Patriots 3 1102 60 42
1996,AFC,East,New York Jets,1,3,0,69,111,-42,1996-preseason.png,94.2,no,,New York Jets 13 69 111 -42
1996,AFC,Central,Baltimore Ravens,3,1,0,106,67,39,1996-preseason.png,92.6,no,,Baltimore Ravens 3.1106 67 39
1996,AFC,Central,Cincinnati Bengals,2,2,0,83,69,14,1996-preseason.png,95.4,no,,Cincinnati Bengals 22 83 69 14
1996,AFC,Central,Houston Oilers,2,2,0,89,83,6,1996-preseason.png,95.7,no,,Houston Oilers 22 89 83 6
1996,AFC,Central,Jacksonville Jaguars,2,2,0,96,75,21,1996-preseason.png,86.6,no,,Jacksonville Jaguars 22 96 75 21
1996,AFC,Central,Pittsburgh Steelers,2,3,0,75,77,-2,1996-preseason.png,83.7,no,,Pittsburgh Steelers 23 75 77 -2
1996,AFC,West,Denver Broncos,3,1,0,104,79,25,1996-preseason.png,91.1,no,,Denver Broncos 3.1104 79 25
1996,AFC,West,Kansas City Chiefs,3,1,0,118,56,62,1996-preseason.png,90.4,no,,Kansas City Chiefs 3.1118 56 62
1996,AFC,West,Oakland Raiders,2,3,0,129,116,13,1996-preseason.png,85.1,no,,Oakland Raiders 23.129 116 13
1996,AFC,West,San Diego Chargers,2,3,0,119,96,23,1996-preseason.png,92.4,no,,San Diego Chargers 23119 96 23
1996,AFC,West,Seattle Seahawks,3,1,0,76,54,22,1996-preseason.png,91.0,no,,Seattle Seahawks 31 76 54 22
1996,NFC,East,Arizona Cardinals,1,3,0,56,99,-43,1996-preseason.png,95.2,no,,Arizona Cardinals 13 56 99 -43
1996,NFC,East,Dallas Cowboys,2,3,0,75,136,-61,1996-preseason.png,84.4,no,,Dallas Cowboys 23 75 136 -61
1996,NFC,East,New York Giants,1,3,0,64,101,-37,1996-preseason.png,94.3,no,,New York Giants 13 64 101 -37
1996,NFC,East,Philadelphia Eagles,2,2,0,69,89,-20,1996-preseason.png,94.2,no,,Philadelphia Eagles 22 69 89 -20
1996,NFC,East,Washington Redskins,1,3,0,68,96,-28,1996-preseason.png,94.6,no,,Washington Redskins 13 68 96 -28
1996,NFC,Central,Chicago Bears,1,3,0,67,96,-29,1996-preseason.png,93.9,no,,Chicago Bears 13 67 96 -29
1996,NFC,Central,Detroit Lions,3,1,0,114,88,26,1996-preseason.png,91.1,no,,Detroit Lions 3.1114 88 26
1996,NFC,Central,Green Bay Packers,3,1,0,71,69,2,1996-preseason.png,94.9,no,,Green Bay Packers 31 71 69 2
1996,NFC,Central,Minnesota Vikings,1,3,0,65,95,-30,1996-preseason.png,93.1,no,,Minnesota Vikings 13 65 95 -30
1996,NFC,Central,Tampa Bay Buccaneers,1,3,0,36,45,-9,1996-preseason.png,94.4,no,,Tampa Bay Buccaneers 13 36 45 -9
1996,NFC,West,Atlanta Falcons,2,2,0,75,71,4,1996-preseason.png,94.3,no,,Atlanta Falcons 22 75 71 4
1996,NFC,West,Carolina Panthers,2,2,0,92,83,9,1996-preseason.png,94.6,no,,Carolina Panthers 22 92 83 9
1996,NFC,West,New Orleans Saints,3,2,0,79,108,-29,1996-preseason.png,91.2,no,,New Orleans Saints 3.2 79 108 -29
1996,NFC,West,San Francisco 49ers,1,3,0,46,91,-45,1996-preseason.png,94.9,no,,San Francisco 49ers 13 46 91 -45
1996,NFC,West,St. Louis Rams,3,1,0,98,90,8,1996-preseason.png,94.6,no,,St. Louis Rams 31 98 90 8
1997,AFC,East,Buffalo Bills,2,3,0,80,117,-37,1997-preseason.png,89.5,no,,Buffalo Bills 23.0 80 117 -37
1997,AFC,East,Indianapolis Colts,2,2,0,56,87,-31,1997-preseason.png,92.7,no,,Indianapolis Colts 220 56 87 -31
1997,AFC,East,Miami Dolphins,3,2,0,97,84,13,1997-preseason.png,92.6,no,,Miami Dolphins 320 97 84 13
1997,AFC,East,New England Patriots,3,1,0,78,52,26,1997-preseason.png,94.6,no,,New England Patriots 310 78 52 26
1997,AFC,East,New York Jets,4,0,0,112,72,40,1997-preseason.png,95.9,no,,New York Jets 400112 72 40
1997,AFC,Central,Baltimore Ravens,0,4,0,90,115,-25,1997-preseason.png,94.6,no,,Baltimore Ravens 040 90 115 -25
1997,AFC,Central,Cincinnati Bengals,2,2,0,108,87,21,1997-preseason.png,93.5,no,,Cincinnati Bengals 220108 87 21
1997,AFC,Central,Jacksonville Jaguars,4,0,0,115,62,53,1997-preseason.png,89.6,no,,Jacksonville Jaguars 400115 62 53
1997,AFC,Central,Pittsburgh Steelers,5,0,0,155,96,59,1997-preseason.png,94.8,no,,Pittsburgh Steelers 500155 96 59
1997,AFC,Central,Tennessee Oilers,0,4,0,41,94,-53,1997-preseason.png,95.0,no,,Tennessee Oilers 040 41 94 -53
1997,AFC,West,Denver Broncos,3,2,0,125,109,16,1997-preseason.png,90.0,no,,Denver Broncos 3.20125 109 16
1997,AFC,West,Kansas City Chiefs,1,3,0,64,78,-14,1997-preseason.png,94.3,no,,Kansas City Chiefs 130 64 78 -14
1997,AFC,West,Oakland Raiders,2,2,0,89,95,-6,1997-preseason.png,94.3,no,,Oakland Raiders 220 89 95 -6
1997,AFC,West,San Diego Chargers,3,1,0,86,65,21,1997-preseason.png,94.1,no,,San Diego Chargers 310 86 65 21
1997,AFC,West,Seattle Seahawks,3,2,0,153,86,67,1997-preseason.png,89.6,no,,Seattle Seahawks 320153 86 67
1997,NFC,East,Arizona Cardinals,1,3,0,31,81,-50,1997-preseason.png,93.6,no,,Arizona Cardinals 130 31 81 -50
1997,NFC,East,Dallas Cowboys,2,2,0,105,91,14,1997-preseason.png,95.5,no,,Dallas Cowboys 220105 91 14
1997,NFC,East,New York Giants,1,3,0,71,107,-36,1997-preseason.png,91.0,no,,New York Giants 130 71 107 -36
1997,NFC,East,Philadelphia Eagles,1,3,0,81,114,-33,1997-preseason.png,90.7,no,,Philadelphia Eagles 130 81 114 -33
1997,NFC,East,Washington Redskins,3,1,0,80,79,1,1997-preseason.png,95.8,no,,Washington Redskins 310 80 79 1
1997,NFC,Central,Chicago Bears,2,3,0,80,91,-11,1997-preseason.png,92.7,no,,Chicago Bears 230 80 91 -11
1997,NFC,Central,Detroit Lions,1,3,0,66,88,-22,1997-preseason.png,93.8,no,,Detroit Lions 130 66 88 -22
1997,NFC,Central,Green Bay Packers,5,0,0,121,47,74,1997-preseason.png,96.1,no,,Green Bay Packers 500121 47 74
1997,NFC,Central,Minnesota Vikings,3,2,0,96,110,-14,1997-preseason.png,90.4,no,,Minnesota Vikings 3.20 96 110 -14
1997,NFC,Central,Tampa Bay Buccaneers,1,3,0,53,62,-9,1997-preseason.png,93.4,no,,Tampa Bay Buccaneers 130 53 62 -9
1997,NFC,West,Atlanta Falcons,1,3,0,82,93,-11,1997-preseason.png,94.1,no,,Atlanta Falcons 130 82 93 -11
1997,NFC,West,Carolina Panthers,0,4,0,51,103,-52,1997-preseason.png,94.8,no,,Carolina Panthers 040 51 103 -52
1997,NFC,West,New Orleans Saints,3,1,0,76,44,32,1997-preseason.png,95.8,no,,New Orleans Saints 310 76 44 32
1997,NFC,West,San Francisco 49ers,1,3,0,71,96,-25,1997-preseason.png,93.7,no,,San Francisco 49ers 130 71 96 -25
1997,NFC,West,St. Louis Rams,2,2,0,63,71,-8,1997-preseason.png,94.8,no,,St. Louis Rams 220 63 71 -8
1998,AFC,East,Buffalo Bills,2,2,0,64,62,2,1998-preseason.png,96.3,no,,Buffalo Bills 22 64 62 2
1998,AFC,East,Indianapolis Colts,2,2,0,74,101,-27,1998-preseason.png,85.5,no,,Indianapolis Colts 2.2 74 101 -27
1998,AFC,East,Miami Dolphins,4,0,0,75,56,19,1998-preseason.png,94.6,no,,Miami Dolphins 40 75 56 19
1998,AFC,East,New England Patriots,3,2,0,78,69,9,1998-preseason.png,89.8,no,,New England Patriots 3 2 78 69 9
1998,AFC,East,New York Jets,3,1,0,80,78,2,1998-preseason.png,95.1,no,,New York Jets 31 80 78 2
1998,AFC,Central,Baltimore Ravens,4,0,0,89,26,63,1998-preseason.png,96.0,no,,Baltimore Ravens 40 89 26 63
1998,AFC,Central,Cincinnati Bengals,1,3,0,77,90,-13,1998-preseason.png,89.1,no,,Cincinnati Bengals 13 77 90 -13
1998,AFC,Central,Jacksonville Jaguars,2,2,0,114,82,32,1998-preseason.png,84.8,no,,Jacksonville Jaguars 22 114 82 32
1998,AFC,Central,Pittsburgh Steelers,3,2,0,113,110,3,1998-preseason.png,87.8,no,,Pittsburgh Steelers 3.2113 110 3
1998,AFC,Central,Tennessee Oilers,3,1,0,97,80,17,1998-preseason.png,90.1,no,,Tennessee Oilers 3.1 97 80 17
1998,AFC,West,Denver Broncos,3,1,0,84,70,14,1998-preseason.png,91.2,no,,Denver Broncos 31 84 70 14
1998,AFC,West,Kansas City Chiefs,2,3,0,69,105,-36,1998-preseason.png,89.5,no,,Kansas City Chiefs 23 69 105 -36
1998,AFC,West,Oakland Raiders,2,2,0,64,86,-22,1998-preseason.png,93.5,no,,Oakland Raiders 22 64 86 -22
1998,AFC,West,San Diego Chargers,3,1,0,129,93,36,1998-preseason.png,93.3,no,,San Diego Chargers 31129 93 36
1998,AFC,West,Seattle Seahawks,4,1,0,117,108,9,1998-preseason.png,95.0,no,,Seattle Seahawks 41117108 9
1998,NFC,East,Arizona Cardinals,2,2,0,82,82,0,1998-preseason.png,90.0,no,,Arizona Cardinals 22 82 82 0O
1998,NFC,East,Dallas Cowboys,0,5,0,59,121,-62,1998-preseason.png,94.1,no,,Dallas Cowboys 05 59 121 -62
1998,NFC,East,New York Giants,1,3,0,63,82,-19,1998-preseason.png,94.7,no,,New York Giants 13 63 82 -19
1998,NFC,East,Philadelphia Eagles,1,3,0,49,93,-44,1998-preseason.png,93.8,no,,Philadelphia Eagles 13 49 93 -44
1998,NFC,East,Washington Redskins,1,3,0,77,90,-13,1998-preseason.png,85.0,no,,Washington Redskins 13 77 90 -13
1998,NFC,Central,Chicago Bears,0,4,0,54,87,-33,1998-preseason.png,90.9,no,,Chicago Bears 04 54 #87 -33
1998,NFC,Central,Detroit Lions,1,3,0,52,70,-18,1998-preseason.png,93.7,no,,Detroit Lions 13 52 70 -18
1998,NFC,Central,Green Bay Packers,2,3,0,117,113,4,1998-preseason.png,87.3,no,,Green Bay Packers 23117 113 4
1998,NFC,Central,Minnesota Vikings,4,0,0,129,50,79,1998-preseason.png,95.5,no,,Minnesota Vikings 40129 50 79
1998,NFC,Central,Tampa Bay Buccaneers,2,3,0,103,54,49,1998-preseason.png,92.6,no,,Tampa Bay Buccaneers 2 3 103 54 49
1998,NFC,West,Atlanta Falcons,2,2,0,62,62,0,1998-preseason.png,93.5,no,,Atlanta Falcons 22 62 62 O
1998,NFC,West,Carolina Panthers,2,2,0,88,97,-9,1998-preseason.png,93.7,no,,Carolina Panthers 22 88 97 -9
1998,NFC,West,New Orleans Saints,1,3,0,51,80,-29,1998-preseason.png,94.4,no,,New Orleans Saints 13 51 80 -29
1998,NFC,West,San Francisco 49ers,2,3,0,99,103,-4,1998-preseason.png,92.5,no,,San Francisco 49ers 23 99103 -4
1998,NFC,West,St. Louis Rams,2,2,0,72,81,-9,1998-preseason.png,94.7,no,,St. Louis Rams 22 72 81 -9
1999,AFC,East,Buffalo Bills,3,1,0,89,47,42,1999-preseason.png,91.7,no,,Buffalo Bills 31 89 47 42
1999,AFC,East,Indianapolis Colts,3,1,0,94,61,33,1999-preseason.png,96.0,no,,Indianapolis Colts 31 94 61 33
1999,AFC,East,Miami Dolphins,2,2,0,75,71,4,1999-preseason.png,85.3,no,,Miami Dolphins 22 75 71 4
1999,AFC,East,New England Patriots,1,3,0,82,102,-20,1999-preseason.png,93.9,no,,New England Patriots 13 82 102 -20
1999,AFC,East,New York Jets,3,1,0,80,63,17,1999-preseason.png,92.3,no,,New York Jets 31 80 63 17
1999,AFC,Central,Baltimore Ravens,4,0,0,85,61,24,1999-preseason.png,96.3,no,,Baltimore Ravens 40 85 61 24
1999,AFC,Central,Cincinnati Bengals,0,4,0,36,94,-58,1999-preseason.png,95.0,no,,Cincinnati Bengals 04 36 94 -58
1999,AFC,Central,Cleveland Browns,2,3,0,92,125,-33,1999-preseason.png,86.7,no,,Cleveland Browns 23 92 125 -33
1999,AFC,Central,Jacksonville Jaguars,3,1,0,113,49,64,1999-preseason.png,89.9,no,,Jacksonville Jaguars 31113 49 64
1999,AFC,Central,Pittsburgh Steelers,1,3,0,71,86,-15,1999-preseason.png,93.0,no,,Pittsburgh Steelers 13 71 86 -15
1999,AFC,Central,Tennessee Titans,1,3,0,65,64,1,1999-preseason.png,94.8,no,,Tennessee Titans 13 65 64 1
1999,AFC,West,Denver Broncos,3,2,0,116,76,40,1999-preseason.png,90.5,no,,Denver Broncos 3.2116 76 40
1999,AFC,West,Kansas City Chiefs,2,2,0,69,95,-26,1999-preseason.png,94.1,no,,Kansas City Chiefs 22 69 95 -26
1999,AFC,West,Oakland Raiders,3,1,0,79,43,36,1999-preseason.png,89.0,no,,Oakland Raiders 31 79 43 36
1999,AFC,West,San Diego Chargers,0,5,0,99,122,-23,1999-preseason.png,93.6,no,,San Diego Chargers 05 99 122 -23
1999,AFC,West,Seattle Seahawks,1,3,0,102,86,16,1999-preseason.png,83.2,no,,Seattle Seahawks 13 102 86 16
1999,NFC,East,Arizona Cardinals,1,3,0,48,139,-91,1999-preseason.png,93.3,no,,Arizona Cardinals 13 48 139 -91
1999,NFC,East,Dallas Cowboys,1,4,0,62,103,-41,1999-preseason.png,92.8,no,,Dallas Cowboys 14 62 103 -41
1999,NFC,East,New York Giants,2,2,0,97,85,12,1999-preseason.png,95.5,no,,New York Giants 22 97 85 12
1999,NFC,East,Philadelphia Eagles,1,3,0,59,54,5,1999-preseason.png,91.8,no,,Philadelphia Eagles 13 59 54 5
1999,NFC,East,Washington Redskins,3,1,0,80,63,17,1999-preseason.png,93.8,no,,Washington Redskins 31 80 63 17
1999,NFC,Central,Chicago Bears,2,2,0,94,95,-1,1999-preseason.png,94.0,no,,Chicago Bears 22 94 95 -1
1999,NFC,Central,Detroit Lions,1,3,0,63,83,-20,1999-preseason.png,94.1,no,,Detroit Lions 13 63 83 -20
1999,NFC,Central,Green Bay Packers,4,0,0,117,62,55,1999-preseason.png,96.1,no,,Green Bay Packers 40117 62 55
1999,NFC,Central,Minnesota Vikings,2,2,0,79,104,-25,1999-preseason.png,90.2,no,,Minnesota Vikings 22 79 104 -25
1999,NFC,Central,Tampa Bay Buccaneers,4,0,0,108,37,71,1999-preseason.png,91.8,no,,Tampa Bay Buccaneers 4 0 108 37 71
1999,NFC,West,Atlanta Falcons,2,2,0,72,83,-11,1999-preseason.png,85.3,no,,Atlanta Falcons 22 72 83-11
1999,NFC,West,Carolina Panthers,2,2,0,77,96,-19,1999-preseason.png,93.5,no,,Carolina Panthers 22 77 96 -19
1999,NFC,West,New Orleans Saints,2,2,0,62,100,-38,1999-preseason.png,86.1,no,,New Orleans Saints 2 2 62 100 -38
1999,NFC,West,San Francisco 49ers,3,1,0,74,89,-15,1999-preseason.png,89.5,no,,San Francisco 49ers 31 74 89 -15
1999,NFC,West,St. Louis Rams,2,2,0,82,83,-1,1999-preseason.png,93.5,no,,St. Louis Rams 22 82 83 -1
2000,AFC,East,Buffalo Bills,3,1,0,81,74,7,2000-preseason.png,94.2,no,,Buffalo Bills 31 81 74 7
2000,AFC,East,Indianapolis Colts,3,2,0,102,101,1,2000-preseason.png,90.9,no,,Indianapolis Colts 3 2 102 101 1
2000,AFC,East,Miami Dolphins,3,1,0,64,57,7,2000-preseason.png,91.2,no,,Miami Dolphins 31 64 57 7
2000,AFC,East,New England Patriots,3,2,0,103,92,11,2000-preseason.png,92.1,no,,New England Patriots 3 2 103 92 11
2000,AFC,East,New York Jets,2,2,0,75,91,-16,2000-preseason.png,90.9,no,,New York Jets 22 75 91 -16
2000,AFC,Central,Baltimore Ravens,4,0,0,74,43,31,2000-preseason.png,96.0,no,,Baltimore Ravens 40 74 43 31
2000,AFC,Central,Cincinnati Bengals,1,3,0,73,93,-20,2000-preseason.png,91.5,no,,Cincinnati Bengals 13 73 93 -20
2000,AFC,Central,Cleveland Browns,1,3,0,72,99,-27,2000-preseason.png,86.1,no,,Cleveland Browns 13 72 99 -27
2000,AFC,Central,Jacksonville Jaguars,3,1,0,96,80,16,2000-preseason.png,87.2,no,,Jacksonville Jaguars 31 96 80 16
2000,AFC,Central,Pittsburgh Steelers,3,2,0,97,61,36,2000-preseason.png,93.3,no,,Pittsburgh Steelers 32 97 61 36
2000,AFC,Central,Tennessee Titans,3,1,0,110,75,35,2000-preseason.png,90.9,no,,Tennessee Titans 3.1110 75 35
2000,AFC,West,Denver Broncos,4,0,0,121,84,37,2000-preseason.png,94.5,no,,Denver Broncos 40121 84 37
2000,AFC,West,Kansas City Chiefs,0,4,0,56,110,-54,2000-preseason.png,94.2,no,,Kansas City Chiefs 04 56 110 -54
2000,AFC,West,Oakland Raiders,3,1,0,81,68,13,2000-preseason.png,90.8,no,,Oakland Raiders 31 81 68 13
2000,AFC,West,San Diego Chargers,4,0,0,106,61,45,2000-preseason.png,93.0,no,,San Diego Chargers 40106 61 45
2000,AFC,West,Seattle Seahawks,2,2,0,56,78,-22,2000-preseason.png,94.2,no,,Seattle Seahawks 22 56 78 -22
2000,NFC,East,Arizona Cardinals,1,3,0,75,93,-18,2000-preseason.png,94.9,no,,Arizona Cardinals 13 75 93 -18
2000,NFC,East,Dallas Cowboys,0,5,0,79,139,-60,2000-preseason.png,94.1,no,,Dallas Cowboys 05 79 139 -60
2000,NFC,East,New York Giants,0,4,0,62,87,-25,2000-preseason.png,94.5,no,,New York Giants 04 62 87 -25
2000,NFC,East,Philadelphia Eagles,1,3,0,81,97,-16,2000-preseason.png,92.3,no,,Philadelphia Eagles 13 81 97 -16
2000,NFC,East,Washington Redskins,3,1,0,83,43,40,2000-preseason.png,93.8,no,,Washington Redskins 31 83 43 40
2000,NFC,Central,Chicago Bears,2,2,0,87,72,15,2000-preseason.png,95.4,no,,Chicago Bears 22 87 72 15
2000,NFC,Central,Detroit Lions,2,2,0,63,62,1,2000-preseason.png,95.5,no,,Detroit Lions 22 63 62 1
2000,NFC,Central,Green Bay Packers,2,2,0,105,100,5,2000-preseason.png,89.9,no,,Green Bay Packers 22105 100 5
2000,NFC,Central,Minnesota Vikings,1,3,0,96,105,-9,2000-preseason.png,91.5,no,,Minnesota Vikings 13 96105 -9
2000,NFC,Central,Tampa Bay Buccaneers,3,1,0,94,62,32,2000-preseason.png,93.9,no,,Tampa Bay Buccaneers 3 1 94 62 32
2000,NFC,West,Atlanta Falcons,4,1,0,116,86,30,2000-preseason.png,96.0,no,,Atlanta Falcons 41116 86 30
2000,NFC,West,Carolina Panthers,0,4,0,48,100,-52,2000-preseason.png,94.7,no,,Carolina Panthers 04 48 100 -52
2000,NFC,West,New Orleans Saints,1,3,0,62,87,-25,2000-preseason.png,94.5,no,,New Orleans Saints 13 62 87 -25
2000,NFC,West,San Francisco 49ers,1,4,0,98,106,-8,2000-preseason.png,93.8,no,,San Francisco 49ers 14 98 106 -8
2000,NFC,West,St. Louis Rams,2,2,0,85,95,-10,2000-preseason.png,94.5,no,,St. Louis Rams 22 85 95 -10
2001,AFC,East,Buffalo Bills,2,2,0,36,57,-21,2001-preseason.png,83.8,no,,Buffalo Bills 2 2 36 57 -21
2001,AFC,East,Indianapolis Colts,2,2,0,98,93,5,2001-preseason.png,87.7,no,,Indianapolis Colts 22°98 93 5
2001,AFC,East,Miami Dolphins,1,4,0,66,91,-25,2001-preseason.png,92.6,no,,Miami Dolphins 14 66 91 -25
2001,AFC,East,New England Patriots,3,1,0,73,41,32,2001-preseason.png,86.0,no,,New England Patriots 3 1 73 41 32
2001,AFC,East,New York Jets,2,2,0,55,50,5,2001-preseason.png,92.0,no,,New York Jets 2255 50 5
2001,AFC,Central,Baltimore Ravens,1,2,0,58,45,13,2001-preseason.png,92.5,no,,Baltimore Ravens 12 58 45 13
2001,AFC,Central,Cincinnati Bengals,1,3,0,67,83,-16,2001-preseason.png,92.9,no,,Cincinnati Bengals 13 67 83 -16
2001,AFC,Central,Cleveland Browns,2,2,0,62,59,3,2001-preseason.png,83.8,no,,Cleveland Browns 22 62 59 3
2001,AFC,Central,Jacksonville Jaguars,2,2,0,68,93,-25,2001-preseason.png,92.5,no,,Jacksonville Jaguars 2 2 68 93 -25
2001,AFC,Central,Pittsburgh Steelers,3,1,0,67,47,20,2001-preseason.png,88.9,no,,Pittsburgh Steelers 3.1 67 47 20
2001,AFC,Central,Tennessee Titans,3,1,0,92,79,13,2001-preseason.png,90.9,no,,Tennessee Titans 3.192 79 13
2001,AFC,West,Denver Broncos,3,1,0,93,59,34,2001-preseason.png,90.3,no,,Denver Broncos 3.193 59 34
2001,AFC,West,Kansas City Chiefs,2,2,0,70,58,12,2001-preseason.png,87.4,no,,Kansas City Chiefs 22 70 58 12
2001,AFC,West,Oakland Raiders,3,2,0,78,75,3,2001-preseason.png,89.0,no,,Oakland Raiders 3278 75 3
2001,AFC,West,San Diego Chargers,3,1,0,64,70,-6,2001-preseason.png,88.0,no,,San Diego Chargers 31 64 70 -6
2001,AFC,West,Seattle Seahawks,2,2,0,90,76,14,2001-preseason.png,91.1,no,,Seattle Seahawks 22 90 76 14
2001,NFC,East,Arizona Cardinals,3,1,0,63,46,17,2001-preseason.png,94.3,no,,Arizona Cardinals 31 63 46 17
2001,NFC,East,Dallas Cowboys,2,3,0,78,80,-2,2001-preseason.png,92.0,no,,Dallas Cowboys 23 78 80 -2
2001,NFC,East,New York Giants,1,3,0,50,74,-24,2001-preseason.png,95.0,no,,New York Giants 13 50 74 -24
2001,NFC,East,Philadelphia Eagles,2,1,0,36,32,4,2001-preseason.png,95.8,no,,Philadelphia Eagles 21 36 32 4
2001,NFC,East,Washington Redskins,1,3,0,46,105,-59,2001-preseason.png,94.0,no,,Washington Redskins 13 46 105 -59
2001,NFC,Central,Chicago Bears,1,3,0,69,74,-5,2001-preseason.png,93.2,no,,Chicago Bears 13 69 74 -5
2001,NFC,Central,Detroit Lions,1,3,0,83,101,-18,2001-preseason.png,94.2,no,,Detroit Lions 13 83 101 -18
2001,NFC,Central,Green Bay Packers,2,2,0,55,53,2,2001-preseason.png,94.8,no,,Green Bay Packers 22 55 53 2
2001,NFC,Central,Minnesota Vikings,4,0,0,100,59,41,2001-preseason.png,94.7,no,,Minnesota Vikings 40100 59 41
2001,NFC,Central,Tampa Bay Buccaneers,1,3,0,47,63,-16,2001-preseason.png,94.4,no,,Tampa Bay Buccaneers 13 47 63 -16
2001,NFC,West,Atlanta Falcons,3,1,0,99,40,59,2001-preseason.png,91.3,no,,Atlanta Falcons 31 99 40 59
2001,NFC,West,Carolina Panthers,2,2,0,67,78,-11,2001-preseason.png,91.4,no,,Carolina Panthers 22 67 78 -11
2001,NFC,West,New Orleans Saints,1,3,0,75,97,-22,2001-preseason.png,94.1,no,,New Orleans Saints 13 75 97 -22
2001,NFC,West,San Francisco 49ers,1,3,0,69,105,-36,2001-preseason.png,94.3,no,,San Francisco 49ers 13 69 105 -36
2001,NFC,West,St. Louis Rams,3,2,0,82,73,9,2001-preseason.png,94.0,no,,St. Louis Rams 32 82 73 9
2002,AFC,East,Buffalo Bills,0,4,0,58,87,-29,2002-preseason.png,94.6,no,,Buffalo Bills 040 58 87 -29
2002,AFC,East,Miami Dolphins,2,2,0,65,63,2,2002-preseason.png,93.8,no,,Miami Dolphins 220 65 63 2
2002,AFC,East,New England Patriots,3,1,0,86,54,32,2002-preseason.png,95.5,no,,New England Patriots 310 86 54 32
2002,AFC,East,New York Jets,4,0,0,101,45,56,2002-preseason.png,96.2,no,,New York Jets 400101 45 56
2002,AFC,North,Baltimore Ravens,2,2,0,41,65,-24,2002-preseason.png,94.3,no,,Baltimore Ravens 220 41 65 -24
2002,AFC,North,Cincinnati Bengals,2,2,0,83,85,-2,2002-preseason.png,94.3,no,,Cincinnati Bengals 220 83 85 -2
2002,AFC,North,Cleveland Browns,2,2,0,90,85,5,2002-preseason.png,95.7,no,,Cleveland Browns 220 90 85 5
2002,AFC,North,Pittsburgh Steelers,2,2,0,91,87,4,2002-preseason.png,95.6,no,,Pittsburgh Steelers 220 91 87 4
2002,AFC,South,Houston Texans,1,4,0,55,104,-49,2002-preseason.png,94.5,no,,Houston Texans 140 55 104 -49
2002,AFC,South,Indianapolis Colts,2,2,0,78,64,14,2002-preseason.png,96.4,no,,Indianapolis Colts 220 78 64 14
2002,AFC,South,Jacksonville Jaguars,1,3,0,62,87,-25,2002-preseason.png,82.8,no,,Jacksonville Jaguars 13 0 62 87 -25
2002,AFC,South,Tennessee Titans,2,2,0,82,75,7,2002-preseason.png,95.6,no,,Tennessee Titans 220 82 75 7
2002,AFC,West,Denver Broncos,3,1,0,84,28,56,2002-preseason.png,94.3,no,,Denver Broncos 310 84 28 56
2002,AFC,West,Kansas City Chiefs,3,1,0,73,56,17,2002-preseason.png,95.5,no,,Kansas City Chiefs 310 73 56 17
2002,AFC,West,Oakland Raiders,2,2,0,68,57,11,2002-preseason.png,94.5,no,,Oakland Raiders 220 68 57 11
2002,AFC,West,San Diego Chargers,2,2,0,75,75,0,2002-preseason.png,93.7,no,,San Diego Chargers 220 75 75 O
2002,NFC,East,Dallas Cowboys,3,1,0,86,68,18,2002-preseason.png,95.5,no,,Dallas Cowboys 310 86 68 18
2002,NFC,East,New York Giants,3,2,0,100,100,0,2002-preseason.png,79.0,no,,New York Giants 320100 100 O
2002,NFC,East,Philadelphia Eagles,1,3,0,63,65,-2,2002-preseason.png,94.0,no,,Philadelphia Eagles 130 63 65 -2
2002,NFC,East,Washington Redskins,4,1,0,164,109,55,2002-preseason.png,93.1,no,,Washington Redskins 410 164 109 55
2002,NFC,North,Chicago Bears,1,3,0,60,92,-32,2002-preseason.png,93.3,no,,Chicago Bears 130 60 92 -32
2002,NFC,North,Detroit Lions,1,3,0,71,83,-12,2002-preseason.png,90.0,no,,Detroit Lions 130 71 83 -12
2002,NFC,North,Green Bay Packers,3,1,0,90,81,9,2002-preseason.png,95.8,no,,Green Bay Packers 310 90 81 9
2002,NFC,North,Minnesota Vikings,2,2,0,67,75,-8,2002-preseason.png,94.5,no,,Minnesota Vikings 220 67 75 -8
2002,NFC,South,Atlanta Falcons,4,0,0,107,70,37,2002-preseason.png,95.6,no,,Atlanta Falcons 400107 70 37
2002,NFC,South,Carolina Panthers,1,3,0,69,98,-29,2002-preseason.png,94.5,no,,Carolina Panthers 130 69 98 -29
2002,NFC,South,New Orleans Saints,3,1,0,90,64,26,2002-preseason.png,95.7,no,,New Orleans Saints 310 90 64 26
2002,NFC,South,Tampa Bay Buccaneers,3,1,0,61,63,-2,2002-preseason.png,89.5,no,,Tampa Bay Buccaneers 3 10 61 63 -2
2002,NFC,West,Arizona Cardinals,1,3,0,61,96,-35,2002-preseason.png,93.8,no,,Arizona Cardinals 130 61 96 -35
2002,NFC,West,San Francisco 49ers,2,3,0,70,82,-12,2002-preseason.png,92.8,no,,San Francisco 49ers 230 70 82 -12
2002,NFC,West,Seattle Seahawks,1,3,0,41,97,-56,2002-preseason.png,93.9,no,,Seattle Seahawks 130 41 97 -56
2002,NFC,West,St. Louis Rams,0,4,0,69,101,-32,2002-preseason.png,95.2,no,,St. Louis Rams 040 69 101 -32
2003,AFC,East,Buffalo Bills,3,1,0,94,96,-2,2003-preseason.png,92.7,no,,Buffalo Bills 31 94 96 -2
2003,AFC,East,Miami Dolphins,2,2,0,96,78,18,2003-preseason.png,94.8,no,,Miami Dolphins 22 96 78 18
2003,AFC,East,New England Patriots,4,0,0,108,54,54,2003-preseason.png,93.4,no,,New England Patriots 40 108 54 54
2003,AFC,East,New York Jets,3,2,0,91,88,3,2003-preseason.png,95.5,no,,New York Jets 32 91 88 3
2003,AFC,North,Baltimore Ravens,1,3,0,59,84,-25,2003-preseason.png,92.7,no,,Baltimore Ravens 13 59 84 -25
2003,AFC,North,Cincinnati Bengals,1,3,0,71,82,-11,2003-preseason.png,91.2,no,,Cincinnati Bengals 13 71 82 -11
2003,AFC,North,Cleveland Browns,1,3,0,74,95,-21,2003-preseason.png,91.9,no,,Cleveland Browns 13 74 95 -21
2003,AFC,North,Pittsburgh Steelers,1,3,0,58,82,-24,2003-preseason.png,94.8,no,,Pittsburgh Steelers 13 58 82 -24
2003,AFC,South,Houston Texans,0,4,0,38,107,-69,2003-preseason.png,93.7,no,,Houston Texans 04 38 107 -69
2003,AFC,South,Indianapolis Colts,3,1,0,88,70,18,2003-preseason.png,93.3,no,,Indianapolis Colts 31 88 70 18
2003,AFC,South,Jacksonville Jaguars,3,1,0,66,62,4,2003-preseason.png,80.6,no,,Jacksonville Jaguars 31 66 62 4
2003,AFC,South,Tennessee Titans,4,0,0,97,48,49,2003-preseason.png,95.9,no,,Tennessee Titans 40 97 48 49
2003,AFC,West,Denver Broncos,3,1,0,78,53,25,2003-preseason.png,89.9,no,,Denver Broncos 31 78 53 25
2003,AFC,West,Kansas City Chiefs,3,2,0,94,88,6,2003-preseason.png,96.2,no,,Kansas City Chiefs 32 94 88 6
2003,AFC,West,Oakland Raiders,1,3,0,36,93,-57,2003-preseason.png,92.9,no,,Oakland Raiders 13 36 93 -57
2003,AFC,West,San Diego Chargers,2,2,0,60,56,4,2003-preseason.png,83.8,no,,San Diego Chargers 22 60 56 4
2003,NFC,East,Dallas Cowboys,2,2,0,100,47,53,2003-preseason.png,89.4,no,,Dallas Cowboys 22100 47 53
2003,NFC,East,New York Giants,1,3,0,60,85,-25,2003-preseason.png,94.5,no,,New York Giants 13 60 85 -25
2003,NFC,East,Philadelphia Eagles,2,2,0,69,74,-5,2003-preseason.png,93.7,no,,Philadelphia Eagles 22 69 74 -5
2003,NFC,East,Washington Redskins,1,3,0,52,60,-8,2003-preseason.png,93.7,no,,Washington Redskins 13 52 60 -8
2003,NFC,North,Chicago Bears,1,3,0,70,98,-28,2003-preseason.png,92.4,no,,Chicago Bears 13 70 98 -28
2003,NFC,North,Detroit Lions,2,2,0,90,75,15,2003-preseason.png,95.5,no,,Detroit Lions 22 90 75 15
2003,NFC,North,Green Bay Packers,2,3,0,75,108,-33,2003-preseason.png,85.9,no,,Green Bay Packers 23 75 108 -33
2003,NFC,North,Minnesota Vikings,1,3,0,78,79,-1,2003-preseason.png,88.6,no,,Minnesota Vikings 13 78 79 -1
2003,NFC,South,Atlanta Falcons,0,4,0,61,90,-29,2003-preseason.png,94.6,no,,Atlanta Falcons 04 61 90 -29
2003,NFC,South,Carolina Panthers,4,0,0,81,31,50,2003-preseason.png,96.2,no,,Carolina Panthers 40 81 31 50
2003,NFC,South,New Orleans Saints,1,3,0,61,95,-34,2003-preseason.png,94.5,no,,New Orleans Saints 13 61 95 -34
2003,NFC,South,Tampa Bay Buccaneers,4,1,0,110,68,42,2003-preseason.png,91.3,no,,Tampa Bay Buccaneers 4 1110 68 42
2003,NFC,West,Arizona Cardinals,4,0,0,87,54,33,2003-preseason.png,96.5,no,,Arizona Cardinals 40 87 54 33
2003,NFC,West,San Francisco 49ers,3,1,0,68,52,16,2003-preseason.png,94.3,no,,San Francisco 49ers 31 68 52 16
2003,NFC,West,Seattle Seahawks,2,2,0,72,79,-7,2003-preseason.png,93.1,no,,Seattle Seahawks 22 72 79 -7
2003,NFC,West,St. Louis Rams,1,3,0,62,73,-11,2003-preseason.png,94.5,no,,St. Louis Rams 13 62 73 -11
2004,AFC,East,Buffalo Bills,1,3,0,65,72,-7,2004-preseason.png,94.3,no,,Buffalo Bills 13 65 72 -7
2004,AFC,East,Miami Dolphins,2,2,0,46,58,-12,2004-preseason.png,86.6,no,,Miami Dolphins 22 46 58 -12
2004,AFC,East,New England Patriots,1,3,0,44,88,-44,2004-preseason.png,93.9,no,,New England Patriots 13 44 88 -44
2004,AFC,East,New York Jets,3,1,0,89,67,22,2004-preseason.png,89.7,no,,New York Jets 3.1 89 67 22
2004,AFC,North,Baltimore Ravens,3,1,0,85,49,36,2004-preseason.png,91.9,no,,Baltimore Ravens 31 85 49 36
2004,AFC,North,Cincinnati Bengals,2,2,0,63,73,-10,2004-preseason.png,93.1,no,,Cincinnati Bengals 22 63 73 -10
2004,AFC,North,Cleveland Browns,3,1,0,65,63,2,2004-preseason.png,93.0,no,,Cleveland Browns 31 65 63 2
2004,AFC,North,Pittsburgh Steelers,2,2,0,99,67,32,2004-preseason.png,95.1,no,,Pittsburgh Steelers 22 99 67 32
2004,AFC,South,Houston Texans,1,3,0,47,86,-39,2004-preseason.png,94.5,no,,Houston Texans 13 47 86 -39
2004,AFC,South,Indianapolis Colts,2,2,0,71,81,-10,2004-preseason.png,90.2,no,,Indianapolis Colts 22 71 81 -10
2004,AFC,South,Jacksonville Jaguars,3,1,0,59,29,30,2004-preseason.png,91.8,no,,Jacksonville Jaguars 31 59 29 30
2004,AFC,South,Tennessee Titans,3,1,0,84,45,39,2004-preseason.png,90.4,no,,Tennessee Titans 31 84 45 39
2004,AFC,West,Denver Broncos,2,3,0,94,89,5,2004-preseason.png,93.9,no,,Denver Broncos 23 94 89 5
2004,AFC,West,Kansas City Chiefs,1,3,0,87,86,1,2004-preseason.png,95.5,no,,Kansas City Chiefs 13 87 8 1 | numeric-only OCR: 13 87 86 1
2004,AFC,West,Oakland Raiders,3,1,0,98,91,7,2004-preseason.png,92.2,no,,Oakland Raiders 31 98 91 7
2004,AFC,West,San Diego Chargers,2,2,0,106,75,31,2004-preseason.png,87.5,no,,San Diego Chargers 22 106 75 31
2004,NFC,East,Dallas Cowboys,3,1,0,65,75,-10,2004-preseason.png,88.8,no,,Dallas Cowboys 3.165 75 -10
2004,NFC,East,New York Giants,1,3,0,81,95,-14,2004-preseason.png,94.6,no,,New York Giants 13 81 95 -14
2004,NFC,East,Philadelphia Eagles,1,3,0,80,96,-16,2004-preseason.png,89.3,no,,Philadelphia Eagles 13 80 96 -16
2004,NFC,East,Washington Redskins,3,2,0,87,68,19,2004-preseason.png,91.9,no,,Washington Redskins 32 87 68 19
2004,NFC,North,Chicago Bears,2,2,0,56,64,-8,2004-preseason.png,92.7,no,,Chicago Bears 2256 64 -8
2004,NFC,North,Detroit Lions,2,2,0,63,72,-9,2004-preseason.png,86.2,no,,Detroit Lions 22 63 72 -9
2004,NFC,North,Green Bay Packers,1,3,0,36,71,-35,2004-preseason.png,90.1,no,,Green Bay Packers 13 36 71 -35
2004,NFC,North,Minnesota Vikings,2,2,0,91,66,25,2004-preseason.png,83.3,no,,Minnesota Vikings 22 91 66 25
2004,NFC,South,Atlanta Falcons,2,2,0,64,85,-21,2004-preseason.png,91.9,no,,Atlanta Falcons 22 64 85 -21
2004,NFC,South,Carolina Panthers,4,0,0,86,70,16,2004-preseason.png,95.1,no,,Carolina Panthers 40 86 70 16
2004,NFC,South,New Orleans Saints,2,2,0,73,65,8,2004-preseason.png,95.4,no,,New Orleans Saints 2273 65 8
2004,NFC,South,Tampa Bay Buccaneers,3,1,0,60,39,21,2004-preseason.png,94.4,no,,Tampa Bay Buccaneers 3 1 60 39 21
2004,NFC,West,Arizona Cardinals,1,3,0,68,99,-31,2004-preseason.png,92.1,no,,Arizona Cardinals 13 68 99 -31
2004,NFC,West,San Francisco 49ers,0,4,0,68,107,-39,2004-preseason.png,94.4,no,,San Francisco 49ers 0 4 68 107 -39
2004,NFC,West,Seattle Seahawks,3,1,0,73,63,10,2004-preseason.png,90.9,no,,Seattle Seahawks 3.173 63 10
2004,NFC,West,St. Louis Rams,1,3,0,69,68,1,2004-preseason.png,94.7,no,,St. Louis Rams 1369 68 1
2005,AFC,East,Buffalo Bills,2,2,0,63,54,9,2005-preseason.png,96.0,no,,Buffalo Bills 22 63 54 9
2005,AFC,East,Miami Dolphins,1,4,0,78,105,-27,2005-preseason.png,91.4,no,,Miami Dolphins 14 78 105 -27
2005,AFC,East,New England Patriots,2,2,0,80,80,0,2005-preseason.png,89.7,no,,New England Patriots 2 2 80 80 0
2005,AFC,East,New York Jets,3,1,0,89,53,36,2005-preseason.png,92.2,no,,New York Jets 31 89 53 36
2005,AFC,North,Baltimore Ravens,2,2,0,64,62,2,2005-preseason.png,95.6,no,,Baltimore Ravens 22 64 62 2
2005,AFC,North,Cincinnati Bengals,2,2,0,92,67,25,2005-preseason.png,91.9,no,,Cincinnati Bengals 22 92 67 25
2005,AFC,North,Cleveland Browns,3,1,0,74,56,18,2005-preseason.png,93.9,no,,Cleveland Browns 31 74 56 18
2005,AFC,North,Pittsburgh Steelers,3,1,0,86,68,18,2005-preseason.png,94.4,no,,Pittsburgh Steelers 31 86 68 18
2005,AFC,South,Houston Texans,1,3,0,56,96,-40,2005-preseason.png,94.5,no,,Houston Texans 13 56 96 -40
2005,AFC,South,Indianapolis Colts,0,5,0,72,143,-71,2005-preseason.png,93.6,no,,Indianapolis Colts 05 72 143 -71
2005,AFC,South,Jacksonville Jaguars,2,2,0,74,84,-10,2005-preseason.png,88.4,no,,Jacksonville Jaguars 22 74 84 -10
2005,AFC,South,Tennessee Titans,1,3,0,71,78,-7,2005-preseason.png,93.1,no,,Tennessee Titans 13 71 78 -7
2005,AFC,West,Denver Broncos,4,0,0,113,80,33,2005-preseason.png,94.5,no,,Denver Broncos 40113 80 33
2005,AFC,West,Kansas City Chiefs,0,4,0,73,101,-28,2005-preseason.png,92.4,no,,Kansas City Chiefs 04 73 101 -28
2005,AFC,West,Oakland Raiders,1,3,0,59,63,-4,2005-preseason.png,93.3,no,,Oakland Raiders 13 59 63 -4
2005,AFC,West,San Diego Chargers,2,2,0,87,74,13,2005-preseason.png,94.9,no,,San Diego Chargers 22 87 74 13
2005,NFC,East,Dallas Cowboys,3,1,0,77,52,25,2005-preseason.png,86.2,no,,Dallas Cowboys 31 77 52 25
2005,NFC,East,New York Giants,3,1,0,83,55,28,2005-preseason.png,92.0,no,,New York Giants 31 83 55 28
2005,NFC,East,Philadelphia Eagles,2,2,0,92,106,-14,2005-preseason.png,91.6,no,,Philadelphia Eagles 22 92 106 -14
2005,NFC,East,Washington Redskins,1,3,0,64,88,-24,2005-preseason.png,94.4,no,,Washington Redskins 13 64 88 -24
2005,NFC,North,Chicago Bears,3,2,0,86,86,0,2005-preseason.png,89.3,no,,Chicago Bears 32 86 86 O
2005,NFC,North,Detroit Lions,1,3,0,50,75,-25,2005-preseason.png,93.2,no,,Detroit Lions 13 50 75 -25
2005,NFC,North,Green Bay Packers,2,2,0,41,78,-37,2005-preseason.png,84.9,no,,Green Bay Packers 22 41 78 -37
2005,NFC,North,Minnesota Vikings,3,1,0,90,81,9,2005-preseason.png,94.8,no,,Minnesota Vikings 31 90 81 9
2005,NFC,South,Atlanta Falcons,4,1,0,107,72,35,2005-preseason.png,94.8,no,,Atlanta Falcons 41107 72 35
2005,NFC,South,Carolina Panthers,2,2,0,89,78,11,2005-preseason.png,93.9,no,,Carolina Panthers 22 89 78 11
2005,NFC,South,New Orleans Saints,1,3,0,64,95,-31,2005-preseason.png,95.1,no,,New Orleans Saints 13 64 95 -31
2005,NFC,South,Tampa Bay Buccaneers,2,2,0,89,68,21,2005-preseason.png,89.4,no,,Tampa Bay Buccaneers 2 2 89 68 21
2005,NFC,West,Arizona Cardinals,3,1,0,75,74,1,2005-preseason.png,87.1,no,,Arizona Cardinals 31 75 74 1
2005,NFC,West,San Francisco 49ers,2,2,0,82,80,2,2005-preseason.png,96.6,no,,San Francisco 49ers 22 82 80 2
2005,NFC,West,Seattle Seahawks,2,2,0,88,73,15,2005-preseason.png,95.8,no,,Seattle Seahawks 22 88 73 15
2005,NFC,West,St. Louis Rams,3,1,0,102,85,17,2005-preseason.png,92.8,no,,St. Louis Rams 3.1102 85 17
2006,AFC,East,Buffalo Bills,1,3,0,81,91,-10,2006-preseason.png,93.2,no,,Buffalo Bills 13 81 91 -10
2006,AFC,East,Miami Dolphins,2,2,0,78,69,9,2006-preseason.png,91.2,no,,Miami Dolphins 22 78 69 9
2006,AFC,East,New England Patriots,2,2,0,117,60,57,2006-preseason.png,94.4,no,,New England Patriots 2 2 117 60 57
2006,AFC,East,New York Jets,2,2,0,57,60,-3,2006-preseason.png,93.7,no,,New York Jets 22 57 60 -3
2006,AFC,North,Baltimore Ravens,2,2,0,60,67,-7,2006-preseason.png,94.4,no,,Baltimore Ravens 22 60 67 -7
2006,AFC,North,Cincinnati Bengals,4,0,0,131,54,77,2006-preseason.png,93.8,no,,Cincinnati Bengals 40 131 54 77
2006,AFC,North,Cleveland Browns,2,2,0,54,73,-19,2006-preseason.png,93.1,no,,Cleveland Browns 22 54 73 -19
2006,AFC,North,Pittsburgh Steelers,0,4,0,43,69,-26,2006-preseason.png,94.9,no,,Pittsburgh Steelers 04 43 69 -26
2006,AFC,South,Houston Texans,3,1,0,81,64,17,2006-preseason.png,92.2,no,,Houston Texans 31 81 64 17
2006,AFC,South,Indianapolis Colts,1,3,0,64,83,-19,2006-preseason.png,94.6,no,,Indianapolis Colts 13 64 83 -19
2006,AFC,South,Jacksonville Jaguars,3,1,0,90,78,12,2006-preseason.png,91.7,no,,Jacksonville Jaguars 31 90 78 12
2006,AFC,South,Tennessee Titans,1,3,0,67,95,-28,2006-preseason.png,93.7,no,,Tennessee Titans 13 67 95 -28
2006,AFC,West,Denver Broncos,3,1,0,94,67,27,2006-preseason.png,89.8,no,,Denver Broncos 3.1 94 67 27
2006,AFC,West,Kansas City Chiefs,2,2,0,40,62,-22,2006-preseason.png,93.7,no,,Kansas City Chiefs 22 40 62 -22
2006,AFC,West,Oakland Raiders,4,1,0,83,63,20,2006-preseason.png,95.4,no,,Oakland Raiders 41 83 63 20
2006,AFC,West,San Diego Chargers,2,2,0,65,70,-5,2006-preseason.png,86.2,no,,San Diego Chargers 22 65 70 -5
2006,NFC,East,Dallas Cowboys,3,0,0,70,27,43,2006-preseason.png,90.8,no,,Dallas Cowboys 3070 27 43
2006,NFC,East,New York Giants,4,0,0,78,46,32,2006-preseason.png,92.0,no,,New York Giants 40 78 46 32
2006,NFC,East,Philadelphia Eagles,2,3,0,73,70,3,2006-preseason.png,92.8,no,,Philadelphia Eagles 2373 70 3
2006,NFC,East,Washington Redskins,0,4,0,27,104,-77,2006-preseason.png,92.7,no,,Washington Redskins 0 4 27 104 -77
2006,NFC,North,Chicago Bears,2,2,0,74,61,13,2006-preseason.png,92.8,no,,Chicago Bears 22 74 61 13
2006,NFC,North,Detroit Lions,1,3,0,52,74,-22,2006-preseason.png,87.6,no,,Detroit Lions 13 52 74 -22
2006,NFC,North,Green Bay Packers,1,3,0,79,110,-31,2006-preseason.png,87.2,no,,Green Bay Packers 13 79 110 -31
2006,NFC,North,Minnesota Vikings,2,1,0,70,43,27,2006-preseason.png,90.2,no,,Minnesota Vikings 2170 43 27
2006,NFC,South,Atlanta Falcons,2,2,0,73,87,-14,2006-preseason.png,84.5,no,,Atlanta Falcons 22 73 87 -14
2006,NFC,South,Carolina Panthers,4,0,0,65,46,19,2006-preseason.png,95.8,no,,Carolina Panthers 4065 46 19
2006,NFC,South,New Orleans Saints,1,3,0,49,83,-34,2006-preseason.png,92.5,no,,New Orleans Saints 13 49 83 -34
2006,NFC,South,Tampa Bay Buccaneers,1,3,0,57,61,-4,2006-preseason.png,93.5,no,,Tampa Bay Buccaneers 13 57 61 -4
2006,NFC,West,Arizona Cardinals,2,2,0,70,88,-18,2006-preseason.png,90.0,no,,Arizona Cardinals 22 70 88 -18
2006,NFC,West,San Francisco 49ers,2,2,0,65,68,-3,2006-preseason.png,91.6,no,,San Francisco 49ers 2265 68 -3
2006,NFC,West,Seattle Seahawks,2,2,0,83,68,15,2006-preseason.png,95.9,no,,Seattle Seahawks 22 83 68 15
2006,NFC,West,St. Louis Rams,1,3,0,60,89,-29,2006-preseason.png,93.6,no,,St. Louis Rams 13 60 89 -29
2007,AFC,East,Buffalo Bills,2,2,0,56,64,-8,2007-preseason.png,94.6,no,,Buffalo Bills 22 56 64 -8
2007,AFC,East,Miami Dolphins,2,2,0,57,65,-8,2007-preseason.png,81.8,no,,Miami Dolphins 22 #57 65 -8
2007,AFC,East,New England Patriots,2,2,0,85,67,18,2007-preseason.png,91.0,no,,New England Patriots 2 2 85 67 18
2007,AFC,East,New York Jets,3,1,0,84,76,8,2007-preseason.png,92.7,no,,New York Jets 31 84 76 8
2007,AFC,North,Baltimore Ravens,1,3,0,58,42,16,2007-preseason.png,95.4,no,,Baltimore Ravens 13 58 42 16
2007,AFC,North,Cincinnati Bengals,1,3,0,78,84,-6,2007-preseason.png,94.2,no,,Cincinnati Bengals 13 78 84 -6
2007,AFC,North,Cleveland Browns,3,1,0,72,60,12,2007-preseason.png,88.1,no,,Cleveland Browns 3.1 72 60 12
2007,AFC,North,Pittsburgh Steelers,4,1,0,87,46,41,2007-preseason.png,96.1,no,,Pittsburgh Steelers 41 87 46 41
2007,AFC,South,Houston Texans,2,2,0,104,87,17,2007-preseason.png,83.8,no,,Houston Texans 2 2 104 87 17
2007,AFC,South,Indianapolis Colts,1,3,0,77,74,3,2007-preseason.png,88.9,no,,Indianapolis Colts 13 77 74 #3
2007,AFC,South,Jacksonville Jaguars,3,1,0,100,64,36,2007-preseason.png,90.4,no,,Jacksonville Jaguars 3 1 100 64 36
2007,AFC,South,Tennessee Titans,3,1,0,91,69,22,2007-preseason.png,91.6,no,,Tennessee Titans 31 91 69 22
2007,AFC,West,Denver Broncos,2,2,0,74,64,10,2007-preseason.png,96.3,no,,Denver Broncos 22 74 64 10
2007,AFC,West,Kansas City Chiefs,0,4,0,32,67,-35,2007-preseason.png,94.9,no,,Kansas City Chiefs 04 32 67 -35
2007,AFC,West,Oakland Raiders,2,2,0,82,78,4,2007-preseason.png,93.9,no,,Oakland Raiders 22 82 78 4
2007,AFC,West,San Diego Chargers,3,1,0,95,81,14,2007-preseason.png,92.6,no,,San Diego Chargers 31 95 81 14
2007,NFC,East,Dallas Cowboys,2,2,0,84,81,3,2007-preseason.png,93.8,no,,Dallas Cowboys 22 84 81 3
2007,NFC,East,New York Giants,1,3,0,66,83,-17,2007-preseason.png,92.8,no,,New York Giants 13 66 83 -17
2007,NFC,East,Philadelphia Eagles,1,3,0,54,79,-25,2007-preseason.png,82.5,no,,Philadelphia Eagles 13 54 79 -25
2007,NFC,East,Washington Redskins,2,2,0,51,56,-5,2007-preseason.png,86.3,no,,Washington Redskins 22 51 56 -5
2007,NFC,North,Chicago Bears,3,1,0,87,90,-3,2007-preseason.png,88.7,no,,Chicago Bears 3.187 90 -3
2007,NFC,North,Detroit Lions,2,2,0,73,99,-26,2007-preseason.png,81.2,no,,Detroit Lions 2 2 73 99 -26
2007,NFC,North,Green Bay Packers,2,2,0,88,73,15,2007-preseason.png,94.9,no,,Green Bay Packers 22 88 73 15
2007,NFC,North,Minnesota Vikings,2,2,0,83,77,6,2007-preseason.png,87.7,no,,Minnesota Vikings 22 83 77 6
2007,NFC,South,Atlanta Falcons,3,1,0,66,70,-4,2007-preseason.png,90.4,no,,Atlanta Falcons 3166 70 -4
2007,NFC,South,Carolina Panthers,1,3,0,44,91,-47,2007-preseason.png,92.1,no,,Carolina Panthers 13 44 91 -47
2007,NFC,South,New Orleans Saints,3,2,0,81,59,22,2007-preseason.png,93.5,no,,New Orleans Saints 32 81 59 22
2007,NFC,South,Tampa Bay Buccaneers,3,1,0,94,93,1,2007-preseason.png,91.7,no,,Tampa Bay Buccaneers 3 1 94 93 1
2007,NFC,West,Arizona Cardinals,0,4,0,77,114,-37,2007-preseason.png,88.8,no,,Arizona Cardinals 0 4 77 114 -37
2007,NFC,West,San Francisco 49ers,1,3,0,80,85,-5,2007-preseason.png,92.1,no,,San Francisco 49ers 13 80 85 -5
2007,NFC,West,Seattle Seahawks,3,1,0,86,91,-5,2007-preseason.png,90.1,no,,Seattle Seahawks 3186 91 -5
2007,NFC,West,St. Louis Rams,2,2,0,46,63,-17,2007-preseason.png,93.6,no,,St. Louis Rams 22 46 63 -17
2008,AFC,East,Buffalo Bills,2,2,0,64,59,5,2008-preseason.png,89.7,no,,Buffalo Bills 220 64 59 5
2008,AFC,East,Miami Dolphins,3,1,0,63,41,22,2008-preseason.png,89.5,no,,Miami Dolphins 310 63 41 22
2008,AFC,East,New England Patriots,0,4,0,56,89,-33,2008-preseason.png,91.4,no,,New England Patriots 04 0 56 89 -33
2008,AFC,East,New York Jets,3,1,0,71,60,11,2008-preseason.png,92.6,no,,New York Jets 31071 60 11
2008,AFC,North,Baltimore Ravens,1,3,0,50,72,-22,2008-preseason.png,86.2,no,,Baltimore Ravens 13.050 72 -22
2008,AFC,North,Cincinnati Bengals,2,2,0,57,64,-7,2008-preseason.png,87.1,no,,Cincinnati Bengals 220 57 64 -7
2008,AFC,North,Cleveland Browns,0,4,0,70,103,-33,2008-preseason.png,86.8,no,,Cleveland Browns 0 40 70 103 -33
2008,AFC,North,Pittsburgh Steelers,3,1,0,68,60,8,2008-preseason.png,91.8,no,,Pittsburgh Steelers 310 68 60 8
2008,AFC,South,Houston Texans,2,2,0,78,82,-4,2008-preseason.png,91.1,no,,Houston Texans 220 78 82 -4
2008,AFC,South,Indianapolis Colts,1,4,0,66,109,-43,2008-preseason.png,92.2,no,,Indianapolis Colts 140 66 109 -43
2008,AFC,South,Jacksonville Jaguars,3,1,0,81,56,25,2008-preseason.png,91.1,no,,Jacksonville Jaguars 310 81 56 25
2008,AFC,South,Tennessee Titans,3,1,0,77,67,10,2008-preseason.png,86.0,no,,Tennessee Titans 3.10 77 67 10
2008,AFC,West,Denver Broncos,2,2,0,91,73,18,2008-preseason.png,93.3,no,,Denver Broncos 22091 73 18
2008,AFC,West,Kansas City Chiefs,2,2,0,62,88,-26,2008-preseason.png,86.5,no,,Kansas City Chiefs 22.0 62 88 -26
2008,AFC,West,Oakland Raiders,1,3,0,50,70,-20,2008-preseason.png,84.1,no,,Oakland Raiders 13.0 50 70 -20
2008,AFC,West,San Diego Chargers,3,1,0,75,58,17,2008-preseason.png,93.8,no,,San Diego Chargers 31075 58 17
2008,NFC,East,Dallas Cowboys,2,2,0,69,86,-17,2008-preseason.png,93.9,no,,Dallas Cowboys 220 69 86 -17
2008,NFC,East,New York Giants,2,2,0,73,71,2,2008-preseason.png,95.3,no,,New York Giants 220 73 71 2
2008,NFC,East,Philadelphia Eagles,2,2,0,81,73,8,2008-preseason.png,95.2,no,,Philadelphia Eagles 220 81 73 8
2008,NFC,East,Washington Redskins,3,2,0,66,111,-45,2008-preseason.png,94.6,no,,Washington Redskins 320 66 111 -45
2008,NFC,North,Chicago Bears,1,3,0,92,100,-8,2008-preseason.png,93.4,no,,Chicago Bears 130 92100 -8
2008,NFC,North,Detroit Lions,4,0,0,80,32,48,2008-preseason.png,96.0,no,,Detroit Lions 400 80 32 48
2008,NFC,North,Green Bay Packers,1,3,0,71,101,-30,2008-preseason.png,89.3,no,,Green Bay Packers 13.0 71 101 -30
2008,NFC,North,Minnesota Vikings,1,3,0,60,77,-17,2008-preseason.png,90.9,no,,Minnesota Vikings 130 60 77 -17
2008,NFC,South,Atlanta Falcons,2,2,0,53,48,5,2008-preseason.png,89.6,no,,Atlanta Falcons 220 53 48 #5
2008,NFC,South,Carolina Panthers,2,2,0,99,66,33,2008-preseason.png,96.3,no,,Carolina Panthers 220 99 66 33
2008,NFC,South,New Orleans Saints,2,2,0,74,55,19,2008-preseason.png,95.9,no,,New Orleans Saints 220 74 55 19
2008,NFC,South,Tampa Bay Buccaneers,3,1,0,77,45,32,2008-preseason.png,90.5,no,,Tampa Bay Buccaneers 3 10 77 45 32
2008,NFC,West,Arizona Cardinals,2,2,0,75,69,6,2008-preseason.png,96.3,no,,Arizona Cardinals 220 75 69 6
2008,NFC,West,San Francisco 49ers,2,2,0,94,74,20,2008-preseason.png,96.5,no,,San Francisco 49ers 220 94 74 20
2008,NFC,West,Seattle Seahawks,3,1,0,103,77,26,2008-preseason.png,91.2,no,,Seattle Seahawks 3.10103 77 26
2008,NFC,West,St. Louis Rams,2,2,0,61,71,-10,2008-preseason.png,94.5,no,,St. Louis Rams 220 61 71 -10
2009,AFC,East,Buffalo Bills,1,4,0,72,106,-34,2009-preseason.png,94.2,no,,Buffalo Bills 14 72 106 -34
2009,AFC,East,Miami Dolphins,4,0,0,59,39,20,2009-preseason.png,94.7,no,,Miami Dolphins 40 59 39 20
2009,AFC,East,New England Patriots,3,1,0,98,83,15,2009-preseason.png,88.2,no,,New England Patriots 3 1 98 83 15
2009,AFC,East,New York Jets,2,2,0,108,99,9,2009-preseason.png,95.6,no,,New York Jets 22108 99 9
2009,AFC,North,Baltimore Ravens,4,0,0,84,39,45,2009-preseason.png,95.8,no,,Baltimore Ravens 40 84 39 45
2009,AFC,North,Cincinnati Bengals,2,2,0,73,54,19,2009-preseason.png,92.2,no,,Cincinnati Bengals 22 73 54 19
2009,AFC,North,Cleveland Browns,2,2,0,73,70,3,2009-preseason.png,92.3,no,,Cleveland Browns 22 73 70 3
2009,AFC,North,Pittsburgh Steelers,3,1,0,71,37,34,2009-preseason.png,89.1,no,,Pittsburgh Steelers 3.1 71 37 34
2009,AFC,South,Houston Texans,2,2,0,67,85,-18,2009-preseason.png,92.6,no,,Houston Texans 22 67 85 -18
2009,AFC,South,Indianapolis Colts,1,3,0,50,84,-34,2009-preseason.png,95.1,no,,Indianapolis Colts 13 50 84 -34
2009,AFC,South,Jacksonville Jaguars,1,3,0,88,86,2,2009-preseason.png,81.7,no,,Jacksonville Jaguars 13 88 86 2
2009,AFC,South,Tennessee Titans,3,2,0,102,104,-2,2009-preseason.png,85.4,no,,Tennessee Titans 3.2 102 104 -2
2009,AFC,West,Denver Broncos,1,3,0,65,71,-6,2009-preseason.png,94.0,no,,Denver Broncos 13 65 71 -6
2009,AFC,West,Kansas City Chiefs,0,4,0,42,64,-22,2009-preseason.png,94.5,no,,Kansas City Chiefs 04 42 64 -22
2009,AFC,West,Oakland Raiders,1,3,0,79,107,-28,2009-preseason.png,88.8,no,,Oakland Raiders 13 79 107 -28
2009,AFC,West,San Diego Chargers,2,2,0,81,60,21,2009-preseason.png,93.3,no,,San Diego Chargers 22 81 60 21
2009,NFC,East,Dallas Cowboys,2,2,0,88,92,-4,2009-preseason.png,94.3,no,,Dallas Cowboys 22 88 92 -4
2009,NFC,East,New York Giants,1,3,0,79,99,-20,2009-preseason.png,93.7,no,,New York Giants 13 79 99 -20
2009,NFC,East,Philadelphia Eagles,1,3,0,100,120,-20,2009-preseason.png,87.0,no,,Philadelphia Eagles 1 3 100 120 -20
2009,NFC,East,Washington Redskins,1,3,0,58,87,-29,2009-preseason.png,94.0,no,,Washington Redskins 13 58 87 -29
2009,NFC,North,Chicago Bears,3,1,0,90,70,20,2009-preseason.png,93.6,no,,Chicago Bears 31 90 70 20
2009,NFC,North,Detroit Lions,3,1,0,72,76,-4,2009-preseason.png,89.6,no,,Detroit Lions 31 72 76 -4
2009,NFC,North,Green Bay Packers,3,1,0,105,85,20,2009-preseason.png,92.0,no,,Green Bay Packers 3.1105 85 20
2009,NFC,North,Minnesota Vikings,3,1,0,78,61,17,2009-preseason.png,94.5,no,,Minnesota Vikings 31 78 61 17
2009,NFC,South,Atlanta Falcons,2,2,0,76,84,-8,2009-preseason.png,94.8,no,,Atlanta Falcons 22 76 84 -8
2009,NFC,South,Carolina Panthers,0,4,0,57,89,-32,2009-preseason.png,94.9,no,,Carolina Panthers 04 57 89 -32
2009,NFC,South,New Orleans Saints,3,1,0,107,38,69,2009-preseason.png,92.9,no,,New Orleans Saints 3.1107 38 69
2009,NFC,South,Tampa Bay Buccaneers,1,3,0,70,87,-17,2009-preseason.png,93.6,no,,Tampa Bay Buccaneers 13 70 87 -17
2009,NFC,West,Arizona Cardinals,0,4,0,53,100,-47,2009-preseason.png,94.0,no,,Arizona Cardinals 04 53 100 -47
2009,NFC,West,San Francisco 49ers,3,1,0,65,75,-10,2009-preseason.png,89.4,no,,San Francisco 49ers 3.1 65 75 -10
2009,NFC,West,Seattle Seahawks,4,0,0,92,58,34,2009-preseason.png,95.6,no,,Seattle Seahawks 40 92 58 34
2009,NFC,West,St. Louis Rams,3,1,0,77,70,7,2009-preseason.png,87.7,no,,St. Louis Rams 31 77 70 7
2010,AFC,East,Buffalo Bills,2,2,0,109,111,-2,2010-preseason.png,76.6,no,,Buffalo Bills 22 109 111 -2
2010,AFC,East,Miami Dolphins,2,2,0,68,76,-8,2010-preseason.png,93.5,no,,Miami Dolphins 22 68 76 -8
2010,AFC,East,New England Patriots,2,2,0,107,90,17,2010-preseason.png,90.8,no,,New England Patriots 2 2 107 90 17
2010,AFC,East,New York Jets,2,2,0,57,67,-10,2010-preseason.png,92.9,no,,New York Jets 22 57 67 -10
2010,AFC,North,Baltimore Ravens,3,1,0,85,52,33,2010-preseason.png,89.5,no,,Baltimore Ravens 3.1 85 52 33
2010,AFC,North,Cincinnati Bengals,3,2,0,112,112,0,2010-preseason.png,77.2,no,,Cincinnati Bengals 3.2112 112 0
2010,AFC,North,Cleveland Browns,2,2,0,84,88,-4,2010-preseason.png,93.6,no,,Cleveland Browns 22 84 88 -4
2010,AFC,North,Pittsburgh Steelers,3,1,0,83,61,22,2010-preseason.png,91.3,no,,Pittsburgh Steelers 31 83 61 22
2010,AFC,South,Houston Texans,1,3,0,76,88,-12,2010-preseason.png,94.3,no,,Houston Texans 13 76 88 -12
2010,AFC,South,Indianapolis Colts,0,4,0,90,160,-70,2010-preseason.png,93.2,no,,Indianapolis Colts 04 90 160 -70
2010,AFC,South,Jacksonville Jaguars,2,2,0,85,77,8,2010-preseason.png,80.7,no,,Jacksonville Jaguars 22 85 77 8
2010,AFC,South,Tennessee Titans,2,2,0,76,69,7,2010-preseason.png,95.7,no,,Tennessee Titans 22 76 69 7
2010,AFC,West,Denver Broncos,1,3,0,102,106,-4,2010-preseason.png,85.6,no,,Denver Broncos 13.102 106 -4
2010,AFC,West,Kansas City Chiefs,1,3,0,59,73,-14,2010-preseason.png,88.4,no,,Kansas City Chiefs 13 59 73 -14
2010,AFC,West,Oakland Raiders,3,1,0,100,78,22,2010-preseason.png,90.8,no,,Oakland Raiders 3.1100 78 22
2010,AFC,West,San Diego Chargers,1,3,0,74,79,-5,2010-preseason.png,93.9,no,,San Diego Chargers 13 74 79 -5
2010,NFC,East,Dallas Cowboys,3,2,0,75,86,-11,2010-preseason.png,92.6,no,,Dallas Cowboys 32 75 86 -11
2010,NFC,East,New York Giants,2,2,0,78,81,-3,2010-preseason.png,94.9,no,,New York Giants 22 78 81 -3
2010,NFC,East,Philadelphia Eagles,2,2,0,74,87,-13,2010-preseason.png,93.6,no,,Philadelphia Eagles 22 74 87 -13
2010,NFC,East,Washington Redskins,2,2,0,71,71,0,2010-preseason.png,88.0,no,,Washington Redskins 22 71 71 #O
2010,NFC,North,Chicago Bears,0,4,0,46,84,-38,2010-preseason.png,94.5,no,,Chicago Bears 04 46 84 -38
2010,NFC,North,Detroit Lions,3,1,0,95,93,2,2010-preseason.png,91.7,no,,Detroit Lions 31 95 93 2
2010,NFC,North,Green Bay Packers,2,2,0,123,92,31,2010-preseason.png,88.4,no,,Green Bay Packers 22.123 92 31
2010,NFC,North,Minnesota Vikings,3,1,0,93,59,34,2010-preseason.png,93.8,no,,Minnesota Vikings 31 93 59 34
2010,NFC,South,Atlanta Falcons,2,2,0,55,57,-2,2010-preseason.png,93.7,no,,Atlanta Falcons 22 55 57 -2
2010,NFC,South,Carolina Panthers,1,3,0,33,52,-19,2010-preseason.png,93.7,no,,Carolina Panthers 13 33 52 -19
2010,NFC,South,New Orleans Saints,2,2,0,122,95,27,2010-preseason.png,93.0,no,,New Orleans Saints 22122 95 27
2010,NFC,South,Tampa Bay Buccaneers,2,2,0,64,61,3,2010-preseason.png,95.6,no,,Tampa Bay Buccaneers 22 64 61 3
2010,NFC,West,Arizona Cardinals,3,1,0,63,59,4,2010-preseason.png,95.2,no,,Arizona Cardinals 31 63 59 4
2010,NFC,West,San Francisco 49ers,4,0,0,97,65,32,2010-preseason.png,96.2,no,,San Francisco 49ers 40 97 65 32
2010,NFC,West,Seattle Seahawks,1,3,0,81,96,-15,2010-preseason.png,92.2,no,,Seattle Seahawks 13 81 96 -15
2010,NFC,West,St. Louis Rams,3,1,0,89,101,-12,2010-preseason.png,89.8,no,,St. Louis Rams 3.1 89 101 -12
2011,AFC,East,Buffalo Bills,1,3,0,54,82,-28,2011-preseason.png,93.9,no,,Buffalo Bills 13 54 82 -28
2011,AFC,East,Miami Dolphins,3,1,0,78,53,25,2011-preseason.png,85.9,no,,Miami Dolphins 3.1 78 53 25
2011,AFC,East,New England Patriots,2,2,0,105,78,27,2011-preseason.png,89.5,no,,New England Patriots 2 2 105 78 27
2011,AFC,East,New York Jets,2,2,0,74,54,20,2011-preseason.png,95.9,no,,New York Jets 22 74 54 20
2011,AFC,North,Baltimore Ravens,3,1,0,92,64,28,2011-preseason.png,90.5,no,,Baltimore Ravens 3.1 92 64 28
2011,AFC,North,Cincinnati Bengals,1,3,0,47,91,-44,2011-preseason.png,94.3,no,,Cincinnati Bengals 13 47 91 -44
2011,AFC,North,Cleveland Browns,1,3,0,83,95,-12,2011-preseason.png,93.3,no,,Cleveland Browns 13 83 95 -12
2011,AFC,North,Pittsburgh Steelers,3,1,0,98,63,35,2011-preseason.png,89.1,no,,Pittsburgh Steelers 3.1 98 63 35
2011,AFC,South,Houston Texans,3,1,0,77,65,12,2011-preseason.png,88.2,no,,Houston Texans 3.1 77 65 12
2011,AFC,South,Indianapolis Colts,1,3,0,51,86,-35,2011-preseason.png,93.9,no,,Indianapolis Colts 13 51 86 -35
2011,AFC,South,Jacksonville Jaguars,1,3,0,76,119,-43,2011-preseason.png,90.6,no,,Jacksonville Jaguars 13 76 119 -43
2011,AFC,South,Tennessee Titans,3,1,0,76,42,34,2011-preseason.png,92.1,no,,Tennessee Titans 31 76 42 34
2011,AFC,West,Denver Broncos,2,2,0,77,80,-3,2011-preseason.png,91.3,no,,Denver Broncos 22 77 80 -3
2011,AFC,West,Kansas City Chiefs,0,4,0,42,90,-48,2011-preseason.png,95.0,no,,Kansas City Chiefs 04 42 90 -48
2011,AFC,West,Oakland Raiders,0,4,0,44,101,-57,2011-preseason.png,94.3,no,,Oakland Raiders 04 44 101 -57
2011,AFC,West,San Diego Chargers,2,2,0,88,82,6,2011-preseason.png,95.1,no,,San Diego Chargers 22 88 82 6
2011,NFC,East,Dallas Cowboys,2,2,0,57,77,-20,2011-preseason.png,90.2,no,,Dallas Cowboys 22 57 77 -20
2011,NFC,East,New York Giants,2,2,0,72,67,5,2011-preseason.png,94.9,no,,New York Giants 22 72 67 5
2011,NFC,East,Philadelphia Eagles,3,1,0,75,58,17,2011-preseason.png,89.7,no,,Philadelphia Eagles 31 75 58 17
2011,NFC,East,Washington Redskins,3,1,0,92,68,24,2011-preseason.png,90.1,no,,Washington Redskins 3.1 92 68 24
2011,NFC,North,Chicago Bears,2,2,0,60,72,-12,2011-preseason.png,94.1,no,,Chicago Bears 22 60 72 -12
2011,NFC,North,Detroit Lions,4,0,0,114,47,67,2011-preseason.png,92.1,no,,Detroit Lions 40 114 47 67
2011,NFC,North,Green Bay Packers,3,1,0,89,87,2,2011-preseason.png,95.0,no,,Green Bay Packers 31 89 87 2
2011,NFC,North,Minnesota Vikings,2,2,0,68,44,24,2011-preseason.png,95.7,no,,Minnesota Vikings 22 68 44 24
2011,NFC,South,Atlanta Falcons,0,4,0,59,98,-39,2011-preseason.png,95.5,no,,Atlanta Falcons 04 59 98 -39
2011,NFC,South,Carolina Panthers,1,3,0,60,87,-27,2011-preseason.png,93.5,no,,Carolina Panthers 13 60 87 -27
2011,NFC,South,New Orleans Saints,2,2,0,87,82,5,2011-preseason.png,95.0,no,,New Orleans Saints 22 87 82 5
2011,NFC,South,Tampa Bay Buccaneers,2,2,0,80,73,7,2011-preseason.png,89.5,no,,Tampa Bay Buccaneers 2 2 80 73 7
2011,NFC,West,Arizona Cardinals,2,2,0,101,87,14,2011-preseason.png,87.0,no,,Arizona Cardinals 22 101 87 14
2011,NFC,West,San Francisco 49ers,2,2,0,47,74,-27,2011-preseason.png,94.1,no,,San Francisco 49ers 22 47 74 -27
2011,NFC,West,Seattle Seahawks,2,2,0,71,63,8,2011-preseason.png,94.8,no,,Seattle Seahawks 22 71 63 8
2011,NFC,West,St. Louis Rams,4,0,0,88,53,35,2011-preseason.png,95.5,no,,St. Louis Rams 40 88 53 35
2012,AFC,East,Buffalo Bills,0,4,0,59,119,-60,2012-preseason.png,95.1,no,,Buffalo Bills 040 59 119 -60
2012,AFC,East,Miami Dolphins,0,4,0,43,96,-53,2012-preseason.png,93.0,no,,Miami Dolphins 040 43 96 -53
2012,AFC,East,New England Patriots,1,3,0,55,69,-14,2012-preseason.png,92.2,no,,New England Patriots 130 55 69 -14
2012,AFC,East,New York Jets,0,4,0,31,88,-57,2012-preseason.png,94.7,no,,New York Jets 040 31 88 -57
2012,AFC,North,Baltimore Ravens,2,2,0,108,92,16,2012-preseason.png,95.0,no,,Baltimore Ravens 220108 92 16
2012,AFC,North,Cincinnati Bengals,2,2,0,70,72,-2,2012-preseason.png,93.4,no,,Cincinnati Bengals 220 70 72 -2
2012,AFC,North,Cleveland Browns,2,2,0,84,82,2,2012-preseason.png,95.6,no,,Cleveland Browns 220 84 82 2
2012,AFC,North,Pittsburgh Steelers,3,1,0,104,71,33,2012-preseason.png,91.4,no,,Pittsburgh Steelers 3.10104 71 33
2012,AFC,South,Houston Texans,3,1,0,101,80,21,2012-preseason.png,90.1,no,,Houston Texans 3.10101 80 21
2012,AFC,South,Indianapolis Colts,2,2,0,99,75,24,2012-preseason.png,95.8,no,,Indianapolis Colts 220 99 75 24
2012,AFC,South,Jacksonville Jaguars,3,1,0,100,117,-17,2012-preseason.png,88.7,no,,Jacksonville Jaguars 3 1 0 100 117 -17
2012,AFC,South,Tennessee Titans,3,1,0,89,67,22,2012-preseason.png,93.5,no,,Tennessee Titans 310 89 67 22
2012,AFC,West,Denver Broncos,2,2,0,81,75,6,2012-preseason.png,96.2,no,,Denver Broncos 220 81 75 6
2012,AFC,West,Kansas City Chiefs,1,3,0,61,116,-55,2012-preseason.png,92.8,no,,Kansas City Chiefs 130 61 116 -55
2012,AFC,West,Oakland Raiders,1,3,0,61,75,-14,2012-preseason.png,92.7,no,,Oakland Raiders 130 61 75 -14
2012,AFC,West,San Diego Chargers,3,1,0,64,78,-14,2012-preseason.png,94.0,no,,San Diego Chargers 310 64 78 -14
2012,NFC,East,Dallas Cowboys,3,1,0,73,60,13,2012-preseason.png,94.4,no,,Dallas Cowboys 310 73 60 13
2012,NFC,East,New York Giants,2,2,0,80,58,22,2012-preseason.png,96.1,no,,New York Giants 220 80 58 22
2012,NFC,East,Philadelphia Eagles,4,0,0,106,60,46,2012-preseason.png,95.7,no,,Philadelphia Eagles 400106 60 46
2012,NFC,East,Washington Redskins,3,1,0,98,59,39,2012-preseason.png,96.0,no,,Washington Redskins 310 98 59 39
2012,NFC,North,Chicago Bears,3,1,0,84,99,-15,2012-preseason.png,92.5,no,,Chicago Bears 310 84 99 -15
2012,NFC,North,Detroit Lions,2,2,0,102,94,8,2012-preseason.png,95.1,no,,Detroit Lions 220102 94 8
2012,NFC,North,Green Bay Packers,2,2,0,74,72,2,2012-preseason.png,95.1,no,,Green Bay Packers 220 74 72 2
2012,NFC,North,Minnesota Vikings,1,3,0,76,71,5,2012-preseason.png,93.8,no,,Minnesota Vikings 130 76 71 #5
2012,NFC,South,Atlanta Falcons,1,3,0,73,85,-12,2012-preseason.png,92.7,no,,Atlanta Falcons 130 73 85 -12
2012,NFC,South,Carolina Panthers,2,2,0,69,72,-3,2012-preseason.png,95.0,no,,Carolina Panthers 220 69 72 -3
2012,NFC,South,New Orleans Saints,2,3,0,87,81,6,2012-preseason.png,95.7,no,,New Orleans Saints 230 87 81 6
2012,NFC,South,Tampa Bay Buccaneers,2,2,0,60,95,-35,2012-preseason.png,87.8,no,,Tampa Bay Buccaneers 22 0 60 95 -35
2012,NFC,West,Arizona Cardinals,1,4,0,98,119,-21,2012-preseason.png,94.8,no,,Arizona Cardinals 140 98 119 -21
2012,NFC,West,San Francisco 49ers,3,1,0,90,53,37,2012-preseason.png,93.3,no,,San Francisco 49ers 310 90 53 37
2012,NFC,West,Seattle Seahawks,4,0,0,122,44,78,2012-preseason.png,96.3,no,,Seattle Seahawks 400122 44 78
2012,NFC,West,St. Louis Rams,2,2,0,84,92,-8,2012-preseason.png,94.9,no,,St. Louis Rams 220 84 92 -8
2013,AFC,East,Buffalo Bills,2,2,0,84,101,-17,2013-preseason.png,89.0,no,,Buffalo Bills 220 84 101 -17
2013,AFC,East,Miami Dolphins,2,3,0,104,89,15,2013-preseason.png,83.0,no,,Miami Dolphins 230104 89 15
2013,AFC,East,New England Patriots,3,1,0,93,103,-10,2013-preseason.png,91.7,no,,New England Patriots 3 10 93 103 -10
2013,AFC,East,New York Jets,3,1,0,105,80,25,2013-preseason.png,91.9,no,,New York Jets 3.10105 80 25
2013,AFC,North,Baltimore Ravens,2,2,0,119,97,22,2013-preseason.png,93.8,no,,Baltimore Ravens 220119 97 22
2013,AFC,North,Cincinnati Bengals,3,1,0,106,63,43,2013-preseason.png,90.3,no,,Cincinnati Bengals 3.10106 63 43
2013,AFC,North,Cleveland Browns,3,1,0,75,68,7,2013-preseason.png,95.7,no,,Cleveland Browns 310 75 68 7
2013,AFC,North,Pittsburgh Steelers,0,4,0,56,93,-37,2013-preseason.png,95.2,no,,Pittsburgh Steelers 040 56 93 -37
2013,AFC,South,Houston Texans,3,1,0,98,67,31,2013-preseason.png,94.1,no,,Houston Texans 310 98 67 31
2013,AFC,South,Indianapolis Colts,2,2,0,77,89,-12,2013-preseason.png,92.0,no,,Indianapolis Colts 220 77 89 -12
2013,AFC,South,Jacksonville Jaguars,1,3,0,60,111,-51,2013-preseason.png,90.2,no,,Jacksonville Jaguars 13 0 60 111 -51
2013,AFC,South,Tennessee Titans,1,3,0,90,89,1,2013-preseason.png,94.3,no,,Tennessee Titans 130 90 89 1
2013,AFC,West,Denver Broncos,2,2,0,71,104,-33,2013-preseason.png,92.2,no,,Denver Broncos 220 71 104 -33
2013,AFC,West,Kansas City Chiefs,2,2,0,82,60,22,2013-preseason.png,95.0,no,,Kansas City Chiefs 220 82 60 22
2013,AFC,West,Oakland Raiders,1,3,0,71,101,-30,2013-preseason.png,87.7,no,,Oakland Raiders 130 71 101 -30
2013,AFC,West,San Diego Chargers,1,3,0,68,112,-44,2013-preseason.png,88.0,no,,San Diego Chargers 13 0 68 112 -44
2013,NFC,East,Dallas Cowboys,2,3,0,78,93,-15,2013-preseason.png,92.4,no,,Dallas Cowboys 230 78 93 -15
2013,NFC,East,New York Giants,1,3,0,71,85,-14,2013-preseason.png,93.2,no,,New York Giants 130 71 85 -14
2013,NFC,East,Philadelphia Eagles,2,2,0,87,91,-4,2013-preseason.png,92.8,no,,Philadelphia Eagles 220 87 91 -4
2013,NFC,East,Washington Redskins,4,0,0,106,53,53,2013-preseason.png,96.3,no,,Washington Redskins 400106 53 53
2013,NFC,North,Chicago Bears,2,2,0,100,96,4,2013-preseason.png,95.8,no,,Chicago Bears 220100 96 4
2013,NFC,North,Detroit Lions,3,1,0,107,63,44,2013-preseason.png,90.8,no,,Detroit Lions 3.10107 63 44
2013,NFC,North,Green Bay Packers,1,3,0,37,71,-34,2013-preseason.png,92.8,no,,Green Bay Packers 130 37 71 -34
2013,NFC,North,Minnesota Vikings,1,3,0,67,104,-37,2013-preseason.png,90.4,no,,Minnesota Vikings 13.0 67 104 -37
2013,NFC,South,Atlanta Falcons,0,4,0,65,108,-43,2013-preseason.png,94.7,no,,Atlanta Falcons 040 65 108 -43
2013,NFC,South,Carolina Panthers,3,1,0,92,68,24,2013-preseason.png,95.8,no,,Carolina Panthers 310 92 68 24
2013,NFC,South,New Orleans Saints,3,1,0,97,80,17,2013-preseason.png,95.2,no,,New Orleans Saints 310 97 80 17
2013,NFC,South,Tampa Bay Buccaneers,1,3,0,66,115,-49,2013-preseason.png,91.2,no,,Tampa Bay Buccaneers 13 0 66 115 -49
2013,NFC,West,Arizona Cardinals,3,1,0,68,55,13,2013-preseason.png,96.1,no,,Arizona Cardinals 310 68 55 13
2013,NFC,West,San Francisco 49ers,3,1,0,96,43,53,2013-preseason.png,95.6,no,,San Francisco 49ers 310 96 43 53
2013,NFC,West,Seattle Seahawks,4,0,0,110,36,74,2013-preseason.png,96.1,no,,Seattle Seahawks 400110 36 74
2013,NFC,West,St. Louis Rams,1,3,0,76,94,-18,2013-preseason.png,94.4,no,,St. Louis Rams 130 76 94 -18
2014,AFC,East,Buffalo Bills,1,4,0,63,104,-41,2014-preseason.png,93.9,no,,Buffalo Bills 140 63 104 -41
2014,AFC,East,Miami Dolphins,3,1,0,69,63,6,2014-preseason.png,87.3,no,,Miami Dolphins 310 69 63 6
2014,AFC,East,New England Patriots,2,2,0,91,81,10,2014-preseason.png,95.2,no,,New England Patriots 220 91 81 10
2014,AFC,East,New York Jets,2,2,0,69,99,-30,2014-preseason.png,94.2,no,,New York Jets 220 69 99 -30
2014,AFC,North,Baltimore Ravens,4,0,0,105,63,42,2014-preseason.png,96.0,no,,Baltimore Ravens 400105 63 42
2014,AFC,North,Cincinnati Bengals,2,2,0,110,86,24,2014-preseason.png,95.8,no,,Cincinnati Bengals 220110 86 24
2014,AFC,North,Cleveland Browns,1,3,0,82,83,-1,2014-preseason.png,94.3,no,,Cleveland Browns 130 82 83 -1
2014,AFC,North,Pittsburgh Steelers,1,3,0,56,77,-21,2014-preseason.png,93.1,no,,Pittsburgh Steelers 130 56 77 -21
2014,AFC,South,Houston Texans,2,2,0,63,96,-33,2014-preseason.png,94.8,no,,Houston Texans 220 63 96 -33
2014,AFC,South,Indianapolis Colts,0,4,0,60,98,-38,2014-preseason.png,95.2,no,,Indianapolis Colts 040 60 98 -38
2014,AFC,South,Jacksonville Jaguars,1,3,0,61,67,-6,2014-preseason.png,83.3,no,,Jacksonville Jaguars 130 61 67 -6
2014,AFC,South,Tennessee Titans,2,2,0,71,83,-12,2014-preseason.png,94.7,no,,Tennessee Titans 220 71 83 -12
2014,AFC,West,Denver Broncos,3,1,0,99,37,62,2014-preseason.png,93.1,no,,Denver Broncos 310 99 37 62
2014,AFC,West,Kansas City Chiefs,1,3,0,83,131,-48,2014-preseason.png,91.3,no,,Kansas City Chiefs 130 83 131 -48
2014,AFC,West,Oakland Raiders,2,2,0,95,98,-3,2014-preseason.png,94.5,no,,Oakland Raiders 220 95 98 -3
2014,AFC,West,San Diego Chargers,2,2,0,60,78,-18,2014-preseason.png,89.4,no,,San Diego Chargers 220 60 78 -18
2014,NFC,East,Dallas Cowboys,0,4,0,60,116,-56,2014-preseason.png,94.4,no,,Dallas Cowboys 040 60 116 -56
2014,NFC,East,New York Giants,5,0,0,115,92,23,2014-preseason.png,96.0,no,,New York Giants 500115 92 23
2014,NFC,East,Philadelphia Eagles,2,2,0,131,104,27,2014-preseason.png,86.0,no,,Philadelphia Eagles 22.0 131 104 27
2014,NFC,East,Washington Redskins,3,1,0,88,62,26,2014-preseason.png,95.4,no,,Washington Redskins 310 88 62 26
2014,NFC,North,Chicago Bears,2,2,0,73,114,-41,2014-preseason.png,93.8,no,,Chicago Bears 220 73 114 -41
2014,NFC,North,Detroit Lions,3,1,0,75,51,24,2014-preseason.png,95.7,no,,Detroit Lions 310 75 51 24
2014,NFC,North,Green Bay Packers,3,1,0,102,62,40,2014-preseason.png,92.4,no,,Green Bay Packers 3.10102 62 40
2014,NFC,North,Minnesota Vikings,4,0,0,89,49,40,2014-preseason.png,96.0,no,,Minnesota Vikings 400 89 49 40
2014,NFC,South,Atlanta Falcons,2,2,0,64,80,-16,2014-preseason.png,94.6,no,,Atlanta Falcons 220 64 80 -16
2014,NFC,South,Carolina Panthers,2,2,0,63,66,-3,2014-preseason.png,95.0,no,,Carolina Panthers 220 63 66 -3
2014,NFC,South,New Orleans Saints,3,1,0,93,87,6,2014-preseason.png,96.1,no,,New Orleans Saints 310 93 87 6
2014,NFC,South,Tampa Bay Buccaneers,1,3,0,61,74,-13,2014-preseason.png,92.5,no,,Tampa Bay Buccaneers 130 61 74 -13
2014,NFC,West,Arizona Cardinals,1,3,0,82,61,21,2014-preseason.png,95.2,no,,Arizona Cardinals 130 82 61 21
2014,NFC,West,San Francisco 49ers,2,2,0,64,77,-13,2014-preseason.png,95.0,no,,San Francisco 49ers 220 64 77 -13
2014,NFC,West,Seattle Seahawks,2,2,0,122,82,40,2014-preseason.png,96.0,no,,Seattle Seahawks 220122 82 40
2014,NFC,West,St. Louis Rams,1,3,0,77,75,2,2014-preseason.png,92.4,no,,St. Louis Rams 130 77 75 2
2015,AFC,East,Buffalo Bills,2,2,0,88,71,17,2015-preseason.png,96.5,no,,Buffalo Bills 22 88 71 17
2015,AFC,East,Miami Dolphins,1,3,0,70,89,-19,2015-preseason.png,84.7,no,,Miami Dolphins 13 70 89 -19
2015,AFC,East,New England Patriots,2,2,0,63,74,-11,2015-preseason.png,88.8,no,,New England Patriots 2 2 63 74 -11
2015,AFC,East,New York Jets,3,1,0,85,81,4,2015-preseason.png,95.0,no,,New York Jets 31 85 81 4
2015,AFC,North,Baltimore Ravens,1,3,0,79,118,-39,2015-preseason.png,93.3,no,,Baltimore Ravens 13 79 118 -39
2015,AFC,North,Cincinnati Bengals,3,1,0,64,51,13,2015-preseason.png,92.4,no,,Cincinnati Bengals 31 64 51 13
2015,AFC,North,Cleveland Browns,1,3,0,58,62,-4,2015-preseason.png,94.7,no,,Cleveland Browns 13 58 62 -4
2015,AFC,North,Pittsburgh Steelers,1,4,0,73,122,-49,2015-preseason.png,90.6,no,,Pittsburgh Steelers 14 73 122 -49
2015,AFC,South,Houston Texans,2,2,0,74,58,16,2015-preseason.png,92.5,no,,Houston Texans 22 74 #58 16
2015,AFC,South,Indianapolis Colts,1,3,0,51,82,-31,2015-preseason.png,84.7,no,,Indianapolis Colts 13 51 82 -31
2015,AFC,South,Jacksonville Jaguars,2,2,0,69,81,-12,2015-preseason.png,86.0,no,,Jacksonville Jaguars 22 69 81 -12
2015,AFC,South,Tennessee Titans,2,2,0,85,96,-11,2015-preseason.png,93.5,no,,Tennessee Titans 22 85 96 -11
2015,AFC,West,Denver Broncos,3,1,0,75,64,11,2015-preseason.png,93.0,no,,Denver Broncos 31 75 64 11
2015,AFC,West,Kansas City Chiefs,4,0,0,106,59,47,2015-preseason.png,95.4,no,,Kansas City Chiefs 40106 59 47
2015,AFC,West,Oakland Raiders,1,3,0,74,84,-10,2015-preseason.png,93.1,no,,Oakland Raiders 13 74 84 -10
2015,AFC,West,San Diego Chargers,2,2,0,66,56,10,2015-preseason.png,95.5,no,,San Diego Chargers 22 66 56 10
2015,NFC,East,Dallas Cowboys,1,3,0,48,82,-34,2015-preseason.png,93.2,no,,Dallas Cowboys 13 48 82 -34
2015,NFC,East,New York Giants,2,2,0,62,72,-10,2015-preseason.png,94.3,no,,New York Giants 22 62 72 -10
2015,NFC,East,Philadelphia Eagles,3,1,0,133,77,56,2015-preseason.png,86.8,no,,Philadelphia Eagles 3.1133 77 56
2015,NFC,East,Washington Redskins,3,1,0,88,64,24,2015-preseason.png,95.5,no,,Washington Redskins 31 88 64 24
2015,NFC,North,Chicago Bears,3,1,0,84,42,42,2015-preseason.png,95.3,no,,Chicago Bears 31 84 42 42
2015,NFC,North,Detroit Lions,3,1,0,79,51,28,2015-preseason.png,90.6,no,,Detroit Lions 31 79 51 28
2015,NFC,North,Green Bay Packers,2,2,0,105,84,21,2015-preseason.png,94.8,no,,Green Bay Packers 22105 84 21
2015,NFC,North,Minnesota Vikings,4,1,0,105,69,36,2015-preseason.png,95.5,no,,Minnesota Vikings 41105 69 36
2015,NFC,South,Atlanta Falcons,2,2,0,82,86,-4,2015-preseason.png,94.0,no,,Atlanta Falcons 22 82 86 -4
2015,NFC,South,Carolina Panthers,3,1,0,95,77,18,2015-preseason.png,92.1,no,,Carolina Panthers 31 95 77 18
2015,NFC,South,New Orleans Saints,0,4,0,74,121,-47,2015-preseason.png,93.6,no,,New Orleans Saints 04 74 121 -47
2015,NFC,South,Tampa Bay Buccaneers,2,2,0,70,85,-15,2015-preseason.png,88.7,no,,Tampa Bay Buccaneers 2 2 70 85 -15
2015,NFC,West,Arizona Cardinals,2,2,0,90,99,-9,2015-preseason.png,94.0,no,,Arizona Cardinals 22 90 99 -9
2015,NFC,West,San Francisco 49ers,2,2,0,59,60,-1,2015-preseason.png,94.2,no,,San Francisco 49ers 22 59 60 -1
2015,NFC,West,Seattle Seahawks,2,2,0,80,72,8,2015-preseason.png,95.8,no,,Seattle Seahawks 22 80 72 8
2015,NFC,West,St. Louis Rams,0,4,0,48,93,-45,2015-preseason.png,95.4,no,,St. Louis Rams 04 48 93 -45
2016,AFC,East,Buffalo Bills,1,3,0,55,71,-16,2016-preseason.png,90.9,no,,Buffalo Bills 130 55 71 -16
2016,AFC,East,Miami Dolphins,2,2,0,68,78,-10,2016-preseason.png,92.1,no,,Miami Dolphins 220 68 78 -10
2016,AFC,East,New England Patriots,3,1,0,85,78,7,2016-preseason.png,94.4,no,,New England Patriots 310 85 78 7
2016,AFC,East,New York Jets,1,3,0,61,70,-9,2016-preseason.png,94.4,no,,New York Jets 130 61 70 -9
2016,AFC,North,Baltimore Ravens,4,0,0,94,60,34,2016-preseason.png,96.3,no,,Baltimore Ravens 400 94 60 34
2016,AFC,North,Cincinnati Bengals,1,3,0,77,70,7,2016-preseason.png,92.8,no,,Cincinnati Bengals 130 77 70 7
2016,AFC,North,Cleveland Browns,0,4,0,44,92,-48,2016-preseason.png,94.9,no,,Cleveland Browns 040 44 92 -48
2016,AFC,North,Pittsburgh Steelers,1,3,0,50,79,-29,2016-preseason.png,92.3,no,,Pittsburgh Steelers 130 50 79 -29
2016,AFC,South,Houston Texans,4,0,0,102,63,39,2016-preseason.png,94.3,no,,Houston Texans 400 102 63 39
2016,AFC,South,Indianapolis Colts,2,2,0,73,80,-7,2016-preseason.png,92.9,no,,Indianapolis Colts 220 73 80 -7
2016,AFC,South,Jacksonville Jaguars,1,3,0,75,82,-7,2016-preseason.png,87.1,no,,Jacksonville Jaguars 130 75 82 -7
2016,AFC,South,Tennessee Titans,3,1,0,91,60,31,2016-preseason.png,93.6,no,,Tennessee Titans 310 91 60 31
2016,AFC,West,Denver Broncos,2,2,0,80,78,2,2016-preseason.png,95.2,no,,Denver Broncos 220 80 78 2
2016,AFC,West,Kansas City Chiefs,2,2,0,76,52,24,2016-preseason.png,95.9,no,,Kansas City Chiefs 220 76 52 24
2016,AFC,West,Oakland Raiders,1,3,0,78,80,-2,2016-preseason.png,92.9,no,,Oakland Raiders 130 78 80 -2
2016,AFC,West,San Diego Chargers,1,3,0,60,84,-24,2016-preseason.png,94.0,no,,San Diego Chargers 130 60 84 -24
2016,NFC,East,Dallas Cowboys,1,3,0,99,97,2,2016-preseason.png,94.0,no,,Dallas Cowboys 13099 97 2
2016,NFC,East,New York Giants,2,2,0,48,77,-29,2016-preseason.png,90.4,no,,New York Giants 220 48 77 -29
2016,NFC,East,Philadelphia Eagles,4,0,0,81,38,43,2016-preseason.png,95.8,no,,Philadelphia Eagles 400 81 38 43
2016,NFC,East,Washington Redskins,3,1,0,80,70,10,2016-preseason.png,90.9,no,,Washington Redskins 3.10 80 70 10
2016,NFC,North,Chicago Bears,1,3,0,50,75,-25,2016-preseason.png,89.1,no,,Chicago Bears 13050 75 -25
2016,NFC,North,Detroit Lions,2,2,0,84,77,7,2016-preseason.png,88.4,no,,Detroit Lions 220 84 77 7
2016,NFC,North,Green Bay Packers,3,1,0,65,50,15,2016-preseason.png,93.5,no,,Green Bay Packers 31065 50 15
2016,NFC,North,Minnesota Vikings,4,0,0,85,62,23,2016-preseason.png,95.4,no,,Minnesota Vikings 400 85 62 23
2016,NFC,South,Atlanta Falcons,3,1,0,70,62,8,2016-preseason.png,94.9,no,,Atlanta Falcons 31070 62 8
2016,NFC,South,Carolina Panthers,2,2,0,80,63,17,2016-preseason.png,94.7,no,,Carolina Panthers 220 80 63 17
2016,NFC,South,New Orleans Saints,0,4,0,59,100,-41,2016-preseason.png,91.7,no,,New Orleans Saints 040 59 100 -41
2016,NFC,South,Tampa Bay Buccaneers,2,2,0,79,71,8,2016-preseason.png,88.5,no,,Tampa Bay Buccaneers 220 79 71 8
2016,NFC,West,Arizona Cardinals,1,3,0,75,101,-26,2016-preseason.png,89.7,no,,Arizona Cardinals 13.0 75 101 -26
2016,NFC,West,Los Angeles Rams,2,2,0,83,88,-5,2016-preseason.png,83.6,no,,Los Angeles Rams 220 83 88 -5S
2016,NFC,West,San Francisco 49ers,2,2,0,85,90,-5,2016-preseason.png,87.3,no,,San Francisco 49ers 220 85 90 -5
2016,NFC,West,Seattle Seahawks,3,1,0,78,72,6,2016-preseason.png,95.0,no,,Seattle Seahawks 31078 72 6
2017,AFC,East,Buffalo Bills,1,3,0,62,67,-5,2017-preseason.png,94.8,no,,Buffalo Bills 13 62 67 -5
2017,AFC,East,Miami Dolphins,2,2,0,91,98,-7,2017-preseason.png,92.7,no,,Miami Dolphins 22 91 98 -7
2017,AFC,East,New England Patriots,1,3,0,115,126,-11,2017-preseason.png,92.0,no,,New England Patriots 1 3 115 126 -11
2017,AFC,East,New York Jets,2,2,0,60,61,-1,2017-preseason.png,95.0,no,,New York Jets 22 60 61 -1
2017,AFC,North,Baltimore Ravens,4,0,0,81,32,49,2017-preseason.png,95.3,no,,Baltimore Ravens 40 81 32 49
2017,AFC,North,Cincinnati Bengals,1,3,0,58,72,-14,2017-preseason.png,92.3,no,,Cincinnati Bengals 13 58 72 -14
2017,AFC,North,Cleveland Browns,4,0,0,68,29,39,2017-preseason.png,96.5,no,,Cleveland Browns 40 68 29 39
2017,AFC,North,Pittsburgh Steelers,3,1,0,69,58,11,2017-preseason.png,94.5,no,,Pittsburgh Steelers 31 69 58 11
2017,AFC,South,Houston Texans,1,2,0,44,63,-19,2017-preseason.png,93.0,no,,Houston Texans 12 44 63 -19
2017,AFC,South,Indianapolis Colts,2,2,0,55,69,-14,2017-preseason.png,92.3,no,,Indianapolis Colts 22 55 69 -14
2017,AFC,South,Jacksonville Jaguars,2,2,0,75,67,8,2017-preseason.png,82.9,no,,Jacksonville Jaguars 22 75 67 8
2017,AFC,South,Tennessee Titans,1,3,0,50,83,-33,2017-preseason.png,93.6,no,,Tennessee Titans 13 50 83 -33
2017,AFC,West,Denver Broncos,4,0,0,107,50,57,2017-preseason.png,94.6,no,,Denver Broncos 40107 50 57
2017,AFC,West,Kansas City Chiefs,2,2,0,90,71,19,2017-preseason.png,94.0,no,,Kansas City Chiefs 22 90 71 19
2017,AFC,West,Los Angeles Chargers,1,3,0,58,103,-45,2017-preseason.png,93.9,no,,Los Angeles Chargers 13 58 103 -45
2017,AFC,West,Oakland Raiders,0,4,0,64,85,-21,2017-preseason.png,94.3,no,,Oakland Raiders 04 64 85 -21
2017,NFC,East,Dallas Cowboys,2,1,0,58,52,6,2017-preseason.png,91.3,no,,Dallas Cowboys 21 58 52 6
2017,NFC,East,New York Giants,2,2,0,90,99,-9,2017-preseason.png,94.6,no,,New York Giants 22 90 99 -9
2017,NFC,East,Philadelphia Eagles,2,2,0,77,87,-10,2017-preseason.png,92.6,no,,Philadelphia Eagles 22 77 87 -10
2017,NFC,East,Washington Redskins,2,2,0,56,71,-15,2017-preseason.png,93.9,no,,Washington Redskins 22 56 71 -15
2017,NFC,North,Chicago Bears,2,2,0,60,79,-19,2017-preseason.png,94.0,no,,Chicago Bears 22 60 79 -19
2017,NFC,North,Detroit Lions,2,2,0,85,73,12,2017-preseason.png,95.2,no,,Detroit Lions 22 85 73 12
2017,NFC,North,Green Bay Packers,3,1,0,86,56,30,2017-preseason.png,92.8,no,,Green Bay Packers 31 86 56 30
2017,NFC,North,Minnesota Vikings,2,2,0,71,91,-20,2017-preseason.png,90.7,no,,Minnesota Vikings 22 71 91 -20
2017,NFC,South,Atlanta Falcons,0,4,0,54,77,-23,2017-preseason.png,95.0,no,,Atlanta Falcons 04 54 77 -23
2017,NFC,South,Carolina Panthers,2,2,0,92,91,1,2017-preseason.png,93.1,no,,Carolina Panthers 22 92 91 1
2017,NFC,South,New Orleans Saints,2,2,0,53,41,12,2017-preseason.png,95.1,no,,New Orleans Saints 22 53 41 #12
2017,NFC,South,Tampa Bay Buccaneers,1,3,0,43,57,-14,2017-preseason.png,94.0,no,,Tampa Bay Buccaneers 13 43 57 -14
2017,NFC,West,Arizona Cardinals,2,2,0,69,78,-9,2017-preseason.png,95.2,no,,Arizona Cardinals 22 69 78 -9
2017,NFC,West,Los Angeles Rams,2,2,0,66,76,-10,2017-preseason.png,94.4,no,,Los Angeles Rams 22 66 76 -10
2017,NFC,West,San Francisco 49ers,2,2,0,95,95,0,2017-preseason.png,93.9,no,,San Francisco 49ers 22 95 95 0
2017,NFC,West,Seattle Seahawks,4,0,0,111,56,55,2017-preseason.png,94.7,no,,Seattle Seahawks 40111 56 55
2018,AFC,East,Buffalo Bills,2,2,0,83,98,-15,2018-preseason.png,93.1,no,,Buffalo Bills 220 83 98 -15
2018,AFC,East,Miami Dolphins,1,3,0,88,87,1,2018-preseason.png,95.0,no,,Miami Dolphins 130 88 87 1
2018,AFC,East,New England Patriots,3,1,0,94,74,20,2018-preseason.png,93.0,no,,New England Patriots 310 94 74 20
2018,AFC,East,New York Jets,1,3,0,55,47,8,2018-preseason.png,94.9,no,,New York Jets 130 55 47 8
2018,AFC,North,Baltimore Ravens,5,0,0,127,72,55,2018-preseason.png,90.4,no,,Baltimore Ravens 500 127 72 55
2018,AFC,North,Cincinnati Bengals,3,1,0,103,80,23,2018-preseason.png,91.8,no,,Cincinnati Bengals 3.10 103 80 23
2018,AFC,North,Cleveland Browns,3,1,0,77,46,31,2018-preseason.png,92.9,no,,Cleveland Browns 310 77 46 31
2018,AFC,North,Pittsburgh Steelers,3,1,0,120,95,25,2018-preseason.png,92.1,no,,Pittsburgh Steelers 3.10120 95 25
2018,AFC,South,Houston Texans,3,1,0,67,50,17,2018-preseason.png,90.6,no,,Houston Texans 3.10 67 50 17
2018,AFC,South,Indianapolis Colts,3,1,0,88,80,8,2018-preseason.png,95.6,no,,Indianapolis Colts 310 88 80 8
2018,AFC,South,Jacksonville Jaguars,3,1,0,76,50,26,2018-preseason.png,95.1,no,,Jacksonville Jaguars 310 76 50 26
2018,AFC,South,Tennessee Titans,0,4,0,40,90,-50,2018-preseason.png,94.7,no,,Tennessee Titans 040 40 90 -50
2018,AFC,West,Denver Broncos,2,2,0,101,93,8,2018-preseason.png,92.6,no,,Denver Broncos 220101 93 8
2018,AFC,West,Kansas City Chiefs,2,2,0,91,79,12,2018-preseason.png,93.1,no,,Kansas City Chiefs 220 91 79 12
2018,AFC,West,Los Angeles Chargers,2,2,0,71,95,-24,2018-preseason.png,90.4,no,,Los Angeles Chargers 220 71 95 -24
2018,AFC,West,Oakland Raiders,3,1,0,74,54,20,2018-preseason.png,91.2,no,,Oakland Raiders 310 74 54 20
2018,NFC,East,Dallas Cowboys,0,4,0,43,86,-43,2018-preseason.png,93.9,no,,Dallas Cowboys 040 43 86 -43
2018,NFC,East,New York Giants,2,2,0,74,70,4,2018-preseason.png,95.4,no,,New York Giants 220 74 70 4
2018,NFC,East,Philadelphia Eagles,1,3,0,44,82,-38,2018-preseason.png,93.1,no,,Philadelphia Eagles 130 44 82 -38
2018,NFC,East,Washington Redskins,1,3,0,69,98,-29,2018-preseason.png,93.7,no,,Washington Redskins 130 69 98 -29
2018,NFC,North,Chicago Bears,2,3,0,121,118,3,2018-preseason.png,93.4,no,,Chicago Bears 230121118 3
2018,NFC,North,Detroit Lions,1,3,0,77,111,-34,2018-preseason.png,88.1,no,,Detroit Lions 13.0 77 111 -34
2018,NFC,North,Green Bay Packers,2,2,0,109,97,12,2018-preseason.png,95.8,no,,Green Bay Packers 220109 97 12
2018,NFC,North,Minnesota Vikings,3,1,0,86,65,21,2018-preseason.png,96.1,no,,Minnesota Vikings 310 86 65 21
2018,NFC,South,Atlanta Falcons,0,4,0,27,96,-69,2018-preseason.png,94.4,no,,Atlanta Falcons 040 27 96 -69
2018,NFC,South,Carolina Panthers,3,1,0,104,96,8,2018-preseason.png,94.3,no,,Carolina Panthers 310104 96 8
2018,NFC,South,New Orleans Saints,3,1,0,103,47,56,2018-preseason.png,91.6,no,,New Orleans Saints 3.10103 47 56
2018,NFC,South,Tampa Bay Buccaneers,2,2,0,96,96,0,2018-preseason.png,88.6,no,,Tampa Bay Buccaneers 220 96 96 O
2018,NFC,West,Arizona Cardinals,3,1,0,81,56,25,2018-preseason.png,94.7,no,,Arizona Cardinals 310 81 56 25
2018,NFC,West,Los Angeles Rams,2,2,0,47,96,-49,2018-preseason.png,94.7,no,,Los Angeles Rams 220 47 96 -49
2018,NFC,West,San Francisco 49ers,1,3,0,75,83,-8,2018-preseason.png,94.6,no,,San Francisco 49ers 130 75 83 -8
2018,NFC,West,Seattle Seahawks,0,4,0,70,94,-24,2018-preseason.png,94.7,no,,Seattle Seahawks 040 70 94 -24
2019,AFC,East,Buffalo Bills,4,0,0,102,73,29,2019-preseason.png,94.4,no,,Buffalo Bills 400102 73 29
2019,AFC,East,Miami Dolphins,3,1,0,86,63,23,2019-preseason.png,94.1,no,,Miami Dolphins 310 86 63 23
2019,AFC,East,New England Patriots,3,1,0,92,54,38,2019-preseason.png,93.5,no,,New England Patriots 310 92 54 38
2019,AFC,East,New York Jets,2,2,0,63,69,-6,2019-preseason.png,94.6,no,,New York Jets 220 63 69 -6
2019,AFC,North,Baltimore Ravens,4,0,0,101,35,66,2019-preseason.png,96.3,no,,Baltimore Ravens 400101 35 66
2019,AFC,North,Cincinnati Bengals,1,3,0,69,89,-20,2019-preseason.png,92.4,no,,Cincinnati Bengals 130 69 89 -20
2019,AFC,North,Cleveland Browns,3,1,0,83,57,26,2019-preseason.png,93.6,no,,Cleveland Browns 310 83 57 26
2019,AFC,North,Pittsburgh Steelers,3,1,0,84,66,18,2019-preseason.png,95.3,no,,Pittsburgh Steelers 310 84 66 18
2019,AFC,South,Houston Texans,1,3,0,66,107,-41,2019-preseason.png,87.6,no,,Houston Texans 13.0 66 107 -41
2019,AFC,South,Indianapolis Colts,1,3,0,64,78,-14,2019-preseason.png,94.2,no,,Indianapolis Colts 130 64 78 -14
2019,AFC,South,Jacksonville Jaguars,0,4,0,29,106,-77,2019-preseason.png,93.3,no,,Jacksonville Jaguars 040 29 106 -77
2019,AFC,South,Tennessee Titans,2,2,0,69,65,4,2019-preseason.png,96.0,no,,Tennessee Titans 220 69 65 4
2019,AFC,West,Denver Broncos,2,3,0,69,73,-4,2019-preseason.png,94.6,no,,Denver Broncos 230 69 73 -4
2019,AFC,West,Kansas City Chiefs,1,3,0,82,88,-6,2019-preseason.png,95.0,no,,Kansas City Chiefs 130 82 88 -6
2019,AFC,West,Los Angeles Chargers,1,3,0,72,83,-11,2019-preseason.png,89.8,no,,Los Angeles Chargers 130 72 83 -11
2019,AFC,West,Oakland Raiders,3,1,0,84,67,17,2019-preseason.png,92.4,no,,Oakland Raiders 310 84 67 17
2019,NFC,East,Dallas Cowboys,2,2,0,72,44,28,2019-preseason.png,96.3,no,,Dallas Cowboys 220 72 44 28
2019,NFC,East,New York Giants,4,0,0,119,87,32,2019-preseason.png,96.4,no,,New York Giants 400119 87 32
2019,NFC,East,Philadelphia Eagles,1,3,0,49,69,-20,2019-preseason.png,93.6,no,,Philadelphia Eagles 130 49 69 -20
2019,NFC,East,Washington Redskins,1,3,0,49,80,-31,2019-preseason.png,91.7,no,,Washington Redskins 130 49 80 -31
2019,NFC,North,Chicago Bears,1,3,0,68,91,-23,2019-preseason.png,93.4,no,,Chicago Bears 130 68 91 -23
2019,NFC,North,Detroit Lions,0,4,0,62,105,-43,2019-preseason.png,94.9,no,,Detroit Lions 040 62 105 -43
2019,NFC,North,Green Bay Packers,2,2,0,89,94,-5,2019-preseason.png,95.3,no,,Green Bay Packers 220 89 94 -5
2019,NFC,North,Minnesota Vikings,3,1,0,102,80,22,2019-preseason.png,90.9,no,,Minnesota Vikings 3.10102 80 22
2019,NFC,South,Atlanta Falcons,1,4,0,85,101,-16,2019-preseason.png,94.7,no,,Atlanta Falcons 140 85 101 -16
2019,NFC,South,Carolina Panthers,2,2,0,65,69,-4,2019-preseason.png,94.4,no,,Carolina Panthers 220 65 69 -4
2019,NFC,South,New Orleans Saints,2,2,0,85,80,5,2019-preseason.png,95.6,no,,New Orleans Saints 220 85 80 5
2019,NFC,South,Tampa Bay Buccaneers,3,1,0,74,71,3,2019-preseason.png,94.3,no,,Tampa Bay Buccaneers 310 74 71 3
2019,NFC,West,Arizona Cardinals,1,3,0,59,86,-27,2019-preseason.png,92.9,no,,Arizona Cardinals 130 59 86 -27
2019,NFC,West,Los Angeles Rams,2,2,0,45,44,1,2019-preseason.png,95.3,no,,Los Angeles Rams 220 45 44 1
2019,NFC,West,San Francisco 49ers,3,1,0,92,68,24,2019-preseason.png,95.9,no,,San Francisco 49ers 310 92 68 24
2019,NFC,West,Seattle Seahawks,3,1,0,81,69,12,2019-preseason.png,95.1,no,,Seattle Seahawks 310 81 69 12
2021,AFC,East,Buffalo Bills,3,0,0,76,30,46,2021-preseason.png,93.9,no,,Buffalo Bills 300 76 30 46
2021,AFC,East,Miami Dolphins,2,1,0,79,63,16,2021-preseason.png,92.3,no,,Miami Dolphins 210 79 63 16
2021,AFC,East,New England Patriots,3,0,0,79,33,46,2021-preseason.png,94.9,no,,New England Patriots 300 79 33 46
2021,AFC,East,New York Jets,2,0,1,66,52,14,2021-preseason.png,94.9,no,,New York Jets 201 66 52 14
2021,AFC,North,Baltimore Ravens,3,0,0,74,20,54,2021-preseason.png,92.6,no,,Baltimore Ravens 300 74 20 54
2021,AFC,North,Cincinnati Bengals,1,2,0,58,60,-2,2021-preseason.png,93.1,no,,Cincinnati Bengals 120 58 60 -2
2021,AFC,North,Cleveland Browns,3,0,0,59,36,23,2021-preseason.png,93.7,no,,Cleveland Browns 300 59 36 23
2021,AFC,North,Pittsburgh Steelers,3,1,0,75,73,2,2021-preseason.png,88.3,no,,Pittsburgh Steelers 31075 73 2
2021,AFC,South,Houston Texans,2,1,0,62,44,18,2021-preseason.png,95.5,no,,Houston Texans 210 62 44 18
2021,AFC,South,Indianapolis Colts,3,0,0,60,45,15,2021-preseason.png,94.6,no,,Indianapolis Colts 300 60 45 15
2021,AFC,South,Jacksonville Jaguars,1,2,0,68,60,8,2021-preseason.png,90.9,no,,Jacksonville Jaguars 120 68 60 8
2021,AFC,South,Tennessee Titans,2,1,0,81,33,48,2021-preseason.png,94.7,no,,Tennessee Titans 210 81 33 48
2021,AFC,West,Denver Broncos,3,0,0,80,21,59,2021-preseason.png,92.5,no,,Denver Broncos 300 80 21 59
2021,AFC,West,Kansas City Chiefs,3,0,0,64,51,13,2021-preseason.png,95.5,no,,Kansas City Chiefs 300 64 51 13
2021,AFC,West,Las Vegas Raiders,2,1,0,47,57,-10,2021-preseason.png,87.0,no,,Las Vegas Raiders 2 10 47 57 -10
2021,AFC,West,Los Angeles Chargers,1,2,0,23,48,-25,2021-preseason.png,88.4,no,,Los Angeles Chargers 12 0 23 48 -25
2021,NFC,East,Dallas Cowboys,0,4,0,47,89,-42,2021-preseason.png,92.1,no,,Dallas Cowboys 040 47 89 -42
2021,NFC,East,New York Giants,0,3,0,40,51,-11,2021-preseason.png,90.0,no,,New York Giants 030 40 51 -11
2021,NFC,East,Philadelphia Eagles,0,2,1,47,90,-43,2021-preseason.png,91.3,no,,Philadelphia Eagles 021 47 90 -43
2021,NFC,East,Washington Football Team,1,2,0,33,72,-39,2021-preseason.png,91.9,no,,Washington Football Team 1 2 0 33 72 -39
2021,NFC,North,Chicago Bears,2,1,0,62,78,-16,2021-preseason.png,92.0,no,,Chicago Bears 210 62 78 -16
2021,NFC,North,Detroit Lions,0,3,0,52,69,-17,2021-preseason.png,90.3,no,,Detroit Lions 030 52 69 -17
2021,NFC,North,Green Bay Packers,0,3,0,21,68,-47,2021-preseason.png,91.5,no,,Green Bay Packers 030 21 68 -47
2021,NFC,North,Minnesota Vikings,0,3,0,41,73,-32,2021-preseason.png,88.9,no,,Minnesota Vikings 03.0 41 73 -32
2021,NFC,South,Atlanta Falcons,0,3,0,30,79,-49,2021-preseason.png,86.8,no,,Atlanta Falcons 03 0 30 79 -49
2021,NFC,South,Carolina Panthers,1,2,0,55,50,5,2021-preseason.png,94.8,no,,Carolina Panthers 12055 50 5
2021,NFC,South,New Orleans Saints,1,1,0,37,38,-1,2021-preseason.png,93.8,no,,New Orleans Saints 110 37 38 -1
2021,NFC,South,Tampa Bay Buccaneers,1,2,0,40,69,-29,2021-preseason.png,88.9,no,,Tampa Bay Buccaneers 12.0 40 69 -29
2021,NFC,West,Arizona Cardinals,1,1,0,29,33,-4,2021-preseason.png,89.2,no,,Arizona Cardinals 110 29 33 -4
2021,NFC,West,Los Angeles Rams,0,3,0,34,47,-13,2021-preseason.png,91.0,no,,Los Angeles Rams 030 34 47 -13
2021,NFC,West,San Francisco 49ers,2,1,0,65,39,26,2021-preseason.png,95.1,no,,San Francisco 49ers 210 65 39 26
2021,NFC,West,Seattle Seahawks,1,2,0,37,50,-13,2021-preseason.png,89.9,no,,Seattle Seahawks 12.0 37 50 -13
2022,AFC,East,Buffalo Bills,2,1,0,69,60,9,2022-preseason.png,95.8,no,,Buffalo Bills 21069 60 9
2022,AFC,East,Miami Dolphins,2,1,0,87,49,38,2022-preseason.png,92.2,no,,Miami Dolphins 210 87 49 38
2022,AFC,East,New England Patriots,1,2,0,47,56,-9,2022-preseason.png,93.2,no,,New England Patriots 120 47 56 -9
2022,AFC,East,New York Jets,3,0,0,79,64,15,2022-preseason.png,94.4,no,,New York Jets 300 79 64 15
2022,AFC,North,Baltimore Ravens,3,0,0,64,42,22,2022-preseason.png,90.1,no,,Baltimore Ravens 3.00 64 42 22
2022,AFC,North,Cincinnati Bengals,1,2,0,61,68,-7,2022-preseason.png,93.4,no,,Cincinnati Bengals 120 61 68 -7
2022,AFC,North,Cleveland Browns,1,2,0,64,55,9,2022-preseason.png,86.2,no,,Cleveland Browns 12064 55 9
2022,AFC,North,Pittsburgh Steelers,3,0,0,67,49,18,2022-preseason.png,93.5,no,,Pittsburgh Steelers 300 67 49 18
2022,AFC,South,Houston Texans,3,0,0,58,33,25,2022-preseason.png,91.7,no,,Houston Texans 300 58 33 25
2022,AFC,South,Indianapolis Colts,1,2,0,77,64,13,2022-preseason.png,91.3,no,,Indianapolis Colts 120 77 64 13
2022,AFC,South,Jacksonville Jaguars,0,4,0,51,95,-44,2022-preseason.png,93.4,no,,Jacksonville Jaguars 040 51 95 -44
2022,AFC,South,Tennessee Titans,2,1,0,49,49,0,2022-preseason.png,88.1,no,,Tennessee Titans 21049 49 O
2022,AFC,West,Denver Broncos,2,1,0,55,62,-7,2022-preseason.png,84.3,no,,Denver Broncos 210 55 62 -7
2022,AFC,West,Kansas City Chiefs,2,1,0,55,43,12,2022-preseason.png,93.4,no,,Kansas City Chiefs 210 55 43 12
2022,AFC,West,Las Vegas Raiders,4,0,0,91,50,41,2022-preseason.png,93.5,no,,Las Vegas Raiders 40091 50 41
2022,AFC,West,Los Angeles Chargers,0,3,0,50,88,-38,2022-preseason.png,89.0,no,,Los Angeles Chargers 0 3 0 50 88 -38
2022,NFC,East,Dallas Cowboys,2,1,0,66,61,5,2022-preseason.png,89.4,no,,Dallas Cowboys 210 66 61 #5
2022,NFC,East,New York Giants,2,1,0,75,74,1,2022-preseason.png,92.3,no,,New York Giants 21075 74 #1
2022,NFC,East,Philadelphia Eagles,1,2,0,52,92,-40,2022-preseason.png,87.6,no,,Philadelphia Eagles 120 52 92 -40
2022,NFC,East,Washington Commanders,0,3,0,50,64,-14,2022-preseason.png,93.6,no,,Washington Commanders 0 3 0 50 64 -14
2022,NFC,North,Chicago Bears,3,0,0,67,45,22,2022-preseason.png,92.2,no,,Chicago Bears 300 67 45 22
2022,NFC,North,Detroit Lions,1,2,0,59,72,-13,2022-preseason.png,87.7,no,,Detroit Lions 12.0 59 72 -13
2022,NFC,North,Green Bay Packers,1,2,0,51,55,-4,2022-preseason.png,93.0,no,,Green Bay Packers 12051 55 -4
2022,NFC,North,Minnesota Vikings,0,3,0,40,66,-26,2022-preseason.png,88.3,no,,Minnesota Vikings 03.0 40 66 -26
2022,NFC,South,Atlanta Falcons,2,1,0,71,59,12,2022-preseason.png,88.0,no,,Atlanta Falcons 210 71 59 12
2022,NFC,South,Carolina Panthers,2,1,0,54,41,13,2022-preseason.png,90.8,no,,Carolina Panthers 210 54 41 13
2022,NFC,South,New Orleans Saints,1,2,0,50,47,3,2022-preseason.png,86.6,no,,New Orleans Saints 120 50 47 3
2022,NFC,South,Tampa Bay Buccaneers,0,3,0,37,66,-29,2022-preseason.png,89.4,no,,Tampa Bay Buccaneers 03.0 37 66 -29
2022,NFC,West,Arizona Cardinals,1,2,0,76,73,3,2022-preseason.png,91.9,no,,Arizona Cardinals 120 76 73 3
2022,NFC,West,Los Angeles Rams,1,2,0,56,62,-6,2022-preseason.png,94.5,no,,Los Angeles Rams 120 56 62 -6
2022,NFC,West,San Francisco 49ers,2,1,0,45,45,0,2022-preseason.png,93.7,no,,San Francisco 49ers 21045 45 O
2022,NFC,West,Seattle Seahawks,0,3,0,62,86,-24,2022-preseason.png,88.6,no,,Seattle Seahawks 03 0 62 86 -24
2023,AFC,East,Buffalo Bills,2,1,0,62,67,-5,2023-preseason.png,84.3,no,,Buffalo Bills 21 62 67 -5
2023,AFC,East,Miami Dolphins,1,2,0,49,53,-4,2023-preseason.png,84.8,no,,Miami Dolphins 12 49 53 -4
2023,AFC,East,New England Patriots,1,2,0,37,60,-23,2023-preseason.png,90.2,no,,New England Patriots 1 2 37 60 -23
2023,AFC,East,New York Jets,2,2,0,81,58,23,2023-preseason.png,94.6,no,,New York Jets 22 81 58 23
2023,AFC,North,Baltimore Ravens,1,2,0,68,74,-6,2023-preseason.png,92.0,no,,Baltimore Ravens 12 68 74 -6
2023,AFC,North,Cincinnati Bengals,0,2,0,51,70,-19,2023-preseason.png,90.1,no,,Cincinnati Bengals 0 2 51 70 -19
2023,AFC,North,Cleveland Browns,1,2,0,86,84,2,2023-preseason.png,94.1,no,,Cleveland Browns 12 86 84 2
2023,AFC,North,Pittsburgh Steelers,3,0,0,78,32,46,2023-preseason.png,90.2,no,,Pittsburgh Steelers 3.0 78 32 46
2023,AFC,South,Houston Texans,2,1,0,40,50,-10,2023-preseason.png,88.6,no,,Houston Texans 2 1 40 50 -10
2023,AFC,South,Indianapolis Colts,2,1,0,70,53,17,2023-preseason.png,88.7,no,,Indianapolis Colts 2170 53 17
2023,AFC,South,Jacksonville Jaguars,3,0,0,84,48,36,2023-preseason.png,90.6,no,,Jacksonville Jaguars 3 0 84 48 36
2023,AFC,South,Tennessee Titans,2,1,0,64,46,18,2023-preseason.png,94.2,no,,Tennessee Titans 21 64 46 18
2023,AFC,West,Denver Broncos,1,2,0,78,39,39,2023-preseason.png,92.5,no,,Denver Broncos 12 78 39 39
2023,AFC,West,Kansas City Chiefs,2,1,0,95,68,27,2023-preseason.png,92.8,no,,Kansas City Chiefs 2195 68 27
2023,AFC,West,Las Vegas Raiders,2,1,0,84,55,29,2023-preseason.png,90.7,no,,Las Vegas Raiders 21 84 55 29
2023,AFC,West,Los Angeles Chargers,2,1,0,74,51,23,2023-preseason.png,93.4,no,,Los Angeles Chargers 2 1 74 51 23
2023,NFC,East,Dallas Cowboys,1,2,0,68,66,2,2023-preseason.png,91.4,no,,Dallas Cowboys 12 68 66 2
2023,NFC,East,New York Giants,1,2,0,61,72,-11,2023-preseason.png,88.7,no,,New York Giants 12 61 72 -11
2023,NFC,East,Philadelphia Eagles,0,2,0,50,65,-15,2023-preseason.png,84.3,no,,Philadelphia Eagles 02.50 65 -15
2023,NFC,East,Washington Commanders,3,0,0,67,62,5,2023-preseason.png,89.1,no,,Washington Commanders 3 0 67 62 5
2023,NFC,North,Chicago Bears,1,2,0,61,65,-4,2023-preseason.png,90.5,no,,Chicago Bears 12 61 65 -4
2023,NFC,North,Detroit Lions,2,1,0,54,58,-4,2023-preseason.png,92.9,no,,Detroit Lions 2154 58 -4
2023,NFC,North,Green Bay Packers,2,1,0,72,55,17,2023-preseason.png,88.3,no,,Green Bay Packers 2172 #55 17
2023,NFC,North,Minnesota Vikings,0,3,0,46,66,-20,2023-preseason.png,94.2,no,,Minnesota Vikings 03 46 66 -20
2023,NFC,South,Atlanta Falcons,1,1,0,32,40,-8,2023-preseason.png,88.4,no,,Atlanta Falcons 11 32 40 -8
2023,NFC,South,Carolina Panthers,0,3,0,36,74,-38,2023-preseason.png,94.5,no,,Carolina Panthers 03 36 74 -38
2023,NFC,South,New Orleans Saints,2,1,0,61,58,3,2023-preseason.png,95.0,no,,New Orleans Saints 2161 58 3
2023,NFC,South,Tampa Bay Buccaneers,2,1,0,56,53,3,2023-preseason.png,93.3,no,,Tampa Bay Buccaneers 2156 53 3
2023,NFC,West,Arizona Cardinals,2,1,0,46,72,-26,2023-preseason.png,88.4,no,,Arizona Cardinals 2146 72 -26
2023,NFC,West,Los Angeles Rams,0,3,0,34,109,-75,2023-preseason.png,93.3,no,,Los Angeles Rams 0 3 34 109 -75
2023,NFC,West,San Francisco 49ers,1,2,0,40,77,-37,2023-preseason.png,87.7,no,,San Francisco 49ers 12 40 77 -37
2023,NFC,West,Seattle Seahawks,2,1,0,61,46,15,2023-preseason.png,92.1,no,,Seattle Seahawks 2161 46 15
2024,AFC,East,Buffalo Bills,1,2,0,41,67,-26,2024-preseason.png,92.7,no,,Buffalo Bills 12 41 67 -26
2024,AFC,East,Miami Dolphins,2,1,0,47,43,4,2024-preseason.png,83.2,no,,Miami Dolphins 2147 43 «4
2024,AFC,East,New England Patriots,1,2,0,40,37,3,2024-preseason.png,90.5,no,,New England Patriots 12 40 37 3
2024,AFC,East,New York Jets,3,0,0,45,35,10,2024-preseason.png,93.2,no,,New York Jets 30 45 35 10
2024,AFC,North,Baltimore Ravens,1,2,0,33,58,-25,2024-preseason.png,86.6,no,,Baltimore Ravens 1 2 33 58 -25
2024,AFC,North,Cincinnati Bengals,0,3,0,31,71,-40,2024-preseason.png,92.2,no,,Cincinnati Bengals 03 31 71 -40
2024,AFC,North,Cleveland Browns,0,3,0,55,87,-32,2024-preseason.png,92.4,no,,Cleveland Browns 03 55 87 -32
2024,AFC,North,Pittsburgh Steelers,0,3,0,32,53,-21,2024-preseason.png,89.1,no,,Pittsburgh Steelers 0 3 32 53 -21
2024,AFC,South,Houston Texans,3,1,0,82,58,24,2024-preseason.png,90.0,no,,Houston Texans 3.1 82 58 24
2024,AFC,South,Indianapolis Colts,2,1,0,78,61,17,2024-preseason.png,88.1,no,,Indianapolis Colts 21°78 61 17
2024,AFC,South,Jacksonville Jaguars,3,0,0,77,20,57,2024-preseason.png,89.8,no,,Jacksonville Jaguars 30 77 20 57
2024,AFC,South,Tennessee Titans,3,0,0,63,55,8,2024-preseason.png,93.0,no,,Tennessee Titans 3063 55 8
2024,AFC,West,Denver Broncos,3,0,0,99,44,55,2024-preseason.png,88.8,no,,Denver Broncos 3.0 99 44 55
2024,AFC,West,Kansas City Chiefs,0,3,0,57,84,-27,2024-preseason.png,91.9,no,,Kansas City Chiefs 0 3 57 84 -27
2024,AFC,West,Las Vegas Raiders,0,2,0,59,75,-16,2024-preseason.png,91.9,no,,Las Vegas Raiders 02 59 75 -16
2024,AFC,West,Los Angeles Chargers,1,2,0,38,48,-10,2024-preseason.png,94.8,no,,Los Angeles Chargers 1 2 38 48 -10
2024,NFC,East,Dallas Cowboys,1,2,0,58,51,7,2024-preseason.png,94.3,no,,Dallas Cowboys 12 58 51 7
2024,NFC,East,New York Giants,1,2,0,30,41,-11,2024-preseason.png,92.7,no,,New York Giants 12 30 41 -11
2024,NFC,East,Philadelphia Eagles,2,1,0,33,52,-19,2024-preseason.png,91.3,no,,Philadelphia Eagles 21 33 52 -19
2024,NFC,East,Washington Commanders,1,2,0,43,43,0,2024-preseason.png,90.2,no,,Washington Commanders 12 43 43 O
2024,NFC,North,Chicago Bears,4,0,0,115,47,68,2024-preseason.png,93.1,no,,Chicago Bears 40115 47 68
2024,NFC,North,Detroit Lions,2,1,0,51,54,-3,2024-preseason.png,86.5,no,,Detroit Lions 21 51 54 -3
2024,NFC,North,Green Bay Packers,2,1,0,55,44,11,2024-preseason.png,89.9,no,,Green Bay Packers 21 #55 44 11
2024,NFC,North,Minnesota Vikings,3,0,0,77,38,39,2024-preseason.png,94.1,no,,Minnesota Vikings 30 77 38 39
2024,NFC,South,Atlanta Falcons,0,3,0,25,64,-39,2024-preseason.png,95.0,no,,Atlanta Falcons 03 25 64 -39
2024,NFC,South,Carolina Panthers,1,2,0,46,58,-12,2024-preseason.png,94.1,no,,Carolina Panthers 12 46 58 -12
2024,NFC,South,New Orleans Saints,1,2,0,53,60,-7,2024-preseason.png,94.9,no,,New Orleans Saints 12 53 60 -7
2024,NFC,South,Tampa Bay Buccaneers,2,1,0,48,48,0,2024-preseason.png,80.0,no,,Tampa Bay Buccaneers 21 48 48 +#O
2024,NFC,West,Arizona Cardinals,0,3,0,39,75,-36,2024-preseason.png,94.0,no,,Arizona Cardinals 03 39 75 -36
2024,NFC,West,Los Angeles Rams,2,1,0,41,38,3,2024-preseason.png,80.4,no,,Los Angeles Rams 21 41 38 «#3
2024,NFC,West,San Francisco 49ers,1,1,0,53,51,2,2024-preseason.png,90.9,no,,San Francisco 49ers 11 53 51 2
2024,NFC,West,Seattle Seahawks,2,1,0,68,52,16,2024-preseason.png,92.6,no,,Seattle Seahawks 21 68 52 16
2025,AFC,East,Buffalo Bills,1,2,0,48,91,-43,2025-preseason.png,94.0,no,,Buffalo Bills+ 120 48 91 -43
2025,AFC,East,Miami Dolphins,2,0,1,62,47,15,2025-preseason.png,95.8,no,,Miami Dolphins 201 62 47 15
2025,AFC,East,New England Patriots,2,1,0,78,72,6,2025-preseason.png,87.8,no,,New England Patriotst 210 78 72 6
2025,AFC,East,New York Jets,1,2,0,59,60,-1,2025-preseason.png,94.7,no,,New York Jets 120 59 60 -1
2025,AFC,North,Baltimore Ravens,3,0,0,85,32,53,2025-preseason.png,95.7,no,,Baltimore Ravens 300 85 32 53
2025,AFC,North,Cincinnati Bengals,1,2,0,72,92,-20,2025-preseason.png,93.5,no,,Cincinnati Bengals 120 72 92 -20
2025,AFC,North,Cleveland Browns,3,0,0,71,40,31,2025-preseason.png,95.4,no,,Cleveland Browns 300 71 40 31
2025,AFC,North,Pittsburgh Steelers,2,1,0,64,52,12,2025-preseason.png,94.6,no,,Pittsburgh Steelers+ 210 64 52 12
2025,AFC,South,Houston Texans,2,1,0,56,30,26,2025-preseason.png,94.6,no,,Houston Texans+ 210 56 30 26
2025,AFC,South,Indianapolis Colts,1,2,0,76,61,15,2025-preseason.png,95.9,no,,Indianapolis Colts 120 76 61 15
2025,AFC,South,Jacksonville Jaguars,0,2,1,48,62,-14,2025-preseason.png,79.6,no,,Jacksonville Jaguarst O21 48 62 -14
2025,AFC,South,Tennessee Titans,2,1,0,53,62,-9,2025-preseason.png,94.7,no,,Tennessee Titans 210 53 62 -9
2025,AFC,West,Denver Broncos,3,0,0,85,35,50,2025-preseason.png,94.6,no,,Denver Broncos+ 300 85 35 50
2025,AFC,West,Kansas City Chiefs,0,3,0,60,82,-22,2025-preseason.png,93.6,no,,Kansas City Chiefs 030 60 82 -22
2025,AFC,West,Las Vegas Raiders,0,2,1,52,65,-13,2025-preseason.png,93.3,no,,Las Vegas Raiders 021 52 65 -13
2025,AFC,West,Los Angeles Chargers,2,2,0,106,73,33,2025-preseason.png,88.6,no,,Los Angeles Chargers+t 2 2 0 106 73 33
2025,NFC,East,Dallas Cowboys,1,2,0,65,75,-10,2025-preseason.png,93.9,no,,Dallas Cowboys 120 65 75 -10
2025,NFC,East,New York Giants,3,0,0,107,47,60,2025-preseason.png,90.8,no,,New York Giants 3.00107 47 60
2025,NFC,East,Philadelphia Eagles,2,1,0,66,66,0,2025-preseason.png,92.9,no,,Philadelphia Eagles+ 210 66 66 O
2025,NFC,East,Washington Commanders,0,3,0,38,109,-71,2025-preseason.png,87.6,no,,Washington Commanders 03 0 38 109 -71
2025,NFC,North,Chicago Bears,2,0,1,91,51,40,2025-preseason.png,94.8,no,,Chicago Bears+ 201 91 51 40
2025,NFC,North,Detroit Lions,1,3,0,48,94,-46,2025-preseason.png,93.3,no,,Detroit Lions 130 48 94 -46
2025,NFC,North,Green Bay Packers,2,1,0,53,56,-3,2025-preseason.png,92.5,no,,Green Bay Packers+ 210 53 56 -3
2025,NFC,North,Minnesota Vikings,1,2,0,45,53,-8,2025-preseason.png,94.5,no,,Minnesota Vikings 120 45 53 -8
2025,NFC,South,Atlanta Falcons,0,3,0,43,71,-28,2025-preseason.png,94.2,no,,Atlanta Falcons 030 43 71 -28
2025,NFC,South,Carolina Panthers,0,3,0,23,69,-46,2025-preseason.png,93.5,no,,Carolina Panthers+ 030 23 69 -46
2025,NFC,South,New Orleans Saints,0,2,1,49,72,-23,2025-preseason.png,93.2,no,,New Orleans Saints 021 49 72 -23
2025,NFC,South,Tampa Bay Buccaneers,2,1,0,65,44,21,2025-preseason.png,95.9,no,,Tampa Bay Buccaneers 210 65 44 21
2025,NFC,West,Arizona Cardinals,2,1,0,47,54,-7,2025-preseason.png,93.5,no,,Arizona Cardinals 210 47 54 -7
2025,NFC,West,Los Angeles Rams,2,1,0,71,62,9,2025-preseason.png,91.5,no,,Los Angeles Rams+ 210 71 62 9
2025,NFC,West,San Francisco 49ers,2,1,0,61,72,-11,2025-preseason.png,93.4,no,,San Francisco 49ers+ 210 61 72 -11
2025,NFC,West,Seattle Seahawks,1,1,1,63,59,4,2025-preseason.png,94.1,no,,Seattle Seahawks+ 111 63 59 4
