game_id,season,week,date,game_type,neutral_site,home_team,away_team,home_score,away_score,home_result,winner,point_margin,total_points,source
1995_1995-09-03_BUF_DEN,1995,NA,1995-09-03,Regular Season,FALSE,DEN,BUF,22,7,W,DEN,15,29,FiveThirtyEight
1995_1995-09-03_CIN_IND,1995,NA,1995-09-03,Regular Season,FALSE,IND,CIN,21,24,L,CIN,3,45,FiveThirtyEight
1995_1995-09-03_CAR_ATL,1995,NA,1995-09-03,Regular Season,FALSE,ATL,CAR,23,20,W,ATL,3,43,FiveThirtyEight
1995_1995-09-03_DET_PIT,1995,NA,1995-09-03,Regular Season,FALSE,PIT,DET,23,20,W,PIT,3,43,FiveThirtyEight
1995_1995-09-03_TB_PHI,1995,NA,1995-09-03,Regular Season,FALSE,PHI,TB,6,21,L,TB,15,27,FiveThirtyEight
1995_1995-09-03_CLE_NE,1995,NA,1995-09-03,Regular Season,FALSE,NE,CLE,17,14,W,NE,3,31,FiveThirtyEight
1995_1995-09-03_SF_NO,1995,NA,1995-09-03,Regular Season,FALSE,NO,SF,22,24,L,SF,2,46,FiveThirtyEight
1995_1995-09-03_LAC_LV,1995,NA,1995-09-03,Regular Season,FALSE,LV,LAC,17,7,W,LV,10,24,FiveThirtyEight
1995_1995-09-03_KC_SEA,1995,NA,1995-09-03,Regular Season,FALSE,SEA,KC,10,34,L,KC,24,44,FiveThirtyEight
1995_1995-09-03_MIN_CHI,1995,NA,1995-09-03,Regular Season,FALSE,CHI,MIN,31,14,W,CHI,17,45,FiveThirtyEight
1995_1995-09-03_ARI_WAS,1995,NA,1995-09-03,Regular Season,FALSE,WAS,ARI,27,7,W,WAS,20,34,FiveThirtyEight
1995_1995-09-03_TEN_JAX,1995,NA,1995-09-03,Regular Season,FALSE,JAX,TEN,3,10,L,TEN,7,13,FiveThirtyEight
1995_1995-09-03_LA_GB,1995,NA,1995-09-03,Regular Season,FALSE,GB,LA,14,17,L,LA,3,31,FiveThirtyEight
1995_1995-09-03_NYJ_MIA,1995,NA,1995-09-03,Regular Season,FALSE,MIA,NYJ,52,14,W,MIA,38,66,FiveThirtyEight
1995_1995-09-04_DAL_NYG,1995,NA,1995-09-04,Regular Season,FALSE,NYG,DAL,0,35,L,DAL,35,35,FiveThirtyEight
1995_1995-09-10_DEN_DAL,1995,NA,1995-09-10,Regular Season,FALSE,DAL,DEN,31,21,W,DAL,10,52,FiveThirtyEight
1995_1995-09-10_CAR_BUF,1995,NA,1995-09-10,Regular Season,FALSE,BUF,CAR,31,9,W,BUF,22,40,FiveThirtyEight
1995_1995-09-10_JAX_CIN,1995,NA,1995-09-10,Regular Season,FALSE,CIN,JAX,24,17,W,CIN,7,41,FiveThirtyEight
1995_1995-09-10_TB_CLE,1995,NA,1995-09-10,Regular Season,FALSE,CLE,TB,22,6,W,CLE,16,28,FiveThirtyEight
1995_1995-09-10_PHI_ARI,1995,NA,1995-09-10,Regular Season,FALSE,ARI,PHI,19,31,L,PHI,12,50,FiveThirtyEight
1995_1995-09-10_SEA_LAC,1995,NA,1995-09-10,Regular Season,FALSE,LAC,SEA,14,10,W,LAC,4,24,FiveThirtyEight
1995_1995-09-10_NO_LA,1995,NA,1995-09-10,Regular Season,FALSE,LA,NO,17,13,W,LA,4,30,FiveThirtyEight
1995_1995-09-10_DET_MIN,1995,NA,1995-09-10,Regular Season,FALSE,MIN,DET,20,10,W,MIN,10,30,FiveThirtyEight
1995_1995-09-10_MIA_NE,1995,NA,1995-09-10,Regular Season,FALSE,NE,MIA,3,20,L,MIA,17,23,FiveThirtyEight
1995_1995-09-10_IND_NYJ,1995,NA,1995-09-10,Regular Season,FALSE,NYJ,IND,24,27,L,IND,3,51,FiveThirtyEight
1995_1995-09-10_PIT_TEN,1995,NA,1995-09-10,Regular Season,FALSE,TEN,PIT,17,34,L,PIT,17,51,FiveThirtyEight
1995_1995-09-10_ATL_SF,1995,NA,1995-09-10,Regular Season,FALSE,SF,ATL,41,10,W,SF,31,51,FiveThirtyEight
1995_1995-09-10_LV_WAS,1995,NA,1995-09-10,Regular Season,FALSE,WAS,LV,8,20,L,LV,12,28,FiveThirtyEight
1995_1995-09-10_NYG_KC,1995,NA,1995-09-10,Regular Season,FALSE,KC,NYG,20,17,W,KC,3,37,FiveThirtyEight
1995_1995-09-11_GB_CHI,1995,NA,1995-09-11,Regular Season,FALSE,CHI,GB,24,27,L,GB,3,51,FiveThirtyEight
1995_1995-09-17_CHI_TB,1995,NA,1995-09-17,Regular Season,FALSE,TB,CHI,6,25,L,CHI,19,31,FiveThirtyEight
1995_1995-09-17_JAX_NYJ,1995,NA,1995-09-17,Regular Season,FALSE,NYJ,JAX,27,10,W,NYJ,17,37,FiveThirtyEight
1995_1995-09-17_CLE_TEN,1995,NA,1995-09-17,Regular Season,FALSE,TEN,CLE,7,14,L,CLE,7,21,FiveThirtyEight
1995_1995-09-17_CIN_SEA,1995,NA,1995-09-17,Regular Season,FALSE,SEA,CIN,24,21,W,SEA,3,45,FiveThirtyEight
1995_1995-09-17_NE_SF,1995,NA,1995-09-17,Regular Season,FALSE,SF,NE,28,3,W,SF,25,31,FiveThirtyEight
1995_1995-09-17_LAC_PHI,1995,NA,1995-09-17,Regular Season,FALSE,PHI,LAC,21,27,L,LAC,6,48,FiveThirtyEight
1995_1995-09-17_LA_CAR,1995,NA,1995-09-17,Regular Season,FALSE,CAR,LA,10,31,L,LA,21,41,FiveThirtyEight
1995_1995-09-17_IND_BUF,1995,NA,1995-09-17,Regular Season,FALSE,BUF,IND,20,14,W,BUF,6,34,FiveThirtyEight
1995_1995-09-17_WAS_DEN,1995,NA,1995-09-17,Regular Season,FALSE,DEN,WAS,38,31,W,DEN,7,69,FiveThirtyEight
1995_1995-09-17_ARI_DET,1995,NA,1995-09-17,Regular Season,FALSE,DET,ARI,17,20,L,ARI,3,37,FiveThirtyEight
1995_1995-09-17_NYG_GB,1995,NA,1995-09-17,Regular Season,FALSE,GB,NYG,14,6,W,GB,8,20,FiveThirtyEight
1995_1995-09-17_LV_KC,1995,NA,1995-09-17,Regular Season,FALSE,KC,LV,23,17,W,KC,6,40,FiveThirtyEight
1995_1995-09-17_DAL_MIN,1995,NA,1995-09-17,Regular Season,FALSE,MIN,DAL,17,23,L,DAL,6,40,FiveThirtyEight
1995_1995-09-17_ATL_NO,1995,NA,1995-09-17,Regular Season,FALSE,NO,ATL,24,27,L,ATL,3,51,FiveThirtyEight
1995_1995-09-18_PIT_MIA,1995,NA,1995-09-18,Regular Season,FALSE,MIA,PIT,23,10,W,MIA,13,33,FiveThirtyEight
1995_1995-09-24_MIN_PIT,1995,NA,1995-09-24,Regular Season,FALSE,PIT,MIN,24,44,L,MIN,20,68,FiveThirtyEight
1995_1995-09-24_NO_NYG,1995,NA,1995-09-24,Regular Season,FALSE,NYG,NO,45,29,W,NYG,16,74,FiveThirtyEight
1995_1995-09-24_GB_JAX,1995,NA,1995-09-24,Regular Season,FALSE,JAX,GB,14,24,L,GB,10,38,FiveThirtyEight
1995_1995-09-24_WAS_TB,1995,NA,1995-09-24,Regular Season,FALSE,TB,WAS,14,6,W,TB,8,20,FiveThirtyEight
1995_1995-09-24_NYJ_ATL,1995,NA,1995-09-24,Regular Season,FALSE,ATL,NYJ,13,3,W,ATL,10,16,FiveThirtyEight
1995_1995-09-24_PHI_LV,1995,NA,1995-09-24,Regular Season,FALSE,LV,PHI,48,17,W,LV,31,65,FiveThirtyEight
1995_1995-09-24_CHI_LA,1995,NA,1995-09-24,Regular Season,FALSE,LA,CHI,34,28,W,LA,6,62,FiveThirtyEight
1995_1995-09-24_TEN_CIN,1995,NA,1995-09-24,Regular Season,FALSE,CIN,TEN,28,38,L,TEN,10,66,FiveThirtyEight
1995_1995-09-24_KC_CLE,1995,NA,1995-09-24,Regular Season,FALSE,CLE,KC,35,17,W,CLE,18,52,FiveThirtyEight
1995_1995-09-24_ARI_DAL,1995,NA,1995-09-24,Regular Season,FALSE,DAL,ARI,34,20,W,DAL,14,54,FiveThirtyEight
1995_1995-09-24_DEN_LAC,1995,NA,1995-09-24,Regular Season,FALSE,LAC,DEN,17,6,W,LAC,11,23,FiveThirtyEight
1995_1995-09-25_SF_DET,1995,NA,1995-09-25,Regular Season,FALSE,DET,SF,27,24,W,DET,3,51,FiveThirtyEight
1995_1995-10-01_NYG_SF,1995,NA,1995-10-01,Regular Season,FALSE,SF,NYG,20,6,W,SF,14,26,FiveThirtyEight
1995_1995-10-01_LAC_PIT,1995,NA,1995-10-01,Regular Season,FALSE,PIT,LAC,31,16,W,PIT,15,47,FiveThirtyEight
1995_1995-10-01_LA_IND,1995,NA,1995-10-01,Regular Season,FALSE,IND,LA,21,18,W,IND,3,39,FiveThirtyEight
1995_1995-10-01_NE_ATL,1995,NA,1995-10-01,Regular Season,FALSE,ATL,NE,30,17,W,ATL,13,47,FiveThirtyEight
1995_1995-10-01_TB_CAR,1995,NA,1995-10-01,Regular Season,FALSE,CAR,TB,13,20,L,TB,7,33,FiveThirtyEight
1995_1995-10-01_DAL_WAS,1995,NA,1995-10-01,Regular Season,FALSE,WAS,DAL,27,23,W,WAS,4,50,FiveThirtyEight
1995_1995-10-01_MIA_CIN,1995,NA,1995-10-01,Regular Season,FALSE,CIN,MIA,23,26,L,MIA,3,49,FiveThirtyEight
1995_1995-10-01_KC_ARI,1995,NA,1995-10-01,Regular Season,FALSE,ARI,KC,3,24,L,KC,21,27,FiveThirtyEight
1995_1995-10-01_PHI_NO,1995,NA,1995-10-01,Regular Season,FALSE,NO,PHI,10,15,L,PHI,5,25,FiveThirtyEight
1995_1995-10-01_LV_NYJ,1995,NA,1995-10-01,Regular Season,FALSE,NYJ,LV,10,47,L,LV,37,57,FiveThirtyEight
1995_1995-10-01_JAX_TEN,1995,NA,1995-10-01,Regular Season,FALSE,TEN,JAX,16,17,L,JAX,1,33,FiveThirtyEight
1995_1995-10-01_DEN_SEA,1995,NA,1995-10-01,Regular Season,FALSE,SEA,DEN,27,10,W,SEA,17,37,FiveThirtyEight
1995_1995-10-02_BUF_CLE,1995,NA,1995-10-02,Regular Season,FALSE,CLE,BUF,19,22,L,BUF,3,41,FiveThirtyEight
1995_1995-10-08_WAS_PHI,1995,NA,1995-10-08,Regular Season,FALSE,PHI,WAS,37,34,W,PHI,3,71,FiveThirtyEight
1995_1995-10-08_CAR_CHI,1995,NA,1995-10-08,Regular Season,FALSE,CHI,CAR,31,27,W,CHI,4,58,FiveThirtyEight
1995_1995-10-08_GB_DAL,1995,NA,1995-10-08,Regular Season,FALSE,DAL,GB,34,24,W,DAL,10,58,FiveThirtyEight
1995_1995-10-08_CLE_DET,1995,NA,1995-10-08,Regular Season,FALSE,DET,CLE,38,20,W,DET,18,58,FiveThirtyEight
1995_1995-10-08_PIT_JAX,1995,NA,1995-10-08,Regular Season,FALSE,JAX,PIT,20,16,W,JAX,4,36,FiveThirtyEight
1995_1995-10-08_IND_MIA,1995,NA,1995-10-08,Regular Season,FALSE,MIA,IND,24,27,L,IND,3,51,FiveThirtyEight
1995_1995-10-08_TEN_MIN,1995,NA,1995-10-08,Regular Season,FALSE,MIN,TEN,23,17,W,MIN,6,40,FiveThirtyEight
1995_1995-10-08_DEN_NE,1995,NA,1995-10-08,Regular Season,FALSE,NE,DEN,3,37,L,DEN,34,40,FiveThirtyEight
1995_1995-10-08_ARI_NYG,1995,NA,1995-10-08,Regular Season,FALSE,NYG,ARI,27,21,W,NYG,6,48,FiveThirtyEight
1995_1995-10-08_SEA_LV,1995,NA,1995-10-08,Regular Season,FALSE,LV,SEA,34,14,W,LV,20,48,FiveThirtyEight
1995_1995-10-08_CIN_TB,1995,NA,1995-10-08,Regular Season,FALSE,TB,CIN,19,16,W,TB,3,35,FiveThirtyEight
1995_1995-10-08_NYJ_BUF,1995,NA,1995-10-08,Regular Season,FALSE,BUF,NYJ,29,10,W,BUF,19,39,FiveThirtyEight
1995_1995-10-09_LAC_KC,1995,NA,1995-10-09,Regular Season,FALSE,KC,LAC,29,23,W,KC,6,52,FiveThirtyEight
1995_1995-10-12_ATL_LA,1995,NA,1995-10-12,Regular Season,FALSE,LA,ATL,21,19,W,LA,2,40,FiveThirtyEight
1995_1995-10-15_DET_GB,1995,NA,1995-10-15,Regular Season,FALSE,GB,DET,30,21,W,GB,9,51,FiveThirtyEight
1995_1995-10-15_WAS_ARI,1995,NA,1995-10-15,Regular Season,FALSE,ARI,WAS,24,20,W,ARI,4,44,FiveThirtyEight
1995_1995-10-15_SF_IND,1995,NA,1995-10-15,Regular Season,FALSE,IND,SF,18,17,W,IND,1,35,FiveThirtyEight
1995_1995-10-15_PHI_NYG,1995,NA,1995-10-15,Regular Season,FALSE,NYG,PHI,14,17,L,PHI,3,31,FiveThirtyEight
1995_1995-10-15_MIN_TB,1995,NA,1995-10-15,Regular Season,FALSE,TB,MIN,20,17,W,TB,3,37,FiveThirtyEight
1995_1995-10-15_DAL_LAC,1995,NA,1995-10-15,Regular Season,FALSE,LAC,DAL,9,23,L,DAL,14,32,FiveThirtyEight
1995_1995-10-15_MIA_NO,1995,NA,1995-10-15,Regular Season,FALSE,NO,MIA,33,30,W,NO,3,63,FiveThirtyEight
1995_1995-10-15_CHI_JAX,1995,NA,1995-10-15,Regular Season,FALSE,JAX,CHI,27,30,L,CHI,3,57,FiveThirtyEight
1995_1995-10-15_NYJ_CAR,1995,NA,1995-10-15,Regular Season,FALSE,CAR,NYJ,26,15,W,CAR,11,41,FiveThirtyEight
1995_1995-10-15_NE_KC,1995,NA,1995-10-15,Regular Season,FALSE,KC,NE,31,26,W,KC,5,57,FiveThirtyEight
1995_1995-10-15_SEA_BUF,1995,NA,1995-10-15,Regular Season,FALSE,BUF,SEA,27,21,W,BUF,6,48,FiveThirtyEight
1995_1995-10-16_LV_DEN,1995,NA,1995-10-16,Regular Season,FALSE,DEN,LV,27,0,W,DEN,27,27,FiveThirtyEight
1995_1995-10-19_CIN_PIT,1995,NA,1995-10-19,Regular Season,FALSE,PIT,CIN,9,27,L,CIN,18,36,FiveThirtyEight
1995_1995-10-22_TEN_CHI,1995,NA,1995-10-22,Regular Season,FALSE,CHI,TEN,35,32,W,CHI,3,67,FiveThirtyEight
1995_1995-10-22_NO_CAR,1995,NA,1995-10-22,Regular Season,FALSE,CAR,NO,20,3,W,CAR,17,23,FiveThirtyEight
1995_1995-10-22_JAX_CLE,1995,NA,1995-10-22,Regular Season,FALSE,CLE,JAX,15,23,L,JAX,8,38,FiveThirtyEight
1995_1995-10-22_KC_DEN,1995,NA,1995-10-22,Regular Season,FALSE,DEN,KC,7,21,L,KC,14,28,FiveThirtyEight
1995_1995-10-22_MIN_GB,1995,NA,1995-10-22,Regular Season,FALSE,GB,MIN,38,21,W,GB,17,59,FiveThirtyEight
1995_1995-10-22_MIA_NYJ,1995,NA,1995-10-22,Regular Season,FALSE,NYJ,MIA,17,16,W,NYJ,1,33,FiveThirtyEight
1995_1995-10-22_IND_LV,1995,NA,1995-10-22,Regular Season,FALSE,LV,IND,30,17,W,LV,13,47,FiveThirtyEight
1995_1995-10-22_DET_WAS,1995,NA,1995-10-22,Regular Season,FALSE,WAS,DET,36,30,W,WAS,6,66,FiveThirtyEight
1995_1995-10-22_LAC_SEA,1995,NA,1995-10-22,Regular Season,FALSE,SEA,LAC,25,35,L,LAC,10,60,FiveThirtyEight
1995_1995-10-22_SF_LA,1995,NA,1995-10-22,Regular Season,FALSE,LA,SF,10,44,L,SF,34,54,FiveThirtyEight
1995_1995-10-22_ATL_TB,1995,NA,1995-10-22,Regular Season,FALSE,TB,ATL,21,24,L,ATL,3,45,FiveThirtyEight
1995_1995-10-23_BUF_NE,1995,NA,1995-10-23,Regular Season,FALSE,NE,BUF,27,14,W,NE,13,41,FiveThirtyEight
1995_1995-10-29_CAR_NE,1995,NA,1995-10-29,Regular Season,FALSE,NE,CAR,17,20,L,CAR,3,37,FiveThirtyEight
1995_1995-10-29_LA_PHI,1995,NA,1995-10-29,Regular Season,FALSE,PHI,LA,20,9,W,PHI,11,29,FiveThirtyEight
1995_1995-10-29_NYG_WAS,1995,NA,1995-10-29,Regular Season,FALSE,WAS,NYG,15,24,L,NYG,9,39,FiveThirtyEight
1995_1995-10-29_JAX_PIT,1995,NA,1995-10-29,Regular Season,FALSE,PIT,JAX,24,7,W,PIT,17,31,FiveThirtyEight
1995_1995-10-29_NO_SF,1995,NA,1995-10-29,Regular Season,FALSE,SF,NO,7,11,L,NO,4,18,FiveThirtyEight
1995_1995-10-29_BUF_MIA,1995,NA,1995-10-29,Regular Season,FALSE,MIA,BUF,23,6,W,MIA,17,29,FiveThirtyEight
1995_1995-10-29_TB_TEN,1995,NA,1995-10-29,Regular Season,FALSE,TEN,TB,19,7,W,TEN,12,26,FiveThirtyEight
1995_1995-10-29_GB_DET,1995,NA,1995-10-29,Regular Season,FALSE,DET,GB,24,16,W,DET,8,40,FiveThirtyEight
1995_1995-10-29_SEA_ARI,1995,NA,1995-10-29,Regular Season,FALSE,ARI,SEA,20,14,W,ARI,6,34,FiveThirtyEight
1995_1995-10-29_NYJ_IND,1995,NA,1995-10-29,Regular Season,FALSE,IND,NYJ,17,10,W,IND,7,27,FiveThirtyEight
1995_1995-10-29_CLE_CIN,1995,NA,1995-10-29,Regular Season,FALSE,CIN,CLE,26,29,L,CLE,3,55,FiveThirtyEight
1995_1995-10-29_DAL_ATL,1995,NA,1995-10-29,Regular Season,FALSE,ATL,DAL,13,28,L,DAL,15,41,FiveThirtyEight
1995_1995-10-30_CHI_MIN,1995,NA,1995-10-30,Regular Season,FALSE,MIN,CHI,6,14,L,CHI,8,20,FiveThirtyEight
1995_1995-11-05_WAS_KC,1995,NA,1995-11-05,Regular Season,FALSE,KC,WAS,24,3,W,KC,21,27,FiveThirtyEight
1995_1995-11-05_LA_NO,1995,NA,1995-11-05,Regular Season,FALSE,NO,LA,19,10,W,NO,9,29,FiveThirtyEight
1995_1995-11-05_DET_ATL,1995,NA,1995-11-05,Regular Season,FALSE,ATL,DET,34,22,W,ATL,12,56,FiveThirtyEight
1995_1995-11-05_PIT_CHI,1995,NA,1995-11-05,Regular Season,FALSE,CHI,PIT,34,37,L,PIT,3,71,FiveThirtyEight
1995_1995-11-05_LV_CIN,1995,NA,1995-11-05,Regular Season,FALSE,CIN,LV,17,20,L,LV,3,37,FiveThirtyEight
1995_1995-11-05_TEN_CLE,1995,NA,1995-11-05,Regular Season,FALSE,CLE,TEN,10,37,L,TEN,27,47,FiveThirtyEight
1995_1995-11-05_MIA_LAC,1995,NA,1995-11-05,Regular Season,FALSE,LAC,MIA,14,24,L,MIA,10,38,FiveThirtyEight
1995_1995-11-05_BUF_IND,1995,NA,1995-11-05,Regular Season,FALSE,IND,BUF,10,16,L,BUF,6,26,FiveThirtyEight
1995_1995-11-05_ARI_DEN,1995,NA,1995-11-05,Regular Season,FALSE,DEN,ARI,38,6,W,DEN,32,44,FiveThirtyEight
1995_1995-11-05_GB_MIN,1995,NA,1995-11-05,Regular Season,FALSE,MIN,GB,27,24,W,MIN,3,51,FiveThirtyEight
1995_1995-11-05_NE_NYJ,1995,NA,1995-11-05,Regular Season,FALSE,NYJ,NE,7,20,L,NE,13,27,FiveThirtyEight
1995_1995-11-05_NYG_SEA,1995,NA,1995-11-05,Regular Season,FALSE,SEA,NYG,30,28,W,SEA,2,58,FiveThirtyEight
1995_1995-11-05_CAR_SF,1995,NA,1995-11-05,Regular Season,FALSE,SF,CAR,7,13,L,CAR,6,20,FiveThirtyEight
1995_1995-11-06_PHI_DAL,1995,NA,1995-11-06,Regular Season,FALSE,DAL,PHI,34,12,W,DAL,22,46,FiveThirtyEight
1995_1995-11-12_DEN_PHI,1995,NA,1995-11-12,Regular Season,FALSE,PHI,DEN,31,13,W,PHI,18,44,FiveThirtyEight
1995_1995-11-12_CIN_TEN,1995,NA,1995-11-12,Regular Season,FALSE,TEN,CIN,25,32,L,CIN,7,57,FiveThirtyEight
1995_1995-11-12_CHI_GB,1995,NA,1995-11-12,Regular Season,FALSE,GB,CHI,35,28,W,GB,7,63,FiveThirtyEight
1995_1995-11-12_LV_NYG,1995,NA,1995-11-12,Regular Season,FALSE,NYG,LV,13,17,L,LV,4,30,FiveThirtyEight
1995_1995-11-12_NE_MIA,1995,NA,1995-11-12,Regular Season,FALSE,MIA,NE,17,34,L,NE,17,51,FiveThirtyEight
1995_1995-11-12_MIN_ARI,1995,NA,1995-11-12,Regular Season,FALSE,ARI,MIN,24,30,L,MIN,6,54,FiveThirtyEight
1995_1995-11-12_ATL_BUF,1995,NA,1995-11-12,Regular Season,FALSE,BUF,ATL,23,17,W,BUF,6,40,FiveThirtyEight
1995_1995-11-12_CAR_LA,1995,NA,1995-11-12,Regular Season,FALSE,LA,CAR,28,17,W,LA,11,45,FiveThirtyEight
1995_1995-11-12_KC_LAC,1995,NA,1995-11-12,Regular Season,FALSE,LAC,KC,7,22,L,KC,15,29,FiveThirtyEight
1995_1995-11-12_SEA_JAX,1995,NA,1995-11-12,Regular Season,FALSE,JAX,SEA,30,47,L,SEA,17,77,FiveThirtyEight
1995_1995-11-12_IND_NO,1995,NA,1995-11-12,Regular Season,FALSE,NO,IND,17,14,W,NO,3,31,FiveThirtyEight
1995_1995-11-12_SF_DAL,1995,NA,1995-11-12,Regular Season,FALSE,DAL,SF,20,38,L,SF,18,58,FiveThirtyEight
1995_1995-11-12_TB_DET,1995,NA,1995-11-12,Regular Season,FALSE,DET,TB,27,24,W,DET,3,51,FiveThirtyEight
1995_1995-11-13_CLE_PIT,1995,NA,1995-11-13,Regular Season,FALSE,PIT,CLE,20,3,W,PIT,17,23,FiveThirtyEight
1995_1995-11-19_ARI_CAR,1995,NA,1995-11-19,Regular Season,FALSE,CAR,ARI,27,7,W,CAR,20,34,FiveThirtyEight
1995_1995-11-19_DET_CHI,1995,NA,1995-11-19,Regular Season,FALSE,CHI,DET,17,24,L,DET,7,41,FiveThirtyEight
1995_1995-11-19_PIT_CIN,1995,NA,1995-11-19,Regular Season,FALSE,CIN,PIT,31,49,L,PIT,18,80,FiveThirtyEight
1995_1995-11-19_GB_CLE,1995,NA,1995-11-19,Regular Season,FALSE,CLE,GB,20,31,L,GB,11,51,FiveThirtyEight
1995_1995-11-19_TEN_KC,1995,NA,1995-11-19,Regular Season,FALSE,KC,TEN,20,13,W,KC,7,33,FiveThirtyEight
1995_1995-11-19_NO_MIN,1995,NA,1995-11-19,Regular Season,FALSE,MIN,NO,43,24,W,MIN,19,67,FiveThirtyEight
1995_1995-11-19_IND_NE,1995,NA,1995-11-19,Regular Season,FALSE,NE,IND,10,24,L,IND,14,34,FiveThirtyEight
1995_1995-11-19_LA_ATL,1995,NA,1995-11-19,Regular Season,FALSE,ATL,LA,31,6,W,ATL,25,37,FiveThirtyEight
1995_1995-11-19_LAC_DEN,1995,NA,1995-11-19,Regular Season,FALSE,DEN,LAC,30,27,W,DEN,3,57,FiveThirtyEight
1995_1995-11-19_BUF_NYJ,1995,NA,1995-11-19,Regular Season,FALSE,NYJ,BUF,26,28,L,BUF,2,54,FiveThirtyEight
1995_1995-11-19_NYG_PHI,1995,NA,1995-11-19,Regular Season,FALSE,PHI,NYG,28,19,W,PHI,9,47,FiveThirtyEight
1995_1995-11-19_DAL_LV,1995,NA,1995-11-19,Regular Season,FALSE,LV,DAL,21,34,L,DAL,13,55,FiveThirtyEight
1995_1995-11-19_JAX_TB,1995,NA,1995-11-19,Regular Season,FALSE,TB,JAX,17,16,W,TB,1,33,FiveThirtyEight
1995_1995-11-19_SEA_WAS,1995,NA,1995-11-19,Regular Season,FALSE,WAS,SEA,20,27,L,SEA,7,47,FiveThirtyEight
1995_1995-11-20_SF_MIA,1995,NA,1995-11-20,Regular Season,FALSE,MIA,SF,20,44,L,SF,24,64,FiveThirtyEight
1995_1995-11-23_MIN_DET,1995,NA,1995-11-23,Regular Season,FALSE,DET,MIN,44,38,W,DET,6,82,FiveThirtyEight
1995_1995-11-23_KC_DAL,1995,NA,1995-11-23,Regular Season,FALSE,DAL,KC,24,12,W,DAL,12,36,FiveThirtyEight
1995_1995-11-26_NYJ_SEA,1995,NA,1995-11-26,Regular Season,FALSE,SEA,NYJ,10,16,L,NYJ,6,26,FiveThirtyEight
1995_1995-11-26_PIT_CLE,1995,NA,1995-11-26,Regular Season,FALSE,CLE,PIT,17,20,L,PIT,3,37,FiveThirtyEight
1995_1995-11-26_MIA_IND,1995,NA,1995-11-26,Regular Season,FALSE,IND,MIA,36,28,W,IND,8,64,FiveThirtyEight
1995_1995-11-26_ATL_ARI,1995,NA,1995-11-26,Regular Season,FALSE,ARI,ATL,40,37,W,ARI,3,77,FiveThirtyEight
1995_1995-11-26_NE_BUF,1995,NA,1995-11-26,Regular Season,FALSE,BUF,NE,25,35,L,NE,10,60,FiveThirtyEight
1995_1995-11-26_LA_SF,1995,NA,1995-11-26,Regular Season,FALSE,SF,LA,41,13,W,SF,28,54,FiveThirtyEight
1995_1995-11-26_PHI_WAS,1995,NA,1995-11-26,Regular Season,FALSE,WAS,PHI,7,14,L,PHI,7,21,FiveThirtyEight
1995_1995-11-26_CHI_NYG,1995,NA,1995-11-26,Regular Season,FALSE,NYG,CHI,24,27,L,CHI,3,51,FiveThirtyEight
1995_1995-11-26_DEN_TEN,1995,NA,1995-11-26,Regular Season,FALSE,TEN,DEN,42,33,W,TEN,9,75,FiveThirtyEight
1995_1995-11-26_TB_GB,1995,NA,1995-11-26,Regular Season,FALSE,GB,TB,35,13,W,GB,22,48,FiveThirtyEight
1995_1995-11-26_CIN_JAX,1995,NA,1995-11-26,Regular Season,FALSE,JAX,CIN,13,17,L,CIN,4,30,FiveThirtyEight
1995_1995-11-26_CAR_NO,1995,NA,1995-11-26,Regular Season,FALSE,NO,CAR,34,26,W,NO,8,60,FiveThirtyEight
1995_1995-11-27_LV_LAC,1995,NA,1995-11-27,Regular Season,FALSE,LAC,LV,12,6,W,LAC,6,18,FiveThirtyEight
1995_1995-11-30_NYG_ARI,1995,NA,1995-11-30,Regular Season,FALSE,ARI,NYG,6,10,L,NYG,4,16,FiveThirtyEight
1995_1995-12-03_BUF_SF,1995,NA,1995-12-03,Regular Season,FALSE,SF,BUF,27,17,W,SF,10,44,FiveThirtyEight
1995_1995-12-03_PHI_SEA,1995,NA,1995-12-03,Regular Season,FALSE,SEA,PHI,26,14,W,SEA,12,40,FiveThirtyEight
1995_1995-12-03_LA_NYJ,1995,NA,1995-12-03,Regular Season,FALSE,NYJ,LA,20,23,L,LA,3,43,FiveThirtyEight
1995_1995-12-03_IND_CAR,1995,NA,1995-12-03,Regular Season,FALSE,CAR,IND,13,10,W,CAR,3,23,FiveThirtyEight
1995_1995-12-03_WAS_DAL,1995,NA,1995-12-03,Regular Season,FALSE,DAL,WAS,17,24,L,WAS,7,41,FiveThirtyEight
1995_1995-12-03_JAX_DEN,1995,NA,1995-12-03,Regular Season,FALSE,DEN,JAX,31,23,W,DEN,8,54,FiveThirtyEight
1995_1995-12-03_CIN_GB,1995,NA,1995-12-03,Regular Season,FALSE,GB,CIN,24,10,W,GB,14,34,FiveThirtyEight
1995_1995-12-03_ATL_MIA,1995,NA,1995-12-03,Regular Season,FALSE,MIA,ATL,21,20,W,MIA,1,41,FiveThirtyEight
1995_1995-12-03_TB_MIN,1995,NA,1995-12-03,Regular Season,FALSE,MIN,TB,31,17,W,MIN,14,48,FiveThirtyEight
1995_1995-12-03_NO_NE,1995,NA,1995-12-03,Regular Season,FALSE,NE,NO,17,31,L,NO,14,48,FiveThirtyEight
1995_1995-12-03_TEN_PIT,1995,NA,1995-12-03,Regular Season,FALSE,PIT,TEN,21,7,W,PIT,14,28,FiveThirtyEight
1995_1995-12-03_CLE_LAC,1995,NA,1995-12-03,Regular Season,FALSE,LAC,CLE,31,13,W,LAC,18,44,FiveThirtyEight
1995_1995-12-03_KC_LV,1995,NA,1995-12-03,Regular Season,FALSE,LV,KC,23,29,L,KC,6,52,FiveThirtyEight
1995_1995-12-04_CHI_DET,1995,NA,1995-12-04,Regular Season,FALSE,DET,CHI,27,7,W,DET,20,34,FiveThirtyEight
1995_1995-12-09_CLE_MIN,1995,NA,1995-12-09,Regular Season,FALSE,MIN,CLE,27,11,W,MIN,16,38,FiveThirtyEight
1995_1995-12-09_ARI_LAC,1995,NA,1995-12-09,Regular Season,FALSE,LAC,ARI,28,25,W,LAC,3,53,FiveThirtyEight
1995_1995-12-10_CHI_CIN,1995,NA,1995-12-10,Regular Season,FALSE,CIN,CHI,16,10,W,CIN,6,26,FiveThirtyEight
1995_1995-12-10_WAS_NYG,1995,NA,1995-12-10,Regular Season,FALSE,NYG,WAS,20,13,W,NYG,7,33,FiveThirtyEight
1995_1995-12-10_SEA_DEN,1995,NA,1995-12-10,Regular Season,FALSE,DEN,SEA,27,31,L,SEA,4,58,FiveThirtyEight
1995_1995-12-10_DET_TEN,1995,NA,1995-12-10,Regular Season,FALSE,TEN,DET,17,24,L,DET,7,41,FiveThirtyEight
1995_1995-12-10_IND_JAX,1995,NA,1995-12-10,Regular Season,FALSE,JAX,IND,31,41,L,IND,10,72,FiveThirtyEight
1995_1995-12-10_PIT_LV,1995,NA,1995-12-10,Regular Season,FALSE,LV,PIT,10,29,L,PIT,19,39,FiveThirtyEight
1995_1995-12-10_NYJ_NE,1995,NA,1995-12-10,Regular Season,FALSE,NE,NYJ,31,28,W,NE,3,59,FiveThirtyEight
1995_1995-12-10_GB_TB,1995,NA,1995-12-10,Regular Season,FALSE,TB,GB,13,10,W,TB,3,23,FiveThirtyEight
1995_1995-12-10_BUF_LA,1995,NA,1995-12-10,Regular Season,FALSE,LA,BUF,27,45,L,BUF,18,72,FiveThirtyEight
1995_1995-12-10_DAL_PHI,1995,NA,1995-12-10,Regular Season,FALSE,PHI,DAL,20,17,W,PHI,3,37,FiveThirtyEight
1995_1995-12-10_SF_CAR,1995,NA,1995-12-10,Regular Season,FALSE,CAR,SF,10,31,L,SF,21,41,FiveThirtyEight
1995_1995-12-10_NO_ATL,1995,NA,1995-12-10,Regular Season,FALSE,ATL,NO,19,14,W,ATL,5,33,FiveThirtyEight
1995_1995-12-11_KC_MIA,1995,NA,1995-12-11,Regular Season,FALSE,MIA,KC,13,6,W,MIA,7,19,FiveThirtyEight
1995_1995-12-16_NE_PIT,1995,NA,1995-12-16,Regular Season,FALSE,PIT,NE,41,27,W,PIT,14,68,FiveThirtyEight
1995_1995-12-16_GB_NO,1995,NA,1995-12-16,Regular Season,FALSE,NO,GB,23,34,L,GB,11,57,FiveThirtyEight
1995_1995-12-17_NYG_DAL,1995,NA,1995-12-17,Regular Season,FALSE,DAL,NYG,21,20,W,DAL,1,41,FiveThirtyEight
1995_1995-12-17_WAS_LA,1995,NA,1995-12-17,Regular Season,FALSE,LA,WAS,23,35,L,WAS,12,58,FiveThirtyEight
1995_1995-12-17_DEN_KC,1995,NA,1995-12-17,Regular Season,FALSE,KC,DEN,20,17,W,KC,3,37,FiveThirtyEight
1995_1995-12-17_NYJ_TEN,1995,NA,1995-12-17,Regular Season,FALSE,TEN,NYJ,23,6,W,TEN,17,29,FiveThirtyEight
1995_1995-12-17_ARI_PHI,1995,NA,1995-12-17,Regular Season,FALSE,PHI,ARI,21,20,W,PHI,1,41,FiveThirtyEight
1995_1995-12-17_LV_SEA,1995,NA,1995-12-17,Regular Season,FALSE,SEA,LV,44,10,W,SEA,34,54,FiveThirtyEight
1995_1995-12-17_MIA_BUF,1995,NA,1995-12-17,Regular Season,FALSE,BUF,MIA,23,20,W,BUF,3,43,FiveThirtyEight
1995_1995-12-17_ATL_CAR,1995,NA,1995-12-17,Regular Season,FALSE,CAR,ATL,21,17,W,CAR,4,38,FiveThirtyEight
1995_1995-12-17_TB_CHI,1995,NA,1995-12-17,Regular Season,FALSE,CHI,TB,31,10,W,CHI,21,41,FiveThirtyEight
1995_1995-12-17_CIN_CLE,1995,NA,1995-12-17,Regular Season,FALSE,CLE,CIN,26,10,W,CLE,16,36,FiveThirtyEight
1995_1995-12-17_LAC_IND,1995,NA,1995-12-17,Regular Season,FALSE,IND,LAC,24,27,L,LAC,3,51,FiveThirtyEight
1995_1995-12-17_JAX_DET,1995,NA,1995-12-17,Regular Season,FALSE,DET,JAX,44,0,W,DET,44,44,FiveThirtyEight
1995_1995-12-18_MIN_SF,1995,NA,1995-12-18,Regular Season,FALSE,SF,MIN,37,30,W,SF,7,67,FiveThirtyEight
1995_1995-12-23_NE_IND,1995,NA,1995-12-23,Regular Season,FALSE,IND,NE,10,7,W,IND,3,17,FiveThirtyEight
1995_1995-12-23_LAC_NYG,1995,NA,1995-12-23,Regular Season,FALSE,NYG,LAC,17,27,L,LAC,10,44,FiveThirtyEight
1995_1995-12-23_DET_TB,1995,NA,1995-12-23,Regular Season,FALSE,TB,DET,10,37,L,DET,27,47,FiveThirtyEight
1995_1995-12-24_PHI_CHI,1995,NA,1995-12-24,Regular Season,FALSE,CHI,PHI,20,14,W,CHI,6,34,FiveThirtyEight
1995_1995-12-24_CAR_WAS,1995,NA,1995-12-24,Regular Season,FALSE,WAS,CAR,20,17,W,WAS,3,37,FiveThirtyEight
1995_1995-12-24_DEN_LV,1995,NA,1995-12-24,Regular Season,FALSE,LV,DEN,28,31,L,DEN,3,59,FiveThirtyEight
1995_1995-12-24_NO_NYJ,1995,NA,1995-12-24,Regular Season,FALSE,NYJ,NO,0,12,L,NO,12,12,FiveThirtyEight
1995_1995-12-24_SEA_KC,1995,NA,1995-12-24,Regular Season,FALSE,KC,SEA,26,3,W,KC,23,29,FiveThirtyEight
1995_1995-12-24_CLE_JAX,1995,NA,1995-12-24,Regular Season,FALSE,JAX,CLE,24,21,W,JAX,3,45,FiveThirtyEight
1995_1995-12-24_PIT_GB,1995,NA,1995-12-24,Regular Season,FALSE,GB,PIT,24,19,W,GB,5,43,FiveThirtyEight
1995_1995-12-24_TEN_BUF,1995,NA,1995-12-24,Regular Season,FALSE,BUF,TEN,17,28,L,TEN,11,45,FiveThirtyEight
1995_1995-12-24_SF_ATL,1995,NA,1995-12-24,Regular Season,FALSE,ATL,SF,28,27,W,ATL,1,55,FiveThirtyEight
1995_1995-12-24_MIA_LA,1995,NA,1995-12-24,Regular Season,FALSE,LA,MIA,22,41,L,MIA,19,63,FiveThirtyEight
1995_1995-12-24_MIN_CIN,1995,NA,1995-12-24,Regular Season,FALSE,CIN,MIN,27,24,W,CIN,3,51,FiveThirtyEight
1995_1995-12-25_DAL_ARI,1995,NA,1995-12-25,Regular Season,FALSE,ARI,DAL,13,37,L,DAL,24,50,FiveThirtyEight
1996_1996-09-01_PHI_WAS,1996,NA,1996-09-01,Regular Season,FALSE,WAS,PHI,14,17,L,PHI,3,31,FiveThirtyEight
1996_1996-09-01_NYJ_DEN,1996,NA,1996-09-01,Regular Season,FALSE,DEN,NYJ,31,6,W,DEN,25,37,FiveThirtyEight
1996_1996-09-01_SEA_LAC,1996,NA,1996-09-01,Regular Season,FALSE,LAC,SEA,29,7,W,LAC,22,36,FiveThirtyEight
1996_1996-09-01_ATL_CAR,1996,NA,1996-09-01,Regular Season,FALSE,CAR,ATL,29,6,W,CAR,23,35,FiveThirtyEight
1996_1996-09-01_ARI_IND,1996,NA,1996-09-01,Regular Season,FALSE,IND,ARI,20,13,W,IND,7,33,FiveThirtyEight
1996_1996-09-01_PIT_JAX,1996,NA,1996-09-01,Regular Season,FALSE,JAX,PIT,24,9,W,JAX,15,33,FiveThirtyEight
1996_1996-09-01_NE_MIA,1996,NA,1996-09-01,Regular Season,FALSE,MIA,NE,24,10,W,MIA,14,34,FiveThirtyEight
1996_1996-09-01_DET_MIN,1996,NA,1996-09-01,Regular Season,FALSE,MIN,DET,17,13,W,MIN,4,30,FiveThirtyEight
1996_1996-09-01_BUF_NYG,1996,NA,1996-09-01,Regular Season,FALSE,NYG,BUF,20,23,L,BUF,3,43,FiveThirtyEight
1996_1996-09-01_KC_TEN,1996,NA,1996-09-01,Regular Season,FALSE,TEN,KC,19,20,L,KC,1,39,FiveThirtyEight
1996_1996-09-01_LV_BAL,1996,NA,1996-09-01,Regular Season,FALSE,BAL,LV,19,14,W,BAL,5,33,FiveThirtyEight
1996_1996-09-01_CIN_LA,1996,NA,1996-09-01,Regular Season,FALSE,LA,CIN,26,16,W,LA,10,42,FiveThirtyEight
1996_1996-09-01_GB_TB,1996,NA,1996-09-01,Regular Season,FALSE,TB,GB,3,34,L,GB,31,37,FiveThirtyEight
1996_1996-09-01_NO_SF,1996,NA,1996-09-01,Regular Season,FALSE,SF,NO,27,11,W,SF,16,38,FiveThirtyEight
1996_1996-09-02_DAL_CHI,1996,NA,1996-09-02,Regular Season,FALSE,CHI,DAL,22,6,W,CHI,16,28,FiveThirtyEight
1996_1996-09-08_MIN_ATL,1996,NA,1996-09-08,Regular Season,FALSE,ATL,MIN,17,23,L,MIN,6,40,FiveThirtyEight
1996_1996-09-08_CHI_WAS,1996,NA,1996-09-08,Regular Season,FALSE,WAS,CHI,10,3,W,WAS,7,13,FiveThirtyEight
1996_1996-09-08_DEN_SEA,1996,NA,1996-09-08,Regular Season,FALSE,SEA,DEN,20,30,L,DEN,10,50,FiveThirtyEight
1996_1996-09-08_CIN_LAC,1996,NA,1996-09-08,Regular Season,FALSE,LAC,CIN,27,14,W,LAC,13,41,FiveThirtyEight
1996_1996-09-08_NYG_DAL,1996,NA,1996-09-08,Regular Season,FALSE,DAL,NYG,27,0,W,DAL,27,27,FiveThirtyEight
1996_1996-09-08_LA_SF,1996,NA,1996-09-08,Regular Season,FALSE,SF,LA,34,0,W,SF,34,34,FiveThirtyEight
1996_1996-09-08_NE_BUF,1996,NA,1996-09-08,Regular Season,FALSE,BUF,NE,17,10,W,BUF,7,27,FiveThirtyEight
1996_1996-09-08_BAL_PIT,1996,NA,1996-09-08,Regular Season,FALSE,PIT,BAL,31,17,W,PIT,14,48,FiveThirtyEight
1996_1996-09-08_IND_NYJ,1996,NA,1996-09-08,Regular Season,FALSE,NYJ,IND,7,21,L,IND,14,28,FiveThirtyEight
1996_1996-09-08_CAR_NO,1996,NA,1996-09-08,Regular Season,FALSE,NO,CAR,20,22,L,CAR,2,42,FiveThirtyEight
1996_1996-09-08_LV_KC,1996,NA,1996-09-08,Regular Season,FALSE,KC,LV,19,3,W,KC,16,22,FiveThirtyEight
1996_1996-09-08_TEN_JAX,1996,NA,1996-09-08,Regular Season,FALSE,JAX,TEN,27,34,L,TEN,7,61,FiveThirtyEight
1996_1996-09-08_TB_DET,1996,NA,1996-09-08,Regular Season,FALSE,DET,TB,21,6,W,DET,15,27,FiveThirtyEight
1996_1996-09-08_MIA_ARI,1996,NA,1996-09-08,Regular Season,FALSE,ARI,MIA,10,38,L,MIA,28,48,FiveThirtyEight
1996_1996-09-09_PHI_GB,1996,NA,1996-09-09,Regular Season,FALSE,GB,PHI,39,13,W,GB,26,52,FiveThirtyEight
1996_1996-09-15_KC_SEA,1996,NA,1996-09-15,Regular Season,FALSE,SEA,KC,17,35,L,KC,18,52,FiveThirtyEight
1996_1996-09-15_LAC_GB,1996,NA,1996-09-15,Regular Season,FALSE,GB,LAC,42,10,W,GB,32,52,FiveThirtyEight
1996_1996-09-15_JAX_LV,1996,NA,1996-09-15,Regular Season,FALSE,LV,JAX,17,3,W,LV,14,20,FiveThirtyEight
1996_1996-09-15_DET_PHI,1996,NA,1996-09-15,Regular Season,FALSE,PHI,DET,24,17,W,PHI,7,41,FiveThirtyEight
1996_1996-09-15_BAL_TEN,1996,NA,1996-09-15,Regular Season,FALSE,TEN,BAL,29,13,W,TEN,16,42,FiveThirtyEight
1996_1996-09-15_WAS_NYG,1996,NA,1996-09-15,Regular Season,FALSE,NYG,WAS,10,31,L,WAS,21,41,FiveThirtyEight
1996_1996-09-15_ARI_NE,1996,NA,1996-09-15,Regular Season,FALSE,NE,ARI,31,0,W,NE,31,31,FiveThirtyEight
1996_1996-09-15_NYJ_MIA,1996,NA,1996-09-15,Regular Season,FALSE,MIA,NYJ,36,27,W,MIA,9,63,FiveThirtyEight
1996_1996-09-15_TB_DEN,1996,NA,1996-09-15,Regular Season,FALSE,DEN,TB,27,23,W,DEN,4,50,FiveThirtyEight
1996_1996-09-15_IND_DAL,1996,NA,1996-09-15,Regular Season,FALSE,DAL,IND,24,25,L,IND,1,49,FiveThirtyEight
1996_1996-09-15_NO_CIN,1996,NA,1996-09-15,Regular Season,FALSE,CIN,NO,30,15,W,CIN,15,45,FiveThirtyEight
1996_1996-09-15_MIN_CHI,1996,NA,1996-09-15,Regular Season,FALSE,CHI,MIN,14,20,L,MIN,6,34,FiveThirtyEight
1996_1996-09-16_BUF_PIT,1996,NA,1996-09-16,Regular Season,FALSE,PIT,BUF,24,6,W,PIT,18,30,FiveThirtyEight
1996_1996-09-22_SF_CAR,1996,NA,1996-09-22,Regular Season,FALSE,CAR,SF,23,7,W,CAR,16,30,FiveThirtyEight
1996_1996-09-22_PHI_ATL,1996,NA,1996-09-22,Regular Season,FALSE,ATL,PHI,18,33,L,PHI,15,51,FiveThirtyEight
1996_1996-09-22_SEA_TB,1996,NA,1996-09-22,Regular Season,FALSE,TB,SEA,13,17,L,SEA,4,30,FiveThirtyEight
1996_1996-09-22_DEN_KC,1996,NA,1996-09-22,Regular Season,FALSE,KC,DEN,17,14,W,KC,3,31,FiveThirtyEight
1996_1996-09-22_CHI_DET,1996,NA,1996-09-22,Regular Season,FALSE,DET,CHI,35,16,W,DET,19,51,FiveThirtyEight
1996_1996-09-22_WAS_LA,1996,NA,1996-09-22,Regular Season,FALSE,LA,WAS,10,17,L,WAS,7,27,FiveThirtyEight
1996_1996-09-22_DAL_BUF,1996,NA,1996-09-22,Regular Season,FALSE,BUF,DAL,10,7,W,BUF,3,17,FiveThirtyEight
1996_1996-09-22_LAC_LV,1996,NA,1996-09-22,Regular Season,FALSE,LV,LAC,34,40,L,LAC,6,74,FiveThirtyEight
1996_1996-09-22_NYG_NYJ,1996,NA,1996-09-22,Regular Season,FALSE,NYJ,NYG,6,13,L,NYG,7,19,FiveThirtyEight
1996_1996-09-22_JAX_NE,1996,NA,1996-09-22,Regular Season,FALSE,NE,JAX,28,25,W,NE,3,53,FiveThirtyEight
1996_1996-09-22_ARI_NO,1996,NA,1996-09-22,Regular Season,FALSE,NO,ARI,14,28,L,ARI,14,42,FiveThirtyEight
1996_1996-09-22_GB_MIN,1996,NA,1996-09-22,Regular Season,FALSE,MIN,GB,30,21,W,MIN,9,51,FiveThirtyEight
1996_1996-09-23_MIA_IND,1996,NA,1996-09-23,Regular Season,FALSE,IND,MIA,10,6,W,IND,4,16,FiveThirtyEight
1996_1996-09-29_LA_ARI,1996,NA,1996-09-29,Regular Season,FALSE,ARI,LA,31,28,W,ARI,3,59,FiveThirtyEight
1996_1996-09-29_CAR_JAX,1996,NA,1996-09-29,Regular Season,FALSE,JAX,CAR,24,14,W,JAX,10,38,FiveThirtyEight
1996_1996-09-29_NYJ_WAS,1996,NA,1996-09-29,Regular Season,FALSE,WAS,NYJ,31,16,W,WAS,15,47,FiveThirtyEight
1996_1996-09-29_DET_TB,1996,NA,1996-09-29,Regular Season,FALSE,TB,DET,0,27,L,DET,27,27,FiveThirtyEight
1996_1996-09-29_ATL_SF,1996,NA,1996-09-29,Regular Season,FALSE,SF,ATL,39,17,W,SF,22,56,FiveThirtyEight
1996_1996-09-29_GB_SEA,1996,NA,1996-09-29,Regular Season,FALSE,SEA,GB,10,31,L,GB,21,41,FiveThirtyEight
1996_1996-09-29_NO_BAL,1996,NA,1996-09-29,Regular Season,FALSE,BAL,NO,17,10,W,BAL,7,27,FiveThirtyEight
1996_1996-09-29_TEN_PIT,1996,NA,1996-09-29,Regular Season,FALSE,PIT,TEN,30,16,W,PIT,14,46,FiveThirtyEight
1996_1996-09-29_MIN_NYG,1996,NA,1996-09-29,Regular Season,FALSE,NYG,MIN,15,10,W,NYG,5,25,FiveThirtyEight
1996_1996-09-29_DEN_CIN,1996,NA,1996-09-29,Regular Season,FALSE,CIN,DEN,10,14,L,DEN,4,24,FiveThirtyEight
1996_1996-09-29_LV_CHI,1996,NA,1996-09-29,Regular Season,FALSE,CHI,LV,19,17,W,CHI,2,36,FiveThirtyEight
1996_1996-09-29_KC_LAC,1996,NA,1996-09-29,Regular Season,FALSE,LAC,KC,22,19,W,LAC,3,41,FiveThirtyEight
1996_1996-09-30_DAL_PHI,1996,NA,1996-09-30,Regular Season,FALSE,PHI,DAL,19,23,L,DAL,4,42,FiveThirtyEight
1996_1996-10-06_NE_BAL,1996,NA,1996-10-06,Regular Season,FALSE,BAL,NE,38,46,L,NE,8,84,FiveThirtyEight
1996_1996-10-06_LAC_DEN,1996,NA,1996-10-06,Regular Season,FALSE,DEN,LAC,28,17,W,DEN,11,45,FiveThirtyEight
1996_1996-10-06_SF_LA,1996,NA,1996-10-06,Regular Season,FALSE,LA,SF,11,28,L,SF,17,39,FiveThirtyEight
1996_1996-10-06_GB_CHI,1996,NA,1996-10-06,Regular Season,FALSE,CHI,GB,6,37,L,GB,31,43,FiveThirtyEight
1996_1996-10-06_TEN_CIN,1996,NA,1996-10-06,Regular Season,FALSE,CIN,TEN,27,30,L,TEN,3,57,FiveThirtyEight
1996_1996-10-06_ATL_DET,1996,NA,1996-10-06,Regular Season,FALSE,DET,ATL,28,24,W,DET,4,52,FiveThirtyEight
1996_1996-10-06_IND_BUF,1996,NA,1996-10-06,Regular Season,FALSE,BUF,IND,16,13,W,BUF,3,29,FiveThirtyEight
1996_1996-10-06_LV_NYJ,1996,NA,1996-10-06,Regular Season,FALSE,NYJ,LV,13,34,L,LV,21,47,FiveThirtyEight
1996_1996-10-06_JAX_NO,1996,NA,1996-10-06,Regular Season,FALSE,NO,JAX,17,13,W,NO,4,30,FiveThirtyEight
1996_1996-10-06_CAR_MIN,1996,NA,1996-10-06,Regular Season,FALSE,MIN,CAR,14,12,W,MIN,2,26,FiveThirtyEight
1996_1996-10-06_SEA_MIA,1996,NA,1996-10-06,Regular Season,FALSE,MIA,SEA,15,22,L,SEA,7,37,FiveThirtyEight
1996_1996-10-07_PIT_KC,1996,NA,1996-10-07,Regular Season,FALSE,KC,PIT,7,17,L,PIT,10,24,FiveThirtyEight
1996_1996-10-13_NYJ_JAX,1996,NA,1996-10-13,Regular Season,FALSE,JAX,NYJ,21,17,W,JAX,4,38,FiveThirtyEight
1996_1996-10-13_LA_CAR,1996,NA,1996-10-13,Regular Season,FALSE,CAR,LA,45,13,W,CAR,32,58,FiveThirtyEight
1996_1996-10-13_TEN_ATL,1996,NA,1996-10-13,Regular Season,FALSE,ATL,TEN,13,23,L,TEN,10,36,FiveThirtyEight
1996_1996-10-13_MIA_BUF,1996,NA,1996-10-13,Regular Season,FALSE,BUF,MIA,7,21,L,MIA,14,28,FiveThirtyEight
1996_1996-10-13_BAL_IND,1996,NA,1996-10-13,Regular Season,FALSE,IND,BAL,26,21,W,IND,5,47,FiveThirtyEight
1996_1996-10-13_ARI_DAL,1996,NA,1996-10-13,Regular Season,FALSE,DAL,ARI,17,3,W,DAL,14,20,FiveThirtyEight
1996_1996-10-13_CHI_NO,1996,NA,1996-10-13,Regular Season,FALSE,NO,CHI,27,24,W,NO,3,51,FiveThirtyEight
1996_1996-10-13_WAS_NE,1996,NA,1996-10-13,Regular Season,FALSE,NE,WAS,22,27,L,WAS,5,49,FiveThirtyEight
1996_1996-10-13_PHI_NYG,1996,NA,1996-10-13,Regular Season,FALSE,NYG,PHI,10,19,L,PHI,9,29,FiveThirtyEight
1996_1996-10-13_CIN_PIT,1996,NA,1996-10-13,Regular Season,FALSE,PIT,CIN,20,10,W,PIT,10,30,FiveThirtyEight
1996_1996-10-13_DET_LV,1996,NA,1996-10-13,Regular Season,FALSE,LV,DET,37,21,W,LV,16,58,FiveThirtyEight
1996_1996-10-13_MIN_TB,1996,NA,1996-10-13,Regular Season,FALSE,TB,MIN,24,13,W,TB,11,37,FiveThirtyEight
1996_1996-10-14_SF_GB,1996,NA,1996-10-14,Regular Season,FALSE,GB,SF,23,20,W,GB,3,43,FiveThirtyEight
1996_1996-10-17_SEA_KC,1996,NA,1996-10-17,Regular Season,FALSE,KC,SEA,34,16,W,KC,18,50,FiveThirtyEight
1996_1996-10-20_PIT_TEN,1996,NA,1996-10-20,Regular Season,FALSE,TEN,PIT,23,13,W,TEN,10,36,FiveThirtyEight
1996_1996-10-20_NYG_WAS,1996,NA,1996-10-20,Regular Season,FALSE,WAS,NYG,31,21,W,WAS,10,52,FiveThirtyEight
1996_1996-10-20_TB_ARI,1996,NA,1996-10-20,Regular Season,FALSE,ARI,TB,13,9,W,ARI,4,22,FiveThirtyEight
1996_1996-10-20_CIN_SF,1996,NA,1996-10-20,Regular Season,FALSE,SF,CIN,28,21,W,SF,7,49,FiveThirtyEight
1996_1996-10-20_MIA_PHI,1996,NA,1996-10-20,Regular Season,FALSE,PHI,MIA,35,28,W,PHI,7,63,FiveThirtyEight
1996_1996-10-20_ATL_DAL,1996,NA,1996-10-20,Regular Season,FALSE,DAL,ATL,32,28,W,DAL,4,60,FiveThirtyEight
1996_1996-10-20_BAL_DEN,1996,NA,1996-10-20,Regular Season,FALSE,DEN,BAL,45,34,W,DEN,11,79,FiveThirtyEight
1996_1996-10-20_NO_CAR,1996,NA,1996-10-20,Regular Season,FALSE,CAR,NO,19,7,W,CAR,12,26,FiveThirtyEight
1996_1996-10-20_JAX_LA,1996,NA,1996-10-20,Regular Season,FALSE,LA,JAX,17,14,W,LA,3,31,FiveThirtyEight
1996_1996-10-20_NE_IND,1996,NA,1996-10-20,Regular Season,FALSE,IND,NE,9,27,L,NE,18,36,FiveThirtyEight
1996_1996-10-20_BUF_NYJ,1996,NA,1996-10-20,Regular Season,FALSE,NYJ,BUF,22,25,L,BUF,3,47,FiveThirtyEight
1996_1996-10-21_LV_LAC,1996,NA,1996-10-21,Regular Season,FALSE,LAC,LV,14,23,L,LV,9,37,FiveThirtyEight
1996_1996-10-27_NYJ_ARI,1996,NA,1996-10-27,Regular Season,FALSE,ARI,NYJ,21,31,L,NYJ,10,52,FiveThirtyEight
1996_1996-10-27_PIT_ATL,1996,NA,1996-10-27,Regular Season,FALSE,ATL,PIT,17,20,L,PIT,3,37,FiveThirtyEight
1996_1996-10-27_LA_BAL,1996,NA,1996-10-27,Regular Season,FALSE,BAL,LA,37,31,W,BAL,6,68,FiveThirtyEight
1996_1996-10-27_IND_WAS,1996,NA,1996-10-27,Regular Season,FALSE,WAS,IND,31,16,W,WAS,15,47,FiveThirtyEight
1996_1996-10-27_CAR_PHI,1996,NA,1996-10-27,Regular Season,FALSE,PHI,CAR,20,9,W,PHI,11,29,FiveThirtyEight
1996_1996-10-27_SF_TEN,1996,NA,1996-10-27,Regular Season,FALSE,TEN,SF,9,10,L,SF,1,19,FiveThirtyEight
1996_1996-10-27_LAC_SEA,1996,NA,1996-10-27,Regular Season,FALSE,SEA,LAC,32,13,W,SEA,19,45,FiveThirtyEight
1996_1996-10-27_BUF_NE,1996,NA,1996-10-27,Regular Season,FALSE,NE,BUF,28,25,W,NE,3,53,FiveThirtyEight
1996_1996-10-27_DAL_MIA,1996,NA,1996-10-27,Regular Season,FALSE,MIA,DAL,10,29,L,DAL,19,39,FiveThirtyEight
1996_1996-10-27_TB_GB,1996,NA,1996-10-27,Regular Season,FALSE,GB,TB,13,7,W,GB,6,20,FiveThirtyEight
1996_1996-10-27_NYG_DET,1996,NA,1996-10-27,Regular Season,FALSE,DET,NYG,7,35,L,NYG,28,42,FiveThirtyEight
1996_1996-10-27_KC_DEN,1996,NA,1996-10-27,Regular Season,FALSE,DEN,KC,34,7,W,DEN,27,41,FiveThirtyEight
1996_1996-10-27_JAX_CIN,1996,NA,1996-10-27,Regular Season,FALSE,CIN,JAX,28,21,W,CIN,7,49,FiveThirtyEight
1996_1996-10-28_CHI_MIN,1996,NA,1996-10-28,Regular Season,FALSE,MIN,CHI,13,15,L,CHI,2,28,FiveThirtyEight
1996_1996-11-03_KC_MIN,1996,NA,1996-11-03,Regular Season,FALSE,MIN,KC,6,21,L,KC,15,27,FiveThirtyEight
1996_1996-11-03_LA_PIT,1996,NA,1996-11-03,Regular Season,FALSE,PIT,LA,42,6,W,PIT,36,48,FiveThirtyEight
1996_1996-11-03_PHI_DAL,1996,NA,1996-11-03,Regular Season,FALSE,DAL,PHI,21,31,L,PHI,10,52,FiveThirtyEight
1996_1996-11-03_LAC_IND,1996,NA,1996-11-03,Regular Season,FALSE,IND,LAC,19,26,L,LAC,7,45,FiveThirtyEight
1996_1996-11-03_TEN_SEA,1996,NA,1996-11-03,Regular Season,FALSE,SEA,TEN,23,16,W,SEA,7,39,FiveThirtyEight
1996_1996-11-03_CIN_BAL,1996,NA,1996-11-03,Regular Season,FALSE,BAL,CIN,21,24,L,CIN,3,45,FiveThirtyEight
1996_1996-11-03_ARI_NYG,1996,NA,1996-11-03,Regular Season,FALSE,NYG,ARI,16,8,W,NYG,8,24,FiveThirtyEight
1996_1996-11-03_MIA_NE,1996,NA,1996-11-03,Regular Season,FALSE,NE,MIA,42,23,W,NE,19,65,FiveThirtyEight
1996_1996-11-03_SF_NO,1996,NA,1996-11-03,Regular Season,FALSE,NO,SF,17,24,L,SF,7,41,FiveThirtyEight
1996_1996-11-03_DET_GB,1996,NA,1996-11-03,Regular Season,FALSE,GB,DET,28,18,W,GB,10,46,FiveThirtyEight
1996_1996-11-03_TB_CHI,1996,NA,1996-11-03,Regular Season,FALSE,CHI,TB,13,10,W,CHI,3,23,FiveThirtyEight
1996_1996-11-03_WAS_BUF,1996,NA,1996-11-03,Regular Season,FALSE,BUF,WAS,38,13,W,BUF,25,51,FiveThirtyEight
1996_1996-11-03_CAR_ATL,1996,NA,1996-11-03,Regular Season,FALSE,ATL,CAR,20,17,W,ATL,3,37,FiveThirtyEight
1996_1996-11-04_DEN_LV,1996,NA,1996-11-04,Regular Season,FALSE,LV,DEN,21,22,L,DEN,1,43,FiveThirtyEight
1996_1996-11-10_ARI_WAS,1996,NA,1996-11-10,Regular Season,FALSE,WAS,ARI,34,37,L,ARI,3,71,FiveThirtyEight
1996_1996-11-10_LV_TB,1996,NA,1996-11-10,Regular Season,FALSE,TB,LV,20,17,W,TB,3,37,FiveThirtyEight
1996_1996-11-10_DAL_SF,1996,NA,1996-11-10,Regular Season,FALSE,SF,DAL,17,20,L,DAL,3,37,FiveThirtyEight
1996_1996-11-10_MIN_SEA,1996,NA,1996-11-10,Regular Season,FALSE,SEA,MIN,42,23,W,SEA,19,65,FiveThirtyEight
1996_1996-11-10_NE_NYJ,1996,NA,1996-11-10,Regular Season,FALSE,NYJ,NE,27,31,L,NE,4,58,FiveThirtyEight
1996_1996-11-10_TEN_NO,1996,NA,1996-11-10,Regular Season,FALSE,NO,TEN,14,31,L,TEN,17,45,FiveThirtyEight
1996_1996-11-10_IND_MIA,1996,NA,1996-11-10,Regular Season,FALSE,MIA,IND,37,13,W,MIA,24,50,FiveThirtyEight
1996_1996-11-10_GB_KC,1996,NA,1996-11-10,Regular Season,FALSE,KC,GB,27,20,W,KC,7,47,FiveThirtyEight
1996_1996-11-10_BAL_JAX,1996,NA,1996-11-10,Regular Season,FALSE,JAX,BAL,30,27,W,JAX,3,57,FiveThirtyEight
1996_1996-11-10_CHI_DEN,1996,NA,1996-11-10,Regular Season,FALSE,DEN,CHI,17,12,W,DEN,5,29,FiveThirtyEight
1996_1996-11-10_PIT_CIN,1996,NA,1996-11-10,Regular Season,FALSE,CIN,PIT,34,24,W,CIN,10,58,FiveThirtyEight
1996_1996-11-10_NYG_CAR,1996,NA,1996-11-10,Regular Season,FALSE,CAR,NYG,27,17,W,CAR,10,44,FiveThirtyEight
1996_1996-11-10_BUF_PHI,1996,NA,1996-11-10,Regular Season,FALSE,PHI,BUF,17,24,L,BUF,7,41,FiveThirtyEight
1996_1996-11-10_ATL_LA,1996,NA,1996-11-10,Regular Season,FALSE,LA,ATL,59,16,W,LA,43,75,FiveThirtyEight
1996_1996-11-11_DET_LAC,1996,NA,1996-11-11,Regular Season,FALSE,LAC,DET,27,21,W,LAC,6,48,FiveThirtyEight
1996_1996-11-17_MIN_LV,1996,NA,1996-11-17,Regular Season,FALSE,LV,MIN,13,16,L,MIN,3,29,FiveThirtyEight
1996_1996-11-17_CAR_LA,1996,NA,1996-11-17,Regular Season,FALSE,LA,CAR,10,20,L,CAR,10,30,FiveThirtyEight
1996_1996-11-17_BAL_SF,1996,NA,1996-11-17,Regular Season,FALSE,SF,BAL,38,20,W,SF,18,58,FiveThirtyEight
1996_1996-11-17_JAX_PIT,1996,NA,1996-11-17,Regular Season,FALSE,PIT,JAX,28,3,W,PIT,25,31,FiveThirtyEight
1996_1996-11-17_WAS_PHI,1996,NA,1996-11-17,Regular Season,FALSE,PHI,WAS,21,26,L,WAS,5,47,FiveThirtyEight
1996_1996-11-17_MIA_TEN,1996,NA,1996-11-17,Regular Season,FALSE,TEN,MIA,20,23,L,MIA,3,43,FiveThirtyEight
1996_1996-11-17_DEN_NE,1996,NA,1996-11-17,Regular Season,FALSE,NE,DEN,8,34,L,DEN,26,42,FiveThirtyEight
1996_1996-11-17_CHI_KC,1996,NA,1996-11-17,Regular Season,FALSE,KC,CHI,14,10,W,KC,4,24,FiveThirtyEight
1996_1996-11-17_SEA_DET,1996,NA,1996-11-17,Regular Season,FALSE,DET,SEA,17,16,W,DET,1,33,FiveThirtyEight
1996_1996-11-17_NYG_ARI,1996,NA,1996-11-17,Regular Season,FALSE,ARI,NYG,31,23,W,ARI,8,54,FiveThirtyEight
1996_1996-11-17_NYJ_IND,1996,NA,1996-11-17,Regular Season,FALSE,IND,NYJ,34,29,W,IND,5,63,FiveThirtyEight
1996_1996-11-17_CIN_BUF,1996,NA,1996-11-17,Regular Season,FALSE,BUF,CIN,31,17,W,BUF,14,48,FiveThirtyEight
1996_1996-11-17_NO_ATL,1996,NA,1996-11-17,Regular Season,FALSE,ATL,NO,17,15,W,ATL,2,32,FiveThirtyEight
1996_1996-11-17_TB_LAC,1996,NA,1996-11-17,Regular Season,FALSE,LAC,TB,17,25,L,TB,8,42,FiveThirtyEight
1996_1996-11-18_GB_DAL,1996,NA,1996-11-18,Regular Season,FALSE,DAL,GB,21,6,W,DAL,15,27,FiveThirtyEight
1996_1996-11-24_LV_SEA,1996,NA,1996-11-24,Regular Season,FALSE,SEA,LV,21,27,L,LV,6,48,FiveThirtyEight
1996_1996-11-24_GB_LA,1996,NA,1996-11-24,Regular Season,FALSE,LA,GB,9,24,L,GB,15,33,FiveThirtyEight
1996_1996-11-24_SF_WAS,1996,NA,1996-11-24,Regular Season,FALSE,WAS,SF,16,19,L,SF,3,35,FiveThirtyEight
1996_1996-11-24_NO_TB,1996,NA,1996-11-24,Regular Season,FALSE,TB,NO,13,7,W,TB,6,20,FiveThirtyEight
1996_1996-11-24_JAX_BAL,1996,NA,1996-11-24,Regular Season,FALSE,BAL,JAX,25,28,L,JAX,3,53,FiveThirtyEight
1996_1996-11-24_CAR_TEN,1996,NA,1996-11-24,Regular Season,FALSE,TEN,CAR,6,31,L,CAR,25,37,FiveThirtyEight
1996_1996-11-24_DAL_NYG,1996,NA,1996-11-24,Regular Season,FALSE,NYG,DAL,20,6,W,NYG,14,26,FiveThirtyEight
1996_1996-11-24_IND_NE,1996,NA,1996-11-24,Regular Season,FALSE,NE,IND,27,13,W,NE,14,40,FiveThirtyEight
1996_1996-11-24_DEN_MIN,1996,NA,1996-11-24,Regular Season,FALSE,MIN,DEN,17,21,L,DEN,4,38,FiveThirtyEight
1996_1996-11-24_PHI_ARI,1996,NA,1996-11-24,Regular Season,FALSE,ARI,PHI,36,30,W,ARI,6,66,FiveThirtyEight
1996_1996-11-24_ATL_CIN,1996,NA,1996-11-24,Regular Season,FALSE,CIN,ATL,41,31,W,CIN,10,72,FiveThirtyEight
1996_1996-11-24_DET_CHI,1996,NA,1996-11-24,Regular Season,FALSE,CHI,DET,31,14,W,CHI,17,45,FiveThirtyEight
1996_1996-11-24_NYJ_BUF,1996,NA,1996-11-24,Regular Season,FALSE,BUF,NYJ,35,10,W,BUF,25,45,FiveThirtyEight
1996_1996-11-24_LAC_KC,1996,NA,1996-11-24,Regular Season,FALSE,KC,LAC,14,28,L,LAC,14,42,FiveThirtyEight
1996_1996-11-25_PIT_MIA,1996,NA,1996-11-25,Regular Season,FALSE,MIA,PIT,17,24,L,PIT,7,41,FiveThirtyEight
1996_1996-11-28_WAS_DAL,1996,NA,1996-11-28,Regular Season,FALSE,DAL,WAS,21,10,W,DAL,11,31,FiveThirtyEight
1996_1996-11-28_KC_DET,1996,NA,1996-11-28,Regular Season,FALSE,DET,KC,24,28,L,KC,4,52,FiveThirtyEight
1996_1996-12-01_NYG_PHI,1996,NA,1996-12-01,Regular Season,FALSE,PHI,NYG,24,0,W,PHI,24,24,FiveThirtyEight
1996_1996-12-01_TEN_NYJ,1996,NA,1996-12-01,Regular Season,FALSE,NYJ,TEN,10,35,L,TEN,25,45,FiveThirtyEight
1996_1996-12-01_ARI_MIN,1996,NA,1996-12-01,Regular Season,FALSE,MIN,ARI,41,17,W,MIN,24,58,FiveThirtyEight
1996_1996-12-01_CIN_JAX,1996,NA,1996-12-01,Regular Season,FALSE,JAX,CIN,30,27,W,JAX,3,57,FiveThirtyEight
1996_1996-12-01_CHI_GB,1996,NA,1996-12-01,Regular Season,FALSE,GB,CHI,28,17,W,GB,11,45,FiveThirtyEight
1996_1996-12-01_SEA_DEN,1996,NA,1996-12-01,Regular Season,FALSE,DEN,SEA,34,7,W,DEN,27,41,FiveThirtyEight
1996_1996-12-01_BUF_IND,1996,NA,1996-12-01,Regular Season,FALSE,IND,BUF,13,10,W,IND,3,23,FiveThirtyEight
1996_1996-12-01_TB_CAR,1996,NA,1996-12-01,Regular Season,FALSE,CAR,TB,24,0,W,CAR,24,24,FiveThirtyEight
1996_1996-12-01_PIT_BAL,1996,NA,1996-12-01,Regular Season,FALSE,BAL,PIT,31,17,W,BAL,14,48,FiveThirtyEight
1996_1996-12-01_NE_LAC,1996,NA,1996-12-01,Regular Season,FALSE,LAC,NE,7,45,L,NE,38,52,FiveThirtyEight
1996_1996-12-01_LA_NO,1996,NA,1996-12-01,Regular Season,FALSE,NO,LA,10,26,L,LA,16,36,FiveThirtyEight
1996_1996-12-01_MIA_LV,1996,NA,1996-12-01,Regular Season,FALSE,LV,MIA,17,7,W,LV,10,24,FiveThirtyEight
1996_1996-12-02_SF_ATL,1996,NA,1996-12-02,Regular Season,FALSE,ATL,SF,10,34,L,SF,24,44,FiveThirtyEight
1996_1996-12-05_PHI_IND,1996,NA,1996-12-05,Regular Season,FALSE,IND,PHI,37,10,W,IND,27,47,FiveThirtyEight
1996_1996-12-08_JAX_TEN,1996,NA,1996-12-08,Regular Season,FALSE,TEN,JAX,17,23,L,JAX,6,40,FiveThirtyEight
1996_1996-12-08_NYJ_NE,1996,NA,1996-12-08,Regular Season,FALSE,NE,NYJ,34,10,W,NE,24,44,FiveThirtyEight
1996_1996-12-08_ATL_NO,1996,NA,1996-12-08,Regular Season,FALSE,NO,ATL,15,31,L,ATL,16,46,FiveThirtyEight
1996_1996-12-08_NYG_MIA,1996,NA,1996-12-08,Regular Season,FALSE,MIA,NYG,7,17,L,NYG,10,24,FiveThirtyEight
1996_1996-12-08_DEN_GB,1996,NA,1996-12-08,Regular Season,FALSE,GB,DEN,41,6,W,GB,35,47,FiveThirtyEight
1996_1996-12-08_MIN_DET,1996,NA,1996-12-08,Regular Season,FALSE,DET,MIN,22,24,L,MIN,2,46,FiveThirtyEight
1996_1996-12-08_LA_CHI,1996,NA,1996-12-08,Regular Season,FALSE,CHI,LA,35,9,W,CHI,26,44,FiveThirtyEight
1996_1996-12-08_BAL_CIN,1996,NA,1996-12-08,Regular Season,FALSE,CIN,BAL,21,14,W,CIN,7,35,FiveThirtyEight
1996_1996-12-08_BUF_SEA,1996,NA,1996-12-08,Regular Season,FALSE,SEA,BUF,26,18,W,SEA,8,44,FiveThirtyEight
1996_1996-12-08_WAS_TB,1996,NA,1996-12-08,Regular Season,FALSE,TB,WAS,24,10,W,TB,14,34,FiveThirtyEight
1996_1996-12-08_CAR_SF,1996,NA,1996-12-08,Regular Season,FALSE,SF,CAR,24,30,L,CAR,6,54,FiveThirtyEight
1996_1996-12-08_LAC_PIT,1996,NA,1996-12-08,Regular Season,FALSE,PIT,LAC,16,3,W,PIT,13,19,FiveThirtyEight
1996_1996-12-08_DAL_ARI,1996,NA,1996-12-08,Regular Season,FALSE,ARI,DAL,6,10,L,DAL,4,16,FiveThirtyEight
1996_1996-12-09_KC_LV,1996,NA,1996-12-09,Regular Season,FALSE,LV,KC,26,7,W,LV,19,33,FiveThirtyEight
1996_1996-12-14_PHI_NYJ,1996,NA,1996-12-14,Regular Season,FALSE,NYJ,PHI,20,21,L,PHI,1,41,FiveThirtyEight
1996_1996-12-14_LAC_CHI,1996,NA,1996-12-14,Regular Season,FALSE,CHI,LAC,27,14,W,CHI,13,41,FiveThirtyEight
1996_1996-12-15_LV_DEN,1996,NA,1996-12-15,Regular Season,FALSE,DEN,LV,24,19,W,DEN,5,43,FiveThirtyEight
1996_1996-12-15_SEA_JAX,1996,NA,1996-12-15,Regular Season,FALSE,JAX,SEA,20,13,W,JAX,7,33,FiveThirtyEight
1996_1996-12-15_SF_PIT,1996,NA,1996-12-15,Regular Season,FALSE,PIT,SF,15,25,L,SF,10,40,FiveThirtyEight
1996_1996-12-15_CIN_TEN,1996,NA,1996-12-15,Regular Season,FALSE,TEN,CIN,13,21,L,CIN,8,34,FiveThirtyEight
1996_1996-12-15_NO_NYG,1996,NA,1996-12-15,Regular Season,FALSE,NYG,NO,3,17,L,NO,14,20,FiveThirtyEight
1996_1996-12-15_TB_MIN,1996,NA,1996-12-15,Regular Season,FALSE,MIN,TB,21,10,W,MIN,11,31,FiveThirtyEight
1996_1996-12-15_IND_KC,1996,NA,1996-12-15,Regular Season,FALSE,KC,IND,19,24,L,IND,5,43,FiveThirtyEight
1996_1996-12-15_GB_DET,1996,NA,1996-12-15,Regular Season,FALSE,DET,GB,3,31,L,GB,28,34,FiveThirtyEight
1996_1996-12-15_NE_DAL,1996,NA,1996-12-15,Regular Season,FALSE,DAL,NE,12,6,W,DAL,6,18,FiveThirtyEight
1996_1996-12-15_WAS_ARI,1996,NA,1996-12-15,Regular Season,FALSE,ARI,WAS,27,26,W,ARI,1,53,FiveThirtyEight
1996_1996-12-15_BAL_CAR,1996,NA,1996-12-15,Regular Season,FALSE,CAR,BAL,27,16,W,CAR,11,43,FiveThirtyEight
1996_1996-12-15_LA_ATL,1996,NA,1996-12-15,Regular Season,FALSE,ATL,LA,27,34,L,LA,7,61,FiveThirtyEight
1996_1996-12-16_BUF_MIA,1996,NA,1996-12-16,Regular Season,FALSE,MIA,BUF,16,14,W,MIA,2,30,FiveThirtyEight
1996_1996-12-21_NE_NYG,1996,NA,1996-12-21,Regular Season,FALSE,NYG,NE,22,23,L,NE,1,45,FiveThirtyEight
1996_1996-12-21_NO_LA,1996,NA,1996-12-21,Regular Season,FALSE,LA,NO,14,13,W,LA,1,27,FiveThirtyEight
1996_1996-12-22_DAL_WAS,1996,NA,1996-12-22,Regular Season,FALSE,WAS,DAL,37,10,W,WAS,27,47,FiveThirtyEight
1996_1996-12-22_MIN_GB,1996,NA,1996-12-22,Regular Season,FALSE,GB,MIN,38,10,W,GB,28,48,FiveThirtyEight
1996_1996-12-22_CHI_TB,1996,NA,1996-12-22,Regular Season,FALSE,TB,CHI,34,19,W,TB,15,53,FiveThirtyEight
1996_1996-12-22_SEA_LV,1996,NA,1996-12-22,Regular Season,FALSE,LV,SEA,21,28,L,SEA,7,49,FiveThirtyEight
1996_1996-12-22_ARI_PHI,1996,NA,1996-12-22,Regular Season,FALSE,PHI,ARI,29,19,W,PHI,10,48,FiveThirtyEight
1996_1996-12-22_MIA_NYJ,1996,NA,1996-12-22,Regular Season,FALSE,NYJ,MIA,28,31,L,MIA,3,59,FiveThirtyEight
1996_1996-12-22_ATL_JAX,1996,NA,1996-12-22,Regular Season,FALSE,JAX,ATL,19,17,W,JAX,2,36,FiveThirtyEight
1996_1996-12-22_KC_BUF,1996,NA,1996-12-22,Regular Season,FALSE,BUF,KC,20,9,W,BUF,11,29,FiveThirtyEight
1996_1996-12-22_IND_CIN,1996,NA,1996-12-22,Regular Season,FALSE,CIN,IND,31,24,W,CIN,7,55,FiveThirtyEight
1996_1996-12-22_DEN_LAC,1996,NA,1996-12-22,Regular Season,FALSE,LAC,DEN,16,10,W,LAC,6,26,FiveThirtyEight
1996_1996-12-22_TEN_BAL,1996,NA,1996-12-22,Regular Season,FALSE,BAL,TEN,21,24,L,TEN,3,45,FiveThirtyEight
1996_1996-12-22_PIT_CAR,1996,NA,1996-12-22,Regular Season,FALSE,CAR,PIT,18,14,W,CAR,4,32,FiveThirtyEight
1996_1996-12-23_DET_SF,1996,NA,1996-12-23,Regular Season,FALSE,SF,DET,24,14,W,SF,10,38,FiveThirtyEight
1997_1997-08-31_ATL_DET,1997,NA,1997-08-31,Regular Season,FALSE,DET,ATL,28,17,W,DET,11,45,FiveThirtyEight
1997_1997-08-31_NO_LA,1997,NA,1997-08-31,Regular Season,FALSE,LA,NO,38,24,W,LA,14,62,FiveThirtyEight
1997_1997-08-31_SF_TB,1997,NA,1997-08-31,Regular Season,FALSE,TB,SF,13,6,W,TB,7,19,FiveThirtyEight
1997_1997-08-31_DAL_PIT,1997,NA,1997-08-31,Regular Season,FALSE,PIT,DAL,7,37,L,DAL,30,44,FiveThirtyEight
1997_1997-08-31_LV_TEN,1997,NA,1997-08-31,Regular Season,FALSE,TEN,LV,24,21,W,TEN,3,45,FiveThirtyEight
1997_1997-08-31_NYJ_SEA,1997,NA,1997-08-31,Regular Season,FALSE,SEA,NYJ,3,41,L,NYJ,38,44,FiveThirtyEight
1997_1997-08-31_PHI_NYG,1997,NA,1997-08-31,Regular Season,FALSE,NYG,PHI,31,17,W,NYG,14,48,FiveThirtyEight
1997_1997-08-31_IND_MIA,1997,NA,1997-08-31,Regular Season,FALSE,MIA,IND,16,10,W,MIA,6,26,FiveThirtyEight
1997_1997-08-31_JAX_BAL,1997,NA,1997-08-31,Regular Season,FALSE,BAL,JAX,27,28,L,JAX,1,55,FiveThirtyEight
1997_1997-08-31_ARI_CIN,1997,NA,1997-08-31,Regular Season,FALSE,CIN,ARI,24,21,W,CIN,3,45,FiveThirtyEight
1997_1997-08-31_WAS_CAR,1997,NA,1997-08-31,Regular Season,FALSE,CAR,WAS,10,24,L,WAS,14,34,FiveThirtyEight
1997_1997-08-31_MIN_BUF,1997,NA,1997-08-31,Regular Season,FALSE,BUF,MIN,13,34,L,MIN,21,47,FiveThirtyEight
1997_1997-08-31_KC_DEN,1997,NA,1997-08-31,Regular Season,FALSE,DEN,KC,19,3,W,DEN,16,22,FiveThirtyEight
1997_1997-08-31_LAC_NE,1997,NA,1997-08-31,Regular Season,FALSE,NE,LAC,41,7,W,NE,34,48,FiveThirtyEight
1997_1997-09-01_CHI_GB,1997,NA,1997-09-01,Regular Season,FALSE,GB,CHI,38,24,W,GB,14,62,FiveThirtyEight
1997_1997-09-07_BUF_NYJ,1997,NA,1997-09-07,Regular Season,FALSE,NYJ,BUF,22,28,L,BUF,6,50,FiveThirtyEight
1997_1997-09-07_NYG_JAX,1997,NA,1997-09-07,Regular Season,FALSE,JAX,NYG,40,13,W,JAX,27,53,FiveThirtyEight
1997_1997-09-07_TB_DET,1997,NA,1997-09-07,Regular Season,FALSE,DET,TB,17,24,L,TB,7,41,FiveThirtyEight
1997_1997-09-07_DAL_ARI,1997,NA,1997-09-07,Regular Season,FALSE,ARI,DAL,25,22,W,ARI,3,47,FiveThirtyEight
1997_1997-09-07_NE_IND,1997,NA,1997-09-07,Regular Season,FALSE,IND,NE,6,31,L,NE,25,37,FiveThirtyEight
1997_1997-09-07_MIN_CHI,1997,NA,1997-09-07,Regular Season,FALSE,CHI,MIN,24,27,L,MIN,3,51,FiveThirtyEight
1997_1997-09-07_TEN_MIA,1997,NA,1997-09-07,Regular Season,FALSE,MIA,TEN,16,13,W,MIA,3,29,FiveThirtyEight
1997_1997-09-07_CIN_BAL,1997,NA,1997-09-07,Regular Season,FALSE,BAL,CIN,23,10,W,BAL,13,33,FiveThirtyEight
1997_1997-09-07_GB_PHI,1997,NA,1997-09-07,Regular Season,FALSE,PHI,GB,10,9,W,PHI,1,19,FiveThirtyEight
1997_1997-09-07_DEN_SEA,1997,NA,1997-09-07,Regular Season,FALSE,SEA,DEN,14,35,L,DEN,21,49,FiveThirtyEight
1997_1997-09-07_WAS_PIT,1997,NA,1997-09-07,Regular Season,FALSE,PIT,WAS,14,13,W,PIT,1,27,FiveThirtyEight
1997_1997-09-07_CAR_ATL,1997,NA,1997-09-07,Regular Season,FALSE,ATL,CAR,6,9,L,CAR,3,15,FiveThirtyEight
1997_1997-09-07_SF_LA,1997,NA,1997-09-07,Regular Season,FALSE,LA,SF,12,15,L,SF,3,27,FiveThirtyEight
1997_1997-09-07_LAC_NO,1997,NA,1997-09-07,Regular Season,FALSE,NO,LAC,6,20,L,LAC,14,26,FiveThirtyEight
1997_1997-09-08_KC_LV,1997,NA,1997-09-08,Regular Season,FALSE,LV,KC,27,28,L,KC,1,55,FiveThirtyEight
1997_1997-09-14_NYJ_NE,1997,NA,1997-09-14,Regular Season,FALSE,NE,NYJ,27,24,W,NE,3,51,FiveThirtyEight
1997_1997-09-14_DET_CHI,1997,NA,1997-09-14,Regular Season,FALSE,CHI,DET,7,32,L,DET,25,39,FiveThirtyEight
1997_1997-09-14_LV_ATL,1997,NA,1997-09-14,Regular Season,FALSE,ATL,LV,31,36,L,LV,5,67,FiveThirtyEight
1997_1997-09-14_SEA_IND,1997,NA,1997-09-14,Regular Season,FALSE,IND,SEA,3,31,L,SEA,28,34,FiveThirtyEight
1997_1997-09-14_MIA_GB,1997,NA,1997-09-14,Regular Season,FALSE,GB,MIA,23,18,W,GB,5,41,FiveThirtyEight
1997_1997-09-14_BUF_KC,1997,NA,1997-09-14,Regular Season,FALSE,KC,BUF,22,16,W,KC,6,38,FiveThirtyEight
1997_1997-09-14_CAR_LAC,1997,NA,1997-09-14,Regular Season,FALSE,LAC,CAR,7,26,L,CAR,19,33,FiveThirtyEight
1997_1997-09-14_LA_DEN,1997,NA,1997-09-14,Regular Season,FALSE,DEN,LA,35,14,W,DEN,21,49,FiveThirtyEight
1997_1997-09-14_ARI_WAS,1997,NA,1997-09-14,Regular Season,FALSE,WAS,ARI,19,13,W,WAS,6,32,FiveThirtyEight
1997_1997-09-14_NO_SF,1997,NA,1997-09-14,Regular Season,FALSE,SF,NO,33,7,W,SF,26,40,FiveThirtyEight
1997_1997-09-14_BAL_NYG,1997,NA,1997-09-14,Regular Season,FALSE,NYG,BAL,23,24,L,BAL,1,47,FiveThirtyEight
1997_1997-09-14_TB_MIN,1997,NA,1997-09-14,Regular Season,FALSE,MIN,TB,14,28,L,TB,14,42,FiveThirtyEight
1997_1997-09-15_PHI_DAL,1997,NA,1997-09-15,Regular Season,FALSE,DAL,PHI,21,20,W,DAL,1,41,FiveThirtyEight
1997_1997-09-21_MIA_TB,1997,NA,1997-09-21,Regular Season,FALSE,TB,MIA,31,21,W,TB,10,52,FiveThirtyEight
1997_1997-09-21_ATL_SF,1997,NA,1997-09-21,Regular Season,FALSE,SF,ATL,34,7,W,SF,27,41,FiveThirtyEight
1997_1997-09-21_BAL_TEN,1997,NA,1997-09-21,Regular Season,FALSE,TEN,BAL,10,36,L,BAL,26,46,FiveThirtyEight
1997_1997-09-21_MIN_GB,1997,NA,1997-09-21,Regular Season,FALSE,GB,MIN,38,32,W,GB,6,70,FiveThirtyEight
1997_1997-09-21_DET_NO,1997,NA,1997-09-21,Regular Season,FALSE,NO,DET,35,17,W,NO,18,52,FiveThirtyEight
1997_1997-09-21_LV_NYJ,1997,NA,1997-09-21,Regular Season,FALSE,NYJ,LV,23,22,W,NYJ,1,45,FiveThirtyEight
1997_1997-09-21_NYG_LA,1997,NA,1997-09-21,Regular Season,FALSE,LA,NYG,13,3,W,LA,10,16,FiveThirtyEight
1997_1997-09-21_LAC_SEA,1997,NA,1997-09-21,Regular Season,FALSE,SEA,LAC,26,22,W,SEA,4,48,FiveThirtyEight
1997_1997-09-21_CHI_NE,1997,NA,1997-09-21,Regular Season,FALSE,NE,CHI,31,3,W,NE,28,34,FiveThirtyEight
1997_1997-09-21_KC_CAR,1997,NA,1997-09-21,Regular Season,FALSE,CAR,KC,14,35,L,KC,21,49,FiveThirtyEight
1997_1997-09-21_IND_BUF,1997,NA,1997-09-21,Regular Season,FALSE,BUF,IND,37,35,W,BUF,2,72,FiveThirtyEight
1997_1997-09-21_CIN_DEN,1997,NA,1997-09-21,Regular Season,FALSE,DEN,CIN,38,20,W,DEN,18,58,FiveThirtyEight
1997_1997-09-22_PIT_JAX,1997,NA,1997-09-22,Regular Season,FALSE,JAX,PIT,30,21,W,JAX,9,51,FiveThirtyEight
1997_1997-09-28_LA_LV,1997,NA,1997-09-28,Regular Season,FALSE,LV,LA,35,17,W,LV,18,52,FiveThirtyEight
1997_1997-09-28_JAX_WAS,1997,NA,1997-09-28,Regular Season,FALSE,WAS,JAX,24,12,W,WAS,12,36,FiveThirtyEight
1997_1997-09-28_ARI_TB,1997,NA,1997-09-28,Regular Season,FALSE,TB,ARI,19,18,W,TB,1,37,FiveThirtyEight
1997_1997-09-28_TEN_PIT,1997,NA,1997-09-28,Regular Season,FALSE,PIT,TEN,37,24,W,PIT,13,61,FiveThirtyEight
1997_1997-09-28_NO_NYG,1997,NA,1997-09-28,Regular Season,FALSE,NYG,NO,14,9,W,NYG,5,23,FiveThirtyEight
1997_1997-09-28_PHI_MIN,1997,NA,1997-09-28,Regular Season,FALSE,MIN,PHI,28,19,W,MIN,9,47,FiveThirtyEight
1997_1997-09-28_SEA_KC,1997,NA,1997-09-28,Regular Season,FALSE,KC,SEA,20,17,W,KC,3,37,FiveThirtyEight
1997_1997-09-28_GB_DET,1997,NA,1997-09-28,Regular Season,FALSE,DET,GB,26,15,W,DET,11,41,FiveThirtyEight
1997_1997-09-28_CHI_DAL,1997,NA,1997-09-28,Regular Season,FALSE,DAL,CHI,27,3,W,DAL,24,30,FiveThirtyEight
1997_1997-09-28_NYJ_CIN,1997,NA,1997-09-28,Regular Season,FALSE,CIN,NYJ,14,31,L,NYJ,17,45,FiveThirtyEight
1997_1997-09-28_DEN_ATL,1997,NA,1997-09-28,Regular Season,FALSE,ATL,DEN,21,29,L,DEN,8,50,FiveThirtyEight
1997_1997-09-28_BAL_LAC,1997,NA,1997-09-28,Regular Season,FALSE,LAC,BAL,21,17,W,LAC,4,38,FiveThirtyEight
1997_1997-09-29_SF_CAR,1997,NA,1997-09-29,Regular Season,FALSE,CAR,SF,21,34,L,SF,13,55,FiveThirtyEight
1997_1997-10-05_NO_CHI,1997,NA,1997-10-05,Regular Season,FALSE,CHI,NO,17,20,L,NO,3,37,FiveThirtyEight
1997_1997-10-05_NYJ_IND,1997,NA,1997-10-05,Regular Season,FALSE,IND,NYJ,12,16,L,NYJ,4,28,FiveThirtyEight
1997_1997-10-05_LAC_LV,1997,NA,1997-10-05,Regular Season,FALSE,LV,LAC,10,25,L,LAC,15,35,FiveThirtyEight
1997_1997-10-05_MIN_ARI,1997,NA,1997-10-05,Regular Season,FALSE,ARI,MIN,19,20,L,MIN,1,39,FiveThirtyEight
1997_1997-10-05_TB_GB,1997,NA,1997-10-05,Regular Season,FALSE,GB,TB,21,16,W,GB,5,37,FiveThirtyEight
1997_1997-10-05_CIN_JAX,1997,NA,1997-10-05,Regular Season,FALSE,JAX,CIN,21,13,W,JAX,8,34,FiveThirtyEight
1997_1997-10-05_KC_MIA,1997,NA,1997-10-05,Regular Season,FALSE,MIA,KC,17,14,W,MIA,3,31,FiveThirtyEight
1997_1997-10-05_DAL_NYG,1997,NA,1997-10-05,Regular Season,FALSE,NYG,DAL,20,17,W,NYG,3,37,FiveThirtyEight
1997_1997-10-05_WAS_PHI,1997,NA,1997-10-05,Regular Season,FALSE,PHI,WAS,24,10,W,PHI,14,34,FiveThirtyEight
1997_1997-10-05_PIT_BAL,1997,NA,1997-10-05,Regular Season,FALSE,BAL,PIT,34,42,L,PIT,8,76,FiveThirtyEight
1997_1997-10-05_TEN_SEA,1997,NA,1997-10-05,Regular Season,FALSE,SEA,TEN,16,13,W,SEA,3,29,FiveThirtyEight
1997_1997-10-05_DET_BUF,1997,NA,1997-10-05,Regular Season,FALSE,BUF,DET,22,13,W,BUF,9,35,FiveThirtyEight
1997_1997-10-06_NE_DEN,1997,NA,1997-10-06,Regular Season,FALSE,DEN,NE,34,13,W,DEN,21,47,FiveThirtyEight
1997_1997-10-12_LA_SF,1997,NA,1997-10-12,Regular Season,FALSE,SF,LA,30,10,W,SF,20,40,FiveThirtyEight
1997_1997-10-12_DET_TB,1997,NA,1997-10-12,Regular Season,FALSE,TB,DET,9,27,L,DET,18,36,FiveThirtyEight
1997_1997-10-12_IND_PIT,1997,NA,1997-10-12,Regular Season,FALSE,PIT,IND,24,22,W,PIT,2,46,FiveThirtyEight
1997_1997-10-12_CIN_TEN,1997,NA,1997-10-12,Regular Season,FALSE,TEN,CIN,30,7,W,TEN,23,37,FiveThirtyEight
1997_1997-10-12_MIA_NYJ,1997,NA,1997-10-12,Regular Season,FALSE,NYJ,MIA,20,31,L,MIA,11,51,FiveThirtyEight
1997_1997-10-12_BUF_NE,1997,NA,1997-10-12,Regular Season,FALSE,NE,BUF,33,6,W,NE,27,39,FiveThirtyEight
1997_1997-10-12_ATL_NO,1997,NA,1997-10-12,Regular Season,FALSE,NO,ATL,17,23,L,ATL,6,40,FiveThirtyEight
1997_1997-10-12_CAR_MIN,1997,NA,1997-10-12,Regular Season,FALSE,MIN,CAR,21,14,W,MIN,7,35,FiveThirtyEight
1997_1997-10-12_PHI_JAX,1997,NA,1997-10-12,Regular Season,FALSE,JAX,PHI,38,21,W,JAX,17,59,FiveThirtyEight
1997_1997-10-12_GB_CHI,1997,NA,1997-10-12,Regular Season,FALSE,CHI,GB,23,24,L,GB,1,47,FiveThirtyEight
1997_1997-10-12_NYG_ARI,1997,NA,1997-10-12,Regular Season,FALSE,ARI,NYG,13,27,L,NYG,14,40,FiveThirtyEight
1997_1997-10-13_DAL_WAS,1997,NA,1997-10-13,Regular Season,FALSE,WAS,DAL,21,16,W,WAS,5,37,FiveThirtyEight
1997_1997-10-16_LAC_KC,1997,NA,1997-10-16,Regular Season,FALSE,KC,LAC,31,3,W,KC,28,34,FiveThirtyEight
1997_1997-10-19_NYG_DET,1997,NA,1997-10-19,Regular Season,FALSE,DET,NYG,20,26,L,NYG,6,46,FiveThirtyEight
1997_1997-10-19_MIA_BAL,1997,NA,1997-10-19,Regular Season,FALSE,BAL,MIA,13,24,L,MIA,11,37,FiveThirtyEight
1997_1997-10-19_DEN_LV,1997,NA,1997-10-19,Regular Season,FALSE,LV,DEN,28,25,W,LV,3,53,FiveThirtyEight
1997_1997-10-19_CAR_NO,1997,NA,1997-10-19,Regular Season,FALSE,NO,CAR,0,13,L,CAR,13,13,FiveThirtyEight
1997_1997-10-19_ARI_PHI,1997,NA,1997-10-19,Regular Season,FALSE,PHI,ARI,13,10,W,PHI,3,23,FiveThirtyEight
1997_1997-10-19_SEA_LA,1997,NA,1997-10-19,Regular Season,FALSE,LA,SEA,9,17,L,SEA,8,26,FiveThirtyEight
1997_1997-10-19_WAS_TEN,1997,NA,1997-10-19,Regular Season,FALSE,TEN,WAS,28,14,W,TEN,14,42,FiveThirtyEight
1997_1997-10-19_SF_ATL,1997,NA,1997-10-19,Regular Season,FALSE,ATL,SF,28,35,L,SF,7,63,FiveThirtyEight
1997_1997-10-19_PIT_CIN,1997,NA,1997-10-19,Regular Season,FALSE,CIN,PIT,10,26,L,PIT,16,36,FiveThirtyEight
1997_1997-10-19_JAX_DAL,1997,NA,1997-10-19,Regular Season,FALSE,DAL,JAX,26,22,W,DAL,4,48,FiveThirtyEight
1997_1997-10-19_NE_NYJ,1997,NA,1997-10-19,Regular Season,FALSE,NYJ,NE,24,19,W,NYJ,5,43,FiveThirtyEight
1997_1997-10-20_BUF_IND,1997,NA,1997-10-20,Regular Season,FALSE,IND,BUF,6,9,L,BUF,3,15,FiveThirtyEight
1997_1997-10-26_KC_LA,1997,NA,1997-10-26,Regular Season,FALSE,LA,KC,20,28,L,KC,8,48,FiveThirtyEight
1997_1997-10-26_IND_LAC,1997,NA,1997-10-26,Regular Season,FALSE,LAC,IND,35,19,W,LAC,16,54,FiveThirtyEight
1997_1997-10-26_DEN_BUF,1997,NA,1997-10-26,Regular Season,FALSE,BUF,DEN,20,23,L,DEN,3,43,FiveThirtyEight
1997_1997-10-26_ATL_CAR,1997,NA,1997-10-26,Regular Season,FALSE,CAR,ATL,21,12,W,CAR,9,33,FiveThirtyEight
1997_1997-10-26_TEN_ARI,1997,NA,1997-10-26,Regular Season,FALSE,ARI,TEN,14,41,L,TEN,27,55,FiveThirtyEight
1997_1997-10-26_SF_NO,1997,NA,1997-10-26,Regular Season,FALSE,NO,SF,0,23,L,SF,23,23,FiveThirtyEight
1997_1997-10-26_DAL_PHI,1997,NA,1997-10-26,Regular Season,FALSE,PHI,DAL,13,12,W,PHI,1,25,FiveThirtyEight
1997_1997-10-26_JAX_PIT,1997,NA,1997-10-26,Regular Season,FALSE,PIT,JAX,23,17,W,PIT,6,40,FiveThirtyEight
1997_1997-10-26_LV_SEA,1997,NA,1997-10-26,Regular Season,FALSE,SEA,LV,45,34,W,SEA,11,79,FiveThirtyEight
1997_1997-10-26_CIN_NYG,1997,NA,1997-10-26,Regular Season,FALSE,NYG,CIN,29,27,W,NYG,2,56,FiveThirtyEight
1997_1997-10-26_MIN_TB,1997,NA,1997-10-26,Regular Season,FALSE,TB,MIN,6,10,L,MIN,4,16,FiveThirtyEight
1997_1997-10-26_BAL_WAS,1997,NA,1997-10-26,Regular Season,FALSE,WAS,BAL,17,20,L,BAL,3,37,FiveThirtyEight
1997_1997-10-27_CHI_MIA,1997,NA,1997-10-27,Regular Season,FALSE,MIA,CHI,33,36,L,CHI,3,69,FiveThirtyEight
1997_1997-10-27_GB_NE,1997,NA,1997-10-27,Regular Season,FALSE,NE,GB,10,28,L,GB,18,38,FiveThirtyEight
1997_1997-11-02_JAX_TEN,1997,NA,1997-11-02,Regular Season,FALSE,TEN,JAX,24,30,L,JAX,6,54,FiveThirtyEight
1997_1997-11-02_DAL_SF,1997,NA,1997-11-02,Regular Season,FALSE,SF,DAL,17,10,W,SF,7,27,FiveThirtyEight
1997_1997-11-02_LA_ATL,1997,NA,1997-11-02,Regular Season,FALSE,ATL,LA,34,31,W,ATL,3,65,FiveThirtyEight
1997_1997-11-02_MIA_BUF,1997,NA,1997-11-02,Regular Season,FALSE,BUF,MIA,9,6,W,BUF,3,15,FiveThirtyEight
1997_1997-11-02_LV_CAR,1997,NA,1997-11-02,Regular Season,FALSE,CAR,LV,38,14,W,CAR,24,52,FiveThirtyEight
1997_1997-11-02_WAS_CHI,1997,NA,1997-11-02,Regular Season,FALSE,CHI,WAS,8,31,L,WAS,23,39,FiveThirtyEight
1997_1997-11-02_TB_IND,1997,NA,1997-11-02,Regular Season,FALSE,IND,TB,28,31,L,TB,3,59,FiveThirtyEight
1997_1997-11-02_PHI_ARI,1997,NA,1997-11-02,Regular Season,FALSE,ARI,PHI,31,21,W,ARI,10,52,FiveThirtyEight
1997_1997-11-02_SEA_DEN,1997,NA,1997-11-02,Regular Season,FALSE,DEN,SEA,30,27,W,DEN,3,57,FiveThirtyEight
1997_1997-11-02_LAC_CIN,1997,NA,1997-11-02,Regular Season,FALSE,CIN,LAC,38,31,W,CIN,7,69,FiveThirtyEight
1997_1997-11-02_BAL_NYJ,1997,NA,1997-11-02,Regular Season,FALSE,NYJ,BAL,19,16,W,NYJ,3,35,FiveThirtyEight
1997_1997-11-02_NE_MIN,1997,NA,1997-11-02,Regular Season,FALSE,MIN,NE,23,18,W,MIN,5,41,FiveThirtyEight
1997_1997-11-02_DET_GB,1997,NA,1997-11-02,Regular Season,FALSE,GB,DET,20,10,W,GB,10,30,FiveThirtyEight
1997_1997-11-03_PIT_KC,1997,NA,1997-11-03,Regular Season,FALSE,KC,PIT,13,10,W,KC,3,23,FiveThirtyEight
1997_1997-11-09_KC_JAX,1997,NA,1997-11-09,Regular Season,FALSE,JAX,KC,24,10,W,JAX,14,34,FiveThirtyEight
1997_1997-11-09_SEA_LAC,1997,NA,1997-11-09,Regular Season,FALSE,LAC,SEA,31,37,L,SEA,6,68,FiveThirtyEight
1997_1997-11-09_DET_WAS,1997,NA,1997-11-09,Regular Season,FALSE,WAS,DET,30,7,W,WAS,23,37,FiveThirtyEight
1997_1997-11-09_NO_LV,1997,NA,1997-11-09,Regular Season,FALSE,LV,NO,10,13,L,NO,3,23,FiveThirtyEight
1997_1997-11-09_LA_GB,1997,NA,1997-11-09,Regular Season,FALSE,GB,LA,17,7,W,GB,10,24,FiveThirtyEight
1997_1997-11-09_BAL_PIT,1997,NA,1997-11-09,Regular Season,FALSE,PIT,BAL,37,0,W,PIT,37,37,FiveThirtyEight
1997_1997-11-09_NYG_TEN,1997,NA,1997-11-09,Regular Season,FALSE,TEN,NYG,10,6,W,TEN,4,16,FiveThirtyEight
1997_1997-11-09_CHI_MIN,1997,NA,1997-11-09,Regular Season,FALSE,MIN,CHI,29,22,W,MIN,7,51,FiveThirtyEight
1997_1997-11-09_NYJ_MIA,1997,NA,1997-11-09,Regular Season,FALSE,MIA,NYJ,24,17,W,MIA,7,41,FiveThirtyEight
1997_1997-11-09_CAR_DEN,1997,NA,1997-11-09,Regular Season,FALSE,DEN,CAR,34,0,W,DEN,34,34,FiveThirtyEight
1997_1997-11-09_ARI_DAL,1997,NA,1997-11-09,Regular Season,FALSE,DAL,ARI,24,6,W,DAL,18,30,FiveThirtyEight
1997_1997-11-09_CIN_IND,1997,NA,1997-11-09,Regular Season,FALSE,IND,CIN,13,28,L,CIN,15,41,FiveThirtyEight
1997_1997-11-09_NE_BUF,1997,NA,1997-11-09,Regular Season,FALSE,BUF,NE,10,31,L,NE,21,41,FiveThirtyEight
1997_1997-11-09_TB_ATL,1997,NA,1997-11-09,Regular Season,FALSE,ATL,TB,10,31,L,TB,21,41,FiveThirtyEight
1997_1997-11-10_SF_PHI,1997,NA,1997-11-10,Regular Season,FALSE,PHI,SF,12,24,L,SF,12,36,FiveThirtyEight
1997_1997-11-16_NE_TB,1997,NA,1997-11-16,Regular Season,FALSE,TB,NE,27,7,W,TB,20,34,FiveThirtyEight
1997_1997-11-16_MIN_DET,1997,NA,1997-11-16,Regular Season,FALSE,DET,MIN,38,15,W,DET,23,53,FiveThirtyEight
1997_1997-11-16_NYJ_CHI,1997,NA,1997-11-16,Regular Season,FALSE,CHI,NYJ,15,23,L,NYJ,8,38,FiveThirtyEight
1997_1997-11-16_LV_LAC,1997,NA,1997-11-16,Regular Season,FALSE,LAC,LV,13,38,L,LV,25,51,FiveThirtyEight
1997_1997-11-16_WAS_DAL,1997,NA,1997-11-16,Regular Season,FALSE,DAL,WAS,17,14,W,DAL,3,31,FiveThirtyEight
1997_1997-11-16_ATL_LA,1997,NA,1997-11-16,Regular Season,FALSE,LA,ATL,21,27,L,ATL,6,48,FiveThirtyEight
1997_1997-11-16_DEN_KC,1997,NA,1997-11-16,Regular Season,FALSE,KC,DEN,24,22,W,KC,2,46,FiveThirtyEight
1997_1997-11-16_SEA_NO,1997,NA,1997-11-16,Regular Season,FALSE,NO,SEA,20,17,W,NO,3,37,FiveThirtyEight
1997_1997-11-16_ARI_NYG,1997,NA,1997-11-16,Regular Season,FALSE,NYG,ARI,19,10,W,NYG,9,29,FiveThirtyEight
1997_1997-11-16_CIN_PIT,1997,NA,1997-11-16,Regular Season,FALSE,PIT,CIN,20,3,W,PIT,17,23,FiveThirtyEight
1997_1997-11-16_PHI_BAL,1997,NA,1997-11-16,Regular Season,FALSE,BAL,PHI,10,10,T,Tie,0,20,FiveThirtyEight
1997_1997-11-16_CAR_SF,1997,NA,1997-11-16,Regular Season,FALSE,SF,CAR,27,19,W,SF,8,46,FiveThirtyEight
1997_1997-11-16_TEN_JAX,1997,NA,1997-11-16,Regular Season,FALSE,JAX,TEN,17,9,W,JAX,8,26,FiveThirtyEight
1997_1997-11-16_GB_IND,1997,NA,1997-11-16,Regular Season,FALSE,IND,GB,41,38,W,IND,3,79,FiveThirtyEight
1997_1997-11-17_BUF_MIA,1997,NA,1997-11-17,Regular Season,FALSE,MIA,BUF,30,13,W,MIA,17,43,FiveThirtyEight
1997_1997-11-23_ARI_BAL,1997,NA,1997-11-23,Regular Season,FALSE,BAL,ARI,13,16,L,ARI,3,29,FiveThirtyEight
1997_1997-11-23_LAC_SF,1997,NA,1997-11-23,Regular Season,FALSE,SF,LAC,17,10,W,SF,7,27,FiveThirtyEight
1997_1997-11-23_NO_ATL,1997,NA,1997-11-23,Regular Season,FALSE,ATL,NO,20,3,W,ATL,17,23,FiveThirtyEight
1997_1997-11-23_BUF_TEN,1997,NA,1997-11-23,Regular Season,FALSE,TEN,BUF,31,14,W,TEN,17,45,FiveThirtyEight
1997_1997-11-23_PIT_PHI,1997,NA,1997-11-23,Regular Season,FALSE,PHI,PIT,23,20,W,PHI,3,43,FiveThirtyEight
1997_1997-11-23_NYG_WAS,1997,NA,1997-11-23,Regular Season,FALSE,WAS,NYG,7,7,T,Tie,0,14,FiveThirtyEight
1997_1997-11-23_CAR_LA,1997,NA,1997-11-23,Regular Season,FALSE,LA,CAR,10,16,L,CAR,6,26,FiveThirtyEight
1997_1997-11-23_DAL_GB,1997,NA,1997-11-23,Regular Season,FALSE,GB,DAL,45,17,W,GB,28,62,FiveThirtyEight
1997_1997-11-23_TB_CHI,1997,NA,1997-11-23,Regular Season,FALSE,CHI,TB,13,7,W,CHI,6,20,FiveThirtyEight
1997_1997-11-23_JAX_CIN,1997,NA,1997-11-23,Regular Season,FALSE,CIN,JAX,31,26,W,CIN,5,57,FiveThirtyEight
1997_1997-11-23_IND_DET,1997,NA,1997-11-23,Regular Season,FALSE,DET,IND,32,10,W,DET,22,42,FiveThirtyEight
1997_1997-11-23_KC_SEA,1997,NA,1997-11-23,Regular Season,FALSE,SEA,KC,14,19,L,KC,5,33,FiveThirtyEight
1997_1997-11-23_MIA_NE,1997,NA,1997-11-23,Regular Season,FALSE,NE,MIA,27,24,W,NE,3,51,FiveThirtyEight
1997_1997-11-23_MIN_NYJ,1997,NA,1997-11-23,Regular Season,FALSE,NYJ,MIN,23,21,W,NYJ,2,44,FiveThirtyEight
1997_1997-11-24_LV_DEN,1997,NA,1997-11-24,Regular Season,FALSE,DEN,LV,31,3,W,DEN,28,34,FiveThirtyEight
1997_1997-11-27_CHI_DET,1997,NA,1997-11-27,Regular Season,FALSE,DET,CHI,55,20,W,DET,35,75,FiveThirtyEight
1997_1997-11-27_TEN_DAL,1997,NA,1997-11-27,Regular Season,FALSE,DAL,TEN,14,27,L,TEN,13,41,FiveThirtyEight
1997_1997-11-30_BAL_JAX,1997,NA,1997-11-30,Regular Season,FALSE,JAX,BAL,29,27,W,JAX,2,56,FiveThirtyEight
1997_1997-11-30_ATL_SEA,1997,NA,1997-11-30,Regular Season,FALSE,SEA,ATL,17,24,L,ATL,7,41,FiveThirtyEight
1997_1997-11-30_MIA_LV,1997,NA,1997-11-30,Regular Season,FALSE,LV,MIA,16,34,L,MIA,18,50,FiveThirtyEight
1997_1997-11-30_TB_NYG,1997,NA,1997-11-30,Regular Season,FALSE,NYG,TB,8,20,L,TB,12,28,FiveThirtyEight
1997_1997-11-30_IND_NE,1997,NA,1997-11-30,Regular Season,FALSE,NE,IND,20,17,W,NE,3,37,FiveThirtyEight
1997_1997-11-30_SF_KC,1997,NA,1997-11-30,Regular Season,FALSE,KC,SF,44,9,W,KC,35,53,FiveThirtyEight
1997_1997-11-30_PIT_ARI,1997,NA,1997-11-30,Regular Season,FALSE,ARI,PIT,20,26,L,PIT,6,46,FiveThirtyEight
1997_1997-11-30_NO_CAR,1997,NA,1997-11-30,Regular Season,FALSE,CAR,NO,13,16,L,NO,3,29,FiveThirtyEight
1997_1997-11-30_NYJ_BUF,1997,NA,1997-11-30,Regular Season,FALSE,BUF,NYJ,20,10,W,BUF,10,30,FiveThirtyEight
1997_1997-11-30_LA_WAS,1997,NA,1997-11-30,Regular Season,FALSE,WAS,LA,20,23,L,LA,3,43,FiveThirtyEight
1997_1997-11-30_DEN_LAC,1997,NA,1997-11-30,Regular Season,FALSE,LAC,DEN,28,38,L,DEN,10,66,FiveThirtyEight
1997_1997-11-30_CIN_PHI,1997,NA,1997-11-30,Regular Season,FALSE,PHI,CIN,44,42,W,PHI,2,86,FiveThirtyEight
1997_1997-12-01_GB_MIN,1997,NA,1997-12-01,Regular Season,FALSE,MIN,GB,11,27,L,GB,16,38,FiveThirtyEight
1997_1997-12-04_TEN_CIN,1997,NA,1997-12-04,Regular Season,FALSE,CIN,TEN,41,14,W,CIN,27,55,FiveThirtyEight
1997_1997-12-07_MIN_SF,1997,NA,1997-12-07,Regular Season,FALSE,SF,MIN,28,17,W,SF,11,45,FiveThirtyEight
1997_1997-12-07_SEA_BAL,1997,NA,1997-12-07,Regular Season,FALSE,BAL,SEA,31,24,W,BAL,7,55,FiveThirtyEight
1997_1997-12-07_DEN_PIT,1997,NA,1997-12-07,Regular Season,FALSE,PIT,DEN,35,24,W,PIT,11,59,FiveThirtyEight
1997_1997-12-07_NYG_PHI,1997,NA,1997-12-07,Regular Season,FALSE,PHI,NYG,21,31,L,NYG,10,52,FiveThirtyEight
1997_1997-12-07_IND_NYJ,1997,NA,1997-12-07,Regular Season,FALSE,NYJ,IND,14,22,L,IND,8,36,FiveThirtyEight
1997_1997-12-07_DET_MIA,1997,NA,1997-12-07,Regular Season,FALSE,MIA,DET,33,30,W,MIA,3,63,FiveThirtyEight
1997_1997-12-07_LV_KC,1997,NA,1997-12-07,Regular Season,FALSE,KC,LV,30,0,W,KC,30,30,FiveThirtyEight
1997_1997-12-07_NE_JAX,1997,NA,1997-12-07,Regular Season,FALSE,JAX,NE,20,26,L,NE,6,46,FiveThirtyEight
1997_1997-12-07_WAS_ARI,1997,NA,1997-12-07,Regular Season,FALSE,ARI,WAS,28,38,L,WAS,10,66,FiveThirtyEight
1997_1997-12-07_BUF_CHI,1997,NA,1997-12-07,Regular Season,FALSE,CHI,BUF,20,3,W,CHI,17,23,FiveThirtyEight
1997_1997-12-07_ATL_LAC,1997,NA,1997-12-07,Regular Season,FALSE,LAC,ATL,3,14,L,ATL,11,17,FiveThirtyEight
1997_1997-12-07_GB_TB,1997,NA,1997-12-07,Regular Season,FALSE,TB,GB,6,17,L,GB,11,23,FiveThirtyEight
1997_1997-12-07_LA_NO,1997,NA,1997-12-07,Regular Season,FALSE,NO,LA,27,34,L,LA,7,61,FiveThirtyEight
1997_1997-12-08_CAR_DAL,1997,NA,1997-12-08,Regular Season,FALSE,DAL,CAR,13,23,L,CAR,10,36,FiveThirtyEight
1997_1997-12-13_WAS_NYG,1997,NA,1997-12-13,Regular Season,FALSE,NYG,WAS,30,10,W,NYG,20,40,FiveThirtyEight
1997_1997-12-13_PIT_NE,1997,NA,1997-12-13,Regular Season,FALSE,NE,PIT,21,24,L,PIT,3,45,FiveThirtyEight
1997_1997-12-14_TB_NYJ,1997,NA,1997-12-14,Regular Season,FALSE,NYJ,TB,31,0,W,NYJ,31,31,FiveThirtyEight
1997_1997-12-14_PHI_ATL,1997,NA,1997-12-14,Regular Season,FALSE,ATL,PHI,20,17,W,ATL,3,37,FiveThirtyEight
1997_1997-12-14_JAX_BUF,1997,NA,1997-12-14,Regular Season,FALSE,BUF,JAX,14,20,L,JAX,6,34,FiveThirtyEight
1997_1997-12-14_GB_CAR,1997,NA,1997-12-14,Regular Season,FALSE,CAR,GB,10,31,L,GB,21,41,FiveThirtyEight
1997_1997-12-14_KC_LAC,1997,NA,1997-12-14,Regular Season,FALSE,LAC,KC,7,29,L,KC,22,36,FiveThirtyEight
1997_1997-12-14_DAL_CIN,1997,NA,1997-12-14,Regular Season,FALSE,CIN,DAL,31,24,W,CIN,7,55,FiveThirtyEight
1997_1997-12-14_MIA_IND,1997,NA,1997-12-14,Regular Season,FALSE,IND,MIA,41,0,W,IND,41,41,FiveThirtyEight
1997_1997-12-14_DET_MIN,1997,NA,1997-12-14,Regular Season,FALSE,MIN,DET,13,14,L,DET,1,27,FiveThirtyEight
1997_1997-12-14_ARI_NO,1997,NA,1997-12-14,Regular Season,FALSE,NO,ARI,27,10,W,NO,17,37,FiveThirtyEight
1997_1997-12-14_SEA_LV,1997,NA,1997-12-14,Regular Season,FALSE,LV,SEA,21,22,L,SEA,1,43,FiveThirtyEight
1997_1997-12-14_TEN_BAL,1997,NA,1997-12-14,Regular Season,FALSE,BAL,TEN,21,19,W,BAL,2,40,FiveThirtyEight
1997_1997-12-14_CHI_LA,1997,NA,1997-12-14,Regular Season,FALSE,LA,CHI,10,13,L,CHI,3,23,FiveThirtyEight
1997_1997-12-15_DEN_SF,1997,NA,1997-12-15,Regular Season,FALSE,SF,DEN,34,17,W,SF,17,51,FiveThirtyEight
1997_1997-12-20_LA_CAR,1997,NA,1997-12-20,Regular Season,FALSE,CAR,LA,18,30,L,LA,12,48,FiveThirtyEight
1997_1997-12-20_BUF_GB,1997,NA,1997-12-20,Regular Season,FALSE,GB,BUF,31,21,W,GB,10,52,FiveThirtyEight
1997_1997-12-21_SF_SEA,1997,NA,1997-12-21,Regular Season,FALSE,SEA,SF,38,9,W,SEA,29,47,FiveThirtyEight
1997_1997-12-21_JAX_LV,1997,NA,1997-12-21,Regular Season,FALSE,LV,JAX,9,20,L,JAX,11,29,FiveThirtyEight
1997_1997-12-21_PIT_TEN,1997,NA,1997-12-21,Regular Season,FALSE,TEN,PIT,16,6,W,TEN,10,22,FiveThirtyEight
1997_1997-12-21_IND_MIN,1997,NA,1997-12-21,Regular Season,FALSE,MIN,IND,39,28,W,MIN,11,67,FiveThirtyEight
1997_1997-12-21_NO_KC,1997,NA,1997-12-21,Regular Season,FALSE,KC,NO,25,13,W,KC,12,38,FiveThirtyEight
1997_1997-12-21_NYG_DAL,1997,NA,1997-12-21,Regular Season,FALSE,DAL,NYG,7,20,L,NYG,13,27,FiveThirtyEight
1997_1997-12-21_ATL_ARI,1997,NA,1997-12-21,Regular Season,FALSE,ARI,ATL,29,26,W,ARI,3,55,FiveThirtyEight
1997_1997-12-21_NYJ_DET,1997,NA,1997-12-21,Regular Season,FALSE,DET,NYJ,13,10,W,DET,3,23,FiveThirtyEight
1997_1997-12-21_CHI_TB,1997,NA,1997-12-21,Regular Season,FALSE,TB,CHI,31,15,W,TB,16,46,FiveThirtyEight
1997_1997-12-21_PHI_WAS,1997,NA,1997-12-21,Regular Season,FALSE,WAS,PHI,35,32,W,WAS,3,67,FiveThirtyEight
1997_1997-12-21_LAC_DEN,1997,NA,1997-12-21,Regular Season,FALSE,DEN,LAC,38,3,W,DEN,35,41,FiveThirtyEight
1997_1997-12-21_BAL_CIN,1997,NA,1997-12-21,Regular Season,FALSE,CIN,BAL,16,14,W,CIN,2,30,FiveThirtyEight
1997_1997-12-22_NE_MIA,1997,NA,1997-12-22,Regular Season,FALSE,MIA,NE,12,14,L,NE,2,26,FiveThirtyEight
1998_1998-09-06_WAS_NYG,1998,NA,1998-09-06,Regular Season,FALSE,NYG,WAS,31,24,W,NYG,7,55,FiveThirtyEight
1998_1998-09-06_ARI_DAL,1998,NA,1998-09-06,Regular Season,FALSE,DAL,ARI,38,10,W,DAL,28,48,FiveThirtyEight
1998_1998-09-06_TB_MIN,1998,NA,1998-09-06,Regular Season,FALSE,MIN,TB,31,7,W,MIN,24,38,FiveThirtyEight
1998_1998-09-06_NO_LA,1998,NA,1998-09-06,Regular Season,FALSE,LA,NO,17,24,L,NO,7,41,FiveThirtyEight
1998_1998-09-06_DET_GB,1998,NA,1998-09-06,Regular Season,FALSE,GB,DET,38,19,W,GB,19,57,FiveThirtyEight
1998_1998-09-06_PIT_BAL,1998,NA,1998-09-06,Regular Season,FALSE,BAL,PIT,13,20,L,PIT,7,33,FiveThirtyEight
1998_1998-09-06_NYJ_SF,1998,NA,1998-09-06,Regular Season,FALSE,SF,NYJ,36,30,W,SF,6,66,FiveThirtyEight
1998_1998-09-06_BUF_LAC,1998,NA,1998-09-06,Regular Season,FALSE,LAC,BUF,16,14,W,LAC,2,30,FiveThirtyEight
1998_1998-09-06_ATL_CAR,1998,NA,1998-09-06,Regular Season,FALSE,CAR,ATL,14,19,L,ATL,5,33,FiveThirtyEight
1998_1998-09-06_SEA_PHI,1998,NA,1998-09-06,Regular Season,FALSE,PHI,SEA,0,38,L,SEA,38,38,FiveThirtyEight
1998_1998-09-06_LV_KC,1998,NA,1998-09-06,Regular Season,FALSE,KC,LV,28,8,W,KC,20,36,FiveThirtyEight
1998_1998-09-06_MIA_IND,1998,NA,1998-09-06,Regular Season,FALSE,IND,MIA,15,24,L,MIA,9,39,FiveThirtyEight
1998_1998-09-06_TEN_CIN,1998,NA,1998-09-06,Regular Season,FALSE,CIN,TEN,14,23,L,TEN,9,37,FiveThirtyEight
1998_1998-09-06_JAX_CHI,1998,NA,1998-09-06,Regular Season,FALSE,CHI,JAX,23,24,L,JAX,1,47,FiveThirtyEight
1998_1998-09-07_NE_DEN,1998,NA,1998-09-07,Regular Season,FALSE,DEN,NE,27,21,W,DEN,6,48,FiveThirtyEight
1998_1998-09-13_BAL_NYJ,1998,NA,1998-09-13,Regular Season,FALSE,NYJ,BAL,10,24,L,BAL,14,34,FiveThirtyEight
1998_1998-09-13_NYG_LV,1998,NA,1998-09-13,Regular Season,FALSE,LV,NYG,20,17,W,LV,3,37,FiveThirtyEight
1998_1998-09-13_ARI_SEA,1998,NA,1998-09-13,Regular Season,FALSE,SEA,ARI,33,14,W,SEA,19,47,FiveThirtyEight
1998_1998-09-13_MIN_LA,1998,NA,1998-09-13,Regular Season,FALSE,LA,MIN,31,38,L,MIN,7,69,FiveThirtyEight
1998_1998-09-13_LAC_TEN,1998,NA,1998-09-13,Regular Season,FALSE,TEN,LAC,7,13,L,LAC,6,20,FiveThirtyEight
1998_1998-09-13_PHI_ATL,1998,NA,1998-09-13,Regular Season,FALSE,ATL,PHI,17,12,W,ATL,5,29,FiveThirtyEight
1998_1998-09-13_DAL_DEN,1998,NA,1998-09-13,Regular Season,FALSE,DEN,DAL,42,23,W,DEN,19,65,FiveThirtyEight
1998_1998-09-13_CIN_DET,1998,NA,1998-09-13,Regular Season,FALSE,DET,CIN,28,34,L,CIN,6,62,FiveThirtyEight
1998_1998-09-13_TB_GB,1998,NA,1998-09-13,Regular Season,FALSE,GB,TB,23,15,W,GB,8,38,FiveThirtyEight
1998_1998-09-13_KC_JAX,1998,NA,1998-09-13,Regular Season,FALSE,JAX,KC,21,16,W,JAX,5,37,FiveThirtyEight
1998_1998-09-13_BUF_MIA,1998,NA,1998-09-13,Regular Season,FALSE,MIA,BUF,13,7,W,MIA,6,20,FiveThirtyEight
1998_1998-09-13_CAR_NO,1998,NA,1998-09-13,Regular Season,FALSE,NO,CAR,19,14,W,NO,5,33,FiveThirtyEight
1998_1998-09-13_IND_NE,1998,NA,1998-09-13,Regular Season,FALSE,NE,IND,29,6,W,NE,23,35,FiveThirtyEight
1998_1998-09-13_CHI_PIT,1998,NA,1998-09-13,Regular Season,FALSE,PIT,CHI,17,12,W,PIT,5,29,FiveThirtyEight
1998_1998-09-14_SF_WAS,1998,NA,1998-09-14,Regular Season,FALSE,WAS,SF,10,45,L,SF,35,55,FiveThirtyEight
1998_1998-09-20_PIT_MIA,1998,NA,1998-09-20,Regular Season,FALSE,MIA,PIT,21,0,W,MIA,21,21,FiveThirtyEight
1998_1998-09-20_DET_MIN,1998,NA,1998-09-20,Regular Season,FALSE,MIN,DET,29,6,W,MIN,23,35,FiveThirtyEight
1998_1998-09-20_TEN_NE,1998,NA,1998-09-20,Regular Season,FALSE,NE,TEN,27,16,W,NE,11,43,FiveThirtyEight
1998_1998-09-20_IND_NYJ,1998,NA,1998-09-20,Regular Season,FALSE,NYJ,IND,44,6,W,NYJ,38,50,FiveThirtyEight
1998_1998-09-20_DEN_LV,1998,NA,1998-09-20,Regular Season,FALSE,LV,DEN,17,34,L,DEN,17,51,FiveThirtyEight
1998_1998-09-20_WAS_SEA,1998,NA,1998-09-20,Regular Season,FALSE,SEA,WAS,24,14,W,SEA,10,38,FiveThirtyEight
1998_1998-09-20_CHI_TB,1998,NA,1998-09-20,Regular Season,FALSE,TB,CHI,27,15,W,TB,12,42,FiveThirtyEight
1998_1998-09-20_LAC_KC,1998,NA,1998-09-20,Regular Season,FALSE,KC,LAC,23,7,W,KC,16,30,FiveThirtyEight
1998_1998-09-20_PHI_ARI,1998,NA,1998-09-20,Regular Season,FALSE,ARI,PHI,17,3,W,ARI,14,20,FiveThirtyEight
1998_1998-09-20_LA_BUF,1998,NA,1998-09-20,Regular Season,FALSE,BUF,LA,33,34,L,LA,1,67,FiveThirtyEight
1998_1998-09-20_GB_CIN,1998,NA,1998-09-20,Regular Season,FALSE,CIN,GB,6,13,L,GB,7,19,FiveThirtyEight
1998_1998-09-20_BAL_JAX,1998,NA,1998-09-20,Regular Season,FALSE,JAX,BAL,24,10,W,JAX,14,34,FiveThirtyEight
1998_1998-09-21_DAL_NYG,1998,NA,1998-09-21,Regular Season,FALSE,NYG,DAL,7,31,L,DAL,24,38,FiveThirtyEight
1998_1998-09-27_NYG_LAC,1998,NA,1998-09-27,Regular Season,FALSE,LAC,NYG,16,34,L,NYG,18,50,FiveThirtyEight
1998_1998-09-27_MIN_CHI,1998,NA,1998-09-27,Regular Season,FALSE,CHI,MIN,28,31,L,MIN,3,59,FiveThirtyEight
1998_1998-09-27_GB_CAR,1998,NA,1998-09-27,Regular Season,FALSE,CAR,GB,30,37,L,GB,7,67,FiveThirtyEight
1998_1998-09-27_ARI_LA,1998,NA,1998-09-27,Regular Season,FALSE,LA,ARI,17,20,L,ARI,3,37,FiveThirtyEight
1998_1998-09-27_NO_IND,1998,NA,1998-09-27,Regular Season,FALSE,IND,NO,13,19,L,NO,6,32,FiveThirtyEight
1998_1998-09-27_LV_DAL,1998,NA,1998-09-27,Regular Season,FALSE,DAL,LV,12,13,L,LV,1,25,FiveThirtyEight
1998_1998-09-27_JAX_TEN,1998,NA,1998-09-27,Regular Season,FALSE,TEN,JAX,22,27,L,JAX,5,49,FiveThirtyEight
1998_1998-09-27_KC_PHI,1998,NA,1998-09-27,Regular Season,FALSE,PHI,KC,21,24,L,KC,3,45,FiveThirtyEight
1998_1998-09-27_SEA_PIT,1998,NA,1998-09-27,Regular Season,FALSE,PIT,SEA,13,10,W,PIT,3,23,FiveThirtyEight
1998_1998-09-27_CIN_BAL,1998,NA,1998-09-27,Regular Season,FALSE,BAL,CIN,31,24,W,BAL,7,55,FiveThirtyEight
1998_1998-09-27_ATL_SF,1998,NA,1998-09-27,Regular Season,FALSE,SF,ATL,31,20,W,SF,11,51,FiveThirtyEight
1998_1998-09-27_DEN_WAS,1998,NA,1998-09-27,Regular Season,FALSE,WAS,DEN,16,38,L,DEN,22,54,FiveThirtyEight
1998_1998-09-28_TB_DET,1998,NA,1998-09-28,Regular Season,FALSE,DET,TB,27,6,W,DET,21,33,FiveThirtyEight
1998_1998-10-04_CAR_ATL,1998,NA,1998-10-04,Regular Season,FALSE,ATL,CAR,51,23,W,ATL,28,74,FiveThirtyEight
1998_1998-10-04_LV_ARI,1998,NA,1998-10-04,Regular Season,FALSE,ARI,LV,20,23,L,LV,3,43,FiveThirtyEight
1998_1998-10-04_PHI_DEN,1998,NA,1998-10-04,Regular Season,FALSE,DEN,PHI,41,16,W,DEN,25,57,FiveThirtyEight
1998_1998-10-04_SEA_KC,1998,NA,1998-10-04,Regular Season,FALSE,KC,SEA,17,6,W,KC,11,23,FiveThirtyEight
1998_1998-10-04_SF_BUF,1998,NA,1998-10-04,Regular Season,FALSE,BUF,SF,26,21,W,BUF,5,47,FiveThirtyEight
1998_1998-10-04_NE_NO,1998,NA,1998-10-04,Regular Season,FALSE,NO,NE,27,30,L,NE,3,57,FiveThirtyEight
1998_1998-10-04_MIA_NYJ,1998,NA,1998-10-04,Regular Season,FALSE,NYJ,MIA,20,9,W,NYJ,11,29,FiveThirtyEight
1998_1998-10-04_NYG_TB,1998,NA,1998-10-04,Regular Season,FALSE,TB,NYG,20,3,W,TB,17,23,FiveThirtyEight
1998_1998-10-04_DAL_WAS,1998,NA,1998-10-04,Regular Season,FALSE,WAS,DAL,10,31,L,DAL,21,41,FiveThirtyEight
1998_1998-10-04_DET_CHI,1998,NA,1998-10-04,Regular Season,FALSE,CHI,DET,31,27,W,CHI,4,58,FiveThirtyEight
1998_1998-10-04_LAC_IND,1998,NA,1998-10-04,Regular Season,FALSE,IND,LAC,17,12,W,IND,5,29,FiveThirtyEight
1998_1998-10-05_MIN_GB,1998,NA,1998-10-05,Regular Season,FALSE,GB,MIN,24,37,L,MIN,13,61,FiveThirtyEight
1998_1998-10-11_PIT_CIN,1998,NA,1998-10-11,Regular Season,FALSE,CIN,PIT,25,20,W,CIN,5,45,FiveThirtyEight
1998_1998-10-11_DEN_SEA,1998,NA,1998-10-11,Regular Season,FALSE,SEA,DEN,16,21,L,DEN,5,37,FiveThirtyEight
1998_1998-10-11_TEN_BAL,1998,NA,1998-10-11,Regular Season,FALSE,BAL,TEN,8,12,L,TEN,4,20,FiveThirtyEight
1998_1998-10-11_WAS_PHI,1998,NA,1998-10-11,Regular Season,FALSE,PHI,WAS,17,12,W,PHI,5,29,FiveThirtyEight
1998_1998-10-11_ATL_NYG,1998,NA,1998-10-11,Regular Season,FALSE,NYG,ATL,20,34,L,ATL,14,54,FiveThirtyEight
1998_1998-10-11_KC_NE,1998,NA,1998-10-11,Regular Season,FALSE,NE,KC,40,10,W,NE,30,50,FiveThirtyEight
1998_1998-10-11_SF_NO,1998,NA,1998-10-11,Regular Season,FALSE,NO,SF,0,31,L,SF,31,31,FiveThirtyEight
1998_1998-10-11_CHI_ARI,1998,NA,1998-10-11,Regular Season,FALSE,ARI,CHI,20,7,W,ARI,13,27,FiveThirtyEight
1998_1998-10-11_BUF_IND,1998,NA,1998-10-11,Regular Season,FALSE,IND,BUF,24,31,L,BUF,7,55,FiveThirtyEight
1998_1998-10-11_CAR_DAL,1998,NA,1998-10-11,Regular Season,FALSE,DAL,CAR,27,20,W,DAL,7,47,FiveThirtyEight
1998_1998-10-11_NYJ_LA,1998,NA,1998-10-11,Regular Season,FALSE,LA,NYJ,30,10,W,LA,20,40,FiveThirtyEight
1998_1998-10-11_LAC_LV,1998,NA,1998-10-11,Regular Season,FALSE,LV,LAC,7,6,W,LV,1,13,FiveThirtyEight
1998_1998-10-12_MIA_JAX,1998,NA,1998-10-12,Regular Season,FALSE,JAX,MIA,28,21,W,JAX,7,49,FiveThirtyEight
1998_1998-10-15_GB_DET,1998,NA,1998-10-15,Regular Season,FALSE,DET,GB,27,20,W,DET,7,47,FiveThirtyEight
1998_1998-10-18_DAL_CHI,1998,NA,1998-10-18,Regular Season,FALSE,CHI,DAL,13,12,W,CHI,1,25,FiveThirtyEight
1998_1998-10-18_WAS_MIN,1998,NA,1998-10-18,Regular Season,FALSE,MIN,WAS,41,7,W,MIN,34,48,FiveThirtyEight
1998_1998-10-18_LA_MIA,1998,NA,1998-10-18,Regular Season,FALSE,MIA,LA,14,0,W,MIA,14,14,FiveThirtyEight
1998_1998-10-18_BAL_PIT,1998,NA,1998-10-18,Regular Season,FALSE,PIT,BAL,16,6,W,PIT,10,22,FiveThirtyEight
1998_1998-10-18_ARI_NYG,1998,NA,1998-10-18,Regular Season,FALSE,NYG,ARI,34,7,W,NYG,27,41,FiveThirtyEight
1998_1998-10-18_PHI_LAC,1998,NA,1998-10-18,Regular Season,FALSE,LAC,PHI,13,10,W,LAC,3,23,FiveThirtyEight
1998_1998-10-18_IND_SF,1998,NA,1998-10-18,Regular Season,FALSE,SF,IND,34,31,W,SF,3,65,FiveThirtyEight
1998_1998-10-18_CAR_TB,1998,NA,1998-10-18,Regular Season,FALSE,TB,CAR,16,13,W,TB,3,29,FiveThirtyEight
1998_1998-10-18_CIN_TEN,1998,NA,1998-10-18,Regular Season,FALSE,TEN,CIN,44,14,W,TEN,30,58,FiveThirtyEight
1998_1998-10-18_JAX_BUF,1998,NA,1998-10-18,Regular Season,FALSE,BUF,JAX,17,16,W,BUF,1,33,FiveThirtyEight
1998_1998-10-18_NO_ATL,1998,NA,1998-10-18,Regular Season,FALSE,ATL,NO,31,23,W,ATL,8,54,FiveThirtyEight
1998_1998-10-19_NYJ_NE,1998,NA,1998-10-19,Regular Season,FALSE,NE,NYJ,14,24,L,NYJ,10,38,FiveThirtyEight
1998_1998-10-25_SF_LA,1998,NA,1998-10-25,Regular Season,FALSE,LA,SF,10,28,L,SF,18,38,FiveThirtyEight
1998_1998-10-25_BAL_GB,1998,NA,1998-10-25,Regular Season,FALSE,GB,BAL,28,10,W,GB,18,38,FiveThirtyEight
1998_1998-10-25_CIN_LV,1998,NA,1998-10-25,Regular Season,FALSE,LV,CIN,27,10,W,LV,17,37,FiveThirtyEight
1998_1998-10-25_CHI_TEN,1998,NA,1998-10-25,Regular Season,FALSE,TEN,CHI,20,23,L,CHI,3,43,FiveThirtyEight
1998_1998-10-25_ATL_NYJ,1998,NA,1998-10-25,Regular Season,FALSE,NYJ,ATL,28,3,W,NYJ,25,31,FiveThirtyEight
1998_1998-10-25_BUF_CAR,1998,NA,1998-10-25,Regular Season,FALSE,CAR,BUF,14,30,L,BUF,16,44,FiveThirtyEight
1998_1998-10-25_TB_NO,1998,NA,1998-10-25,Regular Season,FALSE,NO,TB,9,3,W,NO,6,12,FiveThirtyEight
1998_1998-10-25_NE_MIA,1998,NA,1998-10-25,Regular Season,FALSE,MIA,NE,12,9,W,MIA,3,21,FiveThirtyEight
1998_1998-10-25_JAX_DEN,1998,NA,1998-10-25,Regular Season,FALSE,DEN,JAX,37,24,W,DEN,13,61,FiveThirtyEight
1998_1998-10-25_MIN_DET,1998,NA,1998-10-25,Regular Season,FALSE,DET,MIN,13,34,L,MIN,21,47,FiveThirtyEight
1998_1998-10-25_SEA_LAC,1998,NA,1998-10-25,Regular Season,FALSE,LAC,SEA,20,27,L,SEA,7,47,FiveThirtyEight
1998_1998-10-26_PIT_KC,1998,NA,1998-10-26,Regular Season,FALSE,KC,PIT,13,20,L,PIT,7,33,FiveThirtyEight
1998_1998-11-01_NYG_WAS,1998,NA,1998-11-01,Regular Season,FALSE,WAS,NYG,21,14,W,WAS,7,35,FiveThirtyEight
1998_1998-11-01_NO_CAR,1998,NA,1998-11-01,Regular Season,FALSE,CAR,NO,31,17,W,CAR,14,48,FiveThirtyEight
1998_1998-11-01_JAX_BAL,1998,NA,1998-11-01,Regular Season,FALSE,BAL,JAX,19,45,L,JAX,26,64,FiveThirtyEight
1998_1998-11-01_DEN_CIN,1998,NA,1998-11-01,Regular Season,FALSE,CIN,DEN,26,33,L,DEN,7,59,FiveThirtyEight
1998_1998-11-01_TEN_PIT,1998,NA,1998-11-01,Regular Season,FALSE,PIT,TEN,31,41,L,TEN,10,72,FiveThirtyEight
1998_1998-11-01_NE_IND,1998,NA,1998-11-01,Regular Season,FALSE,IND,NE,16,21,L,NE,5,37,FiveThirtyEight
1998_1998-11-01_MIN_TB,1998,NA,1998-11-01,Regular Season,FALSE,TB,MIN,27,24,W,TB,3,51,FiveThirtyEight
1998_1998-11-01_ARI_DET,1998,NA,1998-11-01,Regular Season,FALSE,DET,ARI,15,17,L,ARI,2,32,FiveThirtyEight
1998_1998-11-01_SF_GB,1998,NA,1998-11-01,Regular Season,FALSE,GB,SF,36,22,W,GB,14,58,FiveThirtyEight
1998_1998-11-01_NYJ_KC,1998,NA,1998-11-01,Regular Season,FALSE,KC,NYJ,17,20,L,NYJ,3,37,FiveThirtyEight
1998_1998-11-01_MIA_BUF,1998,NA,1998-11-01,Regular Season,FALSE,BUF,MIA,30,24,W,BUF,6,54,FiveThirtyEight
1998_1998-11-01_LA_ATL,1998,NA,1998-11-01,Regular Season,FALSE,ATL,LA,37,15,W,ATL,22,52,FiveThirtyEight
1998_1998-11-01_LV_SEA,1998,NA,1998-11-01,Regular Season,FALSE,SEA,LV,18,31,L,LV,13,49,FiveThirtyEight
1998_1998-11-02_DAL_PHI,1998,NA,1998-11-02,Regular Season,FALSE,PHI,DAL,0,34,L,DAL,34,34,FiveThirtyEight
1998_1998-11-08_ATL_NE,1998,NA,1998-11-08,Regular Season,FALSE,NE,ATL,10,41,L,ATL,31,51,FiveThirtyEight
1998_1998-11-08_CIN_JAX,1998,NA,1998-11-08,Regular Season,FALSE,JAX,CIN,24,11,W,JAX,13,35,FiveThirtyEight
1998_1998-11-08_LA_CHI,1998,NA,1998-11-08,Regular Season,FALSE,CHI,LA,12,20,L,LA,8,32,FiveThirtyEight
1998_1998-11-08_LV_BAL,1998,NA,1998-11-08,Regular Season,FALSE,BAL,LV,13,10,W,BAL,3,23,FiveThirtyEight
1998_1998-11-08_CAR_SF,1998,NA,1998-11-08,Regular Season,FALSE,SF,CAR,25,23,W,SF,2,48,FiveThirtyEight
1998_1998-11-08_TEN_TB,1998,NA,1998-11-08,Regular Season,FALSE,TB,TEN,22,31,L,TEN,9,53,FiveThirtyEight
1998_1998-11-08_DET_PHI,1998,NA,1998-11-08,Regular Season,FALSE,PHI,DET,10,9,W,PHI,1,19,FiveThirtyEight
1998_1998-11-08_BUF_NYJ,1998,NA,1998-11-08,Regular Season,FALSE,NYJ,BUF,34,12,W,NYJ,22,46,FiveThirtyEight
1998_1998-11-08_NO_MIN,1998,NA,1998-11-08,Regular Season,FALSE,MIN,NO,31,24,W,MIN,7,55,FiveThirtyEight
1998_1998-11-08_IND_MIA,1998,NA,1998-11-08,Regular Season,FALSE,MIA,IND,27,14,W,MIA,13,41,FiveThirtyEight
1998_1998-11-08_NYG_DAL,1998,NA,1998-11-08,Regular Season,FALSE,DAL,NYG,16,6,W,DAL,10,22,FiveThirtyEight
1998_1998-11-08_WAS_ARI,1998,NA,1998-11-08,Regular Season,FALSE,ARI,WAS,29,27,W,ARI,2,56,FiveThirtyEight
1998_1998-11-08_LAC_DEN,1998,NA,1998-11-08,Regular Season,FALSE,DEN,LAC,27,10,W,DEN,17,37,FiveThirtyEight
1998_1998-11-08_KC_SEA,1998,NA,1998-11-08,Regular Season,FALSE,SEA,KC,24,12,W,SEA,12,36,FiveThirtyEight
1998_1998-11-09_GB_PIT,1998,NA,1998-11-09,Regular Season,FALSE,PIT,GB,27,20,W,PIT,7,47,FiveThirtyEight
1998_1998-11-15_TB_JAX,1998,NA,1998-11-15,Regular Season,FALSE,JAX,TB,29,24,W,JAX,5,53,FiveThirtyEight
1998_1998-11-15_PIT_TEN,1998,NA,1998-11-15,Regular Season,FALSE,TEN,PIT,23,14,W,TEN,9,37,FiveThirtyEight
1998_1998-11-15_CIN_MIN,1998,NA,1998-11-15,Regular Season,FALSE,MIN,CIN,24,3,W,MIN,21,27,FiveThirtyEight
1998_1998-11-15_LA_NO,1998,NA,1998-11-15,Regular Season,FALSE,NO,LA,24,3,W,NO,21,27,FiveThirtyEight
1998_1998-11-15_SF_ATL,1998,NA,1998-11-15,Regular Season,FALSE,ATL,SF,31,19,W,ATL,12,50,FiveThirtyEight
1998_1998-11-15_BAL_LAC,1998,NA,1998-11-15,Regular Season,FALSE,LAC,BAL,14,13,W,LAC,1,27,FiveThirtyEight
1998_1998-11-15_GB_NYG,1998,NA,1998-11-15,Regular Season,FALSE,NYG,GB,3,37,L,GB,34,40,FiveThirtyEight
1998_1998-11-15_NE_BUF,1998,NA,1998-11-15,Regular Season,FALSE,BUF,NE,13,10,W,BUF,3,23,FiveThirtyEight
1998_1998-11-15_MIA_CAR,1998,NA,1998-11-15,Regular Season,FALSE,CAR,MIA,9,13,L,MIA,4,22,FiveThirtyEight
1998_1998-11-15_NYJ_IND,1998,NA,1998-11-15,Regular Season,FALSE,IND,NYJ,24,23,W,IND,1,47,FiveThirtyEight
1998_1998-11-15_DAL_ARI,1998,NA,1998-11-15,Regular Season,FALSE,ARI,DAL,28,35,L,DAL,7,63,FiveThirtyEight
1998_1998-11-15_CHI_DET,1998,NA,1998-11-15,Regular Season,FALSE,DET,CHI,26,3,W,DET,23,29,FiveThirtyEight
1998_1998-11-15_PHI_WAS,1998,NA,1998-11-15,Regular Season,FALSE,WAS,PHI,28,3,W,WAS,25,31,FiveThirtyEight
1998_1998-11-15_SEA_LV,1998,NA,1998-11-15,Regular Season,FALSE,LV,SEA,20,17,W,LV,3,37,FiveThirtyEight
1998_1998-11-16_DEN_KC,1998,NA,1998-11-16,Regular Season,FALSE,KC,DEN,7,30,L,DEN,23,37,FiveThirtyEight
1998_1998-11-22_KC_LAC,1998,NA,1998-11-22,Regular Season,FALSE,LAC,KC,38,37,W,LAC,1,75,FiveThirtyEight
1998_1998-11-22_ARI_WAS,1998,NA,1998-11-22,Regular Season,FALSE,WAS,ARI,42,45,L,ARI,3,87,FiveThirtyEight
1998_1998-11-22_DET_TB,1998,NA,1998-11-22,Regular Season,FALSE,TB,DET,25,28,L,DET,3,53,FiveThirtyEight
1998_1998-11-22_NO_SF,1998,NA,1998-11-22,Regular Season,FALSE,SF,NO,31,20,W,SF,11,51,FiveThirtyEight
1998_1998-11-22_JAX_PIT,1998,NA,1998-11-22,Regular Season,FALSE,PIT,JAX,30,15,W,PIT,15,45,FiveThirtyEight
1998_1998-11-22_NYJ_TEN,1998,NA,1998-11-22,Regular Season,FALSE,TEN,NYJ,3,24,L,NYJ,21,27,FiveThirtyEight
1998_1998-11-22_PHI_NYG,1998,NA,1998-11-22,Regular Season,FALSE,NYG,PHI,20,0,W,NYG,20,20,FiveThirtyEight
1998_1998-11-22_GB_MIN,1998,NA,1998-11-22,Regular Season,FALSE,MIN,GB,28,14,W,MIN,14,42,FiveThirtyEight
1998_1998-11-22_LV_DEN,1998,NA,1998-11-22,Regular Season,FALSE,DEN,LV,40,14,W,DEN,26,54,FiveThirtyEight
1998_1998-11-22_SEA_DAL,1998,NA,1998-11-22,Regular Season,FALSE,DAL,SEA,30,22,W,DAL,8,52,FiveThirtyEight
1998_1998-11-22_BAL_CIN,1998,NA,1998-11-22,Regular Season,FALSE,CIN,BAL,13,20,L,BAL,7,33,FiveThirtyEight
1998_1998-11-22_IND_BUF,1998,NA,1998-11-22,Regular Season,FALSE,BUF,IND,34,11,W,BUF,23,45,FiveThirtyEight
1998_1998-11-22_CHI_ATL,1998,NA,1998-11-22,Regular Season,FALSE,ATL,CHI,20,13,W,ATL,7,33,FiveThirtyEight
1998_1998-11-22_CAR_LA,1998,NA,1998-11-22,Regular Season,FALSE,LA,CAR,20,24,L,CAR,4,44,FiveThirtyEight
1998_1998-11-23_MIA_NE,1998,NA,1998-11-23,Regular Season,FALSE,NE,MIA,26,23,W,NE,3,49,FiveThirtyEight
1998_1998-11-26_MIN_DAL,1998,NA,1998-11-26,Regular Season,FALSE,DAL,MIN,36,46,L,MIN,10,82,FiveThirtyEight
1998_1998-11-26_PIT_DET,1998,NA,1998-11-26,Regular Season,FALSE,DET,PIT,19,16,W,DET,3,35,FiveThirtyEight
1998_1998-11-29_TB_CHI,1998,NA,1998-11-29,Regular Season,FALSE,CHI,TB,17,31,L,TB,14,48,FiveThirtyEight
1998_1998-11-29_JAX_CIN,1998,NA,1998-11-29,Regular Season,FALSE,CIN,JAX,17,34,L,JAX,17,51,FiveThirtyEight
1998_1998-11-29_ARI_KC,1998,NA,1998-11-29,Regular Season,FALSE,KC,ARI,34,24,W,KC,10,58,FiveThirtyEight
1998_1998-11-29_TEN_SEA,1998,NA,1998-11-29,Regular Season,FALSE,SEA,TEN,20,18,W,SEA,2,38,FiveThirtyEight
1998_1998-11-29_IND_BAL,1998,NA,1998-11-29,Regular Season,FALSE,BAL,IND,38,31,W,BAL,7,69,FiveThirtyEight
1998_1998-11-29_WAS_LV,1998,NA,1998-11-29,Regular Season,FALSE,LV,WAS,19,29,L,WAS,10,48,FiveThirtyEight
1998_1998-11-29_CAR_NYJ,1998,NA,1998-11-29,Regular Season,FALSE,NYJ,CAR,48,21,W,NYJ,27,69,FiveThirtyEight
1998_1998-11-29_NO_MIA,1998,NA,1998-11-29,Regular Season,FALSE,MIA,NO,30,10,W,MIA,20,40,FiveThirtyEight
1998_1998-11-29_PHI_GB,1998,NA,1998-11-29,Regular Season,FALSE,GB,PHI,24,16,W,GB,8,40,FiveThirtyEight
1998_1998-11-29_DEN_LAC,1998,NA,1998-11-29,Regular Season,FALSE,LAC,DEN,16,31,L,DEN,15,47,FiveThirtyEight
1998_1998-11-29_BUF_NE,1998,NA,1998-11-29,Regular Season,FALSE,NE,BUF,25,21,W,NE,4,46,FiveThirtyEight
1998_1998-11-29_ATL_LA,1998,NA,1998-11-29,Regular Season,FALSE,LA,ATL,10,21,L,ATL,11,31,FiveThirtyEight
1998_1998-11-30_NYG_SF,1998,NA,1998-11-30,Regular Season,FALSE,SF,NYG,31,7,W,SF,24,38,FiveThirtyEight
1998_1998-12-03_LA_PHI,1998,NA,1998-12-03,Regular Season,FALSE,PHI,LA,17,14,W,PHI,3,31,FiveThirtyEight
1998_1998-12-06_NE_PIT,1998,NA,1998-12-06,Regular Season,FALSE,PIT,NE,9,23,L,NE,14,32,FiveThirtyEight
1998_1998-12-06_MIA_LV,1998,NA,1998-12-06,Regular Season,FALSE,LV,MIA,17,27,L,MIA,10,44,FiveThirtyEight
1998_1998-12-06_LAC_WAS,1998,NA,1998-12-06,Regular Season,FALSE,WAS,LAC,24,20,W,WAS,4,44,FiveThirtyEight
1998_1998-12-06_IND_ATL,1998,NA,1998-12-06,Regular Season,FALSE,ATL,IND,28,21,W,ATL,7,49,FiveThirtyEight
1998_1998-12-06_SF_CAR,1998,NA,1998-12-06,Regular Season,FALSE,CAR,SF,28,31,L,SF,3,59,FiveThirtyEight
1998_1998-12-06_BUF_CIN,1998,NA,1998-12-06,Regular Season,FALSE,CIN,BUF,20,33,L,BUF,13,53,FiveThirtyEight
1998_1998-12-06_NYG_ARI,1998,NA,1998-12-06,Regular Season,FALSE,ARI,NYG,19,23,L,NYG,4,42,FiveThirtyEight
1998_1998-12-06_KC_DEN,1998,NA,1998-12-06,Regular Season,FALSE,DEN,KC,35,31,W,DEN,4,66,FiveThirtyEight
1998_1998-12-06_DET_JAX,1998,NA,1998-12-06,Regular Season,FALSE,JAX,DET,37,22,W,JAX,15,59,FiveThirtyEight
1998_1998-12-06_CHI_MIN,1998,NA,1998-12-06,Regular Season,FALSE,MIN,CHI,48,22,W,MIN,26,70,FiveThirtyEight
1998_1998-12-06_DAL_NO,1998,NA,1998-12-06,Regular Season,FALSE,NO,DAL,22,3,W,NO,19,25,FiveThirtyEight
1998_1998-12-06_SEA_NYJ,1998,NA,1998-12-06,Regular Season,FALSE,NYJ,SEA,32,31,W,NYJ,1,63,FiveThirtyEight
1998_1998-12-06_BAL_TEN,1998,NA,1998-12-06,Regular Season,FALSE,TEN,BAL,16,14,W,TEN,2,30,FiveThirtyEight
1998_1998-12-07_GB_TB,1998,NA,1998-12-07,Regular Season,FALSE,TB,GB,24,22,W,TB,2,46,FiveThirtyEight
1998_1998-12-13_DEN_NYG,1998,NA,1998-12-13,Regular Season,FALSE,NYG,DEN,20,16,W,NYG,4,36,FiveThirtyEight
1998_1998-12-13_LAC_SEA,1998,NA,1998-12-13,Regular Season,FALSE,SEA,LAC,38,17,W,SEA,21,55,FiveThirtyEight
1998_1998-12-13_CHI_GB,1998,NA,1998-12-13,Regular Season,FALSE,GB,CHI,26,20,W,GB,6,46,FiveThirtyEight
1998_1998-12-13_CIN_IND,1998,NA,1998-12-13,Regular Season,FALSE,IND,CIN,39,26,W,IND,13,65,FiveThirtyEight
1998_1998-12-13_DAL_KC,1998,NA,1998-12-13,Regular Season,FALSE,KC,DAL,20,17,W,KC,3,37,FiveThirtyEight
1998_1998-12-13_NYJ_MIA,1998,NA,1998-12-13,Regular Season,FALSE,MIA,NYJ,16,21,L,NYJ,5,37,FiveThirtyEight
1998_1998-12-13_ATL_NO,1998,NA,1998-12-13,Regular Season,FALSE,NO,ATL,17,27,L,ATL,10,44,FiveThirtyEight
1998_1998-12-13_ARI_PHI,1998,NA,1998-12-13,Regular Season,FALSE,PHI,ARI,17,20,L,ARI,3,37,FiveThirtyEight
1998_1998-12-13_MIN_BAL,1998,NA,1998-12-13,Regular Season,FALSE,BAL,MIN,28,38,L,MIN,10,66,FiveThirtyEight
1998_1998-12-13_PIT_TB,1998,NA,1998-12-13,Regular Season,FALSE,TB,PIT,16,3,W,TB,13,19,FiveThirtyEight
1998_1998-12-13_TEN_JAX,1998,NA,1998-12-13,Regular Season,FALSE,JAX,TEN,13,16,L,TEN,3,29,FiveThirtyEight
1998_1998-12-13_NE_LA,1998,NA,1998-12-13,Regular Season,FALSE,LA,NE,32,18,W,LA,14,50,FiveThirtyEight
1998_1998-12-13_LV_BUF,1998,NA,1998-12-13,Regular Season,FALSE,BUF,LV,44,21,W,BUF,23,65,FiveThirtyEight
1998_1998-12-13_WAS_CAR,1998,NA,1998-12-13,Regular Season,FALSE,CAR,WAS,25,28,L,WAS,3,53,FiveThirtyEight
1998_1998-12-14_DET_SF,1998,NA,1998-12-14,Regular Season,FALSE,SF,DET,35,13,W,SF,22,48,FiveThirtyEight
1998_1998-12-19_TB_WAS,1998,NA,1998-12-19,Regular Season,FALSE,WAS,TB,20,16,W,WAS,4,36,FiveThirtyEight
1998_1998-12-19_NYJ_BUF,1998,NA,1998-12-19,Regular Season,FALSE,BUF,NYJ,10,17,L,NYJ,7,27,FiveThirtyEight
1998_1998-12-20_KC_NYG,1998,NA,1998-12-20,Regular Season,FALSE,NYG,KC,28,7,W,NYG,21,35,FiveThirtyEight
1998_1998-12-20_CIN_PIT,1998,NA,1998-12-20,Regular Season,FALSE,PIT,CIN,24,25,L,CIN,1,49,FiveThirtyEight
1998_1998-12-20_LV_LAC,1998,NA,1998-12-20,Regular Season,FALSE,LAC,LV,10,17,L,LV,7,27,FiveThirtyEight
1998_1998-12-20_LA_CAR,1998,NA,1998-12-20,Regular Season,FALSE,CAR,LA,20,13,W,CAR,7,33,FiveThirtyEight
1998_1998-12-20_BAL_CHI,1998,NA,1998-12-20,Regular Season,FALSE,CHI,BAL,24,3,W,CHI,21,27,FiveThirtyEight
1998_1998-12-20_ATL_DET,1998,NA,1998-12-20,Regular Season,FALSE,DET,ATL,17,24,L,ATL,7,41,FiveThirtyEight
1998_1998-12-20_PHI_DAL,1998,NA,1998-12-20,Regular Season,FALSE,DAL,PHI,13,9,W,DAL,4,22,FiveThirtyEight
1998_1998-12-20_NO_ARI,1998,NA,1998-12-20,Regular Season,FALSE,ARI,NO,19,17,W,ARI,2,36,FiveThirtyEight
1998_1998-12-20_TEN_GB,1998,NA,1998-12-20,Regular Season,FALSE,GB,TEN,30,22,W,GB,8,52,FiveThirtyEight
1998_1998-12-20_JAX_MIN,1998,NA,1998-12-20,Regular Season,FALSE,MIN,JAX,50,10,W,MIN,40,60,FiveThirtyEight
1998_1998-12-20_IND_SEA,1998,NA,1998-12-20,Regular Season,FALSE,SEA,IND,27,23,W,SEA,4,50,FiveThirtyEight
1998_1998-12-20_SF_NE,1998,NA,1998-12-20,Regular Season,FALSE,NE,SF,24,21,W,NE,3,45,FiveThirtyEight
1998_1998-12-21_DEN_MIA,1998,NA,1998-12-21,Regular Season,FALSE,MIA,DEN,31,21,W,MIA,10,52,FiveThirtyEight
1998_1998-12-26_MIN_TEN,1998,NA,1998-12-26,Regular Season,FALSE,TEN,MIN,16,26,L,MIN,10,42,FiveThirtyEight
1998_1998-12-26_KC_LV,1998,NA,1998-12-26,Regular Season,FALSE,LV,KC,24,31,L,KC,7,55,FiveThirtyEight
1998_1998-12-27_NE_NYJ,1998,NA,1998-12-27,Regular Season,FALSE,NYJ,NE,31,10,W,NYJ,21,41,FiveThirtyEight
1998_1998-12-27_BUF_NO,1998,NA,1998-12-27,Regular Season,FALSE,NO,BUF,33,45,L,BUF,12,78,FiveThirtyEight
1998_1998-12-27_SEA_DEN,1998,NA,1998-12-27,Regular Season,FALSE,DEN,SEA,28,21,W,DEN,7,49,FiveThirtyEight
1998_1998-12-27_CAR_IND,1998,NA,1998-12-27,Regular Season,FALSE,IND,CAR,19,27,L,CAR,8,46,FiveThirtyEight
1998_1998-12-27_TB_CIN,1998,NA,1998-12-27,Regular Season,FALSE,CIN,TB,0,35,L,TB,35,35,FiveThirtyEight
1998_1998-12-27_GB_CHI,1998,NA,1998-12-27,Regular Season,FALSE,CHI,GB,13,16,L,GB,3,29,FiveThirtyEight
1998_1998-12-27_MIA_ATL,1998,NA,1998-12-27,Regular Season,FALSE,ATL,MIA,38,16,W,ATL,22,54,FiveThirtyEight
1998_1998-12-27_LAC_ARI,1998,NA,1998-12-27,Regular Season,FALSE,ARI,LAC,16,13,W,ARI,3,29,FiveThirtyEight
1998_1998-12-27_DET_BAL,1998,NA,1998-12-27,Regular Season,FALSE,BAL,DET,19,10,W,BAL,9,29,FiveThirtyEight
1998_1998-12-27_NYG_PHI,1998,NA,1998-12-27,Regular Season,FALSE,PHI,NYG,10,20,L,NYG,10,30,FiveThirtyEight
1998_1998-12-27_LA_SF,1998,NA,1998-12-27,Regular Season,FALSE,SF,LA,38,19,W,SF,19,57,FiveThirtyEight
1998_1998-12-27_WAS_DAL,1998,NA,1998-12-27,Regular Season,FALSE,DAL,WAS,23,7,W,DAL,16,30,FiveThirtyEight
1998_1998-12-28_PIT_JAX,1998,NA,1998-12-28,Regular Season,FALSE,JAX,PIT,21,3,W,JAX,18,24,FiveThirtyEight
1999_1999-09-12_ARI_PHI,1999,NA,1999-09-12,Regular Season,FALSE,PHI,ARI,24,25,L,ARI,1,49,FiveThirtyEight
1999_1999-09-12_CIN_TEN,1999,NA,1999-09-12,Regular Season,FALSE,TEN,CIN,36,35,W,TEN,1,71,FiveThirtyEight
1999_1999-09-12_NE_NYJ,1999,NA,1999-09-12,Regular Season,FALSE,NYJ,NE,28,30,L,NE,2,58,FiveThirtyEight
1999_1999-09-12_CAR_NO,1999,NA,1999-09-12,Regular Season,FALSE,NO,CAR,19,10,W,NO,9,29,FiveThirtyEight
1999_1999-09-12_SF_JAX,1999,NA,1999-09-12,Regular Season,FALSE,JAX,SF,41,3,W,JAX,38,44,FiveThirtyEight
1999_1999-09-12_LV_GB,1999,NA,1999-09-12,Regular Season,FALSE,GB,LV,28,24,W,GB,4,52,FiveThirtyEight
1999_1999-09-12_BUF_IND,1999,NA,1999-09-12,Regular Season,FALSE,IND,BUF,31,14,W,IND,17,45,FiveThirtyEight
1999_1999-09-12_PIT_CLE,1999,NA,1999-09-12,Regular Season,FALSE,CLE,PIT,0,43,L,PIT,43,43,FiveThirtyEight
1999_1999-09-12_KC_CHI,1999,NA,1999-09-12,Regular Season,FALSE,CHI,KC,20,17,W,CHI,3,37,FiveThirtyEight
1999_1999-09-12_MIN_ATL,1999,NA,1999-09-12,Regular Season,FALSE,ATL,MIN,14,17,L,MIN,3,31,FiveThirtyEight
1999_1999-09-12_NYG_TB,1999,NA,1999-09-12,Regular Season,FALSE,TB,NYG,13,17,L,NYG,4,30,FiveThirtyEight
1999_1999-09-12_DET_SEA,1999,NA,1999-09-12,Regular Season,FALSE,SEA,DET,20,28,L,DET,8,48,FiveThirtyEight
1999_1999-09-12_DAL_WAS,1999,NA,1999-09-12,Regular Season,FALSE,WAS,DAL,35,41,L,DAL,6,76,FiveThirtyEight
1999_1999-09-12_BAL_LA,1999,NA,1999-09-12,Regular Season,FALSE,LA,BAL,27,10,W,LA,17,37,FiveThirtyEight
1999_1999-09-13_MIA_DEN,1999,NA,1999-09-13,Regular Season,FALSE,DEN,MIA,21,38,L,MIA,17,59,FiveThirtyEight
1999_1999-09-19_IND_NE,1999,NA,1999-09-19,Regular Season,FALSE,NE,IND,31,28,W,NE,3,59,FiveThirtyEight
1999_1999-09-19_LAC_CIN,1999,NA,1999-09-19,Regular Season,FALSE,CIN,LAC,7,34,L,LAC,27,41,FiveThirtyEight
1999_1999-09-19_NO_SF,1999,NA,1999-09-19,Regular Season,FALSE,SF,NO,28,21,W,SF,7,49,FiveThirtyEight
1999_1999-09-19_PIT_BAL,1999,NA,1999-09-19,Regular Season,FALSE,BAL,PIT,20,23,L,PIT,3,43,FiveThirtyEight
1999_1999-09-19_TB_PHI,1999,NA,1999-09-19,Regular Season,FALSE,PHI,TB,5,19,L,TB,14,24,FiveThirtyEight
1999_1999-09-19_CLE_TEN,1999,NA,1999-09-19,Regular Season,FALSE,TEN,CLE,26,9,W,TEN,17,35,FiveThirtyEight
1999_1999-09-19_WAS_NYG,1999,NA,1999-09-19,Regular Season,FALSE,NYG,WAS,21,50,L,WAS,29,71,FiveThirtyEight
1999_1999-09-19_LV_MIN,1999,NA,1999-09-19,Regular Season,FALSE,MIN,LV,17,22,L,LV,5,39,FiveThirtyEight
1999_1999-09-19_DEN_KC,1999,NA,1999-09-19,Regular Season,FALSE,KC,DEN,26,10,W,KC,16,36,FiveThirtyEight
1999_1999-09-19_GB_DET,1999,NA,1999-09-19,Regular Season,FALSE,DET,GB,23,15,W,DET,8,38,FiveThirtyEight
1999_1999-09-19_SEA_CHI,1999,NA,1999-09-19,Regular Season,FALSE,CHI,SEA,13,14,L,SEA,1,27,FiveThirtyEight
1999_1999-09-19_JAX_CAR,1999,NA,1999-09-19,Regular Season,FALSE,CAR,JAX,20,22,L,JAX,2,42,FiveThirtyEight
1999_1999-09-19_NYJ_BUF,1999,NA,1999-09-19,Regular Season,FALSE,BUF,NYJ,17,3,W,BUF,14,20,FiveThirtyEight
1999_1999-09-19_ARI_MIA,1999,NA,1999-09-19,Regular Season,FALSE,MIA,ARI,19,16,W,MIA,3,35,FiveThirtyEight
1999_1999-09-20_ATL_DAL,1999,NA,1999-09-20,Regular Season,FALSE,DAL,ATL,24,7,W,DAL,17,31,FiveThirtyEight
1999_1999-09-26_WAS_NYJ,1999,NA,1999-09-26,Regular Season,FALSE,NYJ,WAS,20,27,L,WAS,7,47,FiveThirtyEight
1999_1999-09-26_CLE_BAL,1999,NA,1999-09-26,Regular Season,FALSE,BAL,CLE,17,10,W,BAL,7,27,FiveThirtyEight
1999_1999-09-26_IND_LAC,1999,NA,1999-09-26,Regular Season,FALSE,LAC,IND,19,27,L,IND,8,46,FiveThirtyEight
1999_1999-09-26_ATL_LA,1999,NA,1999-09-26,Regular Season,FALSE,LA,ATL,35,7,W,LA,28,42,FiveThirtyEight
1999_1999-09-26_SEA_PIT,1999,NA,1999-09-26,Regular Season,FALSE,PIT,SEA,10,29,L,SEA,19,39,FiveThirtyEight
1999_1999-09-26_CIN_CAR,1999,NA,1999-09-26,Regular Season,FALSE,CAR,CIN,27,3,W,CAR,24,30,FiveThirtyEight
1999_1999-09-26_PHI_BUF,1999,NA,1999-09-26,Regular Season,FALSE,BUF,PHI,26,0,W,BUF,26,26,FiveThirtyEight
1999_1999-09-26_CHI_LV,1999,NA,1999-09-26,Regular Season,FALSE,LV,CHI,24,17,W,LV,7,41,FiveThirtyEight
1999_1999-09-26_DEN_TB,1999,NA,1999-09-26,Regular Season,FALSE,TB,DEN,13,10,W,TB,3,23,FiveThirtyEight
1999_1999-09-26_NYG_NE,1999,NA,1999-09-26,Regular Season,FALSE,NE,NYG,16,14,W,NE,2,30,FiveThirtyEight
1999_1999-09-26_DET_KC,1999,NA,1999-09-26,Regular Season,FALSE,KC,DET,31,21,W,KC,10,52,FiveThirtyEight
1999_1999-09-26_TEN_JAX,1999,NA,1999-09-26,Regular Season,FALSE,JAX,TEN,19,20,L,TEN,1,39,FiveThirtyEight
1999_1999-09-26_MIN_GB,1999,NA,1999-09-26,Regular Season,FALSE,GB,MIN,23,20,W,GB,3,43,FiveThirtyEight
1999_1999-09-27_SF_ARI,1999,NA,1999-09-27,Regular Season,FALSE,ARI,SF,10,24,L,SF,14,34,FiveThirtyEight
1999_1999-10-03_KC_LAC,1999,NA,1999-10-03,Regular Season,FALSE,LAC,KC,21,14,W,LAC,7,35,FiveThirtyEight
1999_1999-10-03_TEN_SF,1999,NA,1999-10-03,Regular Season,FALSE,SF,TEN,24,22,W,SF,2,46,FiveThirtyEight
1999_1999-10-03_LV_SEA,1999,NA,1999-10-03,Regular Season,FALSE,SEA,LV,22,21,W,SEA,1,43,FiveThirtyEight
1999_1999-10-03_JAX_PIT,1999,NA,1999-10-03,Regular Season,FALSE,PIT,JAX,3,17,L,JAX,14,20,FiveThirtyEight
1999_1999-10-03_PHI_NYG,1999,NA,1999-10-03,Regular Season,FALSE,NYG,PHI,16,15,W,NYG,1,31,FiveThirtyEight
1999_1999-10-03_TB_MIN,1999,NA,1999-10-03,Regular Season,FALSE,MIN,TB,21,14,W,MIN,7,35,FiveThirtyEight
1999_1999-10-03_NYJ_DEN,1999,NA,1999-10-03,Regular Season,FALSE,DEN,NYJ,13,21,L,NYJ,8,34,FiveThirtyEight
1999_1999-10-03_ARI_DAL,1999,NA,1999-10-03,Regular Season,FALSE,DAL,ARI,35,7,W,DAL,28,42,FiveThirtyEight
1999_1999-10-03_NO_CHI,1999,NA,1999-10-03,Regular Season,FALSE,CHI,NO,14,10,W,CHI,4,24,FiveThirtyEight
1999_1999-10-03_BAL_ATL,1999,NA,1999-10-03,Regular Season,FALSE,ATL,BAL,13,19,L,BAL,6,32,FiveThirtyEight
1999_1999-10-03_NE_CLE,1999,NA,1999-10-03,Regular Season,FALSE,CLE,NE,7,19,L,NE,12,26,FiveThirtyEight
1999_1999-10-03_CAR_WAS,1999,NA,1999-10-03,Regular Season,FALSE,WAS,CAR,38,36,W,WAS,2,74,FiveThirtyEight
1999_1999-10-03_LA_CIN,1999,NA,1999-10-03,Regular Season,FALSE,CIN,LA,10,38,L,LA,28,48,FiveThirtyEight
1999_1999-10-04_BUF_MIA,1999,NA,1999-10-04,Regular Season,FALSE,MIA,BUF,18,23,L,BUF,5,41,FiveThirtyEight
1999_1999-10-10_CIN_CLE,1999,NA,1999-10-10,Regular Season,FALSE,CLE,CIN,17,18,L,CIN,1,35,FiveThirtyEight
1999_1999-10-10_PIT_BUF,1999,NA,1999-10-10,Regular Season,FALSE,BUF,PIT,24,21,W,BUF,3,45,FiveThirtyEight
1999_1999-10-10_SF_LA,1999,NA,1999-10-10,Regular Season,FALSE,LA,SF,42,20,W,LA,22,62,FiveThirtyEight
1999_1999-10-10_MIA_IND,1999,NA,1999-10-10,Regular Season,FALSE,IND,MIA,31,34,L,MIA,3,65,FiveThirtyEight
1999_1999-10-10_NE_KC,1999,NA,1999-10-10,Regular Season,FALSE,KC,NE,16,14,W,KC,2,30,FiveThirtyEight
1999_1999-10-10_CHI_MIN,1999,NA,1999-10-10,Regular Season,FALSE,MIN,CHI,22,24,L,CHI,2,46,FiveThirtyEight
1999_1999-10-10_LAC_DET,1999,NA,1999-10-10,Regular Season,FALSE,DET,LAC,10,20,L,LAC,10,30,FiveThirtyEight
1999_1999-10-10_ATL_NO,1999,NA,1999-10-10,Regular Season,FALSE,NO,ATL,17,20,L,ATL,3,37,FiveThirtyEight
1999_1999-10-10_BAL_TEN,1999,NA,1999-10-10,Regular Season,FALSE,TEN,BAL,14,11,W,TEN,3,25,FiveThirtyEight
1999_1999-10-10_DAL_PHI,1999,NA,1999-10-10,Regular Season,FALSE,PHI,DAL,13,10,W,PHI,3,23,FiveThirtyEight
1999_1999-10-10_DEN_LV,1999,NA,1999-10-10,Regular Season,FALSE,LV,DEN,13,16,L,DEN,3,29,FiveThirtyEight
1999_1999-10-10_TB_GB,1999,NA,1999-10-10,Regular Season,FALSE,GB,TB,26,23,W,GB,3,49,FiveThirtyEight
1999_1999-10-10_NYG_ARI,1999,NA,1999-10-10,Regular Season,FALSE,ARI,NYG,14,3,W,ARI,11,17,FiveThirtyEight
1999_1999-10-11_JAX_NYJ,1999,NA,1999-10-11,Regular Season,FALSE,NYJ,JAX,6,16,L,JAX,10,22,FiveThirtyEight
1999_1999-10-17_CLE_JAX,1999,NA,1999-10-17,Regular Season,FALSE,JAX,CLE,24,7,W,JAX,17,31,FiveThirtyEight
1999_1999-10-17_CAR_SF,1999,NA,1999-10-17,Regular Season,FALSE,SF,CAR,29,31,L,CAR,2,60,FiveThirtyEight
1999_1999-10-17_IND_NYJ,1999,NA,1999-10-17,Regular Season,FALSE,NYJ,IND,13,16,L,IND,3,29,FiveThirtyEight
1999_1999-10-17_MIA_NE,1999,NA,1999-10-17,Regular Season,FALSE,NE,MIA,30,31,L,MIA,1,61,FiveThirtyEight
1999_1999-10-17_TEN_NO,1999,NA,1999-10-17,Regular Season,FALSE,NO,TEN,21,24,L,TEN,3,45,FiveThirtyEight
1999_1999-10-17_MIN_DET,1999,NA,1999-10-17,Regular Season,FALSE,DET,MIN,25,23,W,DET,2,48,FiveThirtyEight
1999_1999-10-17_GB_DEN,1999,NA,1999-10-17,Regular Season,FALSE,DEN,GB,31,10,W,DEN,21,41,FiveThirtyEight
1999_1999-10-17_WAS_ARI,1999,NA,1999-10-17,Regular Season,FALSE,ARI,WAS,10,24,L,WAS,14,34,FiveThirtyEight
1999_1999-10-17_PIT_CIN,1999,NA,1999-10-17,Regular Season,FALSE,CIN,PIT,3,17,L,PIT,14,20,FiveThirtyEight
1999_1999-10-17_PHI_CHI,1999,NA,1999-10-17,Regular Season,FALSE,CHI,PHI,16,20,L,PHI,4,36,FiveThirtyEight
1999_1999-10-17_LV_BUF,1999,NA,1999-10-17,Regular Season,FALSE,BUF,LV,14,20,L,LV,6,34,FiveThirtyEight
1999_1999-10-17_SEA_LAC,1999,NA,1999-10-17,Regular Season,FALSE,LAC,SEA,13,10,W,LAC,3,23,FiveThirtyEight
1999_1999-10-17_LA_ATL,1999,NA,1999-10-17,Regular Season,FALSE,ATL,LA,13,41,L,LA,28,54,FiveThirtyEight
1999_1999-10-18_DAL_NYG,1999,NA,1999-10-18,Regular Season,FALSE,NYG,DAL,13,10,W,NYG,3,23,FiveThirtyEight
1999_1999-10-21_KC_BAL,1999,NA,1999-10-21,Regular Season,FALSE,BAL,KC,8,35,L,KC,27,43,FiveThirtyEight
1999_1999-10-24_CLE_LA,1999,NA,1999-10-24,Regular Season,FALSE,LA,CLE,34,3,W,LA,31,37,FiveThirtyEight
1999_1999-10-24_CHI_TB,1999,NA,1999-10-24,Regular Season,FALSE,TB,CHI,6,3,W,TB,3,9,FiveThirtyEight
1999_1999-10-24_BUF_SEA,1999,NA,1999-10-24,Regular Season,FALSE,SEA,BUF,26,16,W,SEA,10,42,FiveThirtyEight
1999_1999-10-24_NYJ_LV,1999,NA,1999-10-24,Regular Season,FALSE,LV,NYJ,24,23,W,LV,1,47,FiveThirtyEight
1999_1999-10-24_NO_NYG,1999,NA,1999-10-24,Regular Season,FALSE,NYG,NO,31,3,W,NYG,28,34,FiveThirtyEight
1999_1999-10-24_DEN_NE,1999,NA,1999-10-24,Regular Season,FALSE,NE,DEN,24,23,W,NE,1,47,FiveThirtyEight
1999_1999-10-24_SF_MIN,1999,NA,1999-10-24,Regular Season,FALSE,MIN,SF,40,16,W,MIN,24,56,FiveThirtyEight
1999_1999-10-24_PHI_MIA,1999,NA,1999-10-24,Regular Season,FALSE,MIA,PHI,16,13,W,MIA,3,29,FiveThirtyEight
1999_1999-10-24_WAS_DAL,1999,NA,1999-10-24,Regular Season,FALSE,DAL,WAS,38,20,W,DAL,18,58,FiveThirtyEight
1999_1999-10-24_DET_CAR,1999,NA,1999-10-24,Regular Season,FALSE,CAR,DET,9,24,L,DET,15,33,FiveThirtyEight
1999_1999-10-24_CIN_IND,1999,NA,1999-10-24,Regular Season,FALSE,IND,CIN,31,10,W,IND,21,41,FiveThirtyEight
1999_1999-10-24_GB_LAC,1999,NA,1999-10-24,Regular Season,FALSE,LAC,GB,3,31,L,GB,28,34,FiveThirtyEight
1999_1999-10-25_ATL_PIT,1999,NA,1999-10-25,Regular Season,FALSE,PIT,ATL,13,9,W,PIT,4,22,FiveThirtyEight
1999_1999-10-31_CHI_WAS,1999,NA,1999-10-31,Regular Season,FALSE,WAS,CHI,48,22,W,WAS,26,70,FiveThirtyEight
1999_1999-10-31_BUF_BAL,1999,NA,1999-10-31,Regular Season,FALSE,BAL,BUF,10,13,L,BUF,3,23,FiveThirtyEight
1999_1999-10-31_MIA_LV,1999,NA,1999-10-31,Regular Season,FALSE,LV,MIA,9,16,L,MIA,7,25,FiveThirtyEight
1999_1999-10-31_LAC_KC,1999,NA,1999-10-31,Regular Season,FALSE,KC,LAC,34,0,W,KC,34,34,FiveThirtyEight
1999_1999-10-31_TB_DET,1999,NA,1999-10-31,Regular Season,FALSE,DET,TB,20,3,W,DET,17,23,FiveThirtyEight
1999_1999-10-31_NYG_PHI,1999,NA,1999-10-31,Regular Season,FALSE,PHI,NYG,17,23,L,NYG,6,40,FiveThirtyEight
1999_1999-10-31_CLE_NO,1999,NA,1999-10-31,Regular Season,FALSE,NO,CLE,16,21,L,CLE,5,37,FiveThirtyEight
1999_1999-10-31_MIN_DEN,1999,NA,1999-10-31,Regular Season,FALSE,DEN,MIN,20,23,L,MIN,3,43,FiveThirtyEight
1999_1999-10-31_NE_ARI,1999,NA,1999-10-31,Regular Season,FALSE,ARI,NE,3,27,L,NE,24,30,FiveThirtyEight
1999_1999-10-31_DAL_IND,1999,NA,1999-10-31,Regular Season,FALSE,IND,DAL,34,24,W,IND,10,58,FiveThirtyEight
1999_1999-10-31_JAX_CIN,1999,NA,1999-10-31,Regular Season,FALSE,CIN,JAX,10,41,L,JAX,31,51,FiveThirtyEight
1999_1999-10-31_CAR_ATL,1999,NA,1999-10-31,Regular Season,FALSE,ATL,CAR,27,20,W,ATL,7,47,FiveThirtyEight
1999_1999-10-31_LA_TEN,1999,NA,1999-10-31,Regular Season,FALSE,TEN,LA,24,21,W,TEN,3,45,FiveThirtyEight
1999_1999-11-01_SEA_GB,1999,NA,1999-11-01,Regular Season,FALSE,GB,SEA,7,27,L,SEA,20,34,FiveThirtyEight
1999_1999-11-07_TEN_MIA,1999,NA,1999-11-07,Regular Season,FALSE,MIA,TEN,17,0,W,MIA,17,17,FiveThirtyEight
1999_1999-11-07_DEN_LAC,1999,NA,1999-11-07,Regular Season,FALSE,LAC,DEN,17,33,L,DEN,16,50,FiveThirtyEight
1999_1999-11-07_LA_DET,1999,NA,1999-11-07,Regular Season,FALSE,DET,LA,31,27,W,DET,4,58,FiveThirtyEight
1999_1999-11-07_ARI_NYJ,1999,NA,1999-11-07,Regular Season,FALSE,NYJ,ARI,12,7,W,NYJ,5,19,FiveThirtyEight
1999_1999-11-07_BUF_WAS,1999,NA,1999-11-07,Regular Season,FALSE,WAS,BUF,17,34,L,BUF,17,51,FiveThirtyEight
1999_1999-11-07_PIT_SF,1999,NA,1999-11-07,Regular Season,FALSE,SF,PIT,6,27,L,PIT,21,33,FiveThirtyEight
1999_1999-11-07_CIN_SEA,1999,NA,1999-11-07,Regular Season,FALSE,SEA,CIN,37,20,W,SEA,17,57,FiveThirtyEight
1999_1999-11-07_TB_NO,1999,NA,1999-11-07,Regular Season,FALSE,NO,TB,16,31,L,TB,15,47,FiveThirtyEight
1999_1999-11-07_CHI_GB,1999,NA,1999-11-07,Regular Season,FALSE,GB,CHI,13,14,L,CHI,1,27,FiveThirtyEight
1999_1999-11-07_KC_IND,1999,NA,1999-11-07,Regular Season,FALSE,IND,KC,25,17,W,IND,8,42,FiveThirtyEight
1999_1999-11-07_BAL_CLE,1999,NA,1999-11-07,Regular Season,FALSE,CLE,BAL,9,41,L,BAL,32,50,FiveThirtyEight
1999_1999-11-07_PHI_CAR,1999,NA,1999-11-07,Regular Season,FALSE,CAR,PHI,33,7,W,CAR,26,40,FiveThirtyEight
1999_1999-11-07_JAX_ATL,1999,NA,1999-11-07,Regular Season,FALSE,ATL,JAX,7,30,L,JAX,23,37,FiveThirtyEight
1999_1999-11-08_DAL_MIN,1999,NA,1999-11-08,Regular Season,FALSE,MIN,DAL,27,17,W,MIN,10,44,FiveThirtyEight
1999_1999-11-14_MIA_BUF,1999,NA,1999-11-14,Regular Season,FALSE,BUF,MIA,23,3,W,BUF,20,26,FiveThirtyEight
1999_1999-11-14_KC_TB,1999,NA,1999-11-14,Regular Season,FALSE,TB,KC,17,10,W,TB,7,27,FiveThirtyEight
1999_1999-11-14_DEN_SEA,1999,NA,1999-11-14,Regular Season,FALSE,SEA,DEN,20,17,W,SEA,3,37,FiveThirtyEight
1999_1999-11-14_CLE_PIT,1999,NA,1999-11-14,Regular Season,FALSE,PIT,CLE,15,16,L,CLE,1,31,FiveThirtyEight
1999_1999-11-14_WAS_PHI,1999,NA,1999-11-14,Regular Season,FALSE,PHI,WAS,35,28,W,PHI,7,63,FiveThirtyEight
1999_1999-11-14_IND_NYG,1999,NA,1999-11-14,Regular Season,FALSE,NYG,IND,19,27,L,IND,8,46,FiveThirtyEight
1999_1999-11-14_SF_NO,1999,NA,1999-11-14,Regular Season,FALSE,NO,SF,24,6,W,NO,18,30,FiveThirtyEight
1999_1999-11-14_BAL_JAX,1999,NA,1999-11-14,Regular Season,FALSE,JAX,BAL,6,3,W,JAX,3,9,FiveThirtyEight
1999_1999-11-14_GB_DAL,1999,NA,1999-11-14,Regular Season,FALSE,DAL,GB,27,13,W,DAL,14,40,FiveThirtyEight
1999_1999-11-14_DET_ARI,1999,NA,1999-11-14,Regular Season,FALSE,ARI,DET,23,19,W,ARI,4,42,FiveThirtyEight
1999_1999-11-14_TEN_CIN,1999,NA,1999-11-14,Regular Season,FALSE,CIN,TEN,14,24,L,TEN,10,38,FiveThirtyEight
1999_1999-11-14_MIN_CHI,1999,NA,1999-11-14,Regular Season,FALSE,CHI,MIN,24,27,L,MIN,3,51,FiveThirtyEight
1999_1999-11-14_LAC_LV,1999,NA,1999-11-14,Regular Season,FALSE,LV,LAC,28,9,W,LV,19,37,FiveThirtyEight
1999_1999-11-14_CAR_LA,1999,NA,1999-11-14,Regular Season,FALSE,LA,CAR,35,10,W,LA,25,45,FiveThirtyEight
1999_1999-11-15_NYJ_NE,1999,NA,1999-11-15,Regular Season,FALSE,NE,NYJ,17,24,L,NYJ,7,41,FiveThirtyEight
1999_1999-11-21_SEA_KC,1999,NA,1999-11-21,Regular Season,FALSE,KC,SEA,19,31,L,SEA,12,50,FiveThirtyEight
1999_1999-11-21_NO_JAX,1999,NA,1999-11-21,Regular Season,FALSE,JAX,NO,41,23,W,JAX,18,64,FiveThirtyEight
1999_1999-11-21_CAR_CLE,1999,NA,1999-11-21,Regular Season,FALSE,CLE,CAR,17,31,L,CAR,14,48,FiveThirtyEight
1999_1999-11-21_BAL_CIN,1999,NA,1999-11-21,Regular Season,FALSE,CIN,BAL,31,34,L,BAL,3,65,FiveThirtyEight
1999_1999-11-21_LA_SF,1999,NA,1999-11-21,Regular Season,FALSE,SF,LA,7,23,L,LA,16,30,FiveThirtyEight
1999_1999-11-21_NYG_WAS,1999,NA,1999-11-21,Regular Season,FALSE,WAS,NYG,23,13,W,WAS,10,36,FiveThirtyEight
1999_1999-11-21_DAL_ARI,1999,NA,1999-11-21,Regular Season,FALSE,ARI,DAL,13,9,W,ARI,4,22,FiveThirtyEight
1999_1999-11-21_NE_MIA,1999,NA,1999-11-21,Regular Season,FALSE,MIA,NE,27,17,W,MIA,10,44,FiveThirtyEight
1999_1999-11-21_DET_GB,1999,NA,1999-11-21,Regular Season,FALSE,GB,DET,26,17,W,GB,9,43,FiveThirtyEight
1999_1999-11-21_ATL_TB,1999,NA,1999-11-21,Regular Season,FALSE,TB,ATL,19,10,W,TB,9,29,FiveThirtyEight
1999_1999-11-21_IND_PHI,1999,NA,1999-11-21,Regular Season,FALSE,PHI,IND,17,44,L,IND,27,61,FiveThirtyEight
1999_1999-11-21_PIT_TEN,1999,NA,1999-11-21,Regular Season,FALSE,TEN,PIT,16,10,W,TEN,6,26,FiveThirtyEight
1999_1999-11-21_BUF_NYJ,1999,NA,1999-11-21,Regular Season,FALSE,NYJ,BUF,17,7,W,NYJ,10,24,FiveThirtyEight
1999_1999-11-21_CHI_LAC,1999,NA,1999-11-21,Regular Season,FALSE,LAC,CHI,20,23,L,CHI,3,43,FiveThirtyEight
1999_1999-11-22_LV_DEN,1999,NA,1999-11-22,Regular Season,FALSE,DEN,LV,27,21,W,DEN,6,48,FiveThirtyEight
1999_1999-11-25_CHI_DET,1999,NA,1999-11-25,Regular Season,FALSE,DET,CHI,21,17,W,DET,4,38,FiveThirtyEight
1999_1999-11-25_MIA_DAL,1999,NA,1999-11-25,Regular Season,FALSE,DAL,MIA,20,0,W,DAL,20,20,FiveThirtyEight
1999_1999-11-28_JAX_BAL,1999,NA,1999-11-28,Regular Season,FALSE,BAL,JAX,23,30,L,JAX,7,53,FiveThirtyEight
1999_1999-11-28_LAC_MIN,1999,NA,1999-11-28,Regular Season,FALSE,MIN,LAC,35,27,W,MIN,8,62,FiveThirtyEight
1999_1999-11-28_CIN_PIT,1999,NA,1999-11-28,Regular Season,FALSE,PIT,CIN,20,27,L,CIN,7,47,FiveThirtyEight
1999_1999-11-28_PHI_WAS,1999,NA,1999-11-28,Regular Season,FALSE,WAS,PHI,20,17,W,WAS,3,37,FiveThirtyEight
1999_1999-11-28_TB_SEA,1999,NA,1999-11-28,Regular Season,FALSE,SEA,TB,3,16,L,TB,13,19,FiveThirtyEight
1999_1999-11-28_KC_LV,1999,NA,1999-11-28,Regular Season,FALSE,LV,KC,34,37,L,KC,3,71,FiveThirtyEight
1999_1999-11-28_ARI_NYG,1999,NA,1999-11-28,Regular Season,FALSE,NYG,ARI,24,34,L,ARI,10,58,FiveThirtyEight
1999_1999-11-28_NYJ_IND,1999,NA,1999-11-28,Regular Season,FALSE,IND,NYJ,13,6,W,IND,7,19,FiveThirtyEight
1999_1999-11-28_TEN_CLE,1999,NA,1999-11-28,Regular Season,FALSE,CLE,TEN,21,33,L,TEN,12,54,FiveThirtyEight
1999_1999-11-28_ATL_CAR,1999,NA,1999-11-28,Regular Season,FALSE,CAR,ATL,34,28,W,CAR,6,62,FiveThirtyEight
1999_1999-11-28_NE_BUF,1999,NA,1999-11-28,Regular Season,FALSE,BUF,NE,17,7,W,BUF,10,24,FiveThirtyEight
1999_1999-11-28_NO_LA,1999,NA,1999-11-28,Regular Season,FALSE,LA,NO,43,12,W,LA,31,55,FiveThirtyEight
1999_1999-11-29_GB_SF,1999,NA,1999-11-29,Regular Season,FALSE,SF,GB,3,20,L,GB,17,23,FiveThirtyEight
1999_1999-12-02_PIT_JAX,1999,NA,1999-12-02,Regular Season,FALSE,JAX,PIT,20,6,W,JAX,14,26,FiveThirtyEight
1999_1999-12-05_NO_ATL,1999,NA,1999-12-05,Regular Season,FALSE,ATL,NO,35,12,W,ATL,23,47,FiveThirtyEight
1999_1999-12-05_LA_CAR,1999,NA,1999-12-05,Regular Season,FALSE,CAR,LA,21,34,L,LA,13,55,FiveThirtyEight
1999_1999-12-05_CLE_LAC,1999,NA,1999-12-05,Regular Season,FALSE,LAC,CLE,23,10,W,LAC,13,33,FiveThirtyEight
1999_1999-12-05_SF_CIN,1999,NA,1999-12-05,Regular Season,FALSE,CIN,SF,44,30,W,CIN,14,74,FiveThirtyEight
1999_1999-12-05_SEA_LV,1999,NA,1999-12-05,Regular Season,FALSE,LV,SEA,30,21,W,LV,9,51,FiveThirtyEight
1999_1999-12-05_PHI_ARI,1999,NA,1999-12-05,Regular Season,FALSE,ARI,PHI,21,17,W,ARI,4,38,FiveThirtyEight
1999_1999-12-05_GB_CHI,1999,NA,1999-12-05,Regular Season,FALSE,CHI,GB,19,35,L,GB,16,54,FiveThirtyEight
1999_1999-12-05_TEN_BAL,1999,NA,1999-12-05,Regular Season,FALSE,BAL,TEN,41,14,W,BAL,27,55,FiveThirtyEight
1999_1999-12-05_NYJ_NYG,1999,NA,1999-12-05,Regular Season,FALSE,NYG,NYJ,41,28,W,NYG,13,69,FiveThirtyEight
1999_1999-12-05_DAL_NE,1999,NA,1999-12-05,Regular Season,FALSE,NE,DAL,13,6,W,NE,7,19,FiveThirtyEight
1999_1999-12-05_IND_MIA,1999,NA,1999-12-05,Regular Season,FALSE,MIA,IND,34,37,L,IND,3,71,FiveThirtyEight
1999_1999-12-05_WAS_DET,1999,NA,1999-12-05,Regular Season,FALSE,DET,WAS,33,17,W,DET,16,50,FiveThirtyEight
1999_1999-12-05_KC_DEN,1999,NA,1999-12-05,Regular Season,FALSE,DEN,KC,10,16,L,KC,6,26,FiveThirtyEight
1999_1999-12-06_MIN_TB,1999,NA,1999-12-06,Regular Season,FALSE,TB,MIN,24,17,W,TB,7,41,FiveThirtyEight
1999_1999-12-09_LV_TEN,1999,NA,1999-12-09,Regular Season,FALSE,TEN,LV,21,14,W,TEN,7,35,FiveThirtyEight
1999_1999-12-12_LA_NO,1999,NA,1999-12-12,Regular Season,FALSE,NO,LA,14,30,L,LA,16,44,FiveThirtyEight
1999_1999-12-12_LAC_SEA,1999,NA,1999-12-12,Regular Season,FALSE,SEA,LAC,16,19,L,LAC,3,35,FiveThirtyEight
1999_1999-12-12_ARI_WAS,1999,NA,1999-12-12,Regular Season,FALSE,WAS,ARI,28,3,W,WAS,25,31,FiveThirtyEight
1999_1999-12-12_DET_TB,1999,NA,1999-12-12,Regular Season,FALSE,TB,DET,23,16,W,TB,7,39,FiveThirtyEight
1999_1999-12-12_ATL_SF,1999,NA,1999-12-12,Regular Season,FALSE,SF,ATL,26,7,W,SF,19,33,FiveThirtyEight
1999_1999-12-12_BAL_PIT,1999,NA,1999-12-12,Regular Season,FALSE,PIT,BAL,24,31,L,BAL,7,55,FiveThirtyEight
1999_1999-12-12_NYG_BUF,1999,NA,1999-12-12,Regular Season,FALSE,BUF,NYG,17,19,L,NYG,2,36,FiveThirtyEight
1999_1999-12-12_MIA_NYJ,1999,NA,1999-12-12,Regular Season,FALSE,NYJ,MIA,28,20,W,NYJ,8,48,FiveThirtyEight
1999_1999-12-12_MIN_KC,1999,NA,1999-12-12,Regular Season,FALSE,KC,MIN,31,28,W,KC,3,59,FiveThirtyEight
1999_1999-12-12_CAR_GB,1999,NA,1999-12-12,Regular Season,FALSE,GB,CAR,31,33,L,CAR,2,64,FiveThirtyEight
1999_1999-12-12_PHI_DAL,1999,NA,1999-12-12,Regular Season,FALSE,DAL,PHI,20,10,W,DAL,10,30,FiveThirtyEight
1999_1999-12-12_NE_IND,1999,NA,1999-12-12,Regular Season,FALSE,IND,NE,20,15,W,IND,5,35,FiveThirtyEight
1999_1999-12-12_CLE_CIN,1999,NA,1999-12-12,Regular Season,FALSE,CIN,CLE,44,28,W,CIN,16,72,FiveThirtyEight
1999_1999-12-13_DEN_JAX,1999,NA,1999-12-13,Regular Season,FALSE,JAX,DEN,27,24,W,JAX,3,51,FiveThirtyEight
1999_1999-12-18_SF_CAR,1999,NA,1999-12-18,Regular Season,FALSE,CAR,SF,41,24,W,CAR,17,65,FiveThirtyEight
1999_1999-12-18_PIT_KC,1999,NA,1999-12-18,Regular Season,FALSE,KC,PIT,35,19,W,KC,16,54,FiveThirtyEight
1999_1999-12-19_NO_BAL,1999,NA,1999-12-19,Regular Season,FALSE,BAL,NO,31,8,W,BAL,23,39,FiveThirtyEight
1999_1999-12-19_NYG_LA,1999,NA,1999-12-19,Regular Season,FALSE,LA,NYG,31,10,W,LA,21,41,FiveThirtyEight
1999_1999-12-19_SEA_DEN,1999,NA,1999-12-19,Regular Season,FALSE,DEN,SEA,36,30,W,DEN,6,66,FiveThirtyEight
1999_1999-12-19_NE_PHI,1999,NA,1999-12-19,Regular Season,FALSE,PHI,NE,24,9,W,PHI,15,33,FiveThirtyEight
1999_1999-12-19_TB_LV,1999,NA,1999-12-19,Regular Season,FALSE,LV,TB,45,0,W,LV,45,45,FiveThirtyEight
1999_1999-12-19_NYJ_DAL,1999,NA,1999-12-19,Regular Season,FALSE,DAL,NYJ,21,22,L,NYJ,1,43,FiveThirtyEight
1999_1999-12-19_ATL_TEN,1999,NA,1999-12-19,Regular Season,FALSE,TEN,ATL,30,17,W,TEN,13,47,FiveThirtyEight
1999_1999-12-19_LAC_MIA,1999,NA,1999-12-19,Regular Season,FALSE,MIA,LAC,12,9,W,MIA,3,21,FiveThirtyEight
1999_1999-12-19_DET_CHI,1999,NA,1999-12-19,Regular Season,FALSE,CHI,DET,28,10,W,CHI,18,38,FiveThirtyEight
1999_1999-12-19_JAX_CLE,1999,NA,1999-12-19,Regular Season,FALSE,CLE,JAX,14,24,L,JAX,10,38,FiveThirtyEight
1999_1999-12-19_WAS_IND,1999,NA,1999-12-19,Regular Season,FALSE,IND,WAS,24,21,W,IND,3,45,FiveThirtyEight
1999_1999-12-19_BUF_ARI,1999,NA,1999-12-19,Regular Season,FALSE,ARI,BUF,21,31,L,BUF,10,52,FiveThirtyEight
1999_1999-12-20_GB_MIN,1999,NA,1999-12-20,Regular Season,FALSE,MIN,GB,24,20,W,MIN,4,44,FiveThirtyEight
1999_1999-12-24_DAL_NO,1999,NA,1999-12-24,Regular Season,FALSE,NO,DAL,31,24,W,NO,7,55,FiveThirtyEight
1999_1999-12-25_DEN_DET,1999,NA,1999-12-25,Regular Season,FALSE,DET,DEN,7,17,L,DEN,10,24,FiveThirtyEight
1999_1999-12-26_CHI_LA,1999,NA,1999-12-26,Regular Season,FALSE,LA,CHI,34,12,W,LA,22,46,FiveThirtyEight
1999_1999-12-26_JAX_TEN,1999,NA,1999-12-26,Regular Season,FALSE,TEN,JAX,41,14,W,TEN,27,55,FiveThirtyEight
1999_1999-12-26_MIN_NYG,1999,NA,1999-12-26,Regular Season,FALSE,NYG,MIN,17,34,L,MIN,17,51,FiveThirtyEight
1999_1999-12-26_KC_SEA,1999,NA,1999-12-26,Regular Season,FALSE,SEA,KC,23,14,W,SEA,9,37,FiveThirtyEight
1999_1999-12-26_WAS_SF,1999,NA,1999-12-26,Regular Season,FALSE,SF,WAS,20,26,L,WAS,6,46,FiveThirtyEight
1999_1999-12-26_CIN_BAL,1999,NA,1999-12-26,Regular Season,FALSE,BAL,CIN,22,0,W,BAL,22,22,FiveThirtyEight
1999_1999-12-26_ARI_ATL,1999,NA,1999-12-26,Regular Season,FALSE,ATL,ARI,37,14,W,ATL,23,51,FiveThirtyEight
1999_1999-12-26_LV_LAC,1999,NA,1999-12-26,Regular Season,FALSE,LAC,LV,23,20,W,LAC,3,43,FiveThirtyEight
1999_1999-12-26_GB_TB,1999,NA,1999-12-26,Regular Season,FALSE,TB,GB,29,10,W,TB,19,39,FiveThirtyEight
1999_1999-12-26_CAR_PIT,1999,NA,1999-12-26,Regular Season,FALSE,PIT,CAR,30,20,W,PIT,10,50,FiveThirtyEight
1999_1999-12-26_BUF_NE,1999,NA,1999-12-26,Regular Season,FALSE,NE,BUF,10,13,L,BUF,3,23,FiveThirtyEight
1999_1999-12-26_IND_CLE,1999,NA,1999-12-26,Regular Season,FALSE,CLE,IND,28,29,L,IND,1,57,FiveThirtyEight
1999_1999-12-27_NYJ_MIA,1999,NA,1999-12-27,Regular Season,FALSE,MIA,NYJ,31,38,L,NYJ,7,69,FiveThirtyEight
1999_2000-01-02_MIA_WAS,1999,NA,2000-01-02,Regular Season,FALSE,WAS,MIA,21,10,W,WAS,11,31,FiveThirtyEight
1999_2000-01-02_NYG_DAL,1999,NA,2000-01-02,Regular Season,FALSE,DAL,NYG,26,18,W,DAL,8,44,FiveThirtyEight
1999_2000-01-02_ARI_GB,1999,NA,2000-01-02,Regular Season,FALSE,GB,ARI,49,24,W,GB,25,73,FiveThirtyEight
1999_2000-01-02_LV_KC,1999,NA,2000-01-02,Regular Season,FALSE,KC,LV,38,41,L,LV,3,79,FiveThirtyEight
1999_2000-01-02_DET_MIN,1999,NA,2000-01-02,Regular Season,FALSE,MIN,DET,24,17,W,MIN,7,41,FiveThirtyEight
1999_2000-01-02_BAL_NE,1999,NA,2000-01-02,Regular Season,FALSE,NE,BAL,20,3,W,NE,17,23,FiveThirtyEight
1999_2000-01-02_SEA_NYJ,1999,NA,2000-01-02,Regular Season,FALSE,NYJ,SEA,19,9,W,NYJ,10,28,FiveThirtyEight
1999_2000-01-02_TEN_PIT,1999,NA,2000-01-02,Regular Season,FALSE,PIT,TEN,36,47,L,TEN,11,83,FiveThirtyEight
1999_2000-01-02_TB_CHI,1999,NA,2000-01-02,Regular Season,FALSE,CHI,TB,6,20,L,TB,14,26,FiveThirtyEight
1999_2000-01-02_NO_CAR,1999,NA,2000-01-02,Regular Season,FALSE,CAR,NO,45,13,W,CAR,32,58,FiveThirtyEight
1999_2000-01-02_IND_BUF,1999,NA,2000-01-02,Regular Season,FALSE,BUF,IND,31,6,W,BUF,25,37,FiveThirtyEight
1999_2000-01-02_LA_PHI,1999,NA,2000-01-02,Regular Season,FALSE,PHI,LA,38,31,W,PHI,7,69,FiveThirtyEight
1999_2000-01-02_LAC_DEN,1999,NA,2000-01-02,Regular Season,FALSE,DEN,LAC,6,12,L,LAC,6,18,FiveThirtyEight
1999_2000-01-02_CIN_JAX,1999,NA,2000-01-02,Regular Season,FALSE,JAX,CIN,24,7,W,JAX,17,31,FiveThirtyEight
1999_2000-01-03_SF_ATL,1999,NA,2000-01-03,Regular Season,FALSE,ATL,SF,34,29,W,ATL,5,63,FiveThirtyEight
2000_2000-09-03_CAR_WAS,2000,NA,2000-09-03,Regular Season,FALSE,WAS,CAR,20,17,W,WAS,3,37,FiveThirtyEight
2000_2000-09-03_LAC_LV,2000,NA,2000-09-03,Regular Season,FALSE,LV,LAC,9,6,W,LV,3,15,FiveThirtyEight
2000_2000-09-03_BAL_PIT,2000,NA,2000-09-03,Regular Season,FALSE,PIT,BAL,0,16,L,BAL,16,16,FiveThirtyEight
2000_2000-09-03_ARI_NYG,2000,NA,2000-09-03,Regular Season,FALSE,NYG,ARI,21,16,W,NYG,5,37,FiveThirtyEight
2000_2000-09-03_TB_NE,2000,NA,2000-09-03,Regular Season,FALSE,NE,TB,16,21,L,TB,5,37,FiveThirtyEight
2000_2000-09-03_DET_NO,2000,NA,2000-09-03,Regular Season,FALSE,NO,DET,10,14,L,DET,4,24,FiveThirtyEight
2000_2000-09-03_CHI_MIN,2000,NA,2000-09-03,Regular Season,FALSE,MIN,CHI,30,27,W,MIN,3,57,FiveThirtyEight
2000_2000-09-03_SEA_MIA,2000,NA,2000-09-03,Regular Season,FALSE,MIA,SEA,23,0,W,MIA,23,23,FiveThirtyEight
2000_2000-09-03_IND_KC,2000,NA,2000-09-03,Regular Season,FALSE,KC,IND,14,27,L,IND,13,41,FiveThirtyEight
2000_2000-09-03_NYJ_GB,2000,NA,2000-09-03,Regular Season,FALSE,GB,NYJ,16,20,L,NYJ,4,36,FiveThirtyEight
2000_2000-09-03_PHI_DAL,2000,NA,2000-09-03,Regular Season,FALSE,DAL,PHI,14,41,L,PHI,27,55,FiveThirtyEight
2000_2000-09-03_JAX_CLE,2000,NA,2000-09-03,Regular Season,FALSE,CLE,JAX,7,27,L,JAX,20,34,FiveThirtyEight
2000_2000-09-03_TEN_BUF,2000,NA,2000-09-03,Regular Season,FALSE,BUF,TEN,16,13,W,BUF,3,29,FiveThirtyEight
2000_2000-09-03_SF_ATL,2000,NA,2000-09-03,Regular Season,FALSE,ATL,SF,36,28,W,ATL,8,64,FiveThirtyEight
2000_2000-09-04_DEN_LA,2000,NA,2000-09-04,Regular Season,FALSE,LA,DEN,41,36,W,LA,5,77,FiveThirtyEight
2000_2000-09-10_GB_BUF,2000,NA,2000-09-10,Regular Season,FALSE,BUF,GB,27,18,W,BUF,9,45,FiveThirtyEight
2000_2000-09-10_LV_IND,2000,NA,2000-09-10,Regular Season,FALSE,IND,LV,31,38,L,LV,7,69,FiveThirtyEight
2000_2000-09-10_LA_SEA,2000,NA,2000-09-10,Regular Season,FALSE,SEA,LA,34,37,L,LA,3,71,FiveThirtyEight
2000_2000-09-10_NO_LAC,2000,NA,2000-09-10,Regular Season,FALSE,LAC,NO,27,28,L,NO,1,55,FiveThirtyEight
2000_2000-09-10_CHI_TB,2000,NA,2000-09-10,Regular Season,FALSE,TB,CHI,41,0,W,TB,41,41,FiveThirtyEight
2000_2000-09-10_CAR_SF,2000,NA,2000-09-10,Regular Season,FALSE,SF,CAR,22,38,L,CAR,16,60,FiveThirtyEight
2000_2000-09-10_JAX_BAL,2000,NA,2000-09-10,Regular Season,FALSE,BAL,JAX,39,36,W,BAL,3,75,FiveThirtyEight
2000_2000-09-10_NYG_PHI,2000,NA,2000-09-10,Regular Season,FALSE,PHI,NYG,18,33,L,NYG,15,51,FiveThirtyEight
2000_2000-09-10_KC_TEN,2000,NA,2000-09-10,Regular Season,FALSE,TEN,KC,17,14,W,TEN,3,31,FiveThirtyEight
2000_2000-09-10_MIA_MIN,2000,NA,2000-09-10,Regular Season,FALSE,MIN,MIA,13,7,W,MIN,6,20,FiveThirtyEight
2000_2000-09-10_WAS_DET,2000,NA,2000-09-10,Regular Season,FALSE,DET,WAS,15,10,W,DET,5,25,FiveThirtyEight
2000_2000-09-10_ATL_DEN,2000,NA,2000-09-10,Regular Season,FALSE,DEN,ATL,42,14,W,DEN,28,56,FiveThirtyEight
2000_2000-09-10_DAL_ARI,2000,NA,2000-09-10,Regular Season,FALSE,ARI,DAL,32,31,W,ARI,1,63,FiveThirtyEight
2000_2000-09-10_CLE_CIN,2000,NA,2000-09-10,Regular Season,FALSE,CIN,CLE,7,24,L,CLE,17,31,FiveThirtyEight
2000_2000-09-11_NE_NYJ,2000,NA,2000-09-11,Regular Season,FALSE,NYJ,NE,20,19,W,NYJ,1,39,FiveThirtyEight
2000_2000-09-17_BUF_NYJ,2000,NA,2000-09-17,Regular Season,FALSE,NYJ,BUF,27,14,W,NYJ,13,41,FiveThirtyEight
2000_2000-09-17_DEN_LV,2000,NA,2000-09-17,Regular Season,FALSE,LV,DEN,24,33,L,DEN,9,57,FiveThirtyEight
2000_2000-09-17_NO_SEA,2000,NA,2000-09-17,Regular Season,FALSE,SEA,NO,20,10,W,SEA,10,30,FiveThirtyEight
2000_2000-09-17_ATL_CAR,2000,NA,2000-09-17,Regular Season,FALSE,CAR,ATL,10,15,L,ATL,5,25,FiveThirtyEight
2000_2000-09-17_NYG_CHI,2000,NA,2000-09-17,Regular Season,FALSE,CHI,NYG,7,14,L,NYG,7,21,FiveThirtyEight
2000_2000-09-17_PIT_CLE,2000,NA,2000-09-17,Regular Season,FALSE,CLE,PIT,23,20,W,CLE,3,43,FiveThirtyEight
2000_2000-09-17_TB_DET,2000,NA,2000-09-17,Regular Season,FALSE,DET,TB,10,31,L,TB,21,41,FiveThirtyEight
2000_2000-09-17_PHI_GB,2000,NA,2000-09-17,Regular Season,FALSE,GB,PHI,6,3,W,GB,3,9,FiveThirtyEight
2000_2000-09-17_CIN_JAX,2000,NA,2000-09-17,Regular Season,FALSE,JAX,CIN,13,0,W,JAX,13,13,FiveThirtyEight
2000_2000-09-17_SF_LA,2000,NA,2000-09-17,Regular Season,FALSE,LA,SF,41,24,W,LA,17,65,FiveThirtyEight
2000_2000-09-17_BAL_MIA,2000,NA,2000-09-17,Regular Season,FALSE,MIA,BAL,19,6,W,MIA,13,25,FiveThirtyEight
2000_2000-09-17_LAC_KC,2000,NA,2000-09-17,Regular Season,FALSE,KC,LAC,42,10,W,KC,32,52,FiveThirtyEight
2000_2000-09-17_MIN_NE,2000,NA,2000-09-17,Regular Season,FALSE,NE,MIN,13,21,L,MIN,8,34,FiveThirtyEight
2000_2000-09-18_DAL_WAS,2000,NA,2000-09-18,Regular Season,FALSE,WAS,DAL,21,27,L,DAL,6,48,FiveThirtyEight
2000_2000-09-24_TEN_PIT,2000,NA,2000-09-24,Regular Season,FALSE,PIT,TEN,20,23,L,TEN,3,43,FiveThirtyEight
2000_2000-09-24_SEA_LAC,2000,NA,2000-09-24,Regular Season,FALSE,LAC,SEA,12,20,L,SEA,8,32,FiveThirtyEight
2000_2000-09-24_LA_ATL,2000,NA,2000-09-24,Regular Season,FALSE,ATL,LA,20,41,L,LA,21,61,FiveThirtyEight
2000_2000-09-24_PHI_NO,2000,NA,2000-09-24,Regular Season,FALSE,NO,PHI,7,21,L,PHI,14,28,FiveThirtyEight
2000_2000-09-24_NYJ_TB,2000,NA,2000-09-24,Regular Season,FALSE,TB,NYJ,17,21,L,NYJ,4,38,FiveThirtyEight
2000_2000-09-24_CIN_BAL,2000,NA,2000-09-24,Regular Season,FALSE,BAL,CIN,37,0,W,BAL,37,37,FiveThirtyEight
2000_2000-09-24_CLE_LV,2000,NA,2000-09-24,Regular Season,FALSE,LV,CLE,36,10,W,LV,26,46,FiveThirtyEight
2000_2000-09-24_WAS_NYG,2000,NA,2000-09-24,Regular Season,FALSE,NYG,WAS,6,16,L,WAS,10,22,FiveThirtyEight
2000_2000-09-24_NE_MIA,2000,NA,2000-09-24,Regular Season,FALSE,MIA,NE,10,3,W,MIA,7,13,FiveThirtyEight
2000_2000-09-24_KC_DEN,2000,NA,2000-09-24,Regular Season,FALSE,DEN,KC,22,23,L,KC,1,45,FiveThirtyEight
2000_2000-09-24_SF_DAL,2000,NA,2000-09-24,Regular Season,FALSE,DAL,SF,24,41,L,SF,17,65,FiveThirtyEight
2000_2000-09-24_GB_ARI,2000,NA,2000-09-24,Regular Season,FALSE,ARI,GB,3,29,L,GB,26,32,FiveThirtyEight
2000_2000-09-24_DET_CHI,2000,NA,2000-09-24,Regular Season,FALSE,CHI,DET,14,21,L,DET,7,35,FiveThirtyEight
2000_2000-09-25_JAX_IND,2000,NA,2000-09-25,Regular Season,FALSE,IND,JAX,43,14,W,IND,29,57,FiveThirtyEight
2000_2000-10-01_BAL_CLE,2000,NA,2000-10-01,Regular Season,FALSE,CLE,BAL,0,12,L,BAL,12,12,FiveThirtyEight
2000_2000-10-01_NE_DEN,2000,NA,2000-10-01,Regular Season,FALSE,DEN,NE,19,28,L,NE,9,47,FiveThirtyEight
2000_2000-10-01_PIT_JAX,2000,NA,2000-10-01,Regular Season,FALSE,JAX,PIT,13,24,L,PIT,11,37,FiveThirtyEight
2000_2000-10-01_MIN_DET,2000,NA,2000-10-01,Regular Season,FALSE,DET,MIN,24,31,L,MIN,7,55,FiveThirtyEight
2000_2000-10-01_ATL_PHI,2000,NA,2000-10-01,Regular Season,FALSE,PHI,ATL,38,10,W,PHI,28,48,FiveThirtyEight
2000_2000-10-01_ARI_SF,2000,NA,2000-10-01,Regular Season,FALSE,SF,ARI,27,20,W,SF,7,47,FiveThirtyEight
2000_2000-10-01_NYG_TEN,2000,NA,2000-10-01,Regular Season,FALSE,TEN,NYG,28,14,W,TEN,14,42,FiveThirtyEight
2000_2000-10-01_LAC_LA,2000,NA,2000-10-01,Regular Season,FALSE,LA,LAC,57,31,W,LA,26,88,FiveThirtyEight
2000_2000-10-01_CHI_GB,2000,NA,2000-10-01,Regular Season,FALSE,GB,CHI,24,27,L,CHI,3,51,FiveThirtyEight
2000_2000-10-01_DAL_CAR,2000,NA,2000-10-01,Regular Season,FALSE,CAR,DAL,13,16,L,DAL,3,29,FiveThirtyEight
2000_2000-10-01_MIA_CIN,2000,NA,2000-10-01,Regular Season,FALSE,CIN,MIA,16,31,L,MIA,15,47,FiveThirtyEight
2000_2000-10-01_TB_WAS,2000,NA,2000-10-01,Regular Season,FALSE,WAS,TB,20,17,W,WAS,3,37,FiveThirtyEight
2000_2000-10-01_IND_BUF,2000,NA,2000-10-01,Regular Season,FALSE,BUF,IND,16,18,L,IND,2,34,FiveThirtyEight
2000_2000-10-02_SEA_KC,2000,NA,2000-10-02,Regular Season,FALSE,KC,SEA,24,17,W,KC,7,41,FiveThirtyEight
2000_2000-10-08_CLE_ARI,2000,NA,2000-10-08,Regular Season,FALSE,ARI,CLE,29,21,W,ARI,8,50,FiveThirtyEight
2000_2000-10-08_WAS_PHI,2000,NA,2000-10-08,Regular Season,FALSE,PHI,WAS,14,17,L,WAS,3,31,FiveThirtyEight
2000_2000-10-08_LV_SF,2000,NA,2000-10-08,Regular Season,FALSE,SF,LV,28,34,L,LV,6,62,FiveThirtyEight
2000_2000-10-08_NYG_ATL,2000,NA,2000-10-08,Regular Season,FALSE,ATL,NYG,6,13,L,NYG,7,19,FiveThirtyEight
2000_2000-10-08_SEA_CAR,2000,NA,2000-10-08,Regular Season,FALSE,CAR,SEA,26,3,W,CAR,23,29,FiveThirtyEight
2000_2000-10-08_NO_CHI,2000,NA,2000-10-08,Regular Season,FALSE,CHI,NO,10,31,L,NO,21,41,FiveThirtyEight
2000_2000-10-08_TEN_CIN,2000,NA,2000-10-08,Regular Season,FALSE,CIN,TEN,14,23,L,TEN,9,37,FiveThirtyEight
2000_2000-10-08_GB_DET,2000,NA,2000-10-08,Regular Season,FALSE,DET,GB,31,24,W,DET,7,55,FiveThirtyEight
2000_2000-10-08_BAL_JAX,2000,NA,2000-10-08,Regular Season,FALSE,JAX,BAL,10,15,L,BAL,5,25,FiveThirtyEight
2000_2000-10-08_BUF_MIA,2000,NA,2000-10-08,Regular Season,FALSE,MIA,BUF,22,13,W,MIA,9,35,FiveThirtyEight
2000_2000-10-08_IND_NE,2000,NA,2000-10-08,Regular Season,FALSE,NE,IND,24,16,W,NE,8,40,FiveThirtyEight
2000_2000-10-08_PIT_NYJ,2000,NA,2000-10-08,Regular Season,FALSE,NYJ,PIT,3,20,L,PIT,17,23,FiveThirtyEight
2000_2000-10-08_DEN_LAC,2000,NA,2000-10-08,Regular Season,FALSE,LAC,DEN,7,21,L,DEN,14,28,FiveThirtyEight
2000_2000-10-09_TB_MIN,2000,NA,2000-10-09,Regular Season,FALSE,MIN,TB,30,23,W,MIN,7,53,FiveThirtyEight
2000_2000-10-15_PHI_ARI,2000,NA,2000-10-15,Regular Season,FALSE,ARI,PHI,14,33,L,PHI,19,47,FiveThirtyEight
2000_2000-10-15_CLE_DEN,2000,NA,2000-10-15,Regular Season,FALSE,DEN,CLE,44,10,W,DEN,34,54,FiveThirtyEight
2000_2000-10-15_BAL_WAS,2000,NA,2000-10-15,Regular Season,FALSE,WAS,BAL,10,3,W,WAS,7,13,FiveThirtyEight
2000_2000-10-15_LAC_BUF,2000,NA,2000-10-15,Regular Season,FALSE,BUF,LAC,27,24,W,BUF,3,51,FiveThirtyEight
2000_2000-10-15_ATL_LA,2000,NA,2000-10-15,Regular Season,FALSE,LA,ATL,45,29,W,LA,16,74,FiveThirtyEight
2000_2000-10-15_IND_SEA,2000,NA,2000-10-15,Regular Season,FALSE,SEA,IND,24,37,L,IND,13,61,FiveThirtyEight
2000_2000-10-15_CIN_PIT,2000,NA,2000-10-15,Regular Season,FALSE,PIT,CIN,15,0,W,PIT,15,15,FiveThirtyEight
2000_2000-10-15_DAL_NYG,2000,NA,2000-10-15,Regular Season,FALSE,NYG,DAL,19,14,W,NYG,5,33,FiveThirtyEight
2000_2000-10-15_NYJ_NE,2000,NA,2000-10-15,Regular Season,FALSE,NE,NYJ,17,34,L,NYJ,17,51,FiveThirtyEight
2000_2000-10-15_MIN_CHI,2000,NA,2000-10-15,Regular Season,FALSE,CHI,MIN,16,28,L,MIN,12,44,FiveThirtyEight
2000_2000-10-15_SF_GB,2000,NA,2000-10-15,Regular Season,FALSE,GB,SF,31,28,W,GB,3,59,FiveThirtyEight
2000_2000-10-15_LV_KC,2000,NA,2000-10-15,Regular Season,FALSE,KC,LV,17,20,L,LV,3,37,FiveThirtyEight
2000_2000-10-15_CAR_NO,2000,NA,2000-10-15,Regular Season,FALSE,NO,CAR,24,6,W,NO,18,30,FiveThirtyEight
2000_2000-10-16_JAX_TEN,2000,NA,2000-10-16,Regular Season,FALSE,TEN,JAX,27,13,W,TEN,14,40,FiveThirtyEight
2000_2000-10-19_DET_TB,2000,NA,2000-10-19,Regular Season,FALSE,TB,DET,14,28,L,DET,14,42,FiveThirtyEight
2000_2000-10-22_WAS_JAX,2000,NA,2000-10-22,Regular Season,FALSE,JAX,WAS,16,35,L,WAS,19,51,FiveThirtyEight
2000_2000-10-22_TEN_BAL,2000,NA,2000-10-22,Regular Season,FALSE,BAL,TEN,6,14,L,TEN,8,20,FiveThirtyEight
2000_2000-10-22_SEA_LV,2000,NA,2000-10-22,Regular Season,FALSE,LV,SEA,31,3,W,LV,28,34,FiveThirtyEight
2000_2000-10-22_CLE_PIT,2000,NA,2000-10-22,Regular Season,FALSE,PIT,CLE,22,0,W,PIT,22,22,FiveThirtyEight
2000_2000-10-22_CHI_PHI,2000,NA,2000-10-22,Regular Season,FALSE,PHI,CHI,13,9,W,PHI,4,22,FiveThirtyEight
2000_2000-10-22_BUF_MIN,2000,NA,2000-10-22,Regular Season,FALSE,MIN,BUF,31,27,W,MIN,4,58,FiveThirtyEight
2000_2000-10-22_ARI_DAL,2000,NA,2000-10-22,Regular Season,FALSE,DAL,ARI,48,7,W,DAL,41,55,FiveThirtyEight
2000_2000-10-22_NE_IND,2000,NA,2000-10-22,Regular Season,FALSE,IND,NE,30,23,W,IND,7,53,FiveThirtyEight
2000_2000-10-22_DEN_CIN,2000,NA,2000-10-22,Regular Season,FALSE,CIN,DEN,31,21,W,CIN,10,52,FiveThirtyEight
2000_2000-10-22_SF_CAR,2000,NA,2000-10-22,Regular Season,FALSE,CAR,SF,34,16,W,CAR,18,50,FiveThirtyEight
2000_2000-10-22_NO_ATL,2000,NA,2000-10-22,Regular Season,FALSE,ATL,NO,19,21,L,NO,2,40,FiveThirtyEight
2000_2000-10-22_LA_KC,2000,NA,2000-10-22,Regular Season,FALSE,KC,LA,54,34,W,KC,20,88,FiveThirtyEight
2000_2000-10-23_MIA_NYJ,2000,NA,2000-10-23,Regular Season,FALSE,NYJ,MIA,40,37,W,NYJ,3,77,FiveThirtyEight
2000_2000-10-29_NYJ_BUF,2000,NA,2000-10-29,Regular Season,FALSE,BUF,NYJ,23,20,W,BUF,3,43,FiveThirtyEight
2000_2000-10-29_NO_ARI,2000,NA,2000-10-29,Regular Season,FALSE,ARI,NO,10,21,L,NO,11,31,FiveThirtyEight
2000_2000-10-29_JAX_DAL,2000,NA,2000-10-29,Regular Season,FALSE,DAL,JAX,17,23,L,JAX,6,40,FiveThirtyEight
2000_2000-10-29_GB_MIA,2000,NA,2000-10-29,Regular Season,FALSE,MIA,GB,28,20,W,MIA,8,48,FiveThirtyEight
2000_2000-10-29_PHI_NYG,2000,NA,2000-10-29,Regular Season,FALSE,NYG,PHI,24,7,W,NYG,17,31,FiveThirtyEight
2000_2000-10-29_LV_LAC,2000,NA,2000-10-29,Regular Season,FALSE,LAC,LV,13,15,L,LV,2,28,FiveThirtyEight
2000_2000-10-29_PIT_BAL,2000,NA,2000-10-29,Regular Season,FALSE,BAL,PIT,6,9,L,PIT,3,15,FiveThirtyEight
2000_2000-10-29_KC_SEA,2000,NA,2000-10-29,Regular Season,FALSE,SEA,KC,19,24,L,KC,5,43,FiveThirtyEight
2000_2000-10-29_CAR_ATL,2000,NA,2000-10-29,Regular Season,FALSE,ATL,CAR,13,12,W,ATL,1,25,FiveThirtyEight
2000_2000-10-29_MIN_TB,2000,NA,2000-10-29,Regular Season,FALSE,TB,MIN,41,13,W,TB,28,54,FiveThirtyEight
2000_2000-10-29_LA_SF,2000,NA,2000-10-29,Regular Season,FALSE,SF,LA,24,34,L,LA,10,58,FiveThirtyEight
2000_2000-10-29_CIN_CLE,2000,NA,2000-10-29,Regular Season,FALSE,CLE,CIN,3,12,L,CIN,9,15,FiveThirtyEight
2000_2000-10-29_DET_IND,2000,NA,2000-10-29,Regular Season,FALSE,IND,DET,30,18,W,IND,12,48,FiveThirtyEight
2000_2000-10-30_TEN_WAS,2000,NA,2000-10-30,Regular Season,FALSE,WAS,TEN,21,27,L,TEN,6,48,FiveThirtyEight
2000_2000-11-05_CAR_LA,2000,NA,2000-11-05,Regular Season,FALSE,LA,CAR,24,27,L,CAR,3,51,FiveThirtyEight
2000_2000-11-05_NYG_CLE,2000,NA,2000-11-05,Regular Season,FALSE,CLE,NYG,3,24,L,NYG,21,27,FiveThirtyEight
2000_2000-11-05_MIA_DET,2000,NA,2000-11-05,Regular Season,FALSE,DET,MIA,8,23,L,MIA,15,31,FiveThirtyEight
2000_2000-11-05_SF_NO,2000,NA,2000-11-05,Regular Season,FALSE,NO,SF,31,15,W,NO,16,46,FiveThirtyEight
2000_2000-11-05_TB_ATL,2000,NA,2000-11-05,Regular Season,FALSE,ATL,TB,14,27,L,TB,13,41,FiveThirtyEight
2000_2000-11-05_IND_CHI,2000,NA,2000-11-05,Regular Season,FALSE,CHI,IND,27,24,W,CHI,3,51,FiveThirtyEight
2000_2000-11-05_LAC_SEA,2000,NA,2000-11-05,Regular Season,FALSE,SEA,LAC,17,15,W,SEA,2,32,FiveThirtyEight
2000_2000-11-05_WAS_ARI,2000,NA,2000-11-05,Regular Season,FALSE,ARI,WAS,16,15,W,ARI,1,31,FiveThirtyEight
2000_2000-11-05_BAL_CIN,2000,NA,2000-11-05,Regular Season,FALSE,CIN,BAL,7,27,L,BAL,20,34,FiveThirtyEight
2000_2000-11-05_KC_LV,2000,NA,2000-11-05,Regular Season,FALSE,LV,KC,49,31,W,LV,18,80,FiveThirtyEight
2000_2000-11-05_PIT_TEN,2000,NA,2000-11-05,Regular Season,FALSE,TEN,PIT,9,7,W,TEN,2,16,FiveThirtyEight
2000_2000-11-05_DEN_NYJ,2000,NA,2000-11-05,Regular Season,FALSE,NYJ,DEN,23,30,L,DEN,7,53,FiveThirtyEight
2000_2000-11-05_BUF_NE,2000,NA,2000-11-05,Regular Season,FALSE,NE,BUF,13,16,L,BUF,3,29,FiveThirtyEight
2000_2000-11-05_DAL_PHI,2000,NA,2000-11-05,Regular Season,FALSE,PHI,DAL,16,13,W,PHI,3,29,FiveThirtyEight
2000_2000-11-06_MIN_GB,2000,NA,2000-11-06,Regular Season,FALSE,GB,MIN,26,20,W,GB,6,46,FiveThirtyEight
2000_2000-11-12_ATL_DET,2000,NA,2000-11-12,Regular Season,FALSE,DET,ATL,13,10,W,DET,3,23,FiveThirtyEight
2000_2000-11-12_ARI_MIN,2000,NA,2000-11-12,Regular Season,FALSE,MIN,ARI,31,14,W,MIN,17,45,FiveThirtyEight
2000_2000-11-12_PHI_PIT,2000,NA,2000-11-12,Regular Season,FALSE,PIT,PHI,23,26,L,PHI,3,49,FiveThirtyEight
2000_2000-11-12_KC_SF,2000,NA,2000-11-12,Regular Season,FALSE,SF,KC,21,7,W,SF,14,28,FiveThirtyEight
2000_2000-11-12_GB_TB,2000,NA,2000-11-12,Regular Season,FALSE,TB,GB,20,15,W,TB,5,35,FiveThirtyEight
2000_2000-11-12_CIN_DAL,2000,NA,2000-11-12,Regular Season,FALSE,DAL,CIN,23,6,W,DAL,17,29,FiveThirtyEight
2000_2000-11-12_BAL_TEN,2000,NA,2000-11-12,Regular Season,FALSE,TEN,BAL,23,24,L,BAL,1,47,FiveThirtyEight
2000_2000-11-12_NYJ_IND,2000,NA,2000-11-12,Regular Season,FALSE,IND,NYJ,23,15,W,IND,8,38,FiveThirtyEight
2000_2000-11-12_NE_CLE,2000,NA,2000-11-12,Regular Season,FALSE,CLE,NE,19,11,W,CLE,8,30,FiveThirtyEight
2000_2000-11-12_LA_NYG,2000,NA,2000-11-12,Regular Season,FALSE,NYG,LA,24,38,L,LA,14,62,FiveThirtyEight
2000_2000-11-12_MIA_LAC,2000,NA,2000-11-12,Regular Season,FALSE,LAC,MIA,7,17,L,MIA,10,24,FiveThirtyEight
2000_2000-11-12_NO_CAR,2000,NA,2000-11-12,Regular Season,FALSE,CAR,NO,10,20,L,NO,10,30,FiveThirtyEight
2000_2000-11-12_CHI_BUF,2000,NA,2000-11-12,Regular Season,FALSE,BUF,CHI,20,3,W,BUF,17,23,FiveThirtyEight
2000_2000-11-12_SEA_JAX,2000,NA,2000-11-12,Regular Season,FALSE,JAX,SEA,21,28,L,SEA,7,49,FiveThirtyEight
2000_2000-11-13_LV_DEN,2000,NA,2000-11-13,Regular Season,FALSE,DEN,LV,27,24,W,DEN,3,51,FiveThirtyEight
2000_2000-11-19_DET_NYG,2000,NA,2000-11-19,Regular Season,FALSE,NYG,DET,21,31,L,DET,10,52,FiveThirtyEight
2000_2000-11-19_CIN_NE,2000,NA,2000-11-19,Regular Season,FALSE,NE,CIN,16,13,W,NE,3,29,FiveThirtyEight
2000_2000-11-19_LV_NO,2000,NA,2000-11-19,Regular Season,FALSE,NO,LV,22,31,L,LV,9,53,FiveThirtyEight
2000_2000-11-19_JAX_PIT,2000,NA,2000-11-19,Regular Season,FALSE,PIT,JAX,24,34,L,JAX,10,58,FiveThirtyEight
2000_2000-11-19_ATL_SF,2000,NA,2000-11-19,Regular Season,FALSE,SF,ATL,16,6,W,SF,10,22,FiveThirtyEight
2000_2000-11-19_ARI_PHI,2000,NA,2000-11-19,Regular Season,FALSE,PHI,ARI,34,9,W,PHI,25,43,FiveThirtyEight
2000_2000-11-19_CLE_TEN,2000,NA,2000-11-19,Regular Season,FALSE,TEN,CLE,24,10,W,TEN,14,34,FiveThirtyEight
2000_2000-11-19_DAL_BAL,2000,NA,2000-11-19,Regular Season,FALSE,BAL,DAL,27,0,W,BAL,27,27,FiveThirtyEight
2000_2000-11-19_LAC_DEN,2000,NA,2000-11-19,Regular Season,FALSE,DEN,LAC,38,37,W,DEN,1,75,FiveThirtyEight
2000_2000-11-19_CAR_MIN,2000,NA,2000-11-19,Regular Season,FALSE,MIN,CAR,31,17,W,MIN,14,48,FiveThirtyEight
2000_2000-11-19_NYJ_MIA,2000,NA,2000-11-19,Regular Season,FALSE,MIA,NYJ,3,20,L,NYJ,17,23,FiveThirtyEight
2000_2000-11-19_BUF_KC,2000,NA,2000-11-19,Regular Season,FALSE,KC,BUF,17,21,L,BUF,4,38,FiveThirtyEight
2000_2000-11-19_IND_GB,2000,NA,2000-11-19,Regular Season,FALSE,GB,IND,26,24,W,GB,2,50,FiveThirtyEight
2000_2000-11-19_TB_CHI,2000,NA,2000-11-19,Regular Season,FALSE,CHI,TB,13,10,W,CHI,3,23,FiveThirtyEight
2000_2000-11-20_WAS_LA,2000,NA,2000-11-20,Regular Season,FALSE,LA,WAS,20,33,L,WAS,13,53,FiveThirtyEight
2000_2000-11-23_NE_DET,2000,NA,2000-11-23,Regular Season,FALSE,DET,NE,34,9,W,DET,25,43,FiveThirtyEight
2000_2000-11-23_MIN_DAL,2000,NA,2000-11-23,Regular Season,FALSE,DAL,MIN,15,27,L,MIN,12,42,FiveThirtyEight
2000_2000-11-26_BUF_TB,2000,NA,2000-11-26,Regular Season,FALSE,TB,BUF,31,17,W,TB,14,48,FiveThirtyEight
2000_2000-11-26_DEN_SEA,2000,NA,2000-11-26,Regular Season,FALSE,SEA,DEN,31,38,L,DEN,7,69,FiveThirtyEight
2000_2000-11-26_CLE_BAL,2000,NA,2000-11-26,Regular Season,FALSE,BAL,CLE,44,7,W,BAL,37,51,FiveThirtyEight
2000_2000-11-26_ATL_LV,2000,NA,2000-11-26,Regular Season,FALSE,LV,ATL,41,14,W,LV,27,55,FiveThirtyEight
2000_2000-11-26_CHI_NYJ,2000,NA,2000-11-26,Regular Season,FALSE,NYJ,CHI,17,10,W,NYJ,7,27,FiveThirtyEight
2000_2000-11-26_TEN_JAX,2000,NA,2000-11-26,Regular Season,FALSE,JAX,TEN,16,13,W,JAX,3,29,FiveThirtyEight
2000_2000-11-26_NYG_ARI,2000,NA,2000-11-26,Regular Season,FALSE,ARI,NYG,7,31,L,NYG,24,38,FiveThirtyEight
2000_2000-11-26_MIA_IND,2000,NA,2000-11-26,Regular Season,FALSE,IND,MIA,14,17,L,MIA,3,31,FiveThirtyEight
2000_2000-11-26_PIT_CIN,2000,NA,2000-11-26,Regular Season,FALSE,CIN,PIT,28,48,L,PIT,20,76,FiveThirtyEight
2000_2000-11-26_PHI_WAS,2000,NA,2000-11-26,Regular Season,FALSE,WAS,PHI,20,23,L,PHI,3,43,FiveThirtyEight
2000_2000-11-26_KC_LAC,2000,NA,2000-11-26,Regular Season,FALSE,LAC,KC,17,16,W,LAC,1,33,FiveThirtyEight
2000_2000-11-26_NO_LA,2000,NA,2000-11-26,Regular Season,FALSE,LA,NO,24,31,L,NO,7,55,FiveThirtyEight
2000_2000-11-27_GB_CAR,2000,NA,2000-11-27,Regular Season,FALSE,CAR,GB,31,14,W,CAR,17,45,FiveThirtyEight
2000_2000-11-30_DET_MIN,2000,NA,2000-11-30,Regular Season,FALSE,MIN,DET,24,17,W,MIN,7,41,FiveThirtyEight
2000_2000-12-03_SF_LAC,2000,NA,2000-12-03,Regular Season,FALSE,LAC,SF,17,45,L,SF,28,62,FiveThirtyEight
2000_2000-12-03_CLE_JAX,2000,NA,2000-12-03,Regular Season,FALSE,JAX,CLE,48,0,W,JAX,48,48,FiveThirtyEight
2000_2000-12-03_LA_CAR,2000,NA,2000-12-03,Regular Season,FALSE,CAR,LA,16,3,W,CAR,13,19,FiveThirtyEight
2000_2000-12-03_IND_NYJ,2000,NA,2000-12-03,Regular Season,FALSE,NYJ,IND,27,17,W,NYJ,10,44,FiveThirtyEight
2000_2000-12-03_DEN_NO,2000,NA,2000-12-03,Regular Season,FALSE,NO,DEN,23,38,L,DEN,15,61,FiveThirtyEight
2000_2000-12-03_ARI_CIN,2000,NA,2000-12-03,Regular Season,FALSE,CIN,ARI,24,13,W,CIN,11,37,FiveThirtyEight
2000_2000-12-03_GB_CHI,2000,NA,2000-12-03,Regular Season,FALSE,CHI,GB,6,28,L,GB,22,34,FiveThirtyEight
2000_2000-12-03_MIA_BUF,2000,NA,2000-12-03,Regular Season,FALSE,BUF,MIA,6,33,L,MIA,27,39,FiveThirtyEight
2000_2000-12-03_SEA_ATL,2000,NA,2000-12-03,Regular Season,FALSE,ATL,SEA,10,30,L,SEA,20,40,FiveThirtyEight
2000_2000-12-03_DAL_TB,2000,NA,2000-12-03,Regular Season,FALSE,TB,DAL,27,7,W,TB,20,34,FiveThirtyEight
2000_2000-12-03_TEN_PHI,2000,NA,2000-12-03,Regular Season,FALSE,PHI,TEN,13,15,L,TEN,2,28,FiveThirtyEight
2000_2000-12-03_LV_PIT,2000,NA,2000-12-03,Regular Season,FALSE,PIT,LV,21,20,W,PIT,1,41,FiveThirtyEight
2000_2000-12-03_NYG_WAS,2000,NA,2000-12-03,Regular Season,FALSE,WAS,NYG,7,9,L,NYG,2,16,FiveThirtyEight
2000_2000-12-04_KC_NE,2000,NA,2000-12-04,Regular Season,FALSE,NE,KC,30,24,W,NE,6,54,FiveThirtyEight
2000_2000-12-10_MIN_LA,2000,NA,2000-12-10,Regular Season,FALSE,LA,MIN,40,29,W,LA,11,69,FiveThirtyEight
2000_2000-12-10_NO_SF,2000,NA,2000-12-10,Regular Season,FALSE,SF,NO,27,31,L,NO,4,58,FiveThirtyEight
2000_2000-12-10_NYJ_LV,2000,NA,2000-12-10,Regular Season,FALSE,LV,NYJ,31,7,W,LV,24,38,FiveThirtyEight
2000_2000-12-10_CIN_TEN,2000,NA,2000-12-10,Regular Season,FALSE,TEN,CIN,35,3,W,TEN,32,38,FiveThirtyEight
2000_2000-12-10_TB_MIA,2000,NA,2000-12-10,Regular Season,FALSE,MIA,TB,13,16,L,TB,3,29,FiveThirtyEight
2000_2000-12-10_CAR_KC,2000,NA,2000-12-10,Regular Season,FALSE,KC,CAR,15,14,W,KC,1,29,FiveThirtyEight
2000_2000-12-10_ARI_JAX,2000,NA,2000-12-10,Regular Season,FALSE,JAX,ARI,44,10,W,JAX,34,54,FiveThirtyEight
2000_2000-12-10_DET_GB,2000,NA,2000-12-10,Regular Season,FALSE,GB,DET,26,13,W,GB,13,39,FiveThirtyEight
2000_2000-12-10_LAC_BAL,2000,NA,2000-12-10,Regular Season,FALSE,BAL,LAC,24,3,W,BAL,21,27,FiveThirtyEight
2000_2000-12-10_SEA_DEN,2000,NA,2000-12-10,Regular Season,FALSE,DEN,SEA,31,24,W,DEN,7,55,FiveThirtyEight
2000_2000-12-10_WAS_DAL,2000,NA,2000-12-10,Regular Season,FALSE,DAL,WAS,32,13,W,DAL,19,45,FiveThirtyEight
2000_2000-12-10_PHI_CLE,2000,NA,2000-12-10,Regular Season,FALSE,CLE,PHI,24,35,L,PHI,11,59,FiveThirtyEight
2000_2000-12-10_NE_CHI,2000,NA,2000-12-10,Regular Season,FALSE,CHI,NE,24,17,W,CHI,7,41,FiveThirtyEight
2000_2000-12-10_PIT_NYG,2000,NA,2000-12-10,Regular Season,FALSE,NYG,PIT,30,10,W,NYG,20,40,FiveThirtyEight
2000_2000-12-11_BUF_IND,2000,NA,2000-12-11,Regular Season,FALSE,IND,BUF,44,20,W,IND,24,64,FiveThirtyEight
2000_2000-12-16_LV_SEA,2000,NA,2000-12-16,Regular Season,FALSE,SEA,LV,27,24,W,SEA,3,51,FiveThirtyEight
2000_2000-12-16_WAS_PIT,2000,NA,2000-12-16,Regular Season,FALSE,PIT,WAS,24,3,W,PIT,21,27,FiveThirtyEight
2000_2000-12-17_NYG_DAL,2000,NA,2000-12-17,Regular Season,FALSE,DAL,NYG,13,17,L,NYG,4,30,FiveThirtyEight
2000_2000-12-17_BAL_ARI,2000,NA,2000-12-17,Regular Season,FALSE,ARI,BAL,7,13,L,BAL,6,20,FiveThirtyEight
2000_2000-12-17_TEN_CLE,2000,NA,2000-12-17,Regular Season,FALSE,CLE,TEN,0,24,L,TEN,24,24,FiveThirtyEight
2000_2000-12-17_JAX_CIN,2000,NA,2000-12-17,Regular Season,FALSE,CIN,JAX,17,14,W,CIN,3,31,FiveThirtyEight
2000_2000-12-17_NE_BUF,2000,NA,2000-12-17,Regular Season,FALSE,BUF,NE,10,13,L,NE,3,23,FiveThirtyEight
2000_2000-12-17_IND_MIA,2000,NA,2000-12-17,Regular Season,FALSE,MIA,IND,13,20,L,IND,7,33,FiveThirtyEight
2000_2000-12-17_DEN_KC,2000,NA,2000-12-17,Regular Season,FALSE,KC,DEN,20,7,W,KC,13,27,FiveThirtyEight
2000_2000-12-17_CHI_SF,2000,NA,2000-12-17,Regular Season,FALSE,SF,CHI,17,0,W,SF,17,17,FiveThirtyEight
2000_2000-12-17_DET_NYJ,2000,NA,2000-12-17,Regular Season,FALSE,NYJ,DET,7,10,L,DET,3,17,FiveThirtyEight
2000_2000-12-17_ATL_NO,2000,NA,2000-12-17,Regular Season,FALSE,NO,ATL,23,7,W,NO,16,30,FiveThirtyEight
2000_2000-12-17_GB_MIN,2000,NA,2000-12-17,Regular Season,FALSE,MIN,GB,28,33,L,GB,5,61,FiveThirtyEight
2000_2000-12-17_LAC_CAR,2000,NA,2000-12-17,Regular Season,FALSE,CAR,LAC,30,22,W,CAR,8,52,FiveThirtyEight
2000_2000-12-18_LA_TB,2000,NA,2000-12-18,Regular Season,FALSE,TB,LA,38,35,W,TB,3,73,FiveThirtyEight
2000_2000-12-23_SF_DEN,2000,NA,2000-12-23,Regular Season,FALSE,DEN,SF,38,9,W,DEN,29,47,FiveThirtyEight
2000_2000-12-23_BUF_SEA,2000,NA,2000-12-23,Regular Season,FALSE,SEA,BUF,23,42,L,BUF,19,65,FiveThirtyEight
2000_2000-12-23_JAX_NYG,2000,NA,2000-12-23,Regular Season,FALSE,NYG,JAX,28,25,W,NYG,3,53,FiveThirtyEight
2000_2000-12-24_ARI_WAS,2000,NA,2000-12-24,Regular Season,FALSE,WAS,ARI,20,3,W,WAS,17,23,FiveThirtyEight
2000_2000-12-24_KC_ATL,2000,NA,2000-12-24,Regular Season,FALSE,ATL,KC,29,13,W,ATL,16,42,FiveThirtyEight
2000_2000-12-24_MIN_IND,2000,NA,2000-12-24,Regular Season,FALSE,IND,MIN,31,10,W,IND,21,41,FiveThirtyEight
2000_2000-12-24_CHI_DET,2000,NA,2000-12-24,Regular Season,FALSE,DET,CHI,20,23,L,CHI,3,43,FiveThirtyEight
2000_2000-12-24_TB_GB,2000,NA,2000-12-24,Regular Season,FALSE,GB,TB,17,14,W,GB,3,31,FiveThirtyEight
2000_2000-12-24_MIA_NE,2000,NA,2000-12-24,Regular Season,FALSE,NE,MIA,24,27,L,MIA,3,51,FiveThirtyEight
2000_2000-12-24_CIN_PHI,2000,NA,2000-12-24,Regular Season,FALSE,PHI,CIN,16,7,W,PHI,9,23,FiveThirtyEight
2000_2000-12-24_CAR_LV,2000,NA,2000-12-24,Regular Season,FALSE,LV,CAR,52,9,W,LV,43,61,FiveThirtyEight
2000_2000-12-24_LA_NO,2000,NA,2000-12-24,Regular Season,FALSE,NO,LA,21,26,L,LA,5,47,FiveThirtyEight
2000_2000-12-24_PIT_LAC,2000,NA,2000-12-24,Regular Season,FALSE,LAC,PIT,21,34,L,PIT,13,55,FiveThirtyEight
2000_2000-12-24_NYJ_BAL,2000,NA,2000-12-24,Regular Season,FALSE,BAL,NYJ,34,20,W,BAL,14,54,FiveThirtyEight
2000_2000-12-25_DAL_TEN,2000,NA,2000-12-25,Regular Season,FALSE,TEN,DAL,31,0,W,TEN,31,31,FiveThirtyEight
2001_2001-09-09_PIT_JAX,2001,NA,2001-09-09,Regular Season,FALSE,JAX,PIT,21,3,W,JAX,18,24,FiveThirtyEight
2001_2001-09-09_NE_CIN,2001,NA,2001-09-09,Regular Season,FALSE,CIN,NE,23,17,W,CIN,6,40,FiveThirtyEight
2001_2001-09-09_SEA_CLE,2001,NA,2001-09-09,Regular Season,FALSE,CLE,SEA,6,9,L,SEA,3,15,FiveThirtyEight
2001_2001-09-09_TB_DAL,2001,NA,2001-09-09,Regular Season,FALSE,DAL,TB,6,10,L,TB,4,16,FiveThirtyEight
2001_2001-09-09_LV_KC,2001,NA,2001-09-09,Regular Season,FALSE,KC,LV,24,27,L,LV,3,51,FiveThirtyEight
2001_2001-09-09_NO_BUF,2001,NA,2001-09-09,Regular Season,FALSE,BUF,NO,6,24,L,NO,18,30,FiveThirtyEight
2001_2001-09-09_DET_GB,2001,NA,2001-09-09,Regular Season,FALSE,GB,DET,28,6,W,GB,22,34,FiveThirtyEight
2001_2001-09-09_LA_PHI,2001,NA,2001-09-09,Regular Season,FALSE,PHI,LA,17,20,L,LA,3,37,FiveThirtyEight
2001_2001-09-09_WAS_LAC,2001,NA,2001-09-09,Regular Season,FALSE,LAC,WAS,30,3,W,LAC,27,33,FiveThirtyEight
2001_2001-09-09_ATL_SF,2001,NA,2001-09-09,Regular Season,FALSE,SF,ATL,16,13,W,SF,3,29,FiveThirtyEight
2001_2001-09-09_CHI_BAL,2001,NA,2001-09-09,Regular Season,FALSE,BAL,CHI,17,6,W,BAL,11,23,FiveThirtyEight
2001_2001-09-09_MIA_TEN,2001,NA,2001-09-09,Regular Season,FALSE,TEN,MIA,23,31,L,MIA,8,54,FiveThirtyEight
2001_2001-09-09_IND_NYJ,2001,NA,2001-09-09,Regular Season,FALSE,NYJ,IND,24,45,L,IND,21,69,FiveThirtyEight
2001_2001-09-09_CAR_MIN,2001,NA,2001-09-09,Regular Season,FALSE,MIN,CAR,13,24,L,CAR,11,37,FiveThirtyEight
2001_2001-09-10_NYG_DEN,2001,NA,2001-09-10,Regular Season,FALSE,DEN,NYG,31,20,W,DEN,11,51,FiveThirtyEight
2001_2001-09-23_NYJ_NE,2001,NA,2001-09-23,Regular Season,FALSE,NE,NYJ,3,10,L,NYJ,7,13,FiveThirtyEight
2001_2001-09-23_TEN_JAX,2001,NA,2001-09-23,Regular Season,FALSE,JAX,TEN,13,6,W,JAX,7,19,FiveThirtyEight
2001_2001-09-23_LA_SF,2001,NA,2001-09-23,Regular Season,FALSE,SF,LA,26,30,L,LA,4,56,FiveThirtyEight
2001_2001-09-23_LAC_DAL,2001,NA,2001-09-23,Regular Season,FALSE,DAL,LAC,21,32,L,LAC,11,53,FiveThirtyEight
2001_2001-09-23_PHI_SEA,2001,NA,2001-09-23,Regular Season,FALSE,SEA,PHI,3,27,L,PHI,24,30,FiveThirtyEight
2001_2001-09-23_LV_MIA,2001,NA,2001-09-23,Regular Season,FALSE,MIA,LV,18,15,W,MIA,3,33,FiveThirtyEight
2001_2001-09-23_NYG_KC,2001,NA,2001-09-23,Regular Season,FALSE,KC,NYG,3,13,L,NYG,10,16,FiveThirtyEight
2001_2001-09-23_DEN_ARI,2001,NA,2001-09-23,Regular Season,FALSE,ARI,DEN,17,38,L,DEN,21,55,FiveThirtyEight
2001_2001-09-23_BUF_IND,2001,NA,2001-09-23,Regular Season,FALSE,IND,BUF,42,26,W,IND,16,68,FiveThirtyEight
2001_2001-09-23_DET_CLE,2001,NA,2001-09-23,Regular Season,FALSE,CLE,DET,24,14,W,CLE,10,38,FiveThirtyEight
2001_2001-09-23_BAL_CIN,2001,NA,2001-09-23,Regular Season,FALSE,CIN,BAL,21,10,W,CIN,11,31,FiveThirtyEight
2001_2001-09-23_MIN_CHI,2001,NA,2001-09-23,Regular Season,FALSE,CHI,MIN,17,10,W,CHI,7,27,FiveThirtyEight
2001_2001-09-23_CAR_ATL,2001,NA,2001-09-23,Regular Season,FALSE,ATL,CAR,24,16,W,ATL,8,40,FiveThirtyEight
2001_2001-09-24_WAS_GB,2001,NA,2001-09-24,Regular Season,FALSE,GB,WAS,37,0,W,GB,37,37,FiveThirtyEight
2001_2001-09-30_SEA_LV,2001,NA,2001-09-30,Regular Season,FALSE,LV,SEA,38,14,W,LV,24,52,FiveThirtyEight
2001_2001-09-30_DAL_PHI,2001,NA,2001-09-30,Regular Season,FALSE,PHI,DAL,40,18,W,PHI,22,58,FiveThirtyEight
2001_2001-09-30_NO_NYG,2001,NA,2001-09-30,Regular Season,FALSE,NYG,NO,21,13,W,NYG,8,34,FiveThirtyEight
2001_2001-09-30_IND_NE,2001,NA,2001-09-30,Regular Season,FALSE,NE,IND,44,13,W,NE,31,57,FiveThirtyEight
2001_2001-09-30_TB_MIN,2001,NA,2001-09-30,Regular Season,FALSE,MIN,TB,20,16,W,MIN,4,36,FiveThirtyEight
2001_2001-09-30_KC_WAS,2001,NA,2001-09-30,Regular Season,FALSE,WAS,KC,13,45,L,KC,32,58,FiveThirtyEight
2001_2001-09-30_CIN_LAC,2001,NA,2001-09-30,Regular Season,FALSE,LAC,CIN,28,14,W,LAC,14,42,FiveThirtyEight
2001_2001-09-30_CLE_JAX,2001,NA,2001-09-30,Regular Season,FALSE,JAX,CLE,14,23,L,CLE,9,37,FiveThirtyEight
2001_2001-09-30_BAL_DEN,2001,NA,2001-09-30,Regular Season,FALSE,DEN,BAL,13,20,L,BAL,7,33,FiveThirtyEight
2001_2001-09-30_ATL_ARI,2001,NA,2001-09-30,Regular Season,FALSE,ARI,ATL,14,34,L,ATL,20,48,FiveThirtyEight
2001_2001-09-30_GB_CAR,2001,NA,2001-09-30,Regular Season,FALSE,CAR,GB,7,28,L,GB,21,35,FiveThirtyEight
2001_2001-09-30_PIT_BUF,2001,NA,2001-09-30,Regular Season,FALSE,BUF,PIT,3,20,L,PIT,17,23,FiveThirtyEight
2001_2001-09-30_MIA_LA,2001,NA,2001-09-30,Regular Season,FALSE,LA,MIA,42,10,W,LA,32,52,FiveThirtyEight
2001_2001-10-01_SF_NYJ,2001,NA,2001-10-01,Regular Season,FALSE,NYJ,SF,17,19,L,SF,2,36,FiveThirtyEight
2001_2001-10-07_GB_TB,2001,NA,2001-10-07,Regular Season,FALSE,TB,GB,14,10,W,TB,4,24,FiveThirtyEight
2001_2001-10-07_CAR_SF,2001,NA,2001-10-07,Regular Season,FALSE,SF,CAR,24,14,W,SF,10,38,FiveThirtyEight
2001_2001-10-07_JAX_SEA,2001,NA,2001-10-07,Regular Season,FALSE,SEA,JAX,24,15,W,SEA,9,39,FiveThirtyEight
2001_2001-10-07_TEN_BAL,2001,NA,2001-10-07,Regular Season,FALSE,BAL,TEN,26,7,W,BAL,19,33,FiveThirtyEight
2001_2001-10-07_DAL_LV,2001,NA,2001-10-07,Regular Season,FALSE,LV,DAL,28,21,W,LV,7,49,FiveThirtyEight
2001_2001-10-07_CIN_PIT,2001,NA,2001-10-07,Regular Season,FALSE,PIT,CIN,16,7,W,PIT,9,23,FiveThirtyEight
2001_2001-10-07_ARI_PHI,2001,NA,2001-10-07,Regular Season,FALSE,PHI,ARI,20,21,L,ARI,1,41,FiveThirtyEight
2001_2001-10-07_WAS_NYG,2001,NA,2001-10-07,Regular Season,FALSE,NYG,WAS,23,9,W,NYG,14,32,FiveThirtyEight
2001_2001-10-07_MIN_NO,2001,NA,2001-10-07,Regular Season,FALSE,NO,MIN,28,15,W,NO,13,43,FiveThirtyEight
2001_2001-10-07_NE_MIA,2001,NA,2001-10-07,Regular Season,FALSE,MIA,NE,30,10,W,MIA,20,40,FiveThirtyEight
2001_2001-10-07_KC_DEN,2001,NA,2001-10-07,Regular Season,FALSE,DEN,KC,20,6,W,DEN,14,26,FiveThirtyEight
2001_2001-10-07_NYJ_BUF,2001,NA,2001-10-07,Regular Season,FALSE,BUF,NYJ,36,42,L,NYJ,6,78,FiveThirtyEight
2001_2001-10-07_CHI_ATL,2001,NA,2001-10-07,Regular Season,FALSE,ATL,CHI,3,31,L,CHI,28,34,FiveThirtyEight
2001_2001-10-07_LAC_CLE,2001,NA,2001-10-07,Regular Season,FALSE,CLE,LAC,20,16,W,CLE,4,36,FiveThirtyEight
2001_2001-10-08_LA_DET,2001,NA,2001-10-08,Regular Season,FALSE,DET,LA,0,35,L,LA,35,35,FiveThirtyEight
2001_2001-10-14_ARI_CHI,2001,NA,2001-10-14,Regular Season,FALSE,CHI,ARI,20,13,W,CHI,7,33,FiveThirtyEight
2001_2001-10-14_DEN_SEA,2001,NA,2001-10-14,Regular Season,FALSE,SEA,DEN,34,21,W,SEA,13,55,FiveThirtyEight
2001_2001-10-14_TB_TEN,2001,NA,2001-10-14,Regular Season,FALSE,TEN,TB,31,28,W,TEN,3,59,FiveThirtyEight
2001_2001-10-14_MIA_NYJ,2001,NA,2001-10-14,Regular Season,FALSE,NYJ,MIA,21,17,W,NYJ,4,38,FiveThirtyEight
2001_2001-10-14_DET_MIN,2001,NA,2001-10-14,Regular Season,FALSE,MIN,DET,31,26,W,MIN,5,57,FiveThirtyEight
2001_2001-10-14_PIT_KC,2001,NA,2001-10-14,Regular Season,FALSE,KC,PIT,17,20,L,PIT,3,37,FiveThirtyEight
2001_2001-10-14_BAL_GB,2001,NA,2001-10-14,Regular Season,FALSE,GB,BAL,31,23,W,GB,8,54,FiveThirtyEight
2001_2001-10-14_LV_IND,2001,NA,2001-10-14,Regular Season,FALSE,IND,LV,18,23,L,LV,5,41,FiveThirtyEight
2001_2001-10-14_CLE_CIN,2001,NA,2001-10-14,Regular Season,FALSE,CIN,CLE,24,14,W,CIN,10,38,FiveThirtyEight
2001_2001-10-14_NO_CAR,2001,NA,2001-10-14,Regular Season,FALSE,CAR,NO,25,27,L,NO,2,52,FiveThirtyEight
2001_2001-10-14_SF_ATL,2001,NA,2001-10-14,Regular Season,FALSE,ATL,SF,31,37,L,SF,6,68,FiveThirtyEight
2001_2001-10-14_NYG_LA,2001,NA,2001-10-14,Regular Season,FALSE,LA,NYG,15,14,W,LA,1,29,FiveThirtyEight
2001_2001-10-14_LAC_NE,2001,NA,2001-10-14,Regular Season,FALSE,NE,LAC,29,26,W,NE,3,55,FiveThirtyEight
2001_2001-10-15_WAS_DAL,2001,NA,2001-10-15,Regular Season,FALSE,DAL,WAS,9,7,W,DAL,2,16,FiveThirtyEight
2001_2001-10-18_BUF_JAX,2001,NA,2001-10-18,Regular Season,FALSE,JAX,BUF,10,13,L,BUF,3,23,FiveThirtyEight
2001_2001-10-21_PIT_TB,2001,NA,2001-10-21,Regular Season,FALSE,TB,PIT,10,17,L,PIT,7,27,FiveThirtyEight
2001_2001-10-21_ATL_NO,2001,NA,2001-10-21,Regular Season,FALSE,NO,ATL,13,20,L,ATL,7,33,FiveThirtyEight
2001_2001-10-21_BAL_CLE,2001,NA,2001-10-21,Regular Season,FALSE,CLE,BAL,24,14,W,CLE,10,38,FiveThirtyEight
2001_2001-10-21_GB_MIN,2001,NA,2001-10-21,Regular Season,FALSE,MIN,GB,35,13,W,MIN,22,48,FiveThirtyEight
2001_2001-10-21_NE_IND,2001,NA,2001-10-21,Regular Season,FALSE,IND,NE,17,38,L,NE,21,55,FiveThirtyEight
2001_2001-10-21_CHI_CIN,2001,NA,2001-10-21,Regular Season,FALSE,CIN,CHI,0,24,L,CHI,24,24,FiveThirtyEight
2001_2001-10-21_TEN_DET,2001,NA,2001-10-21,Regular Season,FALSE,DET,TEN,24,27,L,TEN,3,51,FiveThirtyEight
2001_2001-10-21_CAR_WAS,2001,NA,2001-10-21,Regular Season,FALSE,WAS,CAR,17,14,W,WAS,3,31,FiveThirtyEight
2001_2001-10-21_KC_ARI,2001,NA,2001-10-21,Regular Season,FALSE,ARI,KC,24,16,W,ARI,8,40,FiveThirtyEight
2001_2001-10-21_LA_NYJ,2001,NA,2001-10-21,Regular Season,FALSE,NYJ,LA,14,34,L,LA,20,48,FiveThirtyEight
2001_2001-10-21_DEN_LAC,2001,NA,2001-10-21,Regular Season,FALSE,LAC,DEN,27,10,W,LAC,17,37,FiveThirtyEight
2001_2001-10-22_PHI_NYG,2001,NA,2001-10-22,Regular Season,FALSE,NYG,PHI,9,10,L,PHI,1,19,FiveThirtyEight
2001_2001-10-25_IND_KC,2001,NA,2001-10-25,Regular Season,FALSE,KC,IND,28,35,L,IND,7,63,FiveThirtyEight
2001_2001-10-28_NYG_WAS,2001,NA,2001-10-28,Regular Season,FALSE,WAS,NYG,35,21,W,WAS,14,56,FiveThirtyEight
2001_2001-10-28_BUF_LAC,2001,NA,2001-10-28,Regular Season,FALSE,LAC,BUF,27,24,W,LAC,3,51,FiveThirtyEight
2001_2001-10-28_NO_LA,2001,NA,2001-10-28,Regular Season,FALSE,LA,NO,31,34,L,NO,3,65,FiveThirtyEight
2001_2001-10-28_MIN_TB,2001,NA,2001-10-28,Regular Season,FALSE,TB,MIN,41,14,W,TB,27,55,FiveThirtyEight
2001_2001-10-28_MIA_SEA,2001,NA,2001-10-28,Regular Season,FALSE,SEA,MIA,20,24,L,MIA,4,44,FiveThirtyEight
2001_2001-10-28_JAX_BAL,2001,NA,2001-10-28,Regular Season,FALSE,BAL,JAX,18,17,W,BAL,1,35,FiveThirtyEight
2001_2001-10-28_CIN_DET,2001,NA,2001-10-28,Regular Season,FALSE,DET,CIN,27,31,L,CIN,4,58,FiveThirtyEight
2001_2001-10-28_NE_DEN,2001,NA,2001-10-28,Regular Season,FALSE,DEN,NE,31,20,W,DEN,11,51,FiveThirtyEight
2001_2001-10-28_ARI_DAL,2001,NA,2001-10-28,Regular Season,FALSE,DAL,ARI,17,3,W,DAL,14,20,FiveThirtyEight
2001_2001-10-28_SF_CHI,2001,NA,2001-10-28,Regular Season,FALSE,CHI,SF,37,31,W,CHI,6,68,FiveThirtyEight
2001_2001-10-28_NYJ_CAR,2001,NA,2001-10-28,Regular Season,FALSE,CAR,NYJ,12,13,L,NYJ,1,25,FiveThirtyEight
2001_2001-10-28_LV_PHI,2001,NA,2001-10-28,Regular Season,FALSE,PHI,LV,10,20,L,LV,10,30,FiveThirtyEight
2001_2001-10-29_TEN_PIT,2001,NA,2001-10-29,Regular Season,FALSE,PIT,TEN,34,7,W,PIT,27,41,FiveThirtyEight
2001_2001-11-04_NE_ATL,2001,NA,2001-11-04,Regular Season,FALSE,ATL,NE,10,24,L,NE,14,34,FiveThirtyEight
2001_2001-11-04_DET_SF,2001,NA,2001-11-04,Regular Season,FALSE,SF,DET,21,13,W,SF,8,34,FiveThirtyEight
2001_2001-11-04_BAL_PIT,2001,NA,2001-11-04,Regular Season,FALSE,PIT,BAL,10,13,L,BAL,3,23,FiveThirtyEight
2001_2001-11-04_JAX_TEN,2001,NA,2001-11-04,Regular Season,FALSE,TEN,JAX,28,24,W,TEN,4,52,FiveThirtyEight
2001_2001-11-04_SEA_WAS,2001,NA,2001-11-04,Regular Season,FALSE,WAS,SEA,27,14,W,WAS,13,41,FiveThirtyEight
2001_2001-11-04_CLE_CHI,2001,NA,2001-11-04,Regular Season,FALSE,CHI,CLE,27,21,W,CHI,6,48,FiveThirtyEight
2001_2001-11-04_IND_BUF,2001,NA,2001-11-04,Regular Season,FALSE,BUF,IND,14,30,L,IND,16,44,FiveThirtyEight
2001_2001-11-04_KC_LAC,2001,NA,2001-11-04,Regular Season,FALSE,LAC,KC,20,25,L,KC,5,45,FiveThirtyEight
2001_2001-11-04_NYJ_NO,2001,NA,2001-11-04,Regular Season,FALSE,NO,NYJ,9,16,L,NYJ,7,25,FiveThirtyEight
2001_2001-11-04_CAR_MIA,2001,NA,2001-11-04,Regular Season,FALSE,MIA,CAR,23,6,W,MIA,17,29,FiveThirtyEight
2001_2001-11-04_TB_GB,2001,NA,2001-11-04,Regular Season,FALSE,GB,TB,21,20,W,GB,1,41,FiveThirtyEight
2001_2001-11-04_PHI_ARI,2001,NA,2001-11-04,Regular Season,FALSE,ARI,PHI,7,21,L,PHI,14,28,FiveThirtyEight
2001_2001-11-04_DAL_NYG,2001,NA,2001-11-04,Regular Season,FALSE,NYG,DAL,27,24,W,NYG,3,51,FiveThirtyEight
2001_2001-11-05_DEN_LV,2001,NA,2001-11-05,Regular Season,FALSE,LV,DEN,38,28,W,LV,10,66,FiveThirtyEight
2001_2001-11-11_DAL_ATL,2001,NA,2001-11-11,Regular Season,FALSE,ATL,DAL,20,13,W,ATL,7,33,FiveThirtyEight
2001_2001-11-11_LAC_DEN,2001,NA,2001-11-11,Regular Season,FALSE,DEN,LAC,26,16,W,DEN,10,42,FiveThirtyEight
2001_2001-11-11_CAR_LA,2001,NA,2001-11-11,Regular Season,FALSE,LA,CAR,48,14,W,LA,34,62,FiveThirtyEight
2001_2001-11-11_NO_SF,2001,NA,2001-11-11,Regular Season,FALSE,SF,NO,28,27,W,SF,1,55,FiveThirtyEight
2001_2001-11-11_LV_SEA,2001,NA,2001-11-11,Regular Season,FALSE,SEA,LV,34,27,W,SEA,7,61,FiveThirtyEight
2001_2001-11-11_MIN_PHI,2001,NA,2001-11-11,Regular Season,FALSE,PHI,MIN,48,17,W,PHI,31,65,FiveThirtyEight
2001_2001-11-11_KC_NYJ,2001,NA,2001-11-11,Regular Season,FALSE,NYJ,KC,27,7,W,NYJ,20,34,FiveThirtyEight
2001_2001-11-11_BUF_NE,2001,NA,2001-11-11,Regular Season,FALSE,NE,BUF,21,11,W,NE,10,32,FiveThirtyEight
2001_2001-11-11_CIN_JAX,2001,NA,2001-11-11,Regular Season,FALSE,JAX,CIN,30,13,W,JAX,17,43,FiveThirtyEight
2001_2001-11-11_TB_DET,2001,NA,2001-11-11,Regular Season,FALSE,DET,TB,17,20,L,TB,3,37,FiveThirtyEight
2001_2001-11-11_NYG_ARI,2001,NA,2001-11-11,Regular Season,FALSE,ARI,NYG,10,17,L,NYG,7,27,FiveThirtyEight
2001_2001-11-11_MIA_IND,2001,NA,2001-11-11,Regular Season,FALSE,IND,MIA,24,27,L,MIA,3,51,FiveThirtyEight
2001_2001-11-11_PIT_CLE,2001,NA,2001-11-11,Regular Season,FALSE,CLE,PIT,12,15,L,PIT,3,27,FiveThirtyEight
2001_2001-11-11_GB_CHI,2001,NA,2001-11-11,Regular Season,FALSE,CHI,GB,12,20,L,GB,8,32,FiveThirtyEight
2001_2001-11-12_BAL_TEN,2001,NA,2001-11-12,Regular Season,FALSE,TEN,BAL,10,16,L,BAL,6,26,FiveThirtyEight
2001_2001-11-18_CHI_TB,2001,NA,2001-11-18,Regular Season,FALSE,TB,CHI,24,27,L,CHI,3,51,FiveThirtyEight
2001_2001-11-18_CLE_BAL,2001,NA,2001-11-18,Regular Season,FALSE,BAL,CLE,17,27,L,CLE,10,44,FiveThirtyEight
2001_2001-11-18_JAX_PIT,2001,NA,2001-11-18,Regular Season,FALSE,PIT,JAX,20,7,W,PIT,13,27,FiveThirtyEight
2001_2001-11-18_IND_NO,2001,NA,2001-11-18,Regular Season,FALSE,NO,IND,34,20,W,NO,14,54,FiveThirtyEight
2001_2001-11-18_NYJ_MIA,2001,NA,2001-11-18,Regular Season,FALSE,MIA,NYJ,0,24,L,NYJ,24,24,FiveThirtyEight
2001_2001-11-18_ATL_GB,2001,NA,2001-11-18,Regular Season,FALSE,GB,ATL,20,23,L,ATL,3,43,FiveThirtyEight
2001_2001-11-18_WAS_DEN,2001,NA,2001-11-18,Regular Season,FALSE,DEN,WAS,10,17,L,WAS,7,27,FiveThirtyEight
2001_2001-11-18_PHI_DAL,2001,NA,2001-11-18,Regular Season,FALSE,DAL,PHI,3,36,L,PHI,33,39,FiveThirtyEight
2001_2001-11-18_DET_ARI,2001,NA,2001-11-18,Regular Season,FALSE,ARI,DET,45,38,W,ARI,7,83,FiveThirtyEight
2001_2001-11-18_TEN_CIN,2001,NA,2001-11-18,Regular Season,FALSE,CIN,TEN,7,20,L,TEN,13,27,FiveThirtyEight
2001_2001-11-18_SF_CAR,2001,NA,2001-11-18,Regular Season,FALSE,CAR,SF,22,25,L,SF,3,47,FiveThirtyEight
2001_2001-11-18_SEA_BUF,2001,NA,2001-11-18,Regular Season,FALSE,BUF,SEA,20,23,L,SEA,3,43,FiveThirtyEight
2001_2001-11-18_LA_NE,2001,NA,2001-11-18,Regular Season,FALSE,NE,LA,17,24,L,LA,7,41,FiveThirtyEight
2001_2001-11-18_LAC_LV,2001,NA,2001-11-18,Regular Season,FALSE,LV,LAC,34,24,W,LV,10,58,FiveThirtyEight
2001_2001-11-19_NYG_MIN,2001,NA,2001-11-19,Regular Season,FALSE,MIN,NYG,28,16,W,MIN,12,44,FiveThirtyEight
2001_2001-11-22_DEN_DAL,2001,NA,2001-11-22,Regular Season,FALSE,DAL,DEN,24,26,L,DEN,2,50,FiveThirtyEight
2001_2001-11-22_GB_DET,2001,NA,2001-11-22,Regular Season,FALSE,DET,GB,27,29,L,GB,2,56,FiveThirtyEight
2001_2001-11-25_MIA_BUF,2001,NA,2001-11-25,Regular Season,FALSE,BUF,MIA,27,34,L,MIA,7,61,FiveThirtyEight
2001_2001-11-25_BAL_JAX,2001,NA,2001-11-25,Regular Season,FALSE,JAX,BAL,21,24,L,BAL,3,45,FiveThirtyEight
2001_2001-11-25_WAS_PHI,2001,NA,2001-11-25,Regular Season,FALSE,PHI,WAS,3,13,L,WAS,10,16,FiveThirtyEight
2001_2001-11-25_PIT_TEN,2001,NA,2001-11-25,Regular Season,FALSE,TEN,PIT,24,34,L,PIT,10,58,FiveThirtyEight
2001_2001-11-25_LV_NYG,2001,NA,2001-11-25,Regular Season,FALSE,NYG,LV,10,28,L,LV,18,38,FiveThirtyEight
2001_2001-11-25_NO_NE,2001,NA,2001-11-25,Regular Season,FALSE,NE,NO,34,17,W,NE,17,51,FiveThirtyEight
2001_2001-11-25_CHI_MIN,2001,NA,2001-11-25,Regular Season,FALSE,MIN,CHI,6,13,L,CHI,7,19,FiveThirtyEight
2001_2001-11-25_SEA_KC,2001,NA,2001-11-25,Regular Season,FALSE,KC,SEA,19,7,W,KC,12,26,FiveThirtyEight
2001_2001-11-25_SF_IND,2001,NA,2001-11-25,Regular Season,FALSE,IND,SF,21,40,L,SF,19,61,FiveThirtyEight
2001_2001-11-25_CIN_CLE,2001,NA,2001-11-25,Regular Season,FALSE,CLE,CIN,18,0,W,CLE,18,18,FiveThirtyEight
2001_2001-11-25_ATL_CAR,2001,NA,2001-11-25,Regular Season,FALSE,CAR,ATL,7,10,L,ATL,3,17,FiveThirtyEight
2001_2001-11-25_ARI_LAC,2001,NA,2001-11-25,Regular Season,FALSE,LAC,ARI,17,20,L,ARI,3,37,FiveThirtyEight
2001_2001-11-26_TB_LA,2001,NA,2001-11-26,Regular Season,FALSE,LA,TB,17,24,L,TB,7,41,FiveThirtyEight
2001_2001-11-29_PHI_KC,2001,NA,2001-11-29,Regular Season,FALSE,KC,PHI,10,23,L,PHI,13,33,FiveThirtyEight
2001_2001-12-02_MIN_PIT,2001,NA,2001-12-02,Regular Season,FALSE,PIT,MIN,21,16,W,PIT,5,37,FiveThirtyEight
2001_2001-12-02_NE_NYJ,2001,NA,2001-12-02,Regular Season,FALSE,NYJ,NE,16,17,L,NE,1,33,FiveThirtyEight
2001_2001-12-02_CAR_NO,2001,NA,2001-12-02,Regular Season,FALSE,NO,CAR,27,23,W,NO,4,50,FiveThirtyEight
2001_2001-12-02_DEN_MIA,2001,NA,2001-12-02,Regular Season,FALSE,MIA,DEN,21,10,W,MIA,11,31,FiveThirtyEight
2001_2001-12-02_TEN_CLE,2001,NA,2001-12-02,Regular Season,FALSE,CLE,TEN,15,31,L,TEN,16,46,FiveThirtyEight
2001_2001-12-02_TB_CIN,2001,NA,2001-12-02,Regular Season,FALSE,CIN,TB,13,16,L,TB,3,29,FiveThirtyEight
2001_2001-12-02_DET_CHI,2001,NA,2001-12-02,Regular Season,FALSE,CHI,DET,13,10,W,CHI,3,23,FiveThirtyEight
2001_2001-12-02_DAL_WAS,2001,NA,2001-12-02,Regular Season,FALSE,WAS,DAL,14,20,L,DAL,6,34,FiveThirtyEight
2001_2001-12-02_ARI_LV,2001,NA,2001-12-02,Regular Season,FALSE,LV,ARI,31,34,L,ARI,3,65,FiveThirtyEight
2001_2001-12-02_IND_BAL,2001,NA,2001-12-02,Regular Season,FALSE,BAL,IND,39,27,W,BAL,12,66,FiveThirtyEight
2001_2001-12-02_BUF_SF,2001,NA,2001-12-02,Regular Season,FALSE,SF,BUF,35,0,W,SF,35,35,FiveThirtyEight
2001_2001-12-02_LA_ATL,2001,NA,2001-12-02,Regular Season,FALSE,ATL,LA,6,35,L,LA,29,41,FiveThirtyEight
2001_2001-12-02_LAC_SEA,2001,NA,2001-12-02,Regular Season,FALSE,SEA,LAC,13,10,W,SEA,3,23,FiveThirtyEight
2001_2001-12-03_GB_JAX,2001,NA,2001-12-03,Regular Season,FALSE,JAX,GB,21,28,L,GB,7,49,FiveThirtyEight
2001_2001-12-09_NYG_DAL,2001,NA,2001-12-09,Regular Season,FALSE,DAL,NYG,20,13,W,DAL,7,33,FiveThirtyEight
2001_2001-12-09_LAC_PHI,2001,NA,2001-12-09,Regular Season,FALSE,PHI,LAC,24,14,W,PHI,10,38,FiveThirtyEight
2001_2001-12-09_DET_TB,2001,NA,2001-12-09,Regular Season,FALSE,TB,DET,15,12,W,TB,3,27,FiveThirtyEight
2001_2001-12-09_KC_LV,2001,NA,2001-12-09,Regular Season,FALSE,LV,KC,28,26,W,LV,2,54,FiveThirtyEight
2001_2001-12-09_CLE_NE,2001,NA,2001-12-09,Regular Season,FALSE,NE,CLE,27,16,W,NE,11,43,FiveThirtyEight
2001_2001-12-09_TEN_MIN,2001,NA,2001-12-09,Regular Season,FALSE,MIN,TEN,42,24,W,MIN,18,66,FiveThirtyEight
2001_2001-12-09_CHI_GB,2001,NA,2001-12-09,Regular Season,FALSE,GB,CHI,17,7,W,GB,10,24,FiveThirtyEight
2001_2001-12-09_SEA_DEN,2001,NA,2001-12-09,Regular Season,FALSE,DEN,SEA,20,7,W,DEN,13,27,FiveThirtyEight
2001_2001-12-09_WAS_ARI,2001,NA,2001-12-09,Regular Season,FALSE,ARI,WAS,10,20,L,WAS,10,30,FiveThirtyEight
2001_2001-12-09_JAX_CIN,2001,NA,2001-12-09,Regular Season,FALSE,CIN,JAX,10,14,L,JAX,4,24,FiveThirtyEight
2001_2001-12-09_CAR_BUF,2001,NA,2001-12-09,Regular Season,FALSE,BUF,CAR,25,24,W,BUF,1,49,FiveThirtyEight
2001_2001-12-09_NO_ATL,2001,NA,2001-12-09,Regular Season,FALSE,ATL,NO,10,28,L,NO,18,38,FiveThirtyEight
2001_2001-12-09_NYJ_PIT,2001,NA,2001-12-09,Regular Season,FALSE,PIT,NYJ,18,7,W,PIT,11,25,FiveThirtyEight
2001_2001-12-09_SF_LA,2001,NA,2001-12-09,Regular Season,FALSE,LA,SF,27,14,W,LA,13,41,FiveThirtyEight
2001_2001-12-10_IND_MIA,2001,NA,2001-12-10,Regular Season,FALSE,MIA,IND,41,6,W,MIA,35,47,FiveThirtyEight
2001_2001-12-15_LV_LAC,2001,NA,2001-12-15,Regular Season,FALSE,LAC,LV,6,13,L,LV,7,19,FiveThirtyEight
2001_2001-12-15_ARI_NYG,2001,NA,2001-12-15,Regular Season,FALSE,NYG,ARI,17,13,W,NYG,4,30,FiveThirtyEight
2001_2001-12-16_PHI_WAS,2001,NA,2001-12-16,Regular Season,FALSE,WAS,PHI,6,20,L,PHI,14,26,FiveThirtyEight
2001_2001-12-16_PIT_BAL,2001,NA,2001-12-16,Regular Season,FALSE,BAL,PIT,21,26,L,PIT,5,47,FiveThirtyEight
2001_2001-12-16_GB_TEN,2001,NA,2001-12-16,Regular Season,FALSE,TEN,GB,26,20,W,TEN,6,46,FiveThirtyEight
2001_2001-12-16_CIN_NYJ,2001,NA,2001-12-16,Regular Season,FALSE,NYJ,CIN,15,14,W,NYJ,1,29,FiveThirtyEight
2001_2001-12-16_DEN_KC,2001,NA,2001-12-16,Regular Season,FALSE,KC,DEN,26,23,W,KC,3,49,FiveThirtyEight
2001_2001-12-16_MIN_DET,2001,NA,2001-12-16,Regular Season,FALSE,DET,MIN,27,24,W,DET,3,51,FiveThirtyEight
2001_2001-12-16_ATL_IND,2001,NA,2001-12-16,Regular Season,FALSE,IND,ATL,41,27,W,IND,14,68,FiveThirtyEight
2001_2001-12-16_JAX_CLE,2001,NA,2001-12-16,Regular Season,FALSE,CLE,JAX,10,15,L,JAX,5,25,FiveThirtyEight
2001_2001-12-16_TB_CHI,2001,NA,2001-12-16,Regular Season,FALSE,CHI,TB,27,3,W,CHI,24,30,FiveThirtyEight
2001_2001-12-16_NE_BUF,2001,NA,2001-12-16,Regular Season,FALSE,BUF,NE,9,12,L,NE,3,21,FiveThirtyEight
2001_2001-12-16_DAL_SEA,2001,NA,2001-12-16,Regular Season,FALSE,SEA,DAL,29,3,W,SEA,26,32,FiveThirtyEight
2001_2001-12-16_MIA_SF,2001,NA,2001-12-16,Regular Season,FALSE,SF,MIA,21,0,W,SF,21,21,FiveThirtyEight
2001_2001-12-17_LA_NO,2001,NA,2001-12-17,Regular Season,FALSE,NO,LA,21,34,L,LA,13,55,FiveThirtyEight
2001_2001-12-22_PHI_SF,2001,NA,2001-12-22,Regular Season,FALSE,SF,PHI,13,3,W,SF,10,16,FiveThirtyEight
2001_2001-12-22_TEN_LV,2001,NA,2001-12-22,Regular Season,FALSE,LV,TEN,10,13,L,TEN,3,23,FiveThirtyEight
2001_2001-12-22_MIA_NE,2001,NA,2001-12-22,Regular Season,FALSE,NE,MIA,20,13,W,NE,7,33,FiveThirtyEight
2001_2001-12-23_JAX_MIN,2001,NA,2001-12-23,Regular Season,FALSE,MIN,JAX,3,33,L,JAX,30,36,FiveThirtyEight
2001_2001-12-23_NO_TB,2001,NA,2001-12-23,Regular Season,FALSE,TB,NO,48,21,W,TB,27,69,FiveThirtyEight
2001_2001-12-23_CIN_BAL,2001,NA,2001-12-23,Regular Season,FALSE,BAL,CIN,16,0,W,BAL,16,16,FiveThirtyEight
2001_2001-12-23_DAL_ARI,2001,NA,2001-12-23,Regular Season,FALSE,ARI,DAL,17,10,W,ARI,7,27,FiveThirtyEight
2001_2001-12-23_DET_PIT,2001,NA,2001-12-23,Regular Season,FALSE,PIT,DET,47,14,W,PIT,33,61,FiveThirtyEight
2001_2001-12-23_SEA_NYG,2001,NA,2001-12-23,Regular Season,FALSE,NYG,SEA,27,24,W,NYG,3,51,FiveThirtyEight
2001_2001-12-23_LAC_KC,2001,NA,2001-12-23,Regular Season,FALSE,KC,LAC,20,17,W,KC,3,37,FiveThirtyEight
2001_2001-12-23_CHI_WAS,2001,NA,2001-12-23,Regular Season,FALSE,WAS,CHI,15,20,L,CHI,5,35,FiveThirtyEight
2001_2001-12-23_BUF_ATL,2001,NA,2001-12-23,Regular Season,FALSE,ATL,BUF,33,30,W,ATL,3,63,FiveThirtyEight
2001_2001-12-23_NYJ_IND,2001,NA,2001-12-23,Regular Season,FALSE,IND,NYJ,28,29,L,NYJ,1,57,FiveThirtyEight
2001_2001-12-23_CLE_GB,2001,NA,2001-12-23,Regular Season,FALSE,GB,CLE,30,7,W,GB,23,37,FiveThirtyEight
2001_2001-12-23_LA_CAR,2001,NA,2001-12-23,Regular Season,FALSE,CAR,LA,32,38,L,LA,6,70,FiveThirtyEight
2001_2001-12-29_BAL_TB,2001,NA,2001-12-29,Regular Season,FALSE,TB,BAL,22,10,W,TB,12,32,FiveThirtyEight
2001_2001-12-30_MIN_GB,2001,NA,2001-12-30,Regular Season,FALSE,GB,MIN,24,13,W,GB,11,37,FiveThirtyEight
2001_2001-12-30_NYG_PHI,2001,NA,2001-12-30,Regular Season,FALSE,PHI,NYG,24,21,W,PHI,3,45,FiveThirtyEight
2001_2001-12-30_CLE_TEN,2001,NA,2001-12-30,Regular Season,FALSE,TEN,CLE,38,41,L,CLE,3,79,FiveThirtyEight
2001_2001-12-30_BUF_NYJ,2001,NA,2001-12-30,Regular Season,FALSE,NYJ,BUF,9,14,L,BUF,5,23,FiveThirtyEight
2001_2001-12-30_WAS_NO,2001,NA,2001-12-30,Regular Season,FALSE,NO,WAS,10,40,L,WAS,30,50,FiveThirtyEight
2001_2001-12-30_ATL_MIA,2001,NA,2001-12-30,Regular Season,FALSE,MIA,ATL,21,14,W,MIA,7,35,FiveThirtyEight
2001_2001-12-30_CHI_DET,2001,NA,2001-12-30,Regular Season,FALSE,DET,CHI,0,24,L,CHI,24,24,FiveThirtyEight
2001_2001-12-30_LV_DEN,2001,NA,2001-12-30,Regular Season,FALSE,DEN,LV,23,17,W,DEN,6,40,FiveThirtyEight
2001_2001-12-30_SF_DAL,2001,NA,2001-12-30,Regular Season,FALSE,DAL,SF,27,21,W,DAL,6,48,FiveThirtyEight
2001_2001-12-30_PIT_CIN,2001,NA,2001-12-30,Regular Season,FALSE,CIN,PIT,26,23,W,CIN,3,49,FiveThirtyEight
2001_2001-12-30_ARI_CAR,2001,NA,2001-12-30,Regular Season,FALSE,CAR,ARI,7,30,L,ARI,23,37,FiveThirtyEight
2001_2001-12-30_KC_JAX,2001,NA,2001-12-30,Regular Season,FALSE,JAX,KC,26,30,L,KC,4,56,FiveThirtyEight
2001_2001-12-30_IND_LA,2001,NA,2001-12-30,Regular Season,FALSE,LA,IND,42,17,W,LA,25,59,FiveThirtyEight
2001_2001-12-30_SEA_LAC,2001,NA,2001-12-30,Regular Season,FALSE,LAC,SEA,22,25,L,SEA,3,47,FiveThirtyEight
2001_2002-01-06_SF_NO,2001,NA,2002-01-06,Regular Season,FALSE,NO,SF,0,38,L,SF,38,38,FiveThirtyEight
2001_2002-01-06_ATL_LA,2001,NA,2002-01-06,Regular Season,FALSE,LA,ATL,31,13,W,LA,18,44,FiveThirtyEight
2001_2002-01-06_GB_NYG,2001,NA,2002-01-06,Regular Season,FALSE,NYG,GB,25,34,L,GB,9,59,FiveThirtyEight
2001_2002-01-06_CIN_TEN,2001,NA,2002-01-06,Regular Season,FALSE,TEN,CIN,21,23,L,CIN,2,44,FiveThirtyEight
2001_2002-01-06_NE_CAR,2001,NA,2002-01-06,Regular Season,FALSE,CAR,NE,6,38,L,NE,32,44,FiveThirtyEight
2001_2002-01-06_CLE_PIT,2001,NA,2002-01-06,Regular Season,FALSE,PIT,CLE,28,7,W,PIT,21,35,FiveThirtyEight
2001_2002-01-06_NYJ_LV,2001,NA,2002-01-06,Regular Season,FALSE,LV,NYJ,22,24,L,NYJ,2,46,FiveThirtyEight
2001_2002-01-06_JAX_CHI,2001,NA,2002-01-06,Regular Season,FALSE,CHI,JAX,33,13,W,CHI,20,46,FiveThirtyEight
2001_2002-01-06_DEN_IND,2001,NA,2002-01-06,Regular Season,FALSE,IND,DEN,29,10,W,IND,19,39,FiveThirtyEight
2001_2002-01-06_PHI_TB,2001,NA,2002-01-06,Regular Season,FALSE,TB,PHI,13,17,L,PHI,4,30,FiveThirtyEight
2001_2002-01-06_KC_SEA,2001,NA,2002-01-06,Regular Season,FALSE,SEA,KC,21,18,W,SEA,3,39,FiveThirtyEight
2001_2002-01-06_ARI_WAS,2001,NA,2002-01-06,Regular Season,FALSE,WAS,ARI,20,17,W,WAS,3,37,FiveThirtyEight
2001_2002-01-06_DAL_DET,2001,NA,2002-01-06,Regular Season,FALSE,DET,DAL,15,10,W,DET,5,25,FiveThirtyEight
2001_2002-01-06_BUF_MIA,2001,NA,2002-01-06,Regular Season,FALSE,MIA,BUF,34,7,W,MIA,27,41,FiveThirtyEight
2001_2002-01-07_MIN_BAL,2001,NA,2002-01-07,Regular Season,FALSE,BAL,MIN,19,3,W,BAL,16,22,FiveThirtyEight
2002_2002-09-05_SF_NYG,2002,NA,2002-09-05,Regular Season,FALSE,NYG,SF,13,16,L,SF,3,29,FiveThirtyEight
2002_2002-09-08_KC_CLE,2002,NA,2002-09-08,Regular Season,FALSE,CLE,KC,39,40,L,KC,1,79,FiveThirtyEight
2002_2002-09-08_MIN_CHI,2002,NA,2002-09-08,Regular Season,FALSE,CHI,MIN,27,23,W,CHI,4,50,FiveThirtyEight
2002_2002-09-08_BAL_CAR,2002,NA,2002-09-08,Regular Season,FALSE,CAR,BAL,10,7,W,CAR,3,17,FiveThirtyEight
2002_2002-09-08_LAC_CIN,2002,NA,2002-09-08,Regular Season,FALSE,CIN,LAC,6,34,L,LAC,28,40,FiveThirtyEight
2002_2002-09-08_LA_DEN,2002,NA,2002-09-08,Regular Season,FALSE,DEN,LA,23,16,W,DEN,7,39,FiveThirtyEight
2002_2002-09-08_NYJ_BUF,2002,NA,2002-09-08,Regular Season,FALSE,BUF,NYJ,31,37,L,NYJ,6,68,FiveThirtyEight
2002_2002-09-08_ARI_WAS,2002,NA,2002-09-08,Regular Season,FALSE,WAS,ARI,31,23,W,WAS,8,54,FiveThirtyEight
2002_2002-09-08_NO_TB,2002,NA,2002-09-08,Regular Season,FALSE,TB,NO,20,26,L,NO,6,46,FiveThirtyEight
2002_2002-09-08_SEA_LV,2002,NA,2002-09-08,Regular Season,FALSE,LV,SEA,31,17,W,LV,14,48,FiveThirtyEight
2002_2002-09-08_PHI_TEN,2002,NA,2002-09-08,Regular Season,FALSE,TEN,PHI,27,24,W,TEN,3,51,FiveThirtyEight
2002_2002-09-08_DET_MIA,2002,NA,2002-09-08,Regular Season,FALSE,MIA,DET,49,21,W,MIA,28,70,FiveThirtyEight
2002_2002-09-08_IND_JAX,2002,NA,2002-09-08,Regular Season,FALSE,JAX,IND,25,28,L,IND,3,53,FiveThirtyEight
2002_2002-09-08_DAL_HOU,2002,NA,2002-09-08,Regular Season,FALSE,HOU,DAL,19,10,W,HOU,9,29,FiveThirtyEight
2002_2002-09-08_ATL_GB,2002,NA,2002-09-08,Regular Season,FALSE,GB,ATL,37,34,W,GB,3,71,FiveThirtyEight
2002_2002-09-09_PIT_NE,2002,NA,2002-09-09,Regular Season,FALSE,NE,PIT,30,14,W,NE,16,44,FiveThirtyEight
2002_2002-09-15_HOU_LAC,2002,NA,2002-09-15,Regular Season,FALSE,LAC,HOU,24,3,W,LAC,21,27,FiveThirtyEight
2002_2002-09-15_DEN_SF,2002,NA,2002-09-15,Regular Season,FALSE,SF,DEN,14,24,L,DEN,10,38,FiveThirtyEight
2002_2002-09-15_ARI_SEA,2002,NA,2002-09-15,Regular Season,FALSE,SEA,ARI,13,24,L,ARI,11,37,FiveThirtyEight
2002_2002-09-15_TB_BAL,2002,NA,2002-09-15,Regular Season,FALSE,BAL,TB,0,25,L,TB,25,25,FiveThirtyEight
2002_2002-09-15_LV_PIT,2002,NA,2002-09-15,Regular Season,FALSE,PIT,LV,17,30,L,LV,13,47,FiveThirtyEight
2002_2002-09-15_NE_NYJ,2002,NA,2002-09-15,Regular Season,FALSE,NYJ,NE,7,44,L,NE,37,51,FiveThirtyEight
2002_2002-09-15_GB_NO,2002,NA,2002-09-15,Regular Season,FALSE,NO,GB,35,20,W,NO,15,55,FiveThirtyEight
2002_2002-09-15_BUF_MIN,2002,NA,2002-09-15,Regular Season,FALSE,MIN,BUF,39,45,L,BUF,6,84,FiveThirtyEight
2002_2002-09-15_JAX_KC,2002,NA,2002-09-15,Regular Season,FALSE,KC,JAX,16,23,L,JAX,7,39,FiveThirtyEight
2002_2002-09-15_TEN_DAL,2002,NA,2002-09-15,Regular Season,FALSE,DAL,TEN,21,13,W,DAL,8,34,FiveThirtyEight
2002_2002-09-15_MIA_IND,2002,NA,2002-09-15,Regular Season,FALSE,IND,MIA,13,21,L,MIA,8,34,FiveThirtyEight
2002_2002-09-15_CIN_CLE,2002,NA,2002-09-15,Regular Season,FALSE,CLE,CIN,20,7,W,CLE,13,27,FiveThirtyEight
2002_2002-09-15_DET_CAR,2002,NA,2002-09-15,Regular Season,FALSE,CAR,DET,31,7,W,CAR,24,38,FiveThirtyEight
2002_2002-09-15_CHI_ATL,2002,NA,2002-09-15,Regular Season,FALSE,ATL,CHI,13,14,L,CHI,1,27,FiveThirtyEight
2002_2002-09-15_NYG_LA,2002,NA,2002-09-15,Regular Season,FALSE,LA,NYG,21,26,L,NYG,5,47,FiveThirtyEight
2002_2002-09-16_PHI_WAS,2002,NA,2002-09-16,Regular Season,FALSE,WAS,PHI,7,37,L,PHI,30,44,FiveThirtyEight
2002_2002-09-22_GB_DET,2002,NA,2002-09-22,Regular Season,FALSE,DET,GB,31,37,L,GB,6,68,FiveThirtyEight
2002_2002-09-22_BUF_DEN,2002,NA,2002-09-22,Regular Season,FALSE,DEN,BUF,28,23,W,DEN,5,51,FiveThirtyEight
2002_2002-09-22_WAS_SF,2002,NA,2002-09-22,Regular Season,FALSE,SF,WAS,20,10,W,SF,10,30,FiveThirtyEight
2002_2002-09-22_CLE_TEN,2002,NA,2002-09-22,Regular Season,FALSE,TEN,CLE,28,31,L,CLE,3,59,FiveThirtyEight
2002_2002-09-22_SEA_NYG,2002,NA,2002-09-22,Regular Season,FALSE,NYG,SEA,9,6,W,NYG,3,15,FiveThirtyEight
2002_2002-09-22_KC_NE,2002,NA,2002-09-22,Regular Season,FALSE,NE,KC,41,38,W,NE,3,79,FiveThirtyEight
2002_2002-09-22_CAR_MIN,2002,NA,2002-09-22,Regular Season,FALSE,MIN,CAR,14,21,L,CAR,7,35,FiveThirtyEight
2002_2002-09-22_LAC_ARI,2002,NA,2002-09-22,Regular Season,FALSE,ARI,LAC,15,23,L,LAC,8,38,FiveThirtyEight
2002_2002-09-22_NYJ_MIA,2002,NA,2002-09-22,Regular Season,FALSE,MIA,NYJ,30,3,W,MIA,27,33,FiveThirtyEight
2002_2002-09-22_DAL_PHI,2002,NA,2002-09-22,Regular Season,FALSE,PHI,DAL,44,13,W,PHI,31,57,FiveThirtyEight
2002_2002-09-22_CIN_ATL,2002,NA,2002-09-22,Regular Season,FALSE,ATL,CIN,30,3,W,ATL,27,33,FiveThirtyEight
2002_2002-09-22_NO_CHI,2002,NA,2002-09-22,Regular Season,FALSE,CHI,NO,23,29,L,NO,6,52,FiveThirtyEight
2002_2002-09-22_IND_HOU,2002,NA,2002-09-22,Regular Season,FALSE,HOU,IND,3,23,L,IND,20,26,FiveThirtyEight
2002_2002-09-23_LA_TB,2002,NA,2002-09-23,Regular Season,FALSE,TB,LA,26,14,W,TB,12,40,FiveThirtyEight
2002_2002-09-29_TEN_LV,2002,NA,2002-09-29,Regular Season,FALSE,LV,TEN,52,25,W,LV,27,77,FiveThirtyEight
2002_2002-09-29_NE_LAC,2002,NA,2002-09-29,Regular Season,FALSE,LAC,NE,21,14,W,LAC,7,35,FiveThirtyEight
2002_2002-09-29_CLE_PIT,2002,NA,2002-09-29,Regular Season,FALSE,PIT,CLE,16,13,W,PIT,3,29,FiveThirtyEight
2002_2002-09-29_MIN_SEA,2002,NA,2002-09-29,Regular Season,FALSE,SEA,MIN,48,23,W,SEA,25,71,FiveThirtyEight
2002_2002-09-29_HOU_PHI,2002,NA,2002-09-29,Regular Season,FALSE,PHI,HOU,35,17,W,PHI,18,52,FiveThirtyEight
2002_2002-09-29_MIA_KC,2002,NA,2002-09-29,Regular Season,FALSE,KC,MIA,48,30,W,KC,18,78,FiveThirtyEight
2002_2002-09-29_NYJ_JAX,2002,NA,2002-09-29,Regular Season,FALSE,JAX,NYJ,28,3,W,JAX,25,31,FiveThirtyEight
2002_2002-09-29_CAR_GB,2002,NA,2002-09-29,Regular Season,FALSE,GB,CAR,17,14,W,GB,3,31,FiveThirtyEight
2002_2002-09-29_NO_DET,2002,NA,2002-09-29,Regular Season,FALSE,DET,NO,26,21,W,DET,5,47,FiveThirtyEight
2002_2002-09-29_NYG_ARI,2002,NA,2002-09-29,Regular Season,FALSE,ARI,NYG,21,7,W,ARI,14,28,FiveThirtyEight
2002_2002-09-29_TB_CIN,2002,NA,2002-09-29,Regular Season,FALSE,CIN,TB,7,35,L,TB,28,42,FiveThirtyEight
2002_2002-09-29_CHI_BUF,2002,NA,2002-09-29,Regular Season,FALSE,BUF,CHI,33,27,W,BUF,6,60,FiveThirtyEight
2002_2002-09-29_DAL_LA,2002,NA,2002-09-29,Regular Season,FALSE,LA,DAL,10,13,L,DAL,3,23,FiveThirtyEight
2002_2002-09-30_DEN_BAL,2002,NA,2002-09-30,Regular Season,FALSE,BAL,DEN,34,23,W,BAL,11,57,FiveThirtyEight
2002_2002-10-06_PIT_NO,2002,NA,2002-10-06,Regular Season,FALSE,NO,PIT,32,29,W,NO,3,61,FiveThirtyEight
2002_2002-10-06_NE_MIA,2002,NA,2002-10-06,Regular Season,FALSE,MIA,NE,26,13,W,MIA,13,39,FiveThirtyEight
2002_2002-10-06_PHI_JAX,2002,NA,2002-10-06,Regular Season,FALSE,JAX,PHI,28,25,W,JAX,3,53,FiveThirtyEight
2002_2002-10-06_LA_SF,2002,NA,2002-10-06,Regular Season,FALSE,SF,LA,37,13,W,SF,24,50,FiveThirtyEight
2002_2002-10-06_WAS_TEN,2002,NA,2002-10-06,Regular Season,FALSE,TEN,WAS,14,31,L,WAS,17,45,FiveThirtyEight
2002_2002-10-06_NYG_DAL,2002,NA,2002-10-06,Regular Season,FALSE,DAL,NYG,17,21,L,NYG,4,38,FiveThirtyEight
2002_2002-10-06_KC_NYJ,2002,NA,2002-10-06,Regular Season,FALSE,NYJ,KC,25,29,L,KC,4,54,FiveThirtyEight
2002_2002-10-06_CIN_IND,2002,NA,2002-10-06,Regular Season,FALSE,IND,CIN,28,21,W,IND,7,49,FiveThirtyEight
2002_2002-10-06_BAL_CLE,2002,NA,2002-10-06,Regular Season,FALSE,CLE,BAL,21,26,L,BAL,5,47,FiveThirtyEight
2002_2002-10-06_ARI_CAR,2002,NA,2002-10-06,Regular Season,FALSE,CAR,ARI,13,16,L,ARI,3,29,FiveThirtyEight
2002_2002-10-06_LV_BUF,2002,NA,2002-10-06,Regular Season,FALSE,BUF,LV,31,49,L,LV,18,80,FiveThirtyEight
2002_2002-10-06_TB_ATL,2002,NA,2002-10-06,Regular Season,FALSE,ATL,TB,6,20,L,TB,14,26,FiveThirtyEight
2002_2002-10-06_LAC_DEN,2002,NA,2002-10-06,Regular Season,FALSE,DEN,LAC,26,9,W,DEN,17,35,FiveThirtyEight
2002_2002-10-07_GB_CHI,2002,NA,2002-10-07,Regular Season,FALSE,CHI,GB,21,34,L,GB,13,55,FiveThirtyEight
2002_2002-10-13_PIT_CIN,2002,NA,2002-10-13,Regular Season,FALSE,CIN,PIT,7,34,L,PIT,27,41,FiveThirtyEight
2002_2002-10-13_KC_LAC,2002,NA,2002-10-13,Regular Season,FALSE,LAC,KC,35,34,W,LAC,1,69,FiveThirtyEight
2002_2002-10-13_NO_WAS,2002,NA,2002-10-13,Regular Season,FALSE,WAS,NO,27,43,L,NO,16,70,FiveThirtyEight
2002_2002-10-13_LV_LA,2002,NA,2002-10-13,Regular Season,FALSE,LA,LV,28,13,W,LA,15,41,FiveThirtyEight
2002_2002-10-13_CLE_TB,2002,NA,2002-10-13,Regular Season,FALSE,TB,CLE,17,3,W,TB,14,20,FiveThirtyEight
2002_2002-10-13_JAX_TEN,2002,NA,2002-10-13,Regular Season,FALSE,TEN,JAX,23,14,W,TEN,9,37,FiveThirtyEight
2002_2002-10-13_ATL_NYG,2002,NA,2002-10-13,Regular Season,FALSE,NYG,ATL,10,17,L,ATL,7,27,FiveThirtyEight
2002_2002-10-13_GB_NE,2002,NA,2002-10-13,Regular Season,FALSE,NE,GB,10,28,L,GB,18,38,FiveThirtyEight
2002_2002-10-13_DET_MIN,2002,NA,2002-10-13,Regular Season,FALSE,MIN,DET,31,24,W,MIN,7,55,FiveThirtyEight
2002_2002-10-13_BUF_HOU,2002,NA,2002-10-13,Regular Season,FALSE,HOU,BUF,24,31,L,BUF,7,55,FiveThirtyEight
2002_2002-10-13_MIA_DEN,2002,NA,2002-10-13,Regular Season,FALSE,DEN,MIA,22,24,L,MIA,2,46,FiveThirtyEight
2002_2002-10-13_CAR_DAL,2002,NA,2002-10-13,Regular Season,FALSE,DAL,CAR,14,13,W,DAL,1,27,FiveThirtyEight
2002_2002-10-13_BAL_IND,2002,NA,2002-10-13,Regular Season,FALSE,IND,BAL,22,20,W,IND,2,42,FiveThirtyEight
2002_2002-10-14_SF_SEA,2002,NA,2002-10-14,Regular Season,FALSE,SEA,SF,21,28,L,SF,7,49,FiveThirtyEight
2002_2002-10-20_DEN_KC,2002,NA,2002-10-20,Regular Season,FALSE,KC,DEN,34,37,L,DEN,3,71,FiveThirtyEight
2002_2002-10-20_SEA_LA,2002,NA,2002-10-20,Regular Season,FALSE,LA,SEA,37,20,W,LA,17,57,FiveThirtyEight
2002_2002-10-20_LAC_LV,2002,NA,2002-10-20,Regular Season,FALSE,LV,LAC,21,27,L,LAC,6,48,FiveThirtyEight
2002_2002-10-20_JAX_BAL,2002,NA,2002-10-20,Regular Season,FALSE,BAL,JAX,17,10,W,BAL,7,27,FiveThirtyEight
2002_2002-10-20_TB_PHI,2002,NA,2002-10-20,Regular Season,FALSE,PHI,TB,20,10,W,PHI,10,30,FiveThirtyEight
2002_2002-10-20_MIN_NYJ,2002,NA,2002-10-20,Regular Season,FALSE,NYJ,MIN,20,7,W,NYJ,13,27,FiveThirtyEight
2002_2002-10-20_SF_NO,2002,NA,2002-10-20,Regular Season,FALSE,NO,SF,35,27,W,NO,8,62,FiveThirtyEight
2002_2002-10-20_BUF_MIA,2002,NA,2002-10-20,Regular Season,FALSE,MIA,BUF,10,23,L,BUF,13,33,FiveThirtyEight
2002_2002-10-20_WAS_GB,2002,NA,2002-10-20,Regular Season,FALSE,GB,WAS,30,9,W,GB,21,39,FiveThirtyEight
2002_2002-10-20_CHI_DET,2002,NA,2002-10-20,Regular Season,FALSE,DET,CHI,23,20,W,DET,3,43,FiveThirtyEight
2002_2002-10-20_DAL_ARI,2002,NA,2002-10-20,Regular Season,FALSE,ARI,DAL,9,6,W,ARI,3,15,FiveThirtyEight
2002_2002-10-20_HOU_CLE,2002,NA,2002-10-20,Regular Season,FALSE,CLE,HOU,34,17,W,CLE,17,51,FiveThirtyEight
2002_2002-10-20_CAR_ATL,2002,NA,2002-10-20,Regular Season,FALSE,ATL,CAR,30,0,W,ATL,30,30,FiveThirtyEight
2002_2002-10-21_IND_PIT,2002,NA,2002-10-21,Regular Season,FALSE,PIT,IND,28,10,W,PIT,18,38,FiveThirtyEight
2002_2002-10-27_DET_BUF,2002,NA,2002-10-27,Regular Season,FALSE,BUF,DET,24,17,W,BUF,7,41,FiveThirtyEight
2002_2002-10-27_SEA_DAL,2002,NA,2002-10-27,Regular Season,FALSE,DAL,SEA,14,17,L,SEA,3,31,FiveThirtyEight
2002_2002-10-27_IND_WAS,2002,NA,2002-10-27,Regular Season,FALSE,WAS,IND,26,21,W,WAS,5,47,FiveThirtyEight
2002_2002-10-27_ARI_SF,2002,NA,2002-10-27,Regular Season,FALSE,SF,ARI,38,28,W,SF,10,66,FiveThirtyEight
2002_2002-10-27_PIT_BAL,2002,NA,2002-10-27,Regular Season,FALSE,BAL,PIT,18,31,L,PIT,13,49,FiveThirtyEight
2002_2002-10-27_CLE_NYJ,2002,NA,2002-10-27,Regular Season,FALSE,NYJ,CLE,21,24,L,CLE,3,45,FiveThirtyEight
2002_2002-10-27_DEN_NE,2002,NA,2002-10-27,Regular Season,FALSE,NE,DEN,16,24,L,DEN,8,40,FiveThirtyEight
2002_2002-10-27_ATL_NO,2002,NA,2002-10-27,Regular Season,FALSE,NO,ATL,35,37,L,ATL,2,72,FiveThirtyEight
2002_2002-10-27_CHI_MIN,2002,NA,2002-10-27,Regular Season,FALSE,MIN,CHI,25,7,W,MIN,18,32,FiveThirtyEight
2002_2002-10-27_LV_KC,2002,NA,2002-10-27,Regular Season,FALSE,KC,LV,20,10,W,KC,10,30,FiveThirtyEight
2002_2002-10-27_HOU_JAX,2002,NA,2002-10-27,Regular Season,FALSE,JAX,HOU,19,21,L,HOU,2,40,FiveThirtyEight
2002_2002-10-27_TEN_CIN,2002,NA,2002-10-27,Regular Season,FALSE,CIN,TEN,24,30,L,TEN,6,54,FiveThirtyEight
2002_2002-10-27_TB_CAR,2002,NA,2002-10-27,Regular Season,FALSE,CAR,TB,9,12,L,TB,3,21,FiveThirtyEight
2002_2002-10-28_NYG_PHI,2002,NA,2002-10-28,Regular Season,FALSE,PHI,NYG,17,3,W,PHI,14,20,FiveThirtyEight
2002_2002-11-03_DAL_DET,2002,NA,2002-11-03,Regular Season,FALSE,DET,DAL,9,7,W,DET,2,16,FiveThirtyEight
2002_2002-11-03_TEN_IND,2002,NA,2002-11-03,Regular Season,FALSE,IND,TEN,15,23,L,TEN,8,38,FiveThirtyEight
2002_2002-11-03_MIN_TB,2002,NA,2002-11-03,Regular Season,FALSE,TB,MIN,38,24,W,TB,14,62,FiveThirtyEight
2002_2002-11-03_WAS_SEA,2002,NA,2002-11-03,Regular Season,FALSE,SEA,WAS,3,14,L,WAS,11,17,FiveThirtyEight
2002_2002-11-03_NYJ_LAC,2002,NA,2002-11-03,Regular Season,FALSE,LAC,NYJ,13,44,L,NYJ,31,57,FiveThirtyEight
2002_2002-11-03_PIT_CLE,2002,NA,2002-11-03,Regular Season,FALSE,CLE,PIT,20,23,L,PIT,3,43,FiveThirtyEight
2002_2002-11-03_CIN_HOU,2002,NA,2002-11-03,Regular Season,FALSE,HOU,CIN,3,38,L,CIN,35,41,FiveThirtyEight
2002_2002-11-03_LA_ARI,2002,NA,2002-11-03,Regular Season,FALSE,ARI,LA,14,27,L,LA,13,41,FiveThirtyEight
2002_2002-11-03_PHI_CHI,2002,NA,2002-11-03,Regular Season,FALSE,CHI,PHI,13,19,L,PHI,6,32,FiveThirtyEight
2002_2002-11-03_NE_BUF,2002,NA,2002-11-03,Regular Season,FALSE,BUF,NE,7,38,L,NE,31,45,FiveThirtyEight
2002_2002-11-03_BAL_ATL,2002,NA,2002-11-03,Regular Season,FALSE,ATL,BAL,20,17,W,ATL,3,37,FiveThirtyEight
2002_2002-11-03_SF_LV,2002,NA,2002-11-03,Regular Season,FALSE,LV,SF,20,23,L,SF,3,43,FiveThirtyEight
2002_2002-11-03_JAX_NYG,2002,NA,2002-11-03,Regular Season,FALSE,NYG,JAX,24,17,W,NYG,7,41,FiveThirtyEight
2002_2002-11-04_MIA_GB,2002,NA,2002-11-04,Regular Season,FALSE,GB,MIA,24,10,W,GB,14,34,FiveThirtyEight
2002_2002-11-10_KC_SF,2002,NA,2002-11-10,Regular Season,FALSE,SF,KC,17,13,W,SF,4,30,FiveThirtyEight
2002_2002-11-10_LAC_LA,2002,NA,2002-11-10,Regular Season,FALSE,LA,LAC,28,24,W,LA,4,52,FiveThirtyEight
2002_2002-11-10_IND_PHI,2002,NA,2002-11-10,Regular Season,FALSE,PHI,IND,13,35,L,IND,22,48,FiveThirtyEight
2002_2002-11-10_CIN_BAL,2002,NA,2002-11-10,Regular Season,FALSE,BAL,CIN,38,27,W,BAL,11,65,FiveThirtyEight
2002_2002-11-10_ATL_PIT,2002,NA,2002-11-10,Regular Season,FALSE,PIT,ATL,34,34,T,Tie,0,68,FiveThirtyEight
2002_2002-11-10_HOU_TEN,2002,NA,2002-11-10,Regular Season,FALSE,TEN,HOU,17,10,W,TEN,7,27,FiveThirtyEight
2002_2002-11-10_MIA_NYJ,2002,NA,2002-11-10,Regular Season,FALSE,NYJ,MIA,13,10,W,NYJ,3,23,FiveThirtyEight
2002_2002-11-10_NYG_MIN,2002,NA,2002-11-10,Regular Season,FALSE,MIN,NYG,20,27,L,NYG,7,47,FiveThirtyEight
2002_2002-11-10_WAS_JAX,2002,NA,2002-11-10,Regular Season,FALSE,JAX,WAS,26,7,W,JAX,19,33,FiveThirtyEight
2002_2002-11-10_DET_GB,2002,NA,2002-11-10,Regular Season,FALSE,GB,DET,40,14,W,GB,26,54,FiveThirtyEight
2002_2002-11-10_SEA_ARI,2002,NA,2002-11-10,Regular Season,FALSE,ARI,SEA,6,27,L,SEA,21,33,FiveThirtyEight
2002_2002-11-10_NE_CHI,2002,NA,2002-11-10,Regular Season,FALSE,CHI,NE,30,33,L,NE,3,63,FiveThirtyEight
2002_2002-11-10_NO_CAR,2002,NA,2002-11-10,Regular Season,FALSE,CAR,NO,24,34,L,NO,10,58,FiveThirtyEight
2002_2002-11-11_LV_DEN,2002,NA,2002-11-11,Regular Season,FALSE,DEN,LV,10,34,L,LV,24,44,FiveThirtyEight
2002_2002-11-17_NYJ_DET,2002,NA,2002-11-17,Regular Season,FALSE,DET,NYJ,14,31,L,NYJ,17,45,FiveThirtyEight
2002_2002-11-17_DAL_IND,2002,NA,2002-11-17,Regular Season,FALSE,IND,DAL,20,3,W,IND,17,23,FiveThirtyEight
2002_2002-11-17_CLE_CIN,2002,NA,2002-11-17,Regular Season,FALSE,CIN,CLE,20,27,L,CLE,7,47,FiveThirtyEight
2002_2002-11-17_NO_ATL,2002,NA,2002-11-17,Regular Season,FALSE,ATL,NO,24,17,W,ATL,7,41,FiveThirtyEight
2002_2002-11-17_BUF_KC,2002,NA,2002-11-17,Regular Season,FALSE,KC,BUF,17,16,W,KC,1,33,FiveThirtyEight
2002_2002-11-17_BAL_MIA,2002,NA,2002-11-17,Regular Season,FALSE,MIA,BAL,26,7,W,MIA,19,33,FiveThirtyEight
2002_2002-11-17_GB_MIN,2002,NA,2002-11-17,Regular Season,FALSE,MIN,GB,31,21,W,MIN,10,52,FiveThirtyEight
2002_2002-11-17_WAS_NYG,2002,NA,2002-11-17,Regular Season,FALSE,NYG,WAS,19,17,W,NYG,2,36,FiveThirtyEight
2002_2002-11-17_PIT_TEN,2002,NA,2002-11-17,Regular Season,FALSE,TEN,PIT,31,23,W,TEN,8,54,FiveThirtyEight
2002_2002-11-17_ARI_PHI,2002,NA,2002-11-17,Regular Season,FALSE,PHI,ARI,38,14,W,PHI,24,52,FiveThirtyEight
2002_2002-11-17_NE_LV,2002,NA,2002-11-17,Regular Season,FALSE,LV,NE,27,20,W,LV,7,47,FiveThirtyEight
2002_2002-11-17_DEN_SEA,2002,NA,2002-11-17,Regular Season,FALSE,SEA,DEN,9,31,L,DEN,22,40,FiveThirtyEight
2002_2002-11-17_CAR_TB,2002,NA,2002-11-17,Regular Season,FALSE,TB,CAR,23,10,W,TB,13,33,FiveThirtyEight
2002_2002-11-17_SF_LAC,2002,NA,2002-11-17,Regular Season,FALSE,LAC,SF,20,17,W,LAC,3,37,FiveThirtyEight
2002_2002-11-17_JAX_HOU,2002,NA,2002-11-17,Regular Season,FALSE,HOU,JAX,21,24,L,JAX,3,45,FiveThirtyEight
2002_2002-11-18_CHI_LA,2002,NA,2002-11-18,Regular Season,FALSE,LA,CHI,21,16,W,LA,5,37,FiveThirtyEight
2002_2002-11-24_JAX_DAL,2002,NA,2002-11-24,Regular Season,FALSE,DAL,JAX,21,19,W,DAL,2,40,FiveThirtyEight
2002_2002-11-24_LA_WAS,2002,NA,2002-11-24,Regular Season,FALSE,WAS,LA,20,17,W,WAS,3,37,FiveThirtyEight
2002_2002-11-24_LAC_MIA,2002,NA,2002-11-24,Regular Season,FALSE,MIA,LAC,30,3,W,MIA,27,33,FiveThirtyEight
2002_2002-11-24_GB_TB,2002,NA,2002-11-24,Regular Season,FALSE,TB,GB,21,7,W,TB,14,28,FiveThirtyEight
2002_2002-11-24_KC_SEA,2002,NA,2002-11-24,Regular Season,FALSE,SEA,KC,39,32,W,SEA,7,71,FiveThirtyEight
2002_2002-11-24_TEN_BAL,2002,NA,2002-11-24,Regular Season,FALSE,BAL,TEN,13,12,W,BAL,1,25,FiveThirtyEight
2002_2002-11-24_CIN_PIT,2002,NA,2002-11-24,Regular Season,FALSE,PIT,CIN,29,21,W,PIT,8,50,FiveThirtyEight
2002_2002-11-24_BUF_NYJ,2002,NA,2002-11-24,Regular Season,FALSE,NYJ,BUF,31,13,W,NYJ,18,44,FiveThirtyEight
2002_2002-11-24_MIN_NE,2002,NA,2002-11-24,Regular Season,FALSE,NE,MIN,24,17,W,NE,7,41,FiveThirtyEight
2002_2002-11-24_CLE_NO,2002,NA,2002-11-24,Regular Season,FALSE,NO,CLE,15,24,L,CLE,9,39,FiveThirtyEight
2002_2002-11-24_NYG_HOU,2002,NA,2002-11-24,Regular Season,FALSE,HOU,NYG,16,14,W,HOU,2,30,FiveThirtyEight
2002_2002-11-24_IND_DEN,2002,NA,2002-11-24,Regular Season,FALSE,DEN,IND,20,23,L,IND,3,43,FiveThirtyEight
2002_2002-11-24_LV_ARI,2002,NA,2002-11-24,Regular Season,FALSE,ARI,LV,20,41,L,LV,21,61,FiveThirtyEight
2002_2002-11-24_DET_CHI,2002,NA,2002-11-24,Regular Season,FALSE,CHI,DET,20,17,W,CHI,3,37,FiveThirtyEight
2002_2002-11-24_ATL_CAR,2002,NA,2002-11-24,Regular Season,FALSE,CAR,ATL,0,41,L,ATL,41,41,FiveThirtyEight
2002_2002-11-25_PHI_SF,2002,NA,2002-11-25,Regular Season,FALSE,SF,PHI,17,38,L,PHI,21,55,FiveThirtyEight
2002_2002-11-28_WAS_DAL,2002,NA,2002-11-28,Regular Season,FALSE,DAL,WAS,27,20,W,DAL,7,47,FiveThirtyEight
2002_2002-11-28_NE_DET,2002,NA,2002-11-28,Regular Season,FALSE,DET,NE,12,20,L,NE,8,32,FiveThirtyEight
2002_2002-12-01_LA_PHI,2002,NA,2002-12-01,Regular Season,FALSE,PHI,LA,10,3,W,PHI,7,13,FiveThirtyEight
2002_2002-12-01_PIT_JAX,2002,NA,2002-12-01,Regular Season,FALSE,JAX,PIT,23,25,L,PIT,2,48,FiveThirtyEight
2002_2002-12-01_CHI_GB,2002,NA,2002-12-01,Regular Season,FALSE,GB,CHI,30,20,W,GB,10,50,FiveThirtyEight
2002_2002-12-01_HOU_IND,2002,NA,2002-12-01,Regular Season,FALSE,IND,HOU,19,3,W,IND,16,22,FiveThirtyEight
2002_2002-12-01_ARI_KC,2002,NA,2002-12-01,Regular Season,FALSE,KC,ARI,49,0,W,KC,49,49,FiveThirtyEight
2002_2002-12-01_BAL_CIN,2002,NA,2002-12-01,Regular Season,FALSE,CIN,BAL,23,27,L,BAL,4,50,FiveThirtyEight
2002_2002-12-01_SEA_SF,2002,NA,2002-12-01,Regular Season,FALSE,SF,SEA,31,24,W,SF,7,55,FiveThirtyEight
2002_2002-12-01_ATL_MIN,2002,NA,2002-12-01,Regular Season,FALSE,MIN,ATL,24,30,L,ATL,6,54,FiveThirtyEight
2002_2002-12-01_TB_NO,2002,NA,2002-12-01,Regular Season,FALSE,NO,TB,23,20,W,NO,3,43,FiveThirtyEight
2002_2002-12-01_MIA_BUF,2002,NA,2002-12-01,Regular Season,FALSE,BUF,MIA,38,21,W,BUF,17,59,FiveThirtyEight
2002_2002-12-01_CAR_CLE,2002,NA,2002-12-01,Regular Season,FALSE,CLE,CAR,6,13,L,CAR,7,19,FiveThirtyEight
2002_2002-12-01_TEN_NYG,2002,NA,2002-12-01,Regular Season,FALSE,NYG,TEN,29,32,L,TEN,3,61,FiveThirtyEight
2002_2002-12-01_DEN_LAC,2002,NA,2002-12-01,Regular Season,FALSE,LAC,DEN,30,27,W,LAC,3,57,FiveThirtyEight
2002_2002-12-02_NYJ_LV,2002,NA,2002-12-02,Regular Season,FALSE,LV,NYJ,26,20,W,LV,6,46,FiveThirtyEight
2002_2002-12-08_SF_DAL,2002,NA,2002-12-08,Regular Season,FALSE,DAL,SF,27,31,L,SF,4,58,FiveThirtyEight
2002_2002-12-08_PHI_SEA,2002,NA,2002-12-08,Regular Season,FALSE,SEA,PHI,20,27,L,PHI,7,47,FiveThirtyEight
2002_2002-12-08_NO_BAL,2002,NA,2002-12-08,Regular Season,FALSE,BAL,NO,25,37,L,NO,12,62,FiveThirtyEight
2002_2002-12-08_HOU_PIT,2002,NA,2002-12-08,Regular Season,FALSE,PIT,HOU,6,24,L,HOU,18,30,FiveThirtyEight
2002_2002-12-08_IND_TEN,2002,NA,2002-12-08,Regular Season,FALSE,TEN,IND,27,17,W,TEN,10,44,FiveThirtyEight
2002_2002-12-08_DEN_NYJ,2002,NA,2002-12-08,Regular Season,FALSE,NYJ,DEN,19,13,W,NYJ,6,32,FiveThirtyEight
2002_2002-12-08_BUF_NE,2002,NA,2002-12-08,Regular Season,FALSE,NE,BUF,27,17,W,NE,10,44,FiveThirtyEight
2002_2002-12-08_MIN_GB,2002,NA,2002-12-08,Regular Season,FALSE,GB,MIN,26,22,W,GB,4,48,FiveThirtyEight
2002_2002-12-08_DET_ARI,2002,NA,2002-12-08,Regular Season,FALSE,ARI,DET,23,20,W,ARI,3,43,FiveThirtyEight
2002_2002-12-08_CIN_CAR,2002,NA,2002-12-08,Regular Season,FALSE,CAR,CIN,52,31,W,CAR,21,83,FiveThirtyEight
2002_2002-12-08_LV_LAC,2002,NA,2002-12-08,Regular Season,FALSE,LAC,LV,7,27,L,LV,20,34,FiveThirtyEight
2002_2002-12-08_LA_KC,2002,NA,2002-12-08,Regular Season,FALSE,KC,LA,49,10,W,KC,39,59,FiveThirtyEight
2002_2002-12-08_NYG_WAS,2002,NA,2002-12-08,Regular Season,FALSE,WAS,NYG,21,27,L,NYG,6,48,FiveThirtyEight
2002_2002-12-08_CLE_JAX,2002,NA,2002-12-08,Regular Season,FALSE,JAX,CLE,20,21,L,CLE,1,41,FiveThirtyEight
2002_2002-12-08_ATL_TB,2002,NA,2002-12-08,Regular Season,FALSE,TB,ATL,34,10,W,TB,24,44,FiveThirtyEight
2002_2002-12-09_CHI_MIA,2002,NA,2002-12-09,Regular Season,FALSE,MIA,CHI,27,9,W,MIA,18,36,FiveThirtyEight
2002_2002-12-15_TB_DET,2002,NA,2002-12-15,Regular Season,FALSE,DET,TB,20,23,L,TB,3,43,FiveThirtyEight
2002_2002-12-15_WAS_PHI,2002,NA,2002-12-15,Regular Season,FALSE,PHI,WAS,34,21,W,PHI,13,55,FiveThirtyEight
2002_2002-12-15_ARI_LA,2002,NA,2002-12-15,Regular Season,FALSE,LA,ARI,30,28,W,LA,2,58,FiveThirtyEight
2002_2002-12-15_MIN_NO,2002,NA,2002-12-15,Regular Season,FALSE,NO,MIN,31,32,L,MIN,1,63,FiveThirtyEight
2002_2002-12-15_CAR_PIT,2002,NA,2002-12-15,Regular Season,FALSE,PIT,CAR,30,14,W,PIT,16,44,FiveThirtyEight
2002_2002-12-15_GB_SF,2002,NA,2002-12-15,Regular Season,FALSE,SF,GB,14,20,L,GB,6,34,FiveThirtyEight
2002_2002-12-15_DAL_NYG,2002,NA,2002-12-15,Regular Season,FALSE,NYG,DAL,37,7,W,NYG,30,44,FiveThirtyEight
2002_2002-12-15_LV_MIA,2002,NA,2002-12-15,Regular Season,FALSE,MIA,LV,23,17,W,MIA,6,40,FiveThirtyEight
2002_2002-12-15_BAL_HOU,2002,NA,2002-12-15,Regular Season,FALSE,HOU,BAL,19,23,L,BAL,4,42,FiveThirtyEight
2002_2002-12-15_LAC_BUF,2002,NA,2002-12-15,Regular Season,FALSE,BUF,LAC,20,13,W,BUF,7,33,FiveThirtyEight
2002_2002-12-15_KC_DEN,2002,NA,2002-12-15,Regular Season,FALSE,DEN,KC,31,24,W,DEN,7,55,FiveThirtyEight
2002_2002-12-15_SEA_ATL,2002,NA,2002-12-15,Regular Season,FALSE,ATL,SEA,24,30,L,SEA,6,54,FiveThirtyEight
2002_2002-12-15_NYJ_CHI,2002,NA,2002-12-15,Regular Season,FALSE,CHI,NYJ,20,13,W,CHI,7,33,FiveThirtyEight
2002_2002-12-15_JAX_CIN,2002,NA,2002-12-15,Regular Season,FALSE,CIN,JAX,15,29,L,JAX,14,44,FiveThirtyEight
2002_2002-12-15_IND_CLE,2002,NA,2002-12-15,Regular Season,FALSE,CLE,IND,23,28,L,IND,5,51,FiveThirtyEight
2002_2002-12-16_NE_TEN,2002,NA,2002-12-16,Regular Season,FALSE,TEN,NE,24,7,W,TEN,17,31,FiveThirtyEight
2002_2002-12-21_MIA_MIN,2002,NA,2002-12-21,Regular Season,FALSE,MIN,MIA,20,17,W,MIN,3,37,FiveThirtyEight
2002_2002-12-21_PHI_DAL,2002,NA,2002-12-21,Regular Season,FALSE,DAL,PHI,3,27,L,PHI,24,30,FiveThirtyEight
2002_2002-12-21_SF_ARI,2002,NA,2002-12-21,Regular Season,FALSE,ARI,SF,14,17,L,SF,3,31,FiveThirtyEight
2002_2002-12-22_CLE_BAL,2002,NA,2002-12-22,Regular Season,FALSE,BAL,CLE,13,14,L,CLE,1,27,FiveThirtyEight
2002_2002-12-22_NYJ_NE,2002,NA,2002-12-22,Regular Season,FALSE,NE,NYJ,17,30,L,NYJ,13,47,FiveThirtyEight
2002_2002-12-22_TEN_JAX,2002,NA,2002-12-22,Regular Season,FALSE,JAX,TEN,10,28,L,TEN,18,38,FiveThirtyEight
2002_2002-12-22_BUF_GB,2002,NA,2002-12-22,Regular Season,FALSE,GB,BUF,10,0,W,GB,10,10,FiveThirtyEight
2002_2002-12-22_NYG_IND,2002,NA,2002-12-22,Regular Season,FALSE,IND,NYG,27,44,L,NYG,17,71,FiveThirtyEight
2002_2002-12-22_NO_CIN,2002,NA,2002-12-22,Regular Season,FALSE,CIN,NO,20,13,W,CIN,7,33,FiveThirtyEight
2002_2002-12-22_CHI_CAR,2002,NA,2002-12-22,Regular Season,FALSE,CAR,CHI,24,14,W,CAR,10,38,FiveThirtyEight
2002_2002-12-22_DET_ATL,2002,NA,2002-12-22,Regular Season,FALSE,ATL,DET,36,15,W,ATL,21,51,FiveThirtyEight
2002_2002-12-22_LA_SEA,2002,NA,2002-12-22,Regular Season,FALSE,SEA,LA,30,10,W,SEA,20,40,FiveThirtyEight
2002_2002-12-22_LAC_KC,2002,NA,2002-12-22,Regular Season,FALSE,KC,LAC,24,22,W,KC,2,46,FiveThirtyEight
2002_2002-12-22_HOU_WAS,2002,NA,2002-12-22,Regular Season,FALSE,WAS,HOU,26,10,W,WAS,16,36,FiveThirtyEight
2002_2002-12-22_DEN_LV,2002,NA,2002-12-22,Regular Season,FALSE,LV,DEN,28,16,W,LV,12,44,FiveThirtyEight
2002_2002-12-23_PIT_TB,2002,NA,2002-12-23,Regular Season,FALSE,TB,PIT,7,17,L,PIT,10,24,FiveThirtyEight
2002_2002-12-28_PHI_NYG,2002,NA,2002-12-28,Regular Season,FALSE,NYG,PHI,10,7,W,NYG,3,17,FiveThirtyEight
2002_2002-12-28_KC_LV,2002,NA,2002-12-28,Regular Season,FALSE,LV,KC,24,0,W,LV,24,24,FiveThirtyEight
2002_2002-12-29_DAL_WAS,2002,NA,2002-12-29,Regular Season,FALSE,WAS,DAL,20,14,W,WAS,6,34,FiveThirtyEight
2002_2002-12-29_SEA_LAC,2002,NA,2002-12-29,Regular Season,FALSE,LAC,SEA,28,31,L,SEA,3,59,FiveThirtyEight
2002_2002-12-29_ATL_CLE,2002,NA,2002-12-29,Regular Season,FALSE,CLE,ATL,24,16,W,CLE,8,40,FiveThirtyEight
2002_2002-12-29_BAL_PIT,2002,NA,2002-12-29,Regular Season,FALSE,PIT,BAL,34,31,W,PIT,3,65,FiveThirtyEight
2002_2002-12-29_GB_NYJ,2002,NA,2002-12-29,Regular Season,FALSE,NYJ,GB,42,17,W,NYJ,25,59,FiveThirtyEight
2002_2002-12-29_MIA_NE,2002,NA,2002-12-29,Regular Season,FALSE,NE,MIA,27,24,W,NE,3,51,FiveThirtyEight
2002_2002-12-29_CAR_NO,2002,NA,2002-12-29,Regular Season,FALSE,NO,CAR,6,10,L,CAR,4,16,FiveThirtyEight
2002_2002-12-29_TEN_HOU,2002,NA,2002-12-29,Regular Season,FALSE,HOU,TEN,3,13,L,TEN,10,16,FiveThirtyEight
2002_2002-12-29_MIN_DET,2002,NA,2002-12-29,Regular Season,FALSE,DET,MIN,36,38,L,MIN,2,74,FiveThirtyEight
2002_2002-12-29_ARI_DEN,2002,NA,2002-12-29,Regular Season,FALSE,DEN,ARI,37,7,W,DEN,30,44,FiveThirtyEight
2002_2002-12-29_JAX_IND,2002,NA,2002-12-29,Regular Season,FALSE,IND,JAX,20,13,W,IND,7,33,FiveThirtyEight
2002_2002-12-29_TB_CHI,2002,NA,2002-12-29,Regular Season,FALSE,CHI,TB,0,15,L,TB,15,15,FiveThirtyEight
2002_2002-12-29_CIN_BUF,2002,NA,2002-12-29,Regular Season,FALSE,BUF,CIN,27,9,W,BUF,18,36,FiveThirtyEight
2002_2002-12-30_SF_LA,2002,NA,2002-12-30,Regular Season,FALSE,LA,SF,31,20,W,LA,11,51,FiveThirtyEight
2003_2003-09-04_NYJ_WAS,2003,NA,2003-09-04,Regular Season,FALSE,WAS,NYJ,16,13,W,WAS,3,29,FiveThirtyEight
2003_2003-09-07_LAC_KC,2003,NA,2003-09-07,Regular Season,FALSE,KC,LAC,27,14,W,KC,13,41,FiveThirtyEight
2003_2003-09-07_LA_NYG,2003,NA,2003-09-07,Regular Season,FALSE,NYG,LA,23,13,W,NYG,10,36,FiveThirtyEight
2003_2003-09-07_CHI_SF,2003,NA,2003-09-07,Regular Season,FALSE,SF,CHI,49,7,W,SF,42,56,FiveThirtyEight
2003_2003-09-07_NO_SEA,2003,NA,2003-09-07,Regular Season,FALSE,SEA,NO,27,10,W,SEA,17,37,FiveThirtyEight
2003_2003-09-07_BAL_PIT,2003,NA,2003-09-07,Regular Season,FALSE,PIT,BAL,34,15,W,PIT,19,49,FiveThirtyEight
2003_2003-09-07_LV_TEN,2003,NA,2003-09-07,Regular Season,FALSE,TEN,LV,25,20,W,TEN,5,45,FiveThirtyEight
2003_2003-09-07_HOU_MIA,2003,NA,2003-09-07,Regular Season,FALSE,MIA,HOU,20,21,L,HOU,1,41,FiveThirtyEight
2003_2003-09-07_MIN_GB,2003,NA,2003-09-07,Regular Season,FALSE,GB,MIN,25,30,L,MIN,5,55,FiveThirtyEight
2003_2003-09-07_ARI_DET,2003,NA,2003-09-07,Regular Season,FALSE,DET,ARI,42,24,W,DET,18,66,FiveThirtyEight
2003_2003-09-07_ATL_DAL,2003,NA,2003-09-07,Regular Season,FALSE,DAL,ATL,13,27,L,ATL,14,40,FiveThirtyEight
2003_2003-09-07_IND_CLE,2003,NA,2003-09-07,Regular Season,FALSE,CLE,IND,6,9,L,IND,3,15,FiveThirtyEight
2003_2003-09-07_DEN_CIN,2003,NA,2003-09-07,Regular Season,FALSE,CIN,DEN,10,30,L,DEN,20,40,FiveThirtyEight
2003_2003-09-07_JAX_CAR,2003,NA,2003-09-07,Regular Season,FALSE,CAR,JAX,24,23,W,CAR,1,47,FiveThirtyEight
2003_2003-09-07_NE_BUF,2003,NA,2003-09-07,Regular Season,FALSE,BUF,NE,31,0,W,BUF,31,31,FiveThirtyEight
2003_2003-09-08_TB_PHI,2003,NA,2003-09-08,Regular Season,FALSE,PHI,TB,0,17,L,TB,17,17,FiveThirtyEight
2003_2003-09-14_SF_LA,2003,NA,2003-09-14,Regular Season,FALSE,LA,SF,27,24,W,LA,3,51,FiveThirtyEight
2003_2003-09-14_DEN_LAC,2003,NA,2003-09-14,Regular Season,FALSE,LAC,DEN,13,37,L,DEN,24,50,FiveThirtyEight
2003_2003-09-14_MIA_NYJ,2003,NA,2003-09-14,Regular Season,FALSE,NYJ,MIA,10,21,L,MIA,11,31,FiveThirtyEight
2003_2003-09-14_HOU_NO,2003,NA,2003-09-14,Regular Season,FALSE,NO,HOU,31,10,W,NO,21,41,FiveThirtyEight
2003_2003-09-14_CHI_MIN,2003,NA,2003-09-14,Regular Season,FALSE,MIN,CHI,24,13,W,MIN,11,37,FiveThirtyEight
2003_2003-09-14_PIT_KC,2003,NA,2003-09-14,Regular Season,FALSE,KC,PIT,41,20,W,KC,21,61,FiveThirtyEight
2003_2003-09-14_BUF_JAX,2003,NA,2003-09-14,Regular Season,FALSE,JAX,BUF,17,38,L,BUF,21,55,FiveThirtyEight
2003_2003-09-14_DET_GB,2003,NA,2003-09-14,Regular Season,FALSE,GB,DET,31,6,W,GB,25,37,FiveThirtyEight
2003_2003-09-14_SEA_ARI,2003,NA,2003-09-14,Regular Season,FALSE,ARI,SEA,0,38,L,SEA,38,38,FiveThirtyEight
2003_2003-09-14_TEN_IND,2003,NA,2003-09-14,Regular Season,FALSE,IND,TEN,33,7,W,IND,26,40,FiveThirtyEight
2003_2003-09-14_WAS_ATL,2003,NA,2003-09-14,Regular Season,FALSE,ATL,WAS,31,33,L,WAS,2,64,FiveThirtyEight
2003_2003-09-14_NE_PHI,2003,NA,2003-09-14,Regular Season,FALSE,PHI,NE,10,31,L,NE,21,41,FiveThirtyEight
2003_2003-09-14_CIN_LV,2003,NA,2003-09-14,Regular Season,FALSE,LV,CIN,23,20,W,LV,3,43,FiveThirtyEight
2003_2003-09-14_CLE_BAL,2003,NA,2003-09-14,Regular Season,FALSE,BAL,CLE,33,13,W,BAL,20,46,FiveThirtyEight
2003_2003-09-14_CAR_TB,2003,NA,2003-09-14,Regular Season,FALSE,TB,CAR,9,12,L,CAR,3,21,FiveThirtyEight
2003_2003-09-15_DAL_NYG,2003,NA,2003-09-15,Regular Season,FALSE,NYG,DAL,32,35,L,DAL,3,67,FiveThirtyEight
2003_2003-09-21_PIT_CIN,2003,NA,2003-09-21,Regular Season,FALSE,CIN,PIT,10,17,L,PIT,7,27,FiveThirtyEight
2003_2003-09-21_NYJ_NE,2003,NA,2003-09-21,Regular Season,FALSE,NE,NYJ,23,16,W,NE,7,39,FiveThirtyEight
2003_2003-09-21_TB_ATL,2003,NA,2003-09-21,Regular Season,FALSE,ATL,TB,10,31,L,TB,21,41,FiveThirtyEight
2003_2003-09-21_JAX_IND,2003,NA,2003-09-21,Regular Season,FALSE,IND,JAX,23,13,W,IND,10,36,FiveThirtyEight
2003_2003-09-21_BUF_MIA,2003,NA,2003-09-21,Regular Season,FALSE,MIA,BUF,17,7,W,MIA,10,24,FiveThirtyEight
2003_2003-09-21_KC_HOU,2003,NA,2003-09-21,Regular Season,FALSE,HOU,KC,14,42,L,KC,28,56,FiveThirtyEight
2003_2003-09-21_NYG_WAS,2003,NA,2003-09-21,Regular Season,FALSE,WAS,NYG,21,24,L,NYG,3,45,FiveThirtyEight
2003_2003-09-21_MIN_DET,2003,NA,2003-09-21,Regular Season,FALSE,DET,MIN,13,23,L,MIN,10,36,FiveThirtyEight
2003_2003-09-21_BAL_LAC,2003,NA,2003-09-21,Regular Season,FALSE,LAC,BAL,10,24,L,BAL,14,34,FiveThirtyEight
2003_2003-09-21_LA_SEA,2003,NA,2003-09-21,Regular Season,FALSE,SEA,LA,24,23,W,SEA,1,47,FiveThirtyEight
2003_2003-09-21_GB_ARI,2003,NA,2003-09-21,Regular Season,FALSE,ARI,GB,20,13,W,ARI,7,33,FiveThirtyEight
2003_2003-09-21_NO_TEN,2003,NA,2003-09-21,Regular Season,FALSE,TEN,NO,27,12,W,TEN,15,39,FiveThirtyEight
2003_2003-09-21_CLE_SF,2003,NA,2003-09-21,Regular Season,FALSE,SF,CLE,12,13,L,CLE,1,25,FiveThirtyEight
2003_2003-09-22_LV_DEN,2003,NA,2003-09-22,Regular Season,FALSE,DEN,LV,31,10,W,DEN,21,41,FiveThirtyEight
2003_2003-09-28_CIN_CLE,2003,NA,2003-09-28,Regular Season,FALSE,CLE,CIN,14,21,L,CIN,7,35,FiveThirtyEight
2003_2003-09-28_JAX_HOU,2003,NA,2003-09-28,Regular Season,FALSE,HOU,JAX,24,20,W,HOU,4,44,FiveThirtyEight
2003_2003-09-28_SF_MIN,2003,NA,2003-09-28,Regular Season,FALSE,MIN,SF,35,7,W,MIN,28,42,FiveThirtyEight
2003_2003-09-28_IND_NO,2003,NA,2003-09-28,Regular Season,FALSE,NO,IND,21,55,L,IND,34,76,FiveThirtyEight
2003_2003-09-28_DAL_NYJ,2003,NA,2003-09-28,Regular Season,FALSE,NYJ,DAL,6,17,L,DAL,11,23,FiveThirtyEight
2003_2003-09-28_TEN_PIT,2003,NA,2003-09-28,Regular Season,FALSE,PIT,TEN,13,30,L,TEN,17,43,FiveThirtyEight
2003_2003-09-28_KC_BAL,2003,NA,2003-09-28,Regular Season,FALSE,BAL,KC,10,17,L,KC,7,27,FiveThirtyEight
2003_2003-09-28_NE_WAS,2003,NA,2003-09-28,Regular Season,FALSE,WAS,NE,20,17,W,WAS,3,37,FiveThirtyEight
2003_2003-09-28_ARI_LA,2003,NA,2003-09-28,Regular Season,FALSE,LA,ARI,37,13,W,LA,24,50,FiveThirtyEight
2003_2003-09-28_LAC_LV,2003,NA,2003-09-28,Regular Season,FALSE,LV,LAC,34,31,W,LV,3,65,FiveThirtyEight
2003_2003-09-28_DET_DEN,2003,NA,2003-09-28,Regular Season,FALSE,DEN,DET,20,16,W,DEN,4,36,FiveThirtyEight
2003_2003-09-28_ATL_CAR,2003,NA,2003-09-28,Regular Season,FALSE,CAR,ATL,23,3,W,CAR,20,26,FiveThirtyEight
2003_2003-09-28_PHI_BUF,2003,NA,2003-09-28,Regular Season,FALSE,BUF,PHI,13,23,L,PHI,10,36,FiveThirtyEight
2003_2003-09-29_GB_CHI,2003,NA,2003-09-29,Regular Season,FALSE,CHI,GB,23,38,L,GB,15,61,FiveThirtyEight
2003_2003-10-05_SEA_GB,2003,NA,2003-10-05,Regular Season,FALSE,GB,SEA,35,13,W,GB,22,48,FiveThirtyEight
2003_2003-10-05_NO_CAR,2003,NA,2003-10-05,Regular Season,FALSE,CAR,NO,19,13,W,CAR,6,32,FiveThirtyEight
2003_2003-10-05_CIN_BUF,2003,NA,2003-10-05,Regular Season,FALSE,BUF,CIN,22,16,W,BUF,6,38,FiveThirtyEight
2003_2003-10-05_DEN_KC,2003,NA,2003-10-05,Regular Season,FALSE,KC,DEN,24,23,W,KC,1,47,FiveThirtyEight
2003_2003-10-05_MIN_ATL,2003,NA,2003-10-05,Regular Season,FALSE,ATL,MIN,26,39,L,MIN,13,65,FiveThirtyEight
2003_2003-10-05_TEN_NE,2003,NA,2003-10-05,Regular Season,FALSE,NE,TEN,38,30,W,NE,8,68,FiveThirtyEight
2003_2003-10-05_MIA_NYG,2003,NA,2003-10-05,Regular Season,FALSE,NYG,MIA,10,23,L,MIA,13,33,FiveThirtyEight
2003_2003-10-05_LAC_JAX,2003,NA,2003-10-05,Regular Season,FALSE,JAX,LAC,27,21,W,JAX,6,48,FiveThirtyEight
2003_2003-10-05_WAS_PHI,2003,NA,2003-10-05,Regular Season,FALSE,PHI,WAS,27,25,W,PHI,2,52,FiveThirtyEight
2003_2003-10-05_DET_SF,2003,NA,2003-10-05,Regular Season,FALSE,SF,DET,24,17,W,SF,7,41,FiveThirtyEight
2003_2003-10-05_ARI_DAL,2003,NA,2003-10-05,Regular Season,FALSE,DAL,ARI,24,7,W,DAL,17,31,FiveThirtyEight
2003_2003-10-05_LV_CHI,2003,NA,2003-10-05,Regular Season,FALSE,CHI,LV,24,21,W,CHI,3,45,FiveThirtyEight
2003_2003-10-05_CLE_PIT,2003,NA,2003-10-05,Regular Season,FALSE,PIT,CLE,13,33,L,CLE,20,46,FiveThirtyEight
2003_2003-10-06_IND_TB,2003,NA,2003-10-06,Regular Season,FALSE,TB,IND,35,38,L,IND,3,73,FiveThirtyEight
2003_2003-10-12_KC_GB,2003,NA,2003-10-12,Regular Season,FALSE,GB,KC,34,40,L,KC,6,74,FiveThirtyEight
2003_2003-10-12_CHI_NO,2003,NA,2003-10-12,Regular Season,FALSE,NO,CHI,20,13,W,NO,7,33,FiveThirtyEight
2003_2003-10-12_TB_WAS,2003,NA,2003-10-12,Regular Season,FALSE,WAS,TB,13,35,L,TB,22,48,FiveThirtyEight
2003_2003-10-12_SF_SEA,2003,NA,2003-10-12,Regular Season,FALSE,SEA,SF,20,19,W,SEA,1,39,FiveThirtyEight
2003_2003-10-12_HOU_TEN,2003,NA,2003-10-12,Regular Season,FALSE,TEN,HOU,38,17,W,TEN,21,55,FiveThirtyEight
2003_2003-10-12_BUF_NYJ,2003,NA,2003-10-12,Regular Season,FALSE,NYJ,BUF,30,3,W,NYJ,27,33,FiveThirtyEight
2003_2003-10-12_NYG_NE,2003,NA,2003-10-12,Regular Season,FALSE,NE,NYG,17,6,W,NE,11,23,FiveThirtyEight
2003_2003-10-12_LV_CLE,2003,NA,2003-10-12,Regular Season,FALSE,CLE,LV,13,7,W,CLE,6,20,FiveThirtyEight
2003_2003-10-12_CAR_IND,2003,NA,2003-10-12,Regular Season,FALSE,IND,CAR,20,23,L,CAR,3,43,FiveThirtyEight
2003_2003-10-12_BAL_ARI,2003,NA,2003-10-12,Regular Season,FALSE,ARI,BAL,18,26,L,BAL,8,44,FiveThirtyEight
2003_2003-10-12_PHI_DAL,2003,NA,2003-10-12,Regular Season,FALSE,DAL,PHI,23,21,W,DAL,2,44,FiveThirtyEight
2003_2003-10-12_PIT_DEN,2003,NA,2003-10-12,Regular Season,FALSE,DEN,PIT,17,14,W,DEN,3,31,FiveThirtyEight
2003_2003-10-12_MIA_JAX,2003,NA,2003-10-12,Regular Season,FALSE,JAX,MIA,10,24,L,MIA,14,34,FiveThirtyEight
2003_2003-10-13_ATL_LA,2003,NA,2003-10-13,Regular Season,FALSE,LA,ATL,36,0,W,LA,36,36,FiveThirtyEight
2003_2003-10-19_TEN_CAR,2003,NA,2003-10-19,Regular Season,FALSE,CAR,TEN,17,37,L,TEN,20,54,FiveThirtyEight
2003_2003-10-19_BAL_CIN,2003,NA,2003-10-19,Regular Season,FALSE,CIN,BAL,34,26,W,CIN,8,60,FiveThirtyEight
2003_2003-10-19_CHI_SEA,2003,NA,2003-10-19,Regular Season,FALSE,SEA,CHI,24,17,W,SEA,7,41,FiveThirtyEight
2003_2003-10-19_LAC_CLE,2003,NA,2003-10-19,Regular Season,FALSE,CLE,LAC,20,26,L,LAC,6,46,FiveThirtyEight
2003_2003-10-19_WAS_BUF,2003,NA,2003-10-19,Regular Season,FALSE,BUF,WAS,24,7,W,BUF,17,31,FiveThirtyEight
2003_2003-10-19_DEN_MIN,2003,NA,2003-10-19,Regular Season,FALSE,MIN,DEN,28,20,W,MIN,8,48,FiveThirtyEight
2003_2003-10-19_DAL_DET,2003,NA,2003-10-19,Regular Season,FALSE,DET,DAL,7,38,L,DAL,31,45,FiveThirtyEight
2003_2003-10-19_TB_SF,2003,NA,2003-10-19,Regular Season,FALSE,SF,TB,24,7,W,SF,17,31,FiveThirtyEight
2003_2003-10-19_NYJ_HOU,2003,NA,2003-10-19,Regular Season,FALSE,HOU,NYJ,14,19,L,NYJ,5,33,FiveThirtyEight
2003_2003-10-19_GB_LA,2003,NA,2003-10-19,Regular Season,FALSE,LA,GB,34,24,W,LA,10,58,FiveThirtyEight
2003_2003-10-19_NE_MIA,2003,NA,2003-10-19,Regular Season,FALSE,MIA,NE,13,19,L,NE,6,32,FiveThirtyEight
2003_2003-10-19_PHI_NYG,2003,NA,2003-10-19,Regular Season,FALSE,NYG,PHI,10,14,L,PHI,4,24,FiveThirtyEight
2003_2003-10-19_NO_ATL,2003,NA,2003-10-19,Regular Season,FALSE,ATL,NO,17,45,L,NO,28,62,FiveThirtyEight
2003_2003-10-20_KC_LV,2003,NA,2003-10-20,Regular Season,FALSE,LV,KC,10,17,L,KC,7,27,FiveThirtyEight
2003_2003-10-26_TEN_JAX,2003,NA,2003-10-26,Regular Season,FALSE,JAX,TEN,17,30,L,TEN,13,47,FiveThirtyEight
2003_2003-10-26_NYJ_PHI,2003,NA,2003-10-26,Regular Season,FALSE,PHI,NYJ,24,17,W,PHI,7,41,FiveThirtyEight
2003_2003-10-26_CLE_NE,2003,NA,2003-10-26,Regular Season,FALSE,NE,CLE,9,3,W,NE,6,12,FiveThirtyEight
2003_2003-10-26_SF_ARI,2003,NA,2003-10-26,Regular Season,FALSE,ARI,SF,16,13,W,ARI,3,29,FiveThirtyEight
2003_2003-10-26_HOU_IND,2003,NA,2003-10-26,Regular Season,FALSE,IND,HOU,30,21,W,IND,9,51,FiveThirtyEight
2003_2003-10-26_SEA_CIN,2003,NA,2003-10-26,Regular Season,FALSE,CIN,SEA,27,24,W,CIN,3,51,FiveThirtyEight
2003_2003-10-26_LA_PIT,2003,NA,2003-10-26,Regular Season,FALSE,PIT,LA,21,33,L,LA,12,54,FiveThirtyEight
2003_2003-10-26_BUF_KC,2003,NA,2003-10-26,Regular Season,FALSE,KC,BUF,38,5,W,KC,33,43,FiveThirtyEight
2003_2003-10-26_DET_CHI,2003,NA,2003-10-26,Regular Season,FALSE,CHI,DET,24,16,W,CHI,8,40,FiveThirtyEight
2003_2003-10-26_DAL_TB,2003,NA,2003-10-26,Regular Season,FALSE,TB,DAL,16,0,W,TB,16,16,FiveThirtyEight
2003_2003-10-26_CAR_NO,2003,NA,2003-10-26,Regular Season,FALSE,NO,CAR,20,23,L,CAR,3,43,FiveThirtyEight
2003_2003-10-26_NYG_MIN,2003,NA,2003-10-26,Regular Season,FALSE,MIN,NYG,17,29,L,NYG,12,46,FiveThirtyEight
2003_2003-10-26_DEN_BAL,2003,NA,2003-10-26,Regular Season,FALSE,BAL,DEN,26,6,W,BAL,20,32,FiveThirtyEight
2003_2003-10-27_LAC_MIA,2003,NA,2003-10-27,Regular Season,TRUE,MIA,LAC,26,10,W,MIA,16,36,FiveThirtyEight
2003_2003-11-02_JAX_BAL,2003,NA,2003-11-02,Regular Season,FALSE,BAL,JAX,24,17,W,BAL,7,41,FiveThirtyEight
2003_2003-11-02_LA_SF,2003,NA,2003-11-02,Regular Season,FALSE,SF,LA,30,10,W,SF,20,40,FiveThirtyEight
2003_2003-11-02_GB_MIN,2003,NA,2003-11-02,Regular Season,FALSE,MIN,GB,27,30,L,GB,3,57,FiveThirtyEight
2003_2003-11-02_IND_MIA,2003,NA,2003-11-02,Regular Season,FALSE,MIA,IND,17,23,L,IND,6,40,FiveThirtyEight
2003_2003-11-02_CAR_HOU,2003,NA,2003-11-02,Regular Season,FALSE,HOU,CAR,14,10,W,HOU,4,24,FiveThirtyEight
2003_2003-11-02_LV_DET,2003,NA,2003-11-02,Regular Season,FALSE,DET,LV,23,13,W,DET,10,36,FiveThirtyEight
2003_2003-11-02_WAS_DAL,2003,NA,2003-11-02,Regular Season,FALSE,DAL,WAS,21,14,W,DAL,7,35,FiveThirtyEight
2003_2003-11-02_CIN_ARI,2003,NA,2003-11-02,Regular Season,FALSE,ARI,CIN,17,14,W,ARI,3,31,FiveThirtyEight
2003_2003-11-02_PHI_ATL,2003,NA,2003-11-02,Regular Season,FALSE,ATL,PHI,16,23,L,PHI,7,39,FiveThirtyEight
2003_2003-11-02_NYG_NYJ,2003,NA,2003-11-02,Regular Season,FALSE,NYJ,NYG,28,31,L,NYG,3,59,FiveThirtyEight
2003_2003-11-02_LAC_CHI,2003,NA,2003-11-02,Regular Season,FALSE,CHI,LAC,20,7,W,CHI,13,27,FiveThirtyEight
2003_2003-11-02_PIT_SEA,2003,NA,2003-11-02,Regular Season,FALSE,SEA,PIT,23,16,W,SEA,7,39,FiveThirtyEight
2003_2003-11-02_NO_TB,2003,NA,2003-11-02,Regular Season,FALSE,TB,NO,14,17,L,NO,3,31,FiveThirtyEight
2003_2003-11-03_NE_DEN,2003,NA,2003-11-03,Regular Season,FALSE,DEN,NE,26,30,L,NE,4,56,FiveThirtyEight
2003_2003-11-09_ARI_PIT,2003,NA,2003-11-09,Regular Season,FALSE,PIT,ARI,28,15,W,PIT,13,43,FiveThirtyEight
2003_2003-11-09_BAL_LA,2003,NA,2003-11-09,Regular Season,FALSE,LA,BAL,33,22,W,LA,11,55,FiveThirtyEight
2003_2003-11-09_CHI_DET,2003,NA,2003-11-09,Regular Season,FALSE,DET,CHI,12,10,W,DET,2,22,FiveThirtyEight
2003_2003-11-09_BUF_DAL,2003,NA,2003-11-09,Regular Season,FALSE,DAL,BUF,10,6,W,DAL,4,16,FiveThirtyEight
2003_2003-11-09_MIN_LAC,2003,NA,2003-11-09,Regular Season,FALSE,LAC,MIN,42,28,W,LAC,14,70,FiveThirtyEight
2003_2003-11-09_HOU_CIN,2003,NA,2003-11-09,Regular Season,FALSE,CIN,HOU,34,27,W,CIN,7,61,FiveThirtyEight
2003_2003-11-09_ATL_NYG,2003,NA,2003-11-09,Regular Season,FALSE,NYG,ATL,7,27,L,ATL,20,34,FiveThirtyEight
2003_2003-11-09_MIA_TEN,2003,NA,2003-11-09,Regular Season,FALSE,TEN,MIA,31,7,W,TEN,24,38,FiveThirtyEight
2003_2003-11-09_NYJ_LV,2003,NA,2003-11-09,Regular Season,FALSE,LV,NYJ,24,27,L,NYJ,3,51,FiveThirtyEight
2003_2003-11-09_SEA_WAS,2003,NA,2003-11-09,Regular Season,FALSE,WAS,SEA,27,20,W,WAS,7,47,FiveThirtyEight
2003_2003-11-09_CLE_KC,2003,NA,2003-11-09,Regular Season,FALSE,KC,CLE,41,20,W,KC,21,61,FiveThirtyEight
2003_2003-11-09_IND_JAX,2003,NA,2003-11-09,Regular Season,FALSE,JAX,IND,28,23,W,JAX,5,51,FiveThirtyEight
2003_2003-11-09_TB_CAR,2003,NA,2003-11-09,Regular Season,FALSE,CAR,TB,27,24,W,CAR,3,51,FiveThirtyEight
2003_2003-11-10_PHI_GB,2003,NA,2003-11-10,Regular Season,FALSE,GB,PHI,14,17,L,PHI,3,31,FiveThirtyEight
2003_2003-11-16_JAX_TEN,2003,NA,2003-11-16,Regular Season,FALSE,TEN,JAX,10,3,W,TEN,7,13,FiveThirtyEight
2003_2003-11-16_ARI_CLE,2003,NA,2003-11-16,Regular Season,FALSE,CLE,ARI,44,6,W,CLE,38,50,FiveThirtyEight
2003_2003-11-16_LAC_DEN,2003,NA,2003-11-16,Regular Season,FALSE,DEN,LAC,37,8,W,DEN,29,45,FiveThirtyEight
2003_2003-11-16_GB_TB,2003,NA,2003-11-16,Regular Season,FALSE,TB,GB,13,20,L,GB,7,33,FiveThirtyEight
2003_2003-11-16_DET_SEA,2003,NA,2003-11-16,Regular Season,FALSE,SEA,DET,35,14,W,SEA,21,49,FiveThirtyEight
2003_2003-11-16_MIN_LV,2003,NA,2003-11-16,Regular Season,FALSE,LV,MIN,28,18,W,LV,10,46,FiveThirtyEight
2003_2003-11-16_NYG_PHI,2003,NA,2003-11-16,Regular Season,FALSE,PHI,NYG,28,10,W,PHI,18,38,FiveThirtyEight
2003_2003-11-16_DAL_NE,2003,NA,2003-11-16,Regular Season,FALSE,NE,DAL,12,0,W,NE,12,12,FiveThirtyEight
2003_2003-11-16_ATL_NO,2003,NA,2003-11-16,Regular Season,FALSE,NO,ATL,23,20,W,NO,3,43,FiveThirtyEight
2003_2003-11-16_BAL_MIA,2003,NA,2003-11-16,Regular Season,FALSE,MIA,BAL,9,6,W,MIA,3,15,FiveThirtyEight
2003_2003-11-16_NYJ_IND,2003,NA,2003-11-16,Regular Season,FALSE,IND,NYJ,38,31,W,IND,7,69,FiveThirtyEight
2003_2003-11-16_KC_CIN,2003,NA,2003-11-16,Regular Season,FALSE,CIN,KC,24,19,W,CIN,5,43,FiveThirtyEight
2003_2003-11-16_WAS_CAR,2003,NA,2003-11-16,Regular Season,FALSE,CAR,WAS,20,17,W,CAR,3,37,FiveThirtyEight
2003_2003-11-16_LA_CHI,2003,NA,2003-11-16,Regular Season,FALSE,CHI,LA,21,23,L,LA,2,44,FiveThirtyEight
2003_2003-11-16_HOU_BUF,2003,NA,2003-11-16,Regular Season,FALSE,BUF,HOU,10,12,L,HOU,2,22,FiveThirtyEight
2003_2003-11-17_PIT_SF,2003,NA,2003-11-17,Regular Season,FALSE,SF,PIT,30,14,W,SF,16,44,FiveThirtyEight
2003_2003-11-23_LA_ARI,2003,NA,2003-11-23,Regular Season,FALSE,ARI,LA,27,30,L,LA,3,57,FiveThirtyEight
2003_2003-11-23_IND_BUF,2003,NA,2003-11-23,Regular Season,FALSE,BUF,IND,14,17,L,IND,3,31,FiveThirtyEight
2003_2003-11-23_SEA_BAL,2003,NA,2003-11-23,Regular Season,FALSE,BAL,SEA,44,41,W,BAL,3,85,FiveThirtyEight
2003_2003-11-23_WAS_MIA,2003,NA,2003-11-23,Regular Season,FALSE,MIA,WAS,24,23,W,MIA,1,47,FiveThirtyEight
2003_2003-11-23_NO_PHI,2003,NA,2003-11-23,Regular Season,FALSE,PHI,NO,33,20,W,PHI,13,53,FiveThirtyEight
2003_2003-11-23_JAX_NYJ,2003,NA,2003-11-23,Regular Season,FALSE,NYJ,JAX,13,10,W,NYJ,3,23,FiveThirtyEight
2003_2003-11-23_DET_MIN,2003,NA,2003-11-23,Regular Season,FALSE,MIN,DET,24,14,W,MIN,10,38,FiveThirtyEight
2003_2003-11-23_LV_KC,2003,NA,2003-11-23,Regular Season,FALSE,KC,LV,27,24,W,KC,3,51,FiveThirtyEight
2003_2003-11-23_NE_HOU,2003,NA,2003-11-23,Regular Season,FALSE,HOU,NE,20,23,L,NE,3,43,FiveThirtyEight
2003_2003-11-23_SF_GB,2003,NA,2003-11-23,Regular Season,FALSE,GB,SF,20,10,W,GB,10,30,FiveThirtyEight
2003_2003-11-23_CHI_DEN,2003,NA,2003-11-23,Regular Season,FALSE,DEN,CHI,10,19,L,CHI,9,29,FiveThirtyEight
2003_2003-11-23_CAR_DAL,2003,NA,2003-11-23,Regular Season,FALSE,DAL,CAR,24,20,W,DAL,4,44,FiveThirtyEight
2003_2003-11-23_TEN_ATL,2003,NA,2003-11-23,Regular Season,FALSE,ATL,TEN,31,38,L,TEN,7,69,FiveThirtyEight
2003_2003-11-23_PIT_CLE,2003,NA,2003-11-23,Regular Season,FALSE,CLE,PIT,6,13,L,PIT,7,19,FiveThirtyEight
2003_2003-11-23_CIN_LAC,2003,NA,2003-11-23,Regular Season,FALSE,LAC,CIN,27,34,L,CIN,7,61,FiveThirtyEight
2003_2003-11-24_NYG_TB,2003,NA,2003-11-24,Regular Season,FALSE,TB,NYG,19,13,W,TB,6,32,FiveThirtyEight
2003_2003-11-27_GB_DET,2003,NA,2003-11-27,Regular Season,FALSE,DET,GB,22,14,W,DET,8,36,FiveThirtyEight
2003_2003-11-27_MIA_DAL,2003,NA,2003-11-27,Regular Season,FALSE,DAL,MIA,21,40,L,MIA,19,61,FiveThirtyEight
2003_2003-11-30_CLE_SEA,2003,NA,2003-11-30,Regular Season,FALSE,SEA,CLE,34,7,W,SEA,27,41,FiveThirtyEight
2003_2003-11-30_SF_BAL,2003,NA,2003-11-30,Regular Season,FALSE,BAL,SF,44,6,W,BAL,38,50,FiveThirtyEight
2003_2003-11-30_DEN_LV,2003,NA,2003-11-30,Regular Season,FALSE,LV,DEN,8,22,L,DEN,14,30,FiveThirtyEight
2003_2003-11-30_CIN_PIT,2003,NA,2003-11-30,Regular Season,FALSE,PIT,CIN,20,24,L,CIN,4,44,FiveThirtyEight
2003_2003-11-30_BUF_NYG,2003,NA,2003-11-30,Regular Season,FALSE,NYG,BUF,7,24,L,BUF,17,31,FiveThirtyEight
2003_2003-11-30_TB_JAX,2003,NA,2003-11-30,Regular Season,FALSE,JAX,TB,17,10,W,JAX,7,27,FiveThirtyEight
2003_2003-11-30_ATL_HOU,2003,NA,2003-11-30,Regular Season,FALSE,HOU,ATL,17,13,W,HOU,4,30,FiveThirtyEight
2003_2003-11-30_MIN_LA,2003,NA,2003-11-30,Regular Season,FALSE,LA,MIN,48,17,W,LA,31,65,FiveThirtyEight
2003_2003-11-30_KC_LAC,2003,NA,2003-11-30,Regular Season,FALSE,LAC,KC,24,28,L,KC,4,52,FiveThirtyEight
2003_2003-11-30_NE_IND,2003,NA,2003-11-30,Regular Season,FALSE,IND,NE,34,38,L,NE,4,72,FiveThirtyEight
2003_2003-11-30_NO_WAS,2003,NA,2003-11-30,Regular Season,FALSE,WAS,NO,20,24,L,NO,4,44,FiveThirtyEight
2003_2003-11-30_ARI_CHI,2003,NA,2003-11-30,Regular Season,FALSE,CHI,ARI,28,3,W,CHI,25,31,FiveThirtyEight
2003_2003-11-30_PHI_CAR,2003,NA,2003-11-30,Regular Season,FALSE,CAR,PHI,16,25,L,PHI,9,41,FiveThirtyEight
2003_2003-12-01_TEN_NYJ,2003,NA,2003-12-01,Regular Season,FALSE,NYJ,TEN,24,17,W,NYJ,7,41,FiveThirtyEight
2003_2003-12-07_KC_DEN,2003,NA,2003-12-07,Regular Season,FALSE,DEN,KC,45,27,W,DEN,18,72,FiveThirtyEight
2003_2003-12-07_ARI_SF,2003,NA,2003-12-07,Regular Season,FALSE,SF,ARI,50,14,W,SF,36,64,FiveThirtyEight
2003_2003-12-07_CIN_BAL,2003,NA,2003-12-07,Regular Season,FALSE,BAL,CIN,31,13,W,BAL,18,44,FiveThirtyEight
2003_2003-12-07_LV_PIT,2003,NA,2003-12-07,Regular Season,FALSE,PIT,LV,27,7,W,PIT,20,34,FiveThirtyEight
2003_2003-12-07_DAL_PHI,2003,NA,2003-12-07,Regular Season,FALSE,PHI,DAL,36,10,W,PHI,26,46,FiveThirtyEight
2003_2003-12-07_IND_TEN,2003,NA,2003-12-07,Regular Season,FALSE,TEN,IND,27,29,L,IND,2,56,FiveThirtyEight
2003_2003-12-07_WAS_NYG,2003,NA,2003-12-07,Regular Season,FALSE,NYG,WAS,7,20,L,WAS,13,27,FiveThirtyEight
2003_2003-12-07_MIA_NE,2003,NA,2003-12-07,Regular Season,FALSE,NE,MIA,12,0,W,NE,12,12,FiveThirtyEight
2003_2003-12-07_SEA_MIN,2003,NA,2003-12-07,Regular Season,FALSE,MIN,SEA,34,7,W,MIN,27,41,FiveThirtyEight
2003_2003-12-07_HOU_JAX,2003,NA,2003-12-07,Regular Season,FALSE,JAX,HOU,27,0,W,JAX,27,27,FiveThirtyEight
2003_2003-12-07_CHI_GB,2003,NA,2003-12-07,Regular Season,FALSE,GB,CHI,34,21,W,GB,13,55,FiveThirtyEight
2003_2003-12-07_LAC_DET,2003,NA,2003-12-07,Regular Season,FALSE,DET,LAC,7,14,L,LAC,7,21,FiveThirtyEight
2003_2003-12-07_NYJ_BUF,2003,NA,2003-12-07,Regular Season,FALSE,BUF,NYJ,17,6,W,BUF,11,23,FiveThirtyEight
2003_2003-12-07_CAR_ATL,2003,NA,2003-12-07,Regular Season,FALSE,ATL,CAR,20,14,W,ATL,6,34,FiveThirtyEight
2003_2003-12-07_TB_NO,2003,NA,2003-12-07,Regular Season,FALSE,NO,TB,7,14,L,TB,7,21,FiveThirtyEight
2003_2003-12-08_LA_CLE,2003,NA,2003-12-08,Regular Season,FALSE,CLE,LA,20,26,L,LA,6,46,FiveThirtyEight
2003_2003-12-14_DAL_WAS,2003,NA,2003-12-14,Regular Season,FALSE,WAS,DAL,0,27,L,DAL,27,27,FiveThirtyEight
2003_2003-12-14_ATL_IND,2003,NA,2003-12-14,Regular Season,FALSE,IND,ATL,38,7,W,IND,31,45,FiveThirtyEight
2003_2003-12-14_GB_LAC,2003,NA,2003-12-14,Regular Season,FALSE,LAC,GB,21,38,L,GB,17,59,FiveThirtyEight
2003_2003-12-14_CAR_ARI,2003,NA,2003-12-14,Regular Season,FALSE,ARI,CAR,17,20,L,CAR,3,37,FiveThirtyEight
2003_2003-12-14_BAL_LV,2003,NA,2003-12-14,Regular Season,FALSE,LV,BAL,20,12,W,LV,8,32,FiveThirtyEight
2003_2003-12-14_MIN_CHI,2003,NA,2003-12-14,Regular Season,FALSE,CHI,MIN,13,10,W,CHI,3,23,FiveThirtyEight
2003_2003-12-14_HOU_TB,2003,NA,2003-12-14,Regular Season,FALSE,TB,HOU,16,3,W,TB,13,19,FiveThirtyEight
2003_2003-12-14_BUF_TEN,2003,NA,2003-12-14,Regular Season,FALSE,TEN,BUF,28,26,W,TEN,2,54,FiveThirtyEight
2003_2003-12-14_PIT_NYJ,2003,NA,2003-12-14,Regular Season,FALSE,NYJ,PIT,6,0,W,NYJ,6,6,FiveThirtyEight
2003_2003-12-14_JAX_NE,2003,NA,2003-12-14,Regular Season,FALSE,NE,JAX,27,13,W,NE,14,40,FiveThirtyEight
2003_2003-12-14_CLE_DEN,2003,NA,2003-12-14,Regular Season,FALSE,DEN,CLE,23,20,W,DEN,3,43,FiveThirtyEight
2003_2003-12-14_SF_CIN,2003,NA,2003-12-14,Regular Season,FALSE,CIN,SF,41,38,W,CIN,3,79,FiveThirtyEight
2003_2003-12-14_SEA_LA,2003,NA,2003-12-14,Regular Season,FALSE,LA,SEA,27,22,W,LA,5,49,FiveThirtyEight
2003_2003-12-14_NYG_NO,2003,NA,2003-12-14,Regular Season,FALSE,NO,NYG,45,7,W,NO,38,52,FiveThirtyEight
2003_2003-12-14_DET_KC,2003,NA,2003-12-14,Regular Season,FALSE,KC,DET,45,17,W,KC,28,62,FiveThirtyEight
2003_2003-12-15_PHI_MIA,2003,NA,2003-12-15,Regular Season,FALSE,MIA,PHI,27,34,L,PHI,7,61,FiveThirtyEight
2003_2003-12-20_KC_MIN,2003,NA,2003-12-20,Regular Season,FALSE,MIN,KC,45,20,W,MIN,25,65,FiveThirtyEight
2003_2003-12-20_NE_NYJ,2003,NA,2003-12-20,Regular Season,FALSE,NYJ,NE,16,21,L,NE,5,37,FiveThirtyEight
2003_2003-12-20_ATL_TB,2003,NA,2003-12-20,Regular Season,FALSE,TB,ATL,28,30,L,ATL,2,58,FiveThirtyEight
2003_2003-12-21_BAL_CLE,2003,NA,2003-12-21,Regular Season,FALSE,CLE,BAL,0,35,L,BAL,35,35,FiveThirtyEight
2003_2003-12-21_MIA_BUF,2003,NA,2003-12-21,Regular Season,FALSE,BUF,MIA,3,20,L,MIA,17,23,FiveThirtyEight
2003_2003-12-21_NYG_DAL,2003,NA,2003-12-21,Regular Season,FALSE,DAL,NYG,19,3,W,DAL,16,22,FiveThirtyEight
2003_2003-12-21_TEN_HOU,2003,NA,2003-12-21,Regular Season,FALSE,HOU,TEN,24,27,L,TEN,3,51,FiveThirtyEight
2003_2003-12-21_DET_CAR,2003,NA,2003-12-21,Regular Season,FALSE,CAR,DET,20,14,W,CAR,6,34,FiveThirtyEight
2003_2003-12-21_WAS_CHI,2003,NA,2003-12-21,Regular Season,FALSE,CHI,WAS,27,24,W,CHI,3,51,FiveThirtyEight
2003_2003-12-21_CIN_LA,2003,NA,2003-12-21,Regular Season,FALSE,LA,CIN,27,10,W,LA,17,37,FiveThirtyEight
2003_2003-12-21_LAC_PIT,2003,NA,2003-12-21,Regular Season,FALSE,PIT,LAC,40,24,W,PIT,16,64,FiveThirtyEight
2003_2003-12-21_DEN_IND,2003,NA,2003-12-21,Regular Season,FALSE,IND,DEN,17,31,L,DEN,14,48,FiveThirtyEight
2003_2003-12-21_ARI_SEA,2003,NA,2003-12-21,Regular Season,FALSE,SEA,ARI,28,10,W,SEA,18,38,FiveThirtyEight
2003_2003-12-21_NO_JAX,2003,NA,2003-12-21,Regular Season,FALSE,JAX,NO,20,19,W,JAX,1,39,FiveThirtyEight
2003_2003-12-21_SF_PHI,2003,NA,2003-12-21,Regular Season,FALSE,PHI,SF,28,31,L,SF,3,59,FiveThirtyEight
2003_2003-12-22_GB_LV,2003,NA,2003-12-22,Regular Season,FALSE,LV,GB,7,41,L,GB,34,48,FiveThirtyEight
2003_2003-12-27_PHI_WAS,2003,NA,2003-12-27,Regular Season,FALSE,WAS,PHI,7,31,L,PHI,24,38,FiveThirtyEight
2003_2003-12-27_SEA_SF,2003,NA,2003-12-27,Regular Season,FALSE,SF,SEA,17,24,L,SEA,7,41,FiveThirtyEight
2003_2003-12-27_BUF_NE,2003,NA,2003-12-27,Regular Season,FALSE,NE,BUF,31,0,W,NE,31,31,FiveThirtyEight
2003_2003-12-28_LA_DET,2003,NA,2003-12-28,Regular Season,FALSE,DET,LA,30,20,W,DET,10,50,FiveThirtyEight
2003_2003-12-28_LV_LAC,2003,NA,2003-12-28,Regular Season,FALSE,LAC,LV,21,14,W,LAC,7,35,FiveThirtyEight
2003_2003-12-28_PIT_BAL,2003,NA,2003-12-28,Regular Season,FALSE,BAL,PIT,13,10,W,BAL,3,23,FiveThirtyEight
2003_2003-12-28_TB_TEN,2003,NA,2003-12-28,Regular Season,FALSE,TEN,TB,33,13,W,TEN,20,46,FiveThirtyEight
2003_2003-12-28_CAR_NYG,2003,NA,2003-12-28,Regular Season,FALSE,NYG,CAR,24,37,L,CAR,13,61,FiveThirtyEight
2003_2003-12-28_DAL_NO,2003,NA,2003-12-28,Regular Season,FALSE,NO,DAL,13,7,W,NO,6,20,FiveThirtyEight
2003_2003-12-28_NYJ_MIA,2003,NA,2003-12-28,Regular Season,FALSE,MIA,NYJ,23,21,W,MIA,2,44,FiveThirtyEight
2003_2003-12-28_CHI_KC,2003,NA,2003-12-28,Regular Season,FALSE,KC,CHI,31,3,W,KC,28,34,FiveThirtyEight
2003_2003-12-28_IND_HOU,2003,NA,2003-12-28,Regular Season,FALSE,HOU,IND,17,20,L,IND,3,37,FiveThirtyEight
2003_2003-12-28_DEN_GB,2003,NA,2003-12-28,Regular Season,FALSE,GB,DEN,31,3,W,GB,28,34,FiveThirtyEight
2003_2003-12-28_MIN_ARI,2003,NA,2003-12-28,Regular Season,FALSE,ARI,MIN,18,17,W,ARI,1,35,FiveThirtyEight
2003_2003-12-28_CLE_CIN,2003,NA,2003-12-28,Regular Season,FALSE,CIN,CLE,14,22,L,CLE,8,36,FiveThirtyEight
2003_2003-12-28_JAX_ATL,2003,NA,2003-12-28,Regular Season,FALSE,ATL,JAX,21,14,W,ATL,7,35,FiveThirtyEight
2004_2004-09-09_IND_NE,2004,NA,2004-09-09,Regular Season,FALSE,NE,IND,27,24,W,NE,3,51,FiveThirtyEight
2004_2004-09-11_TEN_MIA,2004,NA,2004-09-11,Regular Season,FALSE,MIA,TEN,7,17,L,TEN,10,24,FiveThirtyEight
2004_2004-09-12_TB_WAS,2004,NA,2004-09-12,Regular Season,FALSE,WAS,TB,16,10,W,WAS,6,26,FiveThirtyEight
2004_2004-09-12_ARI_LA,2004,NA,2004-09-12,Regular Season,FALSE,LA,ARI,17,10,W,LA,7,27,FiveThirtyEight
2004_2004-09-12_BAL_CLE,2004,NA,2004-09-12,Regular Season,FALSE,CLE,BAL,20,3,W,CLE,17,23,FiveThirtyEight
2004_2004-09-12_DET_CHI,2004,NA,2004-09-12,Regular Season,FALSE,CHI,DET,16,20,L,DET,4,36,FiveThirtyEight
2004_2004-09-12_JAX_BUF,2004,NA,2004-09-12,Regular Season,FALSE,BUF,JAX,10,13,L,JAX,3,23,FiveThirtyEight
2004_2004-09-12_LAC_HOU,2004,NA,2004-09-12,Regular Season,FALSE,HOU,LAC,20,27,L,LAC,7,47,FiveThirtyEight
2004_2004-09-12_KC_DEN,2004,NA,2004-09-12,Regular Season,FALSE,DEN,KC,34,24,W,DEN,10,58,FiveThirtyEight
2004_2004-09-12_DAL_MIN,2004,NA,2004-09-12,Regular Season,FALSE,MIN,DAL,35,17,W,MIN,18,52,FiveThirtyEight
2004_2004-09-12_CIN_NYJ,2004,NA,2004-09-12,Regular Season,FALSE,NYJ,CIN,31,24,W,NYJ,7,55,FiveThirtyEight
2004_2004-09-12_SEA_NO,2004,NA,2004-09-12,Regular Season,FALSE,NO,SEA,7,21,L,SEA,14,28,FiveThirtyEight
2004_2004-09-12_NYG_PHI,2004,NA,2004-09-12,Regular Season,FALSE,PHI,NYG,31,17,W,PHI,14,48,FiveThirtyEight
2004_2004-09-12_LV_PIT,2004,NA,2004-09-12,Regular Season,FALSE,PIT,LV,24,21,W,PIT,3,45,FiveThirtyEight
2004_2004-09-12_ATL_SF,2004,NA,2004-09-12,Regular Season,FALSE,SF,ATL,19,21,L,ATL,2,40,FiveThirtyEight
2004_2004-09-13_GB_CAR,2004,NA,2004-09-13,Regular Season,FALSE,CAR,GB,14,24,L,GB,10,38,FiveThirtyEight
2004_2004-09-19_LA_ATL,2004,NA,2004-09-19,Regular Season,FALSE,ATL,LA,34,17,W,ATL,17,51,FiveThirtyEight
2004_2004-09-19_SEA_TB,2004,NA,2004-09-19,Regular Season,FALSE,TB,SEA,6,10,L,SEA,4,16,FiveThirtyEight
2004_2004-09-19_BUF_LV,2004,NA,2004-09-19,Regular Season,FALSE,LV,BUF,13,10,W,LV,3,23,FiveThirtyEight
2004_2004-09-19_IND_TEN,2004,NA,2004-09-19,Regular Season,FALSE,TEN,IND,17,31,L,IND,14,48,FiveThirtyEight
2004_2004-09-19_WAS_NYG,2004,NA,2004-09-19,Regular Season,FALSE,NYG,WAS,20,14,W,NYG,6,34,FiveThirtyEight
2004_2004-09-19_SF_NO,2004,NA,2004-09-19,Regular Season,FALSE,NO,SF,30,27,W,NO,3,57,FiveThirtyEight
2004_2004-09-19_CAR_KC,2004,NA,2004-09-19,Regular Season,FALSE,KC,CAR,17,28,L,CAR,11,45,FiveThirtyEight
2004_2004-09-19_DEN_JAX,2004,NA,2004-09-19,Regular Season,FALSE,JAX,DEN,7,6,W,JAX,1,13,FiveThirtyEight
2004_2004-09-19_CHI_GB,2004,NA,2004-09-19,Regular Season,FALSE,GB,CHI,10,21,L,CHI,11,31,FiveThirtyEight
2004_2004-09-19_HOU_DET,2004,NA,2004-09-19,Regular Season,FALSE,DET,HOU,28,16,W,DET,12,44,FiveThirtyEight
2004_2004-09-19_CLE_DAL,2004,NA,2004-09-19,Regular Season,FALSE,DAL,CLE,19,12,W,DAL,7,31,FiveThirtyEight
2004_2004-09-19_NE_ARI,2004,NA,2004-09-19,Regular Season,FALSE,ARI,NE,12,23,L,NE,11,35,FiveThirtyEight
2004_2004-09-19_NYJ_LAC,2004,NA,2004-09-19,Regular Season,FALSE,LAC,NYJ,28,34,L,NYJ,6,62,FiveThirtyEight
2004_2004-09-19_PIT_BAL,2004,NA,2004-09-19,Regular Season,FALSE,BAL,PIT,30,13,W,BAL,17,43,FiveThirtyEight
2004_2004-09-19_MIA_CIN,2004,NA,2004-09-19,Regular Season,FALSE,CIN,MIA,16,13,W,CIN,3,29,FiveThirtyEight
2004_2004-09-20_MIN_PHI,2004,NA,2004-09-20,Regular Season,FALSE,PHI,MIN,27,16,W,PHI,11,43,FiveThirtyEight
2004_2004-09-26_PHI_DET,2004,NA,2004-09-26,Regular Season,FALSE,DET,PHI,13,30,L,PHI,17,43,FiveThirtyEight
2004_2004-09-26_LAC_DEN,2004,NA,2004-09-26,Regular Season,FALSE,DEN,LAC,23,13,W,DEN,10,36,FiveThirtyEight
2004_2004-09-26_SF_SEA,2004,NA,2004-09-26,Regular Season,FALSE,SEA,SF,34,0,W,SEA,34,34,FiveThirtyEight
2004_2004-09-26_TB_LV,2004,NA,2004-09-26,Regular Season,FALSE,LV,TB,30,20,W,LV,10,50,FiveThirtyEight
2004_2004-09-26_JAX_TEN,2004,NA,2004-09-26,Regular Season,FALSE,TEN,JAX,12,15,L,JAX,3,27,FiveThirtyEight
2004_2004-09-26_CLE_NYG,2004,NA,2004-09-26,Regular Season,FALSE,NYG,CLE,27,10,W,NYG,17,37,FiveThirtyEight
2004_2004-09-26_CHI_MIN,2004,NA,2004-09-26,Regular Season,FALSE,MIN,CHI,27,22,W,MIN,5,49,FiveThirtyEight
2004_2004-09-26_PIT_MIA,2004,NA,2004-09-26,Regular Season,FALSE,MIA,PIT,3,13,L,PIT,10,16,FiveThirtyEight
2004_2004-09-26_HOU_KC,2004,NA,2004-09-26,Regular Season,FALSE,KC,HOU,21,24,L,HOU,3,45,FiveThirtyEight
2004_2004-09-26_GB_IND,2004,NA,2004-09-26,Regular Season,FALSE,IND,GB,45,31,W,IND,14,76,FiveThirtyEight
2004_2004-09-26_BAL_CIN,2004,NA,2004-09-26,Regular Season,FALSE,CIN,BAL,9,23,L,BAL,14,32,FiveThirtyEight
2004_2004-09-26_ARI_ATL,2004,NA,2004-09-26,Regular Season,FALSE,ATL,ARI,6,3,W,ATL,3,9,FiveThirtyEight
2004_2004-09-26_NO_LA,2004,NA,2004-09-26,Regular Season,FALSE,LA,NO,25,28,L,NO,3,53,FiveThirtyEight
2004_2004-09-27_DAL_WAS,2004,NA,2004-09-27,Regular Season,FALSE,WAS,DAL,18,21,L,DAL,3,39,FiveThirtyEight
2004_2004-10-03_WAS_CLE,2004,NA,2004-10-03,Regular Season,FALSE,CLE,WAS,17,13,W,CLE,4,30,FiveThirtyEight
2004_2004-10-03_PHI_CHI,2004,NA,2004-10-03,Regular Season,FALSE,CHI,PHI,9,19,L,PHI,10,28,FiveThirtyEight
2004_2004-10-03_ATL_CAR,2004,NA,2004-10-03,Regular Season,FALSE,CAR,ATL,10,27,L,ATL,17,37,FiveThirtyEight
2004_2004-10-03_NE_BUF,2004,NA,2004-10-03,Regular Season,FALSE,BUF,NE,17,31,L,NE,14,48,FiveThirtyEight
2004_2004-10-03_CIN_PIT,2004,NA,2004-10-03,Regular Season,FALSE,PIT,CIN,28,17,W,PIT,11,45,FiveThirtyEight
2004_2004-10-03_IND_JAX,2004,NA,2004-10-03,Regular Season,FALSE,JAX,IND,17,24,L,IND,7,41,FiveThirtyEight
2004_2004-10-03_LA_SF,2004,NA,2004-10-03,Regular Season,FALSE,SF,LA,14,24,L,LA,10,38,FiveThirtyEight
2004_2004-10-03_NYJ_MIA,2004,NA,2004-10-03,Regular Season,FALSE,MIA,NYJ,9,17,L,NYJ,8,26,FiveThirtyEight
2004_2004-10-03_NYG_GB,2004,NA,2004-10-03,Regular Season,FALSE,GB,NYG,7,14,L,NYG,7,21,FiveThirtyEight
2004_2004-10-03_NO_ARI,2004,NA,2004-10-03,Regular Season,FALSE,ARI,NO,34,10,W,ARI,24,44,FiveThirtyEight
2004_2004-10-03_DEN_TB,2004,NA,2004-10-03,Regular Season,FALSE,TB,DEN,13,16,L,DEN,3,29,FiveThirtyEight
2004_2004-10-03_LV_HOU,2004,NA,2004-10-03,Regular Season,FALSE,HOU,LV,30,17,W,HOU,13,47,FiveThirtyEight
2004_2004-10-03_TEN_LAC,2004,NA,2004-10-03,Regular Season,FALSE,LAC,TEN,38,17,W,LAC,21,55,FiveThirtyEight
2004_2004-10-04_KC_BAL,2004,NA,2004-10-04,Regular Season,FALSE,BAL,KC,24,27,L,KC,3,51,FiveThirtyEight
2004_2004-10-10_LA_SEA,2004,NA,2004-10-10,Regular Season,FALSE,SEA,LA,27,33,L,LA,6,60,FiveThirtyEight
2004_2004-10-10_BAL_WAS,2004,NA,2004-10-10,Regular Season,FALSE,WAS,BAL,10,17,L,BAL,7,27,FiveThirtyEight
2004_2004-10-10_ARI_SF,2004,NA,2004-10-10,Regular Season,FALSE,SF,ARI,31,28,W,SF,3,59,FiveThirtyEight
2004_2004-10-10_CLE_PIT,2004,NA,2004-10-10,Regular Season,FALSE,PIT,CLE,34,23,W,PIT,11,57,FiveThirtyEight
2004_2004-10-10_BUF_NYJ,2004,NA,2004-10-10,Regular Season,FALSE,NYJ,BUF,16,14,W,NYJ,2,30,FiveThirtyEight
2004_2004-10-10_MIA_NE,2004,NA,2004-10-10,Regular Season,FALSE,NE,MIA,24,10,W,NE,14,34,FiveThirtyEight
2004_2004-10-10_TB_NO,2004,NA,2004-10-10,Regular Season,FALSE,NO,TB,17,20,L,TB,3,37,FiveThirtyEight
2004_2004-10-10_MIN_HOU,2004,NA,2004-10-10,Regular Season,FALSE,HOU,MIN,28,34,L,MIN,6,62,FiveThirtyEight
2004_2004-10-10_CAR_DEN,2004,NA,2004-10-10,Regular Season,FALSE,DEN,CAR,20,17,W,DEN,3,37,FiveThirtyEight
2004_2004-10-10_NYG_DAL,2004,NA,2004-10-10,Regular Season,FALSE,DAL,NYG,10,26,L,NYG,16,36,FiveThirtyEight
2004_2004-10-10_LV_IND,2004,NA,2004-10-10,Regular Season,FALSE,IND,LV,35,14,W,IND,21,49,FiveThirtyEight
2004_2004-10-10_DET_ATL,2004,NA,2004-10-10,Regular Season,FALSE,ATL,DET,10,17,L,DET,7,27,FiveThirtyEight
2004_2004-10-10_JAX_LAC,2004,NA,2004-10-10,Regular Season,FALSE,LAC,JAX,34,21,W,LAC,13,55,FiveThirtyEight
2004_2004-10-11_TEN_GB,2004,NA,2004-10-11,Regular Season,FALSE,GB,TEN,27,48,L,TEN,21,75,FiveThirtyEight
2004_2004-10-17_KC_JAX,2004,NA,2004-10-17,Regular Season,FALSE,JAX,KC,22,16,W,JAX,6,38,FiveThirtyEight
2004_2004-10-17_GB_DET,2004,NA,2004-10-17,Regular Season,FALSE,DET,GB,10,38,L,GB,28,48,FiveThirtyEight
2004_2004-10-17_CIN_CLE,2004,NA,2004-10-17,Regular Season,FALSE,CLE,CIN,34,17,W,CLE,17,51,FiveThirtyEight
2004_2004-10-17_SF_NYJ,2004,NA,2004-10-17,Regular Season,FALSE,NYJ,SF,22,14,W,NYJ,8,36,FiveThirtyEight
2004_2004-10-17_HOU_TEN,2004,NA,2004-10-17,Regular Season,FALSE,TEN,HOU,10,20,L,HOU,10,30,FiveThirtyEight
2004_2004-10-17_PIT_DAL,2004,NA,2004-10-17,Regular Season,FALSE,DAL,PIT,20,24,L,PIT,4,44,FiveThirtyEight
2004_2004-10-17_SEA_NE,2004,NA,2004-10-17,Regular Season,FALSE,NE,SEA,30,20,W,NE,10,50,FiveThirtyEight
2004_2004-10-17_WAS_CHI,2004,NA,2004-10-17,Regular Season,FALSE,CHI,WAS,10,13,L,WAS,3,23,FiveThirtyEight
2004_2004-10-17_MIA_BUF,2004,NA,2004-10-17,Regular Season,FALSE,BUF,MIA,20,13,W,BUF,7,33,FiveThirtyEight
2004_2004-10-17_CAR_PHI,2004,NA,2004-10-17,Regular Season,FALSE,PHI,CAR,30,8,W,PHI,22,38,FiveThirtyEight
2004_2004-10-17_DEN_LV,2004,NA,2004-10-17,Regular Season,FALSE,LV,DEN,3,31,L,DEN,28,34,FiveThirtyEight
2004_2004-10-17_LAC_ATL,2004,NA,2004-10-17,Regular Season,FALSE,ATL,LAC,21,20,W,ATL,1,41,FiveThirtyEight
2004_2004-10-17_MIN_NO,2004,NA,2004-10-17,Regular Season,FALSE,NO,MIN,31,38,L,MIN,7,69,FiveThirtyEight
2004_2004-10-18_TB_LA,2004,NA,2004-10-18,Regular Season,FALSE,LA,TB,28,21,W,LA,7,49,FiveThirtyEight
2004_2004-10-24_LA_MIA,2004,NA,2004-10-24,Regular Season,FALSE,MIA,LA,31,14,W,MIA,17,45,FiveThirtyEight
2004_2004-10-24_BUF_BAL,2004,NA,2004-10-24,Regular Season,FALSE,BAL,BUF,20,6,W,BAL,14,26,FiveThirtyEight
2004_2004-10-24_SEA_ARI,2004,NA,2004-10-24,Regular Season,FALSE,ARI,SEA,25,17,W,ARI,8,42,FiveThirtyEight
2004_2004-10-24_NO_LV,2004,NA,2004-10-24,Regular Season,FALSE,LV,NO,26,31,L,NO,5,57,FiveThirtyEight
2004_2004-10-24_DET_NYG,2004,NA,2004-10-24,Regular Season,FALSE,NYG,DET,13,28,L,DET,15,41,FiveThirtyEight
2004_2004-10-24_TEN_MIN,2004,NA,2004-10-24,Regular Season,FALSE,MIN,TEN,20,3,W,MIN,17,23,FiveThirtyEight
2004_2004-10-24_ATL_KC,2004,NA,2004-10-24,Regular Season,FALSE,KC,ATL,56,10,W,KC,46,66,FiveThirtyEight
2004_2004-10-24_NYJ_NE,2004,NA,2004-10-24,Regular Season,FALSE,NE,NYJ,13,7,W,NE,6,20,FiveThirtyEight
2004_2004-10-24_PHI_CLE,2004,NA,2004-10-24,Regular Season,FALSE,CLE,PHI,31,34,L,PHI,3,65,FiveThirtyEight
2004_2004-10-24_CHI_TB,2004,NA,2004-10-24,Regular Season,FALSE,TB,CHI,19,7,W,TB,12,26,FiveThirtyEight
2004_2004-10-24_JAX_IND,2004,NA,2004-10-24,Regular Season,FALSE,IND,JAX,24,27,L,JAX,3,51,FiveThirtyEight
2004_2004-10-24_DAL_GB,2004,NA,2004-10-24,Regular Season,FALSE,GB,DAL,41,20,W,GB,21,61,FiveThirtyEight
2004_2004-10-24_LAC_CAR,2004,NA,2004-10-24,Regular Season,FALSE,CAR,LAC,6,17,L,LAC,11,23,FiveThirtyEight
2004_2004-10-25_DEN_CIN,2004,NA,2004-10-25,Regular Season,FALSE,CIN,DEN,23,10,W,CIN,13,33,FiveThirtyEight
2004_2004-10-31_GB_WAS,2004,NA,2004-10-31,Regular Season,FALSE,WAS,GB,14,28,L,GB,14,42,FiveThirtyEight
2004_2004-10-31_CAR_SEA,2004,NA,2004-10-31,Regular Season,FALSE,SEA,CAR,23,17,W,SEA,6,40,FiveThirtyEight
2004_2004-10-31_SF_CHI,2004,NA,2004-10-31,Regular Season,FALSE,CHI,SF,23,13,W,CHI,10,36,FiveThirtyEight
2004_2004-10-31_LV_LAC,2004,NA,2004-10-31,Regular Season,FALSE,LAC,LV,42,14,W,LAC,28,56,FiveThirtyEight
2004_2004-10-31_ARI_BUF,2004,NA,2004-10-31,Regular Season,FALSE,BUF,ARI,38,14,W,BUF,24,52,FiveThirtyEight
2004_2004-10-31_DET_DAL,2004,NA,2004-10-31,Regular Season,FALSE,DAL,DET,31,21,W,DAL,10,52,FiveThirtyEight
2004_2004-10-31_ATL_DEN,2004,NA,2004-10-31,Regular Season,FALSE,DEN,ATL,28,41,L,ATL,13,69,FiveThirtyEight
2004_2004-10-31_JAX_HOU,2004,NA,2004-10-31,Regular Season,FALSE,HOU,JAX,20,6,W,HOU,14,26,FiveThirtyEight
2004_2004-10-31_IND_KC,2004,NA,2004-10-31,Regular Season,FALSE,KC,IND,45,35,W,KC,10,80,FiveThirtyEight
2004_2004-10-31_NYG_MIN,2004,NA,2004-10-31,Regular Season,FALSE,MIN,NYG,13,34,L,NYG,21,47,FiveThirtyEight
2004_2004-10-31_CIN_TEN,2004,NA,2004-10-31,Regular Season,FALSE,TEN,CIN,27,20,W,TEN,7,47,FiveThirtyEight
2004_2004-10-31_BAL_PHI,2004,NA,2004-10-31,Regular Season,FALSE,PHI,BAL,15,10,W,PHI,5,25,FiveThirtyEight
2004_2004-10-31_NE_PIT,2004,NA,2004-10-31,Regular Season,FALSE,PIT,NE,34,20,W,PIT,14,54,FiveThirtyEight
2004_2004-11-01_MIA_NYJ,2004,NA,2004-11-01,Regular Season,FALSE,NYJ,MIA,41,14,W,NYJ,27,55,FiveThirtyEight
2004_2004-11-07_SEA_SF,2004,NA,2004-11-07,Regular Season,FALSE,SF,SEA,27,42,L,SEA,15,69,FiveThirtyEight
2004_2004-11-07_PHI_PIT,2004,NA,2004-11-07,Regular Season,FALSE,PIT,PHI,27,3,W,PIT,24,30,FiveThirtyEight
2004_2004-11-07_NO_LAC,2004,NA,2004-11-07,Regular Season,FALSE,LAC,NO,43,17,W,LAC,26,60,FiveThirtyEight
2004_2004-11-07_NE_LA,2004,NA,2004-11-07,Regular Season,FALSE,LA,NE,22,40,L,NE,18,62,FiveThirtyEight
2004_2004-11-07_CHI_NYG,2004,NA,2004-11-07,Regular Season,FALSE,NYG,CHI,21,28,L,CHI,7,49,FiveThirtyEight
2004_2004-11-07_CLE_BAL,2004,NA,2004-11-07,Regular Season,FALSE,BAL,CLE,27,13,W,BAL,14,40,FiveThirtyEight
2004_2004-11-07_KC_TB,2004,NA,2004-11-07,Regular Season,FALSE,TB,KC,34,31,W,TB,3,65,FiveThirtyEight
2004_2004-11-07_NYJ_BUF,2004,NA,2004-11-07,Regular Season,FALSE,BUF,NYJ,22,17,W,BUF,5,39,FiveThirtyEight
2004_2004-11-07_LV_CAR,2004,NA,2004-11-07,Regular Season,FALSE,CAR,LV,24,27,L,LV,3,51,FiveThirtyEight
2004_2004-11-07_DAL_CIN,2004,NA,2004-11-07,Regular Season,FALSE,CIN,DAL,26,3,W,CIN,23,29,FiveThirtyEight
2004_2004-11-07_HOU_DEN,2004,NA,2004-11-07,Regular Season,FALSE,DEN,HOU,31,13,W,DEN,18,44,FiveThirtyEight
2004_2004-11-07_WAS_DET,2004,NA,2004-11-07,Regular Season,FALSE,DET,WAS,10,17,L,WAS,7,27,FiveThirtyEight
2004_2004-11-07_ARI_MIA,2004,NA,2004-11-07,Regular Season,FALSE,MIA,ARI,23,24,L,ARI,1,47,FiveThirtyEight
2004_2004-11-08_MIN_IND,2004,NA,2004-11-08,Regular Season,FALSE,IND,MIN,31,28,W,IND,3,59,FiveThirtyEight
2004_2004-11-14_PIT_CLE,2004,NA,2004-11-14,Regular Season,FALSE,CLE,PIT,10,24,L,PIT,14,34,FiveThirtyEight
2004_2004-11-14_SEA_LA,2004,NA,2004-11-14,Regular Season,FALSE,LA,SEA,23,12,W,LA,11,35,FiveThirtyEight
2004_2004-11-14_TB_ATL,2004,NA,2004-11-14,Regular Season,FALSE,ATL,TB,24,14,W,ATL,10,38,FiveThirtyEight
2004_2004-11-14_HOU_IND,2004,NA,2004-11-14,Regular Season,FALSE,IND,HOU,49,14,W,IND,35,63,FiveThirtyEight
2004_2004-11-14_NYG_ARI,2004,NA,2004-11-14,Regular Season,FALSE,ARI,NYG,17,14,W,ARI,3,31,FiveThirtyEight
2004_2004-11-14_MIN_GB,2004,NA,2004-11-14,Regular Season,FALSE,GB,MIN,34,31,W,GB,3,65,FiveThirtyEight
2004_2004-11-14_DET_JAX,2004,NA,2004-11-14,Regular Season,FALSE,JAX,DET,23,17,W,JAX,6,40,FiveThirtyEight
2004_2004-11-14_KC_NO,2004,NA,2004-11-14,Regular Season,FALSE,NO,KC,27,20,W,NO,7,47,FiveThirtyEight
2004_2004-11-14_BUF_NE,2004,NA,2004-11-14,Regular Season,FALSE,NE,BUF,29,6,W,NE,23,35,FiveThirtyEight
2004_2004-11-14_BAL_NYJ,2004,NA,2004-11-14,Regular Season,FALSE,NYJ,BAL,17,20,L,BAL,3,37,FiveThirtyEight
2004_2004-11-14_CHI_TEN,2004,NA,2004-11-14,Regular Season,FALSE,TEN,CHI,17,19,L,CHI,2,36,FiveThirtyEight
2004_2004-11-14_CAR_SF,2004,NA,2004-11-14,Regular Season,FALSE,SF,CAR,27,37,L,CAR,10,64,FiveThirtyEight
2004_2004-11-14_CIN_WAS,2004,NA,2004-11-14,Regular Season,FALSE,WAS,CIN,10,17,L,CIN,7,27,FiveThirtyEight
2004_2004-11-15_PHI_DAL,2004,NA,2004-11-15,Regular Season,FALSE,DAL,PHI,21,49,L,PHI,28,70,FiveThirtyEight
2004_2004-11-21_MIA_SEA,2004,NA,2004-11-21,Regular Season,FALSE,SEA,MIA,24,17,W,SEA,7,41,FiveThirtyEight
2004_2004-11-21_DAL_BAL,2004,NA,2004-11-21,Regular Season,FALSE,BAL,DAL,30,10,W,BAL,20,40,FiveThirtyEight
2004_2004-11-21_WAS_PHI,2004,NA,2004-11-21,Regular Season,FALSE,PHI,WAS,28,6,W,PHI,22,34,FiveThirtyEight
2004_2004-11-21_ATL_NYG,2004,NA,2004-11-21,Regular Season,FALSE,NYG,ATL,10,14,L,ATL,4,24,FiveThirtyEight
2004_2004-11-21_DEN_NO,2004,NA,2004-11-21,Regular Season,FALSE,NO,DEN,13,34,L,DEN,21,47,FiveThirtyEight
2004_2004-11-21_DET_MIN,2004,NA,2004-11-21,Regular Season,FALSE,MIN,DET,22,19,W,MIN,3,41,FiveThirtyEight
2004_2004-11-21_GB_HOU,2004,NA,2004-11-21,Regular Season,FALSE,HOU,GB,13,16,L,GB,3,29,FiveThirtyEight
2004_2004-11-21_NYJ_CLE,2004,NA,2004-11-21,Regular Season,FALSE,CLE,NYJ,7,10,L,NYJ,3,17,FiveThirtyEight
2004_2004-11-21_PIT_CIN,2004,NA,2004-11-21,Regular Season,FALSE,CIN,PIT,14,19,L,PIT,5,33,FiveThirtyEight
2004_2004-11-21_IND_CHI,2004,NA,2004-11-21,Regular Season,FALSE,CHI,IND,10,41,L,IND,31,51,FiveThirtyEight
2004_2004-11-21_ARI_CAR,2004,NA,2004-11-21,Regular Season,FALSE,CAR,ARI,35,10,W,CAR,25,45,FiveThirtyEight
2004_2004-11-21_TEN_JAX,2004,NA,2004-11-21,Regular Season,FALSE,JAX,TEN,15,18,L,TEN,3,33,FiveThirtyEight
2004_2004-11-21_LA_BUF,2004,NA,2004-11-21,Regular Season,FALSE,BUF,LA,37,17,W,BUF,20,54,FiveThirtyEight
2004_2004-11-21_SF_TB,2004,NA,2004-11-21,Regular Season,FALSE,TB,SF,35,3,W,TB,32,38,FiveThirtyEight
2004_2004-11-21_LAC_LV,2004,NA,2004-11-21,Regular Season,FALSE,LV,LAC,17,23,L,LAC,6,40,FiveThirtyEight
2004_2004-11-22_NE_KC,2004,NA,2004-11-22,Regular Season,FALSE,KC,NE,19,27,L,NE,8,46,FiveThirtyEight
2004_2004-11-25_CHI_DAL,2004,NA,2004-11-25,Regular Season,FALSE,DAL,CHI,21,7,W,DAL,14,28,FiveThirtyEight
2004_2004-11-25_IND_DET,2004,NA,2004-11-25,Regular Season,FALSE,DET,IND,9,41,L,IND,32,50,FiveThirtyEight
2004_2004-11-28_TB_CAR,2004,NA,2004-11-28,Regular Season,FALSE,CAR,TB,21,14,W,CAR,7,35,FiveThirtyEight
2004_2004-11-28_WAS_PIT,2004,NA,2004-11-28,Regular Season,FALSE,PIT,WAS,16,7,W,PIT,9,23,FiveThirtyEight
2004_2004-11-28_LAC_KC,2004,NA,2004-11-28,Regular Season,FALSE,KC,LAC,31,34,L,LAC,3,65,FiveThirtyEight
2004_2004-11-28_NO_ATL,2004,NA,2004-11-28,Regular Season,FALSE,ATL,NO,24,21,W,ATL,3,45,FiveThirtyEight
2004_2004-11-28_MIA_SF,2004,NA,2004-11-28,Regular Season,FALSE,SF,MIA,17,24,L,MIA,7,41,FiveThirtyEight
2004_2004-11-28_BUF_SEA,2004,NA,2004-11-28,Regular Season,FALSE,SEA,BUF,9,38,L,BUF,29,47,FiveThirtyEight
2004_2004-11-28_PHI_NYG,2004,NA,2004-11-28,Regular Season,FALSE,NYG,PHI,6,27,L,PHI,21,33,FiveThirtyEight
2004_2004-11-28_BAL_NE,2004,NA,2004-11-28,Regular Season,FALSE,NE,BAL,24,3,W,NE,21,27,FiveThirtyEight
2004_2004-11-28_JAX_MIN,2004,NA,2004-11-28,Regular Season,FALSE,MIN,JAX,27,16,W,MIN,11,43,FiveThirtyEight
2004_2004-11-28_TEN_HOU,2004,NA,2004-11-28,Regular Season,FALSE,HOU,TEN,31,21,W,HOU,10,52,FiveThirtyEight
2004_2004-11-28_LV_DEN,2004,NA,2004-11-28,Regular Season,FALSE,DEN,LV,24,25,L,LV,1,49,FiveThirtyEight
2004_2004-11-28_NYJ_ARI,2004,NA,2004-11-28,Regular Season,FALSE,ARI,NYJ,3,13,L,NYJ,10,16,FiveThirtyEight
2004_2004-11-28_CLE_CIN,2004,NA,2004-11-28,Regular Season,FALSE,CIN,CLE,58,48,W,CIN,10,106,FiveThirtyEight
2004_2004-11-29_LA_GB,2004,NA,2004-11-29,Regular Season,FALSE,GB,LA,45,17,W,GB,28,62,FiveThirtyEight
2004_2004-12-05_SF_LA,2004,NA,2004-12-05,Regular Season,FALSE,LA,SF,16,6,W,LA,10,22,FiveThirtyEight
2004_2004-12-05_ARI_DET,2004,NA,2004-12-05,Regular Season,FALSE,DET,ARI,26,12,W,DET,14,38,FiveThirtyEight
2004_2004-12-05_NYG_WAS,2004,NA,2004-12-05,Regular Season,FALSE,WAS,NYG,31,7,W,WAS,24,38,FiveThirtyEight
2004_2004-12-05_MIN_CHI,2004,NA,2004-12-05,Regular Season,FALSE,CHI,MIN,24,14,W,CHI,10,38,FiveThirtyEight
2004_2004-12-05_NE_CLE,2004,NA,2004-12-05,Regular Season,FALSE,CLE,NE,15,42,L,NE,27,57,FiveThirtyEight
2004_2004-12-05_TEN_IND,2004,NA,2004-12-05,Regular Season,FALSE,IND,TEN,51,24,W,IND,27,75,FiveThirtyEight
2004_2004-12-05_PIT_JAX,2004,NA,2004-12-05,Regular Season,FALSE,JAX,PIT,16,17,L,PIT,1,33,FiveThirtyEight
2004_2004-12-05_BUF_MIA,2004,NA,2004-12-05,Regular Season,FALSE,MIA,BUF,32,42,L,BUF,10,74,FiveThirtyEight
2004_2004-12-05_CAR_NO,2004,NA,2004-12-05,Regular Season,FALSE,NO,CAR,21,32,L,CAR,11,53,FiveThirtyEight
2004_2004-12-05_HOU_NYJ,2004,NA,2004-12-05,Regular Season,FALSE,NYJ,HOU,29,7,W,NYJ,22,36,FiveThirtyEight
2004_2004-12-05_GB_PHI,2004,NA,2004-12-05,Regular Season,FALSE,PHI,GB,47,17,W,PHI,30,64,FiveThirtyEight
2004_2004-12-05_KC_LV,2004,NA,2004-12-05,Regular Season,FALSE,LV,KC,27,34,L,KC,7,61,FiveThirtyEight
2004_2004-12-05_CIN_BAL,2004,NA,2004-12-05,Regular Season,FALSE,BAL,CIN,26,27,L,CIN,1,53,FiveThirtyEight
2004_2004-12-05_ATL_TB,2004,NA,2004-12-05,Regular Season,FALSE,TB,ATL,27,0,W,TB,27,27,FiveThirtyEight
2004_2004-12-05_DEN_LAC,2004,NA,2004-12-05,Regular Season,FALSE,LAC,DEN,20,17,W,LAC,3,37,FiveThirtyEight
2004_2004-12-06_DAL_SEA,2004,NA,2004-12-06,Regular Season,FALSE,SEA,DAL,39,43,L,DAL,4,82,FiveThirtyEight
2004_2004-12-12_LA_CAR,2004,NA,2004-12-12,Regular Season,FALSE,CAR,LA,20,7,W,CAR,13,27,FiveThirtyEight
2004_2004-12-12_LV_ATL,2004,NA,2004-12-12,Regular Season,FALSE,ATL,LV,35,10,W,ATL,25,45,FiveThirtyEight
2004_2004-12-12_CLE_BUF,2004,NA,2004-12-12,Regular Season,FALSE,BUF,CLE,37,7,W,BUF,30,44,FiveThirtyEight
2004_2004-12-12_SF_ARI,2004,NA,2004-12-12,Regular Season,FALSE,ARI,SF,28,31,L,SF,3,59,FiveThirtyEight
2004_2004-12-12_NO_DAL,2004,NA,2004-12-12,Regular Season,FALSE,DAL,NO,13,27,L,NO,14,40,FiveThirtyEight
2004_2004-12-12_MIA_DEN,2004,NA,2004-12-12,Regular Season,FALSE,DEN,MIA,20,17,W,DEN,3,37,FiveThirtyEight
2004_2004-12-12_DET_GB,2004,NA,2004-12-12,Regular Season,FALSE,GB,DET,16,13,W,GB,3,29,FiveThirtyEight
2004_2004-12-12_IND_HOU,2004,NA,2004-12-12,Regular Season,FALSE,HOU,IND,14,23,L,IND,9,37,FiveThirtyEight
2004_2004-12-12_CHI_JAX,2004,NA,2004-12-12,Regular Season,FALSE,JAX,CHI,22,3,W,JAX,19,25,FiveThirtyEight
2004_2004-12-12_SEA_MIN,2004,NA,2004-12-12,Regular Season,FALSE,MIN,SEA,23,27,L,SEA,4,50,FiveThirtyEight
2004_2004-12-12_CIN_NE,2004,NA,2004-12-12,Regular Season,FALSE,NE,CIN,35,28,W,NE,7,63,FiveThirtyEight
2004_2004-12-12_NYJ_PIT,2004,NA,2004-12-12,Regular Season,FALSE,PIT,NYJ,17,6,W,PIT,11,23,FiveThirtyEight
2004_2004-12-12_NYG_BAL,2004,NA,2004-12-12,Regular Season,FALSE,BAL,NYG,37,14,W,BAL,23,51,FiveThirtyEight
2004_2004-12-12_PHI_WAS,2004,NA,2004-12-12,Regular Season,FALSE,WAS,PHI,14,17,L,PHI,3,31,FiveThirtyEight
2004_2004-12-12_TB_LAC,2004,NA,2004-12-12,Regular Season,FALSE,LAC,TB,31,24,W,LAC,7,55,FiveThirtyEight
2004_2004-12-13_KC_TEN,2004,NA,2004-12-13,Regular Season,FALSE,TEN,KC,38,49,L,KC,11,87,FiveThirtyEight
2004_2004-12-18_WAS_SF,2004,NA,2004-12-18,Regular Season,FALSE,SF,WAS,16,26,L,WAS,10,42,FiveThirtyEight
2004_2004-12-18_CAR_ATL,2004,NA,2004-12-18,Regular Season,FALSE,ATL,CAR,34,31,W,ATL,3,65,FiveThirtyEight
2004_2004-12-18_PIT_NYG,2004,NA,2004-12-18,Regular Season,FALSE,NYG,PIT,30,33,L,PIT,3,63,FiveThirtyEight
2004_2004-12-19_BUF_CIN,2004,NA,2004-12-19,Regular Season,FALSE,CIN,BUF,17,33,L,BUF,16,50,FiveThirtyEight
2004_2004-12-19_NO_TB,2004,NA,2004-12-19,Regular Season,FALSE,TB,NO,17,21,L,NO,4,38,FiveThirtyEight
2004_2004-12-19_HOU_CHI,2004,NA,2004-12-19,Regular Season,FALSE,CHI,HOU,5,24,L,HOU,19,29,FiveThirtyEight
2004_2004-12-19_DAL_PHI,2004,NA,2004-12-19,Regular Season,FALSE,PHI,DAL,12,7,W,PHI,5,19,FiveThirtyEight
2004_2004-12-19_SEA_NYJ,2004,NA,2004-12-19,Regular Season,FALSE,NYJ,SEA,37,14,W,NYJ,23,51,FiveThirtyEight
2004_2004-12-19_DEN_KC,2004,NA,2004-12-19,Regular Season,FALSE,KC,DEN,45,17,W,KC,28,62,FiveThirtyEight
2004_2004-12-19_JAX_GB,2004,NA,2004-12-19,Regular Season,FALSE,GB,JAX,25,28,L,JAX,3,53,FiveThirtyEight
2004_2004-12-19_LAC_CLE,2004,NA,2004-12-19,Regular Season,FALSE,CLE,LAC,0,21,L,LAC,21,21,FiveThirtyEight
2004_2004-12-19_TEN_LV,2004,NA,2004-12-19,Regular Season,FALSE,LV,TEN,40,35,W,LV,5,75,FiveThirtyEight
2004_2004-12-19_MIN_DET,2004,NA,2004-12-19,Regular Season,FALSE,DET,MIN,27,28,L,MIN,1,55,FiveThirtyEight
2004_2004-12-19_LA_ARI,2004,NA,2004-12-19,Regular Season,FALSE,ARI,LA,31,7,W,ARI,24,38,FiveThirtyEight
2004_2004-12-19_BAL_IND,2004,NA,2004-12-19,Regular Season,FALSE,IND,BAL,20,10,W,IND,10,30,FiveThirtyEight
2004_2004-12-20_NE_MIA,2004,NA,2004-12-20,Regular Season,FALSE,MIA,NE,29,28,W,MIA,1,57,FiveThirtyEight
2004_2004-12-24_GB_MIN,2004,NA,2004-12-24,Regular Season,FALSE,MIN,GB,31,34,L,GB,3,65,FiveThirtyEight
2004_2004-12-25_DEN_TEN,2004,NA,2004-12-25,Regular Season,FALSE,TEN,DEN,16,37,L,DEN,21,53,FiveThirtyEight
2004_2004-12-25_LV_KC,2004,NA,2004-12-25,Regular Season,FALSE,KC,LV,31,30,W,KC,1,61,FiveThirtyEight
2004_2004-12-26_LAC_IND,2004,NA,2004-12-26,Regular Season,FALSE,IND,LAC,34,31,W,IND,3,65,FiveThirtyEight
2004_2004-12-26_BUF_SF,2004,NA,2004-12-26,Regular Season,FALSE,SF,BUF,7,41,L,BUF,34,48,FiveThirtyEight
2004_2004-12-26_CAR_TB,2004,NA,2004-12-26,Regular Season,FALSE,TB,CAR,20,37,L,CAR,17,57,FiveThirtyEight
2004_2004-12-26_HOU_JAX,2004,NA,2004-12-26,Regular Season,FALSE,JAX,HOU,0,21,L,HOU,21,21,FiveThirtyEight
2004_2004-12-26_ARI_SEA,2004,NA,2004-12-26,Regular Season,FALSE,SEA,ARI,24,21,W,SEA,3,45,FiveThirtyEight
2004_2004-12-26_BAL_PIT,2004,NA,2004-12-26,Regular Season,FALSE,PIT,BAL,20,7,W,PIT,13,27,FiveThirtyEight
2004_2004-12-26_NE_NYJ,2004,NA,2004-12-26,Regular Season,FALSE,NYJ,NE,7,23,L,NE,16,30,FiveThirtyEight
2004_2004-12-26_ATL_NO,2004,NA,2004-12-26,Regular Season,FALSE,NO,ATL,26,13,W,NO,13,39,FiveThirtyEight
2004_2004-12-26_CLE_MIA,2004,NA,2004-12-26,Regular Season,FALSE,MIA,CLE,10,7,W,MIA,3,17,FiveThirtyEight
2004_2004-12-26_CHI_DET,2004,NA,2004-12-26,Regular Season,FALSE,DET,CHI,19,13,W,DET,6,32,FiveThirtyEight
2004_2004-12-26_WAS_DAL,2004,NA,2004-12-26,Regular Season,FALSE,DAL,WAS,13,10,W,DAL,3,23,FiveThirtyEight
2004_2004-12-26_NYG_CIN,2004,NA,2004-12-26,Regular Season,FALSE,CIN,NYG,23,22,W,CIN,1,45,FiveThirtyEight
2004_2004-12-27_PHI_LA,2004,NA,2004-12-27,Regular Season,FALSE,LA,PHI,20,7,W,LA,13,27,FiveThirtyEight
2004_2005-01-02_ATL_SEA,2004,NA,2005-01-02,Regular Season,FALSE,SEA,ATL,28,26,W,SEA,2,54,FiveThirtyEight
2004_2005-01-02_KC_LAC,2004,NA,2005-01-02,Regular Season,FALSE,LAC,KC,24,17,W,LAC,7,41,FiveThirtyEight
2004_2005-01-02_MIN_WAS,2004,NA,2005-01-02,Regular Season,FALSE,WAS,MIN,21,18,W,WAS,3,39,FiveThirtyEight
2004_2005-01-02_MIA_BAL,2004,NA,2005-01-02,Regular Season,FALSE,BAL,MIA,30,23,W,BAL,7,53,FiveThirtyEight
2004_2005-01-02_JAX_LV,2004,NA,2005-01-02,Regular Season,FALSE,LV,JAX,6,13,L,JAX,7,19,FiveThirtyEight
2004_2005-01-02_DET_TEN,2004,NA,2005-01-02,Regular Season,FALSE,TEN,DET,24,19,W,TEN,5,43,FiveThirtyEight
2004_2005-01-02_DAL_NYG,2004,NA,2005-01-02,Regular Season,FALSE,NYG,DAL,28,24,W,NYG,4,52,FiveThirtyEight
2004_2005-01-02_SF_NE,2004,NA,2005-01-02,Regular Season,FALSE,NE,SF,21,7,W,NE,14,28,FiveThirtyEight
2004_2005-01-02_CLE_HOU,2004,NA,2005-01-02,Regular Season,FALSE,HOU,CLE,14,22,L,CLE,8,36,FiveThirtyEight
2004_2005-01-02_IND_DEN,2004,NA,2005-01-02,Regular Season,FALSE,DEN,IND,33,14,W,DEN,19,47,FiveThirtyEight
2004_2005-01-02_TB_ARI,2004,NA,2005-01-02,Regular Season,FALSE,ARI,TB,12,7,W,ARI,5,19,FiveThirtyEight
2004_2005-01-02_GB_CHI,2004,NA,2005-01-02,Regular Season,FALSE,CHI,GB,14,31,L,GB,17,45,FiveThirtyEight
2004_2005-01-02_NYJ_LA,2004,NA,2005-01-02,Regular Season,FALSE,LA,NYJ,32,29,W,LA,3,61,FiveThirtyEight
2004_2005-01-02_PIT_BUF,2004,NA,2005-01-02,Regular Season,FALSE,BUF,PIT,24,29,L,PIT,5,53,FiveThirtyEight
2004_2005-01-02_NO_CAR,2004,NA,2005-01-02,Regular Season,FALSE,CAR,NO,18,21,L,NO,3,39,FiveThirtyEight
2004_2005-01-02_CIN_PHI,2004,NA,2005-01-02,Regular Season,FALSE,PHI,CIN,10,38,L,CIN,28,48,FiveThirtyEight
2005_2005-09-08_LV_NE,2005,NA,2005-09-08,Regular Season,FALSE,NE,LV,30,20,W,NE,10,50,FiveThirtyEight
2005_2005-09-11_NO_CAR,2005,NA,2005-09-11,Regular Season,FALSE,CAR,NO,20,23,L,NO,3,43,FiveThirtyEight
2005_2005-09-11_NYJ_KC,2005,NA,2005-09-11,Regular Season,FALSE,KC,NYJ,27,7,W,KC,20,34,FiveThirtyEight
2005_2005-09-11_SEA_JAX,2005,NA,2005-09-11,Regular Season,FALSE,JAX,SEA,26,14,W,JAX,12,40,FiveThirtyEight
2005_2005-09-11_CHI_WAS,2005,NA,2005-09-11,Regular Season,FALSE,WAS,CHI,9,7,W,WAS,2,16,FiveThirtyEight
2005_2005-09-11_LA_SF,2005,NA,2005-09-11,Regular Season,FALSE,SF,LA,28,25,W,SF,3,53,FiveThirtyEight
2005_2005-09-11_CIN_CLE,2005,NA,2005-09-11,Regular Season,FALSE,CLE,CIN,13,27,L,CIN,14,40,FiveThirtyEight
2005_2005-09-11_HOU_BUF,2005,NA,2005-09-11,Regular Season,FALSE,BUF,HOU,22,7,W,BUF,15,29,FiveThirtyEight
2005_2005-09-11_DAL_LAC,2005,NA,2005-09-11,Regular Season,FALSE,LAC,DAL,24,28,L,DAL,4,52,FiveThirtyEight
2005_2005-09-11_TB_MIN,2005,NA,2005-09-11,Regular Season,FALSE,MIN,TB,13,24,L,TB,11,37,FiveThirtyEight
2005_2005-09-11_DEN_MIA,2005,NA,2005-09-11,Regular Season,FALSE,MIA,DEN,34,10,W,MIA,24,44,FiveThirtyEight
2005_2005-09-11_GB_DET,2005,NA,2005-09-11,Regular Season,FALSE,DET,GB,17,3,W,DET,14,20,FiveThirtyEight
2005_2005-09-11_TEN_PIT,2005,NA,2005-09-11,Regular Season,FALSE,PIT,TEN,34,7,W,PIT,27,41,FiveThirtyEight
2005_2005-09-11_IND_BAL,2005,NA,2005-09-11,Regular Season,FALSE,BAL,IND,7,24,L,IND,17,31,FiveThirtyEight
2005_2005-09-11_ARI_NYG,2005,NA,2005-09-11,Regular Season,FALSE,NYG,ARI,42,19,W,NYG,23,61,FiveThirtyEight
2005_2005-09-12_PHI_ATL,2005,NA,2005-09-12,Regular Season,FALSE,ATL,PHI,14,10,W,ATL,4,24,FiveThirtyEight
2005_2005-09-18_MIN_CIN,2005,NA,2005-09-18,Regular Season,FALSE,CIN,MIN,37,8,W,CIN,29,45,FiveThirtyEight
2005_2005-09-18_BUF_TB,2005,NA,2005-09-18,Regular Season,FALSE,TB,BUF,19,3,W,TB,16,22,FiveThirtyEight
2005_2005-09-18_NE_CAR,2005,NA,2005-09-18,Regular Season,FALSE,CAR,NE,27,17,W,CAR,10,44,FiveThirtyEight
2005_2005-09-18_BAL_TEN,2005,NA,2005-09-18,Regular Season,FALSE,TEN,BAL,25,10,W,TEN,15,35,FiveThirtyEight
2005_2005-09-18_KC_LV,2005,NA,2005-09-18,Regular Season,FALSE,LV,KC,17,23,L,KC,6,40,FiveThirtyEight
2005_2005-09-18_DET_CHI,2005,NA,2005-09-18,Regular Season,FALSE,CHI,DET,38,6,W,CHI,32,44,FiveThirtyEight
2005_2005-09-18_MIA_NYJ,2005,NA,2005-09-18,Regular Season,FALSE,NYJ,MIA,17,7,W,NYJ,10,24,FiveThirtyEight
2005_2005-09-18_LAC_DEN,2005,NA,2005-09-18,Regular Season,FALSE,DEN,LAC,20,17,W,DEN,3,37,FiveThirtyEight
2005_2005-09-18_PIT_HOU,2005,NA,2005-09-18,Regular Season,FALSE,HOU,PIT,7,27,L,PIT,20,34,FiveThirtyEight
2005_2005-09-18_CLE_GB,2005,NA,2005-09-18,Regular Season,FALSE,GB,CLE,24,26,L,CLE,2,50,FiveThirtyEight
2005_2005-09-18_JAX_IND,2005,NA,2005-09-18,Regular Season,FALSE,IND,JAX,10,3,W,IND,7,13,FiveThirtyEight
2005_2005-09-18_LA_ARI,2005,NA,2005-09-18,Regular Season,FALSE,ARI,LA,12,17,L,LA,5,29,FiveThirtyEight
2005_2005-09-18_ATL_SEA,2005,NA,2005-09-18,Regular Season,FALSE,SEA,ATL,21,18,W,SEA,3,39,FiveThirtyEight
2005_2005-09-18_SF_PHI,2005,NA,2005-09-18,Regular Season,FALSE,PHI,SF,42,3,W,PHI,39,45,FiveThirtyEight
2005_2005-09-19_NO_NYG,2005,NA,2005-09-19,Regular Season,FALSE,NYG,NO,27,10,W,NYG,17,37,FiveThirtyEight
2005_2005-09-19_WAS_DAL,2005,NA,2005-09-19,Regular Season,FALSE,DAL,WAS,13,14,L,WAS,1,27,FiveThirtyEight
2005_2005-09-25_TEN_LA,2005,NA,2005-09-25,Regular Season,FALSE,LA,TEN,31,27,W,LA,4,58,FiveThirtyEight
2005_2005-09-25_JAX_NYJ,2005,NA,2005-09-25,Regular Season,FALSE,NYJ,JAX,20,26,L,JAX,6,46,FiveThirtyEight
2005_2005-09-25_CLE_IND,2005,NA,2005-09-25,Regular Season,FALSE,IND,CLE,13,6,W,IND,7,19,FiveThirtyEight
2005_2005-09-25_LV_PHI,2005,NA,2005-09-25,Regular Season,FALSE,PHI,LV,23,20,W,PHI,3,43,FiveThirtyEight
2005_2005-09-25_CIN_CHI,2005,NA,2005-09-25,Regular Season,FALSE,CHI,CIN,7,24,L,CIN,17,31,FiveThirtyEight
2005_2005-09-25_ATL_BUF,2005,NA,2005-09-25,Regular Season,FALSE,BUF,ATL,16,24,L,ATL,8,40,FiveThirtyEight
2005_2005-09-25_DAL_SF,2005,NA,2005-09-25,Regular Season,FALSE,SF,DAL,31,34,L,DAL,3,65,FiveThirtyEight
2005_2005-09-25_CAR_MIA,2005,NA,2005-09-25,Regular Season,FALSE,MIA,CAR,27,24,W,MIA,3,51,FiveThirtyEight
2005_2005-09-25_NYG_LAC,2005,NA,2005-09-25,Regular Season,FALSE,LAC,NYG,45,23,W,LAC,22,68,FiveThirtyEight
2005_2005-09-25_NO_MIN,2005,NA,2005-09-25,Regular Season,FALSE,MIN,NO,33,16,W,MIN,17,49,FiveThirtyEight
2005_2005-09-25_TB_GB,2005,NA,2005-09-25,Regular Season,FALSE,GB,TB,16,17,L,TB,1,33,FiveThirtyEight
2005_2005-09-25_NE_PIT,2005,NA,2005-09-25,Regular Season,FALSE,PIT,NE,20,23,L,NE,3,43,FiveThirtyEight
2005_2005-09-25_ARI_SEA,2005,NA,2005-09-25,Regular Season,FALSE,SEA,ARI,37,12,W,SEA,25,49,FiveThirtyEight
2005_2005-09-26_KC_DEN,2005,NA,2005-09-26,Regular Season,FALSE,DEN,KC,30,10,W,DEN,20,40,FiveThirtyEight
2005_2005-10-02_ARI_SF,2005,NA,2005-10-02,Regular Season,TRUE,SF,ARI,14,31,L,ARI,17,45,FiveThirtyEight
2005_2005-10-02_HOU_CIN,2005,NA,2005-10-02,Regular Season,FALSE,CIN,HOU,16,10,W,CIN,6,26,FiveThirtyEight
2005_2005-10-02_MIN_ATL,2005,NA,2005-10-02,Regular Season,FALSE,ATL,MIN,30,10,W,ATL,20,40,FiveThirtyEight
2005_2005-10-02_SEA_WAS,2005,NA,2005-10-02,Regular Season,FALSE,WAS,SEA,20,17,W,WAS,3,37,FiveThirtyEight
2005_2005-10-02_LAC_NE,2005,NA,2005-10-02,Regular Season,FALSE,NE,LAC,17,41,L,LAC,24,58,FiveThirtyEight
2005_2005-10-02_IND_TEN,2005,NA,2005-10-02,Regular Season,FALSE,TEN,IND,10,31,L,IND,21,41,FiveThirtyEight
2005_2005-10-02_DET_TB,2005,NA,2005-10-02,Regular Season,FALSE,TB,DET,17,13,W,TB,4,30,FiveThirtyEight
2005_2005-10-02_DEN_JAX,2005,NA,2005-10-02,Regular Season,FALSE,JAX,DEN,7,20,L,DEN,13,27,FiveThirtyEight
2005_2005-10-02_NO_BUF,2005,NA,2005-10-02,Regular Season,TRUE,BUF,NO,7,19,L,NO,12,26,FiveThirtyEight
2005_2005-10-02_DAL_LV,2005,NA,2005-10-02,Regular Season,FALSE,LV,DAL,19,13,W,LV,6,32,FiveThirtyEight
2005_2005-10-02_NYJ_BAL,2005,NA,2005-10-02,Regular Season,FALSE,BAL,NYJ,13,3,W,BAL,10,16,FiveThirtyEight
2005_2005-10-02_LA_NYG,2005,NA,2005-10-02,Regular Season,FALSE,NYG,LA,44,24,W,NYG,20,68,FiveThirtyEight
2005_2005-10-02_PHI_KC,2005,NA,2005-10-02,Regular Season,FALSE,KC,PHI,31,37,L,PHI,6,68,FiveThirtyEight
2005_2005-10-03_GB_CAR,2005,NA,2005-10-03,Regular Season,FALSE,CAR,GB,32,29,W,CAR,3,61,FiveThirtyEight
2005_2005-10-09_NO_GB,2005,NA,2005-10-09,Regular Season,FALSE,GB,NO,52,3,W,GB,49,55,FiveThirtyEight
2005_2005-10-09_IND_SF,2005,NA,2005-10-09,Regular Season,FALSE,SF,IND,3,28,L,IND,25,31,FiveThirtyEight
2005_2005-10-09_TB_NYJ,2005,NA,2005-10-09,Regular Season,FALSE,NYJ,TB,14,12,W,NYJ,2,26,FiveThirtyEight
2005_2005-10-09_CIN_JAX,2005,NA,2005-10-09,Regular Season,FALSE,JAX,CIN,23,20,W,JAX,3,43,FiveThirtyEight
2005_2005-10-09_TEN_HOU,2005,NA,2005-10-09,Regular Season,FALSE,HOU,TEN,20,34,L,TEN,14,54,FiveThirtyEight
2005_2005-10-09_BAL_DET,2005,NA,2005-10-09,Regular Season,FALSE,DET,BAL,35,17,W,DET,18,52,FiveThirtyEight
2005_2005-10-09_WAS_DEN,2005,NA,2005-10-09,Regular Season,FALSE,DEN,WAS,21,19,W,DEN,2,40,FiveThirtyEight
2005_2005-10-09_PHI_DAL,2005,NA,2005-10-09,Regular Season,FALSE,DAL,PHI,33,10,W,DAL,23,43,FiveThirtyEight
2005_2005-10-09_CAR_ARI,2005,NA,2005-10-09,Regular Season,FALSE,ARI,CAR,20,24,L,CAR,4,44,FiveThirtyEight
2005_2005-10-09_SEA_LA,2005,NA,2005-10-09,Regular Season,FALSE,LA,SEA,31,37,L,SEA,6,68,FiveThirtyEight
2005_2005-10-09_CHI_CLE,2005,NA,2005-10-09,Regular Season,FALSE,CLE,CHI,20,10,W,CLE,10,30,FiveThirtyEight
2005_2005-10-09_MIA_BUF,2005,NA,2005-10-09,Regular Season,FALSE,BUF,MIA,20,14,W,BUF,6,34,FiveThirtyEight
2005_2005-10-09_NE_ATL,2005,NA,2005-10-09,Regular Season,FALSE,ATL,NE,28,31,L,NE,3,59,FiveThirtyEight
2005_2005-10-10_PIT_LAC,2005,NA,2005-10-10,Regular Season,FALSE,LAC,PIT,22,24,L,PIT,2,46,FiveThirtyEight
2005_2005-10-16_NYJ_BUF,2005,NA,2005-10-16,Regular Season,FALSE,BUF,NYJ,27,17,W,BUF,10,44,FiveThirtyEight
2005_2005-10-16_MIN_CHI,2005,NA,2005-10-16,Regular Season,FALSE,CHI,MIN,28,3,W,CHI,25,31,FiveThirtyEight
2005_2005-10-16_NYG_DAL,2005,NA,2005-10-16,Regular Season,FALSE,DAL,NYG,16,13,W,DAL,3,29,FiveThirtyEight
2005_2005-10-16_NE_DEN,2005,NA,2005-10-16,Regular Season,FALSE,DEN,NE,28,20,W,DEN,8,48,FiveThirtyEight
2005_2005-10-16_CAR_DET,2005,NA,2005-10-16,Regular Season,FALSE,DET,CAR,20,21,L,CAR,1,41,FiveThirtyEight
2005_2005-10-16_WAS_KC,2005,NA,2005-10-16,Regular Season,FALSE,KC,WAS,28,21,W,KC,7,49,FiveThirtyEight
2005_2005-10-16_LAC_LV,2005,NA,2005-10-16,Regular Season,FALSE,LV,LAC,14,27,L,LAC,13,41,FiveThirtyEight
2005_2005-10-16_CIN_TEN,2005,NA,2005-10-16,Regular Season,FALSE,TEN,CIN,23,31,L,CIN,8,54,FiveThirtyEight
2005_2005-10-16_JAX_PIT,2005,NA,2005-10-16,Regular Season,FALSE,PIT,JAX,17,23,L,JAX,6,40,FiveThirtyEight
2005_2005-10-16_CLE_BAL,2005,NA,2005-10-16,Regular Season,FALSE,BAL,CLE,16,3,W,BAL,13,19,FiveThirtyEight
2005_2005-10-16_HOU_SEA,2005,NA,2005-10-16,Regular Season,FALSE,SEA,HOU,42,10,W,SEA,32,52,FiveThirtyEight
2005_2005-10-16_MIA_TB,2005,NA,2005-10-16,Regular Season,FALSE,TB,MIA,27,13,W,TB,14,40,FiveThirtyEight
2005_2005-10-16_NO_ATL,2005,NA,2005-10-16,Regular Season,TRUE,ATL,NO,34,31,W,ATL,3,65,FiveThirtyEight
2005_2005-10-17_LA_IND,2005,NA,2005-10-17,Regular Season,FALSE,IND,LA,45,28,W,IND,17,73,FiveThirtyEight
2005_2005-10-21_KC_MIA,2005,NA,2005-10-21,Regular Season,FALSE,MIA,KC,20,30,L,KC,10,50,FiveThirtyEight
2005_2005-10-23_NO_LA,2005,NA,2005-10-23,Regular Season,FALSE,LA,NO,28,17,W,LA,11,45,FiveThirtyEight
2005_2005-10-23_LAC_PHI,2005,NA,2005-10-23,Regular Season,FALSE,PHI,LAC,20,17,W,PHI,3,37,FiveThirtyEight
2005_2005-10-23_BAL_CHI,2005,NA,2005-10-23,Regular Season,FALSE,CHI,BAL,10,6,W,CHI,4,16,FiveThirtyEight
2005_2005-10-23_PIT_CIN,2005,NA,2005-10-23,Regular Season,FALSE,CIN,PIT,13,27,L,PIT,14,40,FiveThirtyEight
2005_2005-10-23_DET_CLE,2005,NA,2005-10-23,Regular Season,FALSE,CLE,DET,10,13,L,DET,3,23,FiveThirtyEight
2005_2005-10-23_TEN_ARI,2005,NA,2005-10-23,Regular Season,FALSE,ARI,TEN,20,10,W,ARI,10,30,FiveThirtyEight
2005_2005-10-23_IND_HOU,2005,NA,2005-10-23,Regular Season,FALSE,HOU,IND,20,38,L,IND,18,58,FiveThirtyEight
2005_2005-10-23_GB_MIN,2005,NA,2005-10-23,Regular Season,FALSE,MIN,GB,23,20,W,MIN,3,43,FiveThirtyEight
2005_2005-10-23_DEN_NYG,2005,NA,2005-10-23,Regular Season,FALSE,NYG,DEN,24,23,W,NYG,1,47,FiveThirtyEight
2005_2005-10-23_BUF_LV,2005,NA,2005-10-23,Regular Season,FALSE,LV,BUF,38,17,W,LV,21,55,FiveThirtyEight
2005_2005-10-23_DAL_SEA,2005,NA,2005-10-23,Regular Season,FALSE,SEA,DAL,13,10,W,SEA,3,23,FiveThirtyEight
2005_2005-10-23_SF_WAS,2005,NA,2005-10-23,Regular Season,FALSE,WAS,SF,52,17,W,WAS,35,69,FiveThirtyEight
2005_2005-10-24_NYJ_ATL,2005,NA,2005-10-24,Regular Season,FALSE,ATL,NYJ,27,14,W,ATL,13,41,FiveThirtyEight
2005_2005-10-30_TB_SF,2005,NA,2005-10-30,Regular Season,FALSE,SF,TB,15,10,W,SF,5,25,FiveThirtyEight
2005_2005-10-30_LV_TEN,2005,NA,2005-10-30,Regular Season,FALSE,TEN,LV,25,34,L,LV,9,59,FiveThirtyEight
2005_2005-10-30_WAS_NYG,2005,NA,2005-10-30,Regular Season,FALSE,NYG,WAS,36,0,W,NYG,36,36,FiveThirtyEight
2005_2005-10-30_BUF_NE,2005,NA,2005-10-30,Regular Season,FALSE,NE,BUF,21,16,W,NE,5,37,FiveThirtyEight
2005_2005-10-30_MIA_NO,2005,NA,2005-10-30,Regular Season,FALSE,NO,MIA,6,21,L,MIA,15,27,FiveThirtyEight
2005_2005-10-30_CLE_HOU,2005,NA,2005-10-30,Regular Season,FALSE,HOU,CLE,19,16,W,HOU,3,35,FiveThirtyEight
2005_2005-10-30_JAX_LA,2005,NA,2005-10-30,Regular Season,FALSE,LA,JAX,24,21,W,LA,3,45,FiveThirtyEight
2005_2005-10-30_PHI_DEN,2005,NA,2005-10-30,Regular Season,FALSE,DEN,PHI,49,21,W,DEN,28,70,FiveThirtyEight
2005_2005-10-30_GB_CIN,2005,NA,2005-10-30,Regular Season,FALSE,CIN,GB,21,14,W,CIN,7,35,FiveThirtyEight
2005_2005-10-30_MIN_CAR,2005,NA,2005-10-30,Regular Season,FALSE,CAR,MIN,38,13,W,CAR,25,51,FiveThirtyEight
2005_2005-10-30_KC_LAC,2005,NA,2005-10-30,Regular Season,FALSE,LAC,KC,28,20,W,LAC,8,48,FiveThirtyEight
2005_2005-10-30_ARI_DAL,2005,NA,2005-10-30,Regular Season,FALSE,DAL,ARI,34,13,W,DAL,21,47,FiveThirtyEight
2005_2005-10-30_CHI_DET,2005,NA,2005-10-30,Regular Season,FALSE,DET,CHI,13,19,L,CHI,6,32,FiveThirtyEight
2005_2005-10-31_BAL_PIT,2005,NA,2005-10-31,Regular Season,FALSE,PIT,BAL,20,19,W,PIT,1,39,FiveThirtyEight
2005_2005-11-06_CAR_TB,2005,NA,2005-11-06,Regular Season,FALSE,TB,CAR,14,34,L,CAR,20,48,FiveThirtyEight
2005_2005-11-06_CIN_BAL,2005,NA,2005-11-06,Regular Season,FALSE,BAL,CIN,9,21,L,CIN,12,30,FiveThirtyEight
2005_2005-11-06_CHI_NO,2005,NA,2005-11-06,Regular Season,FALSE,NO,CHI,17,20,L,CHI,3,37,FiveThirtyEight
2005_2005-11-06_LAC_NYJ,2005,NA,2005-11-06,Regular Season,FALSE,NYJ,LAC,26,31,L,LAC,5,57,FiveThirtyEight
2005_2005-11-06_TEN_CLE,2005,NA,2005-11-06,Regular Season,FALSE,CLE,TEN,20,14,W,CLE,6,34,FiveThirtyEight
2005_2005-11-06_SEA_ARI,2005,NA,2005-11-06,Regular Season,FALSE,ARI,SEA,19,33,L,SEA,14,52,FiveThirtyEight
2005_2005-11-06_PIT_GB,2005,NA,2005-11-06,Regular Season,FALSE,GB,PIT,10,20,L,PIT,10,30,FiveThirtyEight
2005_2005-11-06_DET_MIN,2005,NA,2005-11-06,Regular Season,FALSE,MIN,DET,27,14,W,MIN,13,41,FiveThirtyEight
2005_2005-11-06_HOU_JAX,2005,NA,2005-11-06,Regular Season,FALSE,JAX,HOU,21,14,W,JAX,7,35,FiveThirtyEight
2005_2005-11-06_LV_KC,2005,NA,2005-11-06,Regular Season,FALSE,KC,LV,27,23,W,KC,4,50,FiveThirtyEight
2005_2005-11-06_ATL_MIA,2005,NA,2005-11-06,Regular Season,FALSE,MIA,ATL,10,17,L,ATL,7,27,FiveThirtyEight
2005_2005-11-06_NYG_SF,2005,NA,2005-11-06,Regular Season,FALSE,SF,NYG,6,24,L,NYG,18,30,FiveThirtyEight
2005_2005-11-06_PHI_WAS,2005,NA,2005-11-06,Regular Season,FALSE,WAS,PHI,17,10,W,WAS,7,27,FiveThirtyEight
2005_2005-11-07_IND_NE,2005,NA,2005-11-07,Regular Season,FALSE,NE,IND,21,40,L,IND,19,61,FiveThirtyEight
2005_2005-11-13_ARI_DET,2005,NA,2005-11-13,Regular Season,FALSE,DET,ARI,29,21,W,DET,8,50,FiveThirtyEight
2005_2005-11-13_MIN_NYG,2005,NA,2005-11-13,Regular Season,FALSE,NYG,MIN,21,24,L,MIN,3,45,FiveThirtyEight
2005_2005-11-13_LA_SEA,2005,NA,2005-11-13,Regular Season,FALSE,SEA,LA,31,16,W,SEA,15,47,FiveThirtyEight
2005_2005-11-13_WAS_TB,2005,NA,2005-11-13,Regular Season,FALSE,TB,WAS,36,35,W,TB,1,71,FiveThirtyEight
2005_2005-11-13_DEN_LV,2005,NA,2005-11-13,Regular Season,FALSE,LV,DEN,17,31,L,DEN,14,48,FiveThirtyEight
2005_2005-11-13_CLE_PIT,2005,NA,2005-11-13,Regular Season,FALSE,PIT,CLE,34,21,W,PIT,13,55,FiveThirtyEight
2005_2005-11-13_NE_MIA,2005,NA,2005-11-13,Regular Season,FALSE,MIA,NE,16,23,L,NE,7,39,FiveThirtyEight
2005_2005-11-13_BAL_JAX,2005,NA,2005-11-13,Regular Season,FALSE,JAX,BAL,30,3,W,JAX,27,33,FiveThirtyEight
2005_2005-11-13_HOU_IND,2005,NA,2005-11-13,Regular Season,FALSE,IND,HOU,31,17,W,IND,14,48,FiveThirtyEight
2005_2005-11-13_SF_CHI,2005,NA,2005-11-13,Regular Season,FALSE,CHI,SF,17,9,W,CHI,8,26,FiveThirtyEight
2005_2005-11-13_NYJ_CAR,2005,NA,2005-11-13,Regular Season,FALSE,CAR,NYJ,30,3,W,CAR,27,33,FiveThirtyEight
2005_2005-11-13_KC_BUF,2005,NA,2005-11-13,Regular Season,FALSE,BUF,KC,14,3,W,BUF,11,17,FiveThirtyEight
2005_2005-11-13_GB_ATL,2005,NA,2005-11-13,Regular Season,FALSE,ATL,GB,25,33,L,GB,8,58,FiveThirtyEight
2005_2005-11-14_DAL_PHI,2005,NA,2005-11-14,Regular Season,FALSE,PHI,DAL,20,21,L,DAL,1,41,FiveThirtyEight
2005_2005-11-20_CAR_CHI,2005,NA,2005-11-20,Regular Season,FALSE,CHI,CAR,13,3,W,CHI,10,16,FiveThirtyEight
2005_2005-11-20_TB_ATL,2005,NA,2005-11-20,Regular Season,FALSE,ATL,TB,27,30,L,TB,3,57,FiveThirtyEight
2005_2005-11-20_IND_CIN,2005,NA,2005-11-20,Regular Season,FALSE,CIN,IND,37,45,L,IND,8,82,FiveThirtyEight
2005_2005-11-20_NYJ_DEN,2005,NA,2005-11-20,Regular Season,FALSE,DEN,NYJ,27,0,W,DEN,27,27,FiveThirtyEight
2005_2005-11-20_DET_DAL,2005,NA,2005-11-20,Regular Season,FALSE,DAL,DET,20,7,W,DAL,13,27,FiveThirtyEight
2005_2005-11-20_MIA_CLE,2005,NA,2005-11-20,Regular Season,FALSE,CLE,MIA,22,0,W,CLE,22,22,FiveThirtyEight
2005_2005-11-20_BUF_LAC,2005,NA,2005-11-20,Regular Season,FALSE,LAC,BUF,48,10,W,LAC,38,58,FiveThirtyEight
2005_2005-11-20_ARI_LA,2005,NA,2005-11-20,Regular Season,FALSE,LA,ARI,28,38,L,ARI,10,66,FiveThirtyEight
2005_2005-11-20_SEA_SF,2005,NA,2005-11-20,Regular Season,FALSE,SF,SEA,25,27,L,SEA,2,52,FiveThirtyEight
2005_2005-11-20_LV_WAS,2005,NA,2005-11-20,Regular Season,FALSE,WAS,LV,13,16,L,LV,3,29,FiveThirtyEight
2005_2005-11-20_PIT_BAL,2005,NA,2005-11-20,Regular Season,FALSE,BAL,PIT,16,13,W,BAL,3,29,FiveThirtyEight
2005_2005-11-20_JAX_TEN,2005,NA,2005-11-20,Regular Season,FALSE,TEN,JAX,28,31,L,JAX,3,59,FiveThirtyEight
2005_2005-11-20_PHI_NYG,2005,NA,2005-11-20,Regular Season,FALSE,NYG,PHI,27,17,W,NYG,10,44,FiveThirtyEight
2005_2005-11-20_NO_NE,2005,NA,2005-11-20,Regular Season,FALSE,NE,NO,24,17,W,NE,7,41,FiveThirtyEight
2005_2005-11-20_KC_HOU,2005,NA,2005-11-20,Regular Season,FALSE,HOU,KC,17,45,L,KC,28,62,FiveThirtyEight
2005_2005-11-21_MIN_GB,2005,NA,2005-11-21,Regular Season,FALSE,GB,MIN,17,20,L,MIN,3,37,FiveThirtyEight
2005_2005-11-24_ATL_DET,2005,NA,2005-11-24,Regular Season,FALSE,DET,ATL,7,27,L,ATL,20,34,FiveThirtyEight
2005_2005-11-24_DEN_DAL,2005,NA,2005-11-24,Regular Season,FALSE,DAL,DEN,21,24,L,DEN,3,45,FiveThirtyEight
2005_2005-11-27_NE_KC,2005,NA,2005-11-27,Regular Season,FALSE,KC,NE,26,16,W,KC,10,42,FiveThirtyEight
2005_2005-11-27_BAL_CIN,2005,NA,2005-11-27,Regular Season,FALSE,CIN,BAL,42,29,W,CIN,13,71,FiveThirtyEight
2005_2005-11-27_CAR_BUF,2005,NA,2005-11-27,Regular Season,FALSE,BUF,CAR,9,13,L,CAR,4,22,FiveThirtyEight
2005_2005-11-27_LA_HOU,2005,NA,2005-11-27,Regular Season,FALSE,HOU,LA,27,33,L,LA,6,60,FiveThirtyEight
2005_2005-11-27_LAC_WAS,2005,NA,2005-11-27,Regular Season,FALSE,WAS,LAC,17,23,L,LAC,6,40,FiveThirtyEight
2005_2005-11-27_JAX_ARI,2005,NA,2005-11-27,Regular Season,FALSE,ARI,JAX,17,24,L,JAX,7,41,FiveThirtyEight
2005_2005-11-27_CHI_TB,2005,NA,2005-11-27,Regular Season,FALSE,TB,CHI,10,13,L,CHI,3,23,FiveThirtyEight
2005_2005-11-27_NYG_SEA,2005,NA,2005-11-27,Regular Season,FALSE,SEA,NYG,24,21,W,SEA,3,45,FiveThirtyEight
2005_2005-11-27_MIA_LV,2005,NA,2005-11-27,Regular Season,FALSE,LV,MIA,21,33,L,MIA,12,54,FiveThirtyEight
2005_2005-11-27_GB_PHI,2005,NA,2005-11-27,Regular Season,FALSE,PHI,GB,19,14,W,PHI,5,33,FiveThirtyEight
2005_2005-11-27_SF_TEN,2005,NA,2005-11-27,Regular Season,FALSE,TEN,SF,33,22,W,TEN,11,55,FiveThirtyEight
2005_2005-11-27_NO_NYJ,2005,NA,2005-11-27,Regular Season,FALSE,NYJ,NO,19,21,L,NO,2,40,FiveThirtyEight
2005_2005-11-27_CLE_MIN,2005,NA,2005-11-27,Regular Season,FALSE,MIN,CLE,24,12,W,MIN,12,36,FiveThirtyEight
2005_2005-11-28_PIT_IND,2005,NA,2005-11-28,Regular Season,FALSE,IND,PIT,26,7,W,IND,19,33,FiveThirtyEight
2005_2005-12-04_NYJ_NE,2005,NA,2005-12-04,Regular Season,FALSE,NE,NYJ,16,3,W,NE,13,19,FiveThirtyEight
2005_2005-12-04_BUF_MIA,2005,NA,2005-12-04,Regular Season,FALSE,MIA,BUF,24,23,W,MIA,1,47,FiveThirtyEight
2005_2005-12-04_DEN_KC,2005,NA,2005-12-04,Regular Season,FALSE,KC,DEN,31,27,W,KC,4,58,FiveThirtyEight
2005_2005-12-04_TEN_IND,2005,NA,2005-12-04,Regular Season,FALSE,IND,TEN,35,3,W,IND,32,38,FiveThirtyEight
2005_2005-12-04_JAX_CLE,2005,NA,2005-12-04,Regular Season,FALSE,CLE,JAX,14,20,L,JAX,6,34,FiveThirtyEight
2005_2005-12-04_GB_CHI,2005,NA,2005-12-04,Regular Season,FALSE,CHI,GB,19,7,W,CHI,12,26,FiveThirtyEight
2005_2005-12-04_ATL_CAR,2005,NA,2005-12-04,Regular Season,FALSE,CAR,ATL,24,6,W,CAR,18,30,FiveThirtyEight
2005_2005-12-04_ARI_SF,2005,NA,2005-12-04,Regular Season,FALSE,SF,ARI,10,17,L,ARI,7,27,FiveThirtyEight
2005_2005-12-04_HOU_BAL,2005,NA,2005-12-04,Regular Season,FALSE,BAL,HOU,16,15,W,BAL,1,31,FiveThirtyEight
2005_2005-12-04_CIN_PIT,2005,NA,2005-12-04,Regular Season,FALSE,PIT,CIN,31,38,L,CIN,7,69,FiveThirtyEight
2005_2005-12-04_WAS_LA,2005,NA,2005-12-04,Regular Season,FALSE,LA,WAS,9,24,L,WAS,15,33,FiveThirtyEight
2005_2005-12-04_TB_NO,2005,NA,2005-12-04,Regular Season,FALSE,NO,TB,3,10,L,TB,7,13,FiveThirtyEight
2005_2005-12-04_MIN_DET,2005,NA,2005-12-04,Regular Season,FALSE,DET,MIN,16,21,L,MIN,5,37,FiveThirtyEight
2005_2005-12-04_LV_LAC,2005,NA,2005-12-04,Regular Season,FALSE,LAC,LV,34,10,W,LAC,24,44,FiveThirtyEight
2005_2005-12-04_DAL_NYG,2005,NA,2005-12-04,Regular Season,FALSE,NYG,DAL,17,10,W,NYG,7,27,FiveThirtyEight
2005_2005-12-05_SEA_PHI,2005,NA,2005-12-05,Regular Season,FALSE,PHI,SEA,0,42,L,SEA,42,42,FiveThirtyEight
2005_2005-12-11_CHI_PIT,2005,NA,2005-12-11,Regular Season,FALSE,PIT,CHI,21,9,W,PIT,12,30,FiveThirtyEight
2005_2005-12-11_NE_BUF,2005,NA,2005-12-11,Regular Season,FALSE,BUF,NE,7,35,L,NE,28,42,FiveThirtyEight
2005_2005-12-11_TB_CAR,2005,NA,2005-12-11,Regular Season,FALSE,CAR,TB,10,20,L,TB,10,30,FiveThirtyEight
2005_2005-12-11_CLE_CIN,2005,NA,2005-12-11,Regular Season,FALSE,CIN,CLE,23,20,W,CIN,3,43,FiveThirtyEight
2005_2005-12-11_WAS_ARI,2005,NA,2005-12-11,Regular Season,FALSE,ARI,WAS,13,17,L,WAS,4,30,FiveThirtyEight
2005_2005-12-11_KC_DAL,2005,NA,2005-12-11,Regular Season,FALSE,DAL,KC,31,28,W,DAL,3,59,FiveThirtyEight
2005_2005-12-11_BAL_DEN,2005,NA,2005-12-11,Regular Season,FALSE,DEN,BAL,12,10,W,DEN,2,22,FiveThirtyEight
2005_2005-12-11_DET_GB,2005,NA,2005-12-11,Regular Season,FALSE,GB,DET,16,13,W,GB,3,29,FiveThirtyEight
2005_2005-12-11_IND_JAX,2005,NA,2005-12-11,Regular Season,FALSE,JAX,IND,18,26,L,IND,8,44,FiveThirtyEight
2005_2005-12-11_LV_NYJ,2005,NA,2005-12-11,Regular Season,FALSE,NYJ,LV,26,10,W,NYJ,16,36,FiveThirtyEight
2005_2005-12-11_NYG_PHI,2005,NA,2005-12-11,Regular Season,FALSE,PHI,NYG,23,26,L,NYG,3,49,FiveThirtyEight
2005_2005-12-11_SF_SEA,2005,NA,2005-12-11,Regular Season,FALSE,SEA,SF,41,3,W,SEA,38,44,FiveThirtyEight
2005_2005-12-11_LA_MIN,2005,NA,2005-12-11,Regular Season,FALSE,MIN,LA,27,13,W,MIN,14,40,FiveThirtyEight
2005_2005-12-11_HOU_TEN,2005,NA,2005-12-11,Regular Season,FALSE,TEN,HOU,13,10,W,TEN,3,23,FiveThirtyEight
2005_2005-12-11_MIA_LAC,2005,NA,2005-12-11,Regular Season,FALSE,LAC,MIA,21,23,L,MIA,2,44,FiveThirtyEight
2005_2005-12-12_NO_ATL,2005,NA,2005-12-12,Regular Season,FALSE,ATL,NO,36,17,W,ATL,19,53,FiveThirtyEight
2005_2005-12-17_TB_NE,2005,NA,2005-12-17,Regular Season,FALSE,NE,TB,28,0,W,NE,28,28,FiveThirtyEight
2005_2005-12-17_KC_NYG,2005,NA,2005-12-17,Regular Season,FALSE,NYG,KC,27,17,W,NYG,10,44,FiveThirtyEight
2005_2005-12-17_DEN_BUF,2005,NA,2005-12-17,Regular Season,FALSE,BUF,DEN,17,28,L,DEN,11,45,FiveThirtyEight
2005_2005-12-18_PIT_MIN,2005,NA,2005-12-18,Regular Season,FALSE,MIN,PIT,3,18,L,PIT,15,21,FiveThirtyEight
2005_2005-12-18_CAR_NO,2005,NA,2005-12-18,Regular Season,FALSE,NO,CAR,10,27,L,CAR,17,37,FiveThirtyEight
2005_2005-12-18_PHI_LA,2005,NA,2005-12-18,Regular Season,FALSE,LA,PHI,16,17,L,PHI,1,33,FiveThirtyEight
2005_2005-12-18_DAL_WAS,2005,NA,2005-12-18,Regular Season,FALSE,WAS,DAL,35,7,W,WAS,28,42,FiveThirtyEight
2005_2005-12-18_CLE_LV,2005,NA,2005-12-18,Regular Season,FALSE,LV,CLE,7,9,L,CLE,2,16,FiveThirtyEight
2005_2005-12-18_SEA_TEN,2005,NA,2005-12-18,Regular Season,FALSE,TEN,SEA,24,28,L,SEA,4,52,FiveThirtyEight
2005_2005-12-18_LAC_IND,2005,NA,2005-12-18,Regular Season,FALSE,IND,LAC,17,26,L,LAC,9,43,FiveThirtyEight
2005_2005-12-18_ATL_CHI,2005,NA,2005-12-18,Regular Season,FALSE,CHI,ATL,16,3,W,CHI,13,19,FiveThirtyEight
2005_2005-12-18_ARI_HOU,2005,NA,2005-12-18,Regular Season,FALSE,HOU,ARI,30,19,W,HOU,11,49,FiveThirtyEight
2005_2005-12-18_SF_JAX,2005,NA,2005-12-18,Regular Season,FALSE,JAX,SF,10,9,W,JAX,1,19,FiveThirtyEight
2005_2005-12-18_NYJ_MIA,2005,NA,2005-12-18,Regular Season,FALSE,MIA,NYJ,24,20,W,MIA,4,44,FiveThirtyEight
2005_2005-12-18_CIN_DET,2005,NA,2005-12-18,Regular Season,FALSE,DET,CIN,17,41,L,CIN,24,58,FiveThirtyEight
2005_2005-12-19_GB_BAL,2005,NA,2005-12-19,Regular Season,FALSE,BAL,GB,48,3,W,BAL,45,51,FiveThirtyEight
2005_2005-12-24_TEN_MIA,2005,NA,2005-12-24,Regular Season,FALSE,MIA,TEN,24,10,W,MIA,14,34,FiveThirtyEight
2005_2005-12-24_NO_DET,2005,NA,2005-12-24,Regular Season,TRUE,DET,NO,13,12,W,DET,1,25,FiveThirtyEight
2005_2005-12-24_LAC_KC,2005,NA,2005-12-24,Regular Season,FALSE,KC,LAC,20,7,W,KC,13,27,FiveThirtyEight
2005_2005-12-24_IND_SEA,2005,NA,2005-12-24,Regular Season,FALSE,SEA,IND,28,13,W,SEA,15,41,FiveThirtyEight
2005_2005-12-24_ATL_TB,2005,NA,2005-12-24,Regular Season,FALSE,TB,ATL,27,24,W,TB,3,51,FiveThirtyEight
2005_2005-12-24_NYG_WAS,2005,NA,2005-12-24,Regular Season,FALSE,WAS,NYG,35,20,W,WAS,15,55,FiveThirtyEight
2005_2005-12-24_DAL_CAR,2005,NA,2005-12-24,Regular Season,FALSE,CAR,DAL,20,24,L,DAL,4,44,FiveThirtyEight
2005_2005-12-24_BUF_CIN,2005,NA,2005-12-24,Regular Season,FALSE,CIN,BUF,27,37,L,BUF,10,64,FiveThirtyEight
2005_2005-12-24_PIT_CLE,2005,NA,2005-12-24,Regular Season,FALSE,CLE,PIT,0,41,L,PIT,41,41,FiveThirtyEight
2005_2005-12-24_PHI_ARI,2005,NA,2005-12-24,Regular Season,FALSE,ARI,PHI,27,21,W,ARI,6,48,FiveThirtyEight
2005_2005-12-24_LV_DEN,2005,NA,2005-12-24,Regular Season,FALSE,DEN,LV,22,3,W,DEN,19,25,FiveThirtyEight
2005_2005-12-24_JAX_HOU,2005,NA,2005-12-24,Regular Season,FALSE,HOU,JAX,20,38,L,JAX,18,58,FiveThirtyEight
2005_2005-12-24_SF_LA,2005,NA,2005-12-24,Regular Season,FALSE,LA,SF,20,24,L,SF,4,44,FiveThirtyEight
2005_2005-12-25_MIN_BAL,2005,NA,2005-12-25,Regular Season,FALSE,BAL,MIN,30,23,W,BAL,7,53,FiveThirtyEight
2005_2005-12-25_CHI_GB,2005,NA,2005-12-25,Regular Season,FALSE,GB,CHI,17,24,L,CHI,7,41,FiveThirtyEight
2005_2005-12-26_NE_NYJ,2005,NA,2005-12-26,Regular Season,FALSE,NYJ,NE,21,31,L,NE,10,52,FiveThirtyEight
2005_2005-12-31_DEN_LAC,2005,NA,2005-12-31,Regular Season,FALSE,LAC,DEN,7,23,L,DEN,16,30,FiveThirtyEight
2005_2005-12-31_NYG_LV,2005,NA,2005-12-31,Regular Season,FALSE,LV,NYG,21,30,L,NYG,9,51,FiveThirtyEight
2005_2006-01-01_WAS_PHI,2005,NA,2006-01-01,Regular Season,FALSE,PHI,WAS,20,31,L,WAS,11,51,FiveThirtyEight
2005_2006-01-01_MIA_NE,2005,NA,2006-01-01,Regular Season,FALSE,NE,MIA,26,28,L,MIA,2,54,FiveThirtyEight
2005_2006-01-01_CHI_MIN,2005,NA,2006-01-01,Regular Season,FALSE,MIN,CHI,34,10,W,MIN,24,44,FiveThirtyEight
2005_2006-01-01_ARI_IND,2005,NA,2006-01-01,Regular Season,FALSE,IND,ARI,17,13,W,IND,4,30,FiveThirtyEight
2005_2006-01-01_BAL_CLE,2005,NA,2006-01-01,Regular Season,FALSE,CLE,BAL,20,16,W,CLE,4,36,FiveThirtyEight
2005_2006-01-01_NO_TB,2005,NA,2006-01-01,Regular Season,FALSE,TB,NO,27,13,W,TB,14,40,FiveThirtyEight
2005_2006-01-01_HOU_SF,2005,NA,2006-01-01,Regular Season,FALSE,SF,HOU,20,17,W,SF,3,37,FiveThirtyEight
2005_2006-01-01_DET_PIT,2005,NA,2006-01-01,Regular Season,FALSE,PIT,DET,35,21,W,PIT,14,56,FiveThirtyEight
2005_2006-01-01_TEN_JAX,2005,NA,2006-01-01,Regular Season,FALSE,JAX,TEN,40,13,W,JAX,27,53,FiveThirtyEight
2005_2006-01-01_CAR_ATL,2005,NA,2006-01-01,Regular Season,FALSE,ATL,CAR,11,44,L,CAR,33,55,FiveThirtyEight
2005_2006-01-01_LA_DAL,2005,NA,2006-01-01,Regular Season,FALSE,DAL,LA,10,20,L,LA,10,30,FiveThirtyEight
2005_2006-01-01_BUF_NYJ,2005,NA,2006-01-01,Regular Season,FALSE,NYJ,BUF,30,26,W,NYJ,4,56,FiveThirtyEight
2005_2006-01-01_CIN_KC,2005,NA,2006-01-01,Regular Season,FALSE,KC,CIN,37,3,W,KC,34,40,FiveThirtyEight
2005_2006-01-01_SEA_GB,2005,NA,2006-01-01,Regular Season,FALSE,GB,SEA,23,17,W,GB,6,40,FiveThirtyEight
2006_2006-09-07_MIA_PIT,2006,NA,2006-09-07,Regular Season,FALSE,PIT,MIA,28,17,W,PIT,11,45,FiveThirtyEight
2006_2006-09-10_SEA_DET,2006,NA,2006-09-10,Regular Season,FALSE,DET,SEA,6,9,L,SEA,3,15,FiveThirtyEight
2006_2006-09-10_SF_ARI,2006,NA,2006-09-10,Regular Season,FALSE,ARI,SF,34,27,W,ARI,7,61,FiveThirtyEight
2006_2006-09-10_BAL_TB,2006,NA,2006-09-10,Regular Season,FALSE,TB,BAL,0,27,L,BAL,27,27,FiveThirtyEight
2006_2006-09-10_NYJ_TEN,2006,NA,2006-09-10,Regular Season,FALSE,TEN,NYJ,16,23,L,NYJ,7,39,FiveThirtyEight
2006_2006-09-10_IND_NYG,2006,NA,2006-09-10,Regular Season,FALSE,NYG,IND,21,26,L,IND,5,47,FiveThirtyEight
2006_2006-09-10_BUF_NE,2006,NA,2006-09-10,Regular Season,FALSE,NE,BUF,19,17,W,NE,2,36,FiveThirtyEight
2006_2006-09-10_CIN_KC,2006,NA,2006-09-10,Regular Season,FALSE,KC,CIN,10,23,L,CIN,13,33,FiveThirtyEight
2006_2006-09-10_DAL_JAX,2006,NA,2006-09-10,Regular Season,FALSE,JAX,DAL,24,17,W,JAX,7,41,FiveThirtyEight
2006_2006-09-10_PHI_HOU,2006,NA,2006-09-10,Regular Season,FALSE,HOU,PHI,10,24,L,PHI,14,34,FiveThirtyEight
2006_2006-09-10_CHI_GB,2006,NA,2006-09-10,Regular Season,FALSE,GB,CHI,0,26,L,CHI,26,26,FiveThirtyEight
2006_2006-09-10_NO_CLE,2006,NA,2006-09-10,Regular Season,FALSE,CLE,NO,14,19,L,NO,5,33,FiveThirtyEight
2006_2006-09-10_ATL_CAR,2006,NA,2006-09-10,Regular Season,FALSE,CAR,ATL,6,20,L,ATL,14,26,FiveThirtyEight
2006_2006-09-10_DEN_LA,2006,NA,2006-09-10,Regular Season,FALSE,LA,DEN,18,10,W,LA,8,28,FiveThirtyEight
2006_2006-09-11_MIN_WAS,2006,NA,2006-09-11,Regular Season,FALSE,WAS,MIN,16,19,L,MIN,3,35,FiveThirtyEight
2006_2006-09-11_LAC_LV,2006,NA,2006-09-11,Regular Season,FALSE,LV,LAC,0,27,L,LAC,27,27,FiveThirtyEight
2006_2006-09-17_CLE_CIN,2006,NA,2006-09-17,Regular Season,FALSE,CIN,CLE,34,17,W,CIN,17,51,FiveThirtyEight
2006_2006-09-17_DET_CHI,2006,NA,2006-09-17,Regular Season,FALSE,CHI,DET,34,7,W,CHI,27,41,FiveThirtyEight
2006_2006-09-17_TB_ATL,2006,NA,2006-09-17,Regular Season,FALSE,ATL,TB,14,3,W,ATL,11,17,FiveThirtyEight
2006_2006-09-17_WAS_DAL,2006,NA,2006-09-17,Regular Season,FALSE,DAL,WAS,27,10,W,DAL,17,37,FiveThirtyEight
2006_2006-09-17_KC_DEN,2006,NA,2006-09-17,Regular Season,FALSE,DEN,KC,9,6,W,DEN,3,15,FiveThirtyEight
2006_2006-09-17_LA_SF,2006,NA,2006-09-17,Regular Season,FALSE,SF,LA,20,13,W,SF,7,33,FiveThirtyEight
2006_2006-09-17_TEN_LAC,2006,NA,2006-09-17,Regular Season,FALSE,LAC,TEN,40,7,W,LAC,33,47,FiveThirtyEight
2006_2006-09-17_NO_GB,2006,NA,2006-09-17,Regular Season,FALSE,GB,NO,27,34,L,NO,7,61,FiveThirtyEight
2006_2006-09-17_ARI_SEA,2006,NA,2006-09-17,Regular Season,FALSE,SEA,ARI,21,10,W,SEA,11,31,FiveThirtyEight
2006_2006-09-17_LV_BAL,2006,NA,2006-09-17,Regular Season,FALSE,BAL,LV,28,6,W,BAL,22,34,FiveThirtyEight
2006_2006-09-17_NYG_PHI,2006,NA,2006-09-17,Regular Season,FALSE,PHI,NYG,24,30,L,NYG,6,54,FiveThirtyEight
2006_2006-09-17_NE_NYJ,2006,NA,2006-09-17,Regular Season,FALSE,NYJ,NE,17,24,L,NE,7,41,FiveThirtyEight
2006_2006-09-17_BUF_MIA,2006,NA,2006-09-17,Regular Season,FALSE,MIA,BUF,6,16,L,BUF,10,22,FiveThirtyEight
2006_2006-09-17_CAR_MIN,2006,NA,2006-09-17,Regular Season,FALSE,MIN,CAR,16,13,W,MIN,3,29,FiveThirtyEight
2006_2006-09-17_HOU_IND,2006,NA,2006-09-17,Regular Season,FALSE,IND,HOU,43,24,W,IND,19,67,FiveThirtyEight
2006_2006-09-18_PIT_JAX,2006,NA,2006-09-18,Regular Season,FALSE,JAX,PIT,9,0,W,JAX,9,9,FiveThirtyEight
2006_2006-09-24_CAR_TB,2006,NA,2006-09-24,Regular Season,FALSE,TB,CAR,24,26,L,CAR,2,50,FiveThirtyEight
2006_2006-09-24_NYJ_BUF,2006,NA,2006-09-24,Regular Season,FALSE,BUF,NYJ,20,28,L,NYJ,8,48,FiveThirtyEight
2006_2006-09-24_JAX_IND,2006,NA,2006-09-24,Regular Season,FALSE,IND,JAX,21,14,W,IND,7,35,FiveThirtyEight
2006_2006-09-24_GB_DET,2006,NA,2006-09-24,Regular Season,FALSE,DET,GB,24,31,L,GB,7,55,FiveThirtyEight
2006_2006-09-24_WAS_HOU,2006,NA,2006-09-24,Regular Season,FALSE,HOU,WAS,15,31,L,WAS,16,46,FiveThirtyEight
2006_2006-09-24_TEN_MIA,2006,NA,2006-09-24,Regular Season,FALSE,MIA,TEN,13,10,W,MIA,3,23,FiveThirtyEight
2006_2006-09-24_CHI_MIN,2006,NA,2006-09-24,Regular Season,FALSE,MIN,CHI,16,19,L,CHI,3,35,FiveThirtyEight
2006_2006-09-24_DEN_NE,2006,NA,2006-09-24,Regular Season,FALSE,NE,DEN,7,17,L,DEN,10,24,FiveThirtyEight
2006_2006-09-24_CIN_PIT,2006,NA,2006-09-24,Regular Season,FALSE,PIT,CIN,20,28,L,CIN,8,48,FiveThirtyEight
2006_2006-09-24_NYG_SEA,2006,NA,2006-09-24,Regular Season,FALSE,SEA,NYG,42,30,W,SEA,12,72,FiveThirtyEight
2006_2006-09-24_LA_ARI,2006,NA,2006-09-24,Regular Season,FALSE,ARI,LA,14,16,L,LA,2,30,FiveThirtyEight
2006_2006-09-24_PHI_SF,2006,NA,2006-09-24,Regular Season,FALSE,SF,PHI,24,38,L,PHI,14,62,FiveThirtyEight
2006_2006-09-24_BAL_CLE,2006,NA,2006-09-24,Regular Season,FALSE,CLE,BAL,14,15,L,BAL,1,29,FiveThirtyEight
2006_2006-09-25_ATL_NO,2006,NA,2006-09-25,Regular Season,FALSE,NO,ATL,23,3,W,NO,20,26,FiveThirtyEight
2006_2006-10-01_DET_LA,2006,NA,2006-10-01,Regular Season,FALSE,LA,DET,41,34,W,LA,7,75,FiveThirtyEight
2006_2006-10-01_IND_NYJ,2006,NA,2006-10-01,Regular Season,FALSE,NYJ,IND,28,31,L,IND,3,59,FiveThirtyEight
2006_2006-10-01_MIN_BUF,2006,NA,2006-10-01,Regular Season,FALSE,BUF,MIN,17,12,W,BUF,5,29,FiveThirtyEight
2006_2006-10-01_ARI_ATL,2006,NA,2006-10-01,Regular Season,FALSE,ATL,ARI,32,10,W,ATL,22,42,FiveThirtyEight
2006_2006-10-01_JAX_WAS,2006,NA,2006-10-01,Regular Season,FALSE,WAS,JAX,36,30,W,WAS,6,66,FiveThirtyEight
2006_2006-10-01_CLE_LV,2006,NA,2006-10-01,Regular Season,FALSE,LV,CLE,21,24,L,CLE,3,45,FiveThirtyEight
2006_2006-10-01_DAL_TEN,2006,NA,2006-10-01,Regular Season,FALSE,TEN,DAL,14,45,L,DAL,31,59,FiveThirtyEight
2006_2006-10-01_SF_KC,2006,NA,2006-10-01,Regular Season,FALSE,KC,SF,41,0,W,KC,41,41,FiveThirtyEight
2006_2006-10-01_MIA_HOU,2006,NA,2006-10-01,Regular Season,FALSE,HOU,MIA,17,15,W,HOU,2,32,FiveThirtyEight
2006_2006-10-01_NE_CIN,2006,NA,2006-10-01,Regular Season,FALSE,CIN,NE,13,38,L,NE,25,51,FiveThirtyEight
2006_2006-10-01_SEA_CHI,2006,NA,2006-10-01,Regular Season,FALSE,CHI,SEA,37,6,W,CHI,31,43,FiveThirtyEight
2006_2006-10-01_NO_CAR,2006,NA,2006-10-01,Regular Season,FALSE,CAR,NO,21,18,W,CAR,3,39,FiveThirtyEight
2006_2006-10-01_LAC_BAL,2006,NA,2006-10-01,Regular Season,FALSE,BAL,LAC,16,13,W,BAL,3,29,FiveThirtyEight
2006_2006-10-02_GB_PHI,2006,NA,2006-10-02,Regular Season,FALSE,PHI,GB,31,9,W,PHI,22,40,FiveThirtyEight
2006_2006-10-08_CLE_CAR,2006,NA,2006-10-08,Regular Season,FALSE,CAR,CLE,20,12,W,CAR,8,32,FiveThirtyEight
2006_2006-10-08_PIT_LAC,2006,NA,2006-10-08,Regular Season,FALSE,LAC,PIT,23,13,W,LAC,10,36,FiveThirtyEight
2006_2006-10-08_DAL_PHI,2006,NA,2006-10-08,Regular Season,FALSE,PHI,DAL,38,24,W,PHI,14,62,FiveThirtyEight
2006_2006-10-08_LV_SF,2006,NA,2006-10-08,Regular Season,FALSE,SF,LV,34,20,W,SF,14,54,FiveThirtyEight
2006_2006-10-08_WAS_NYG,2006,NA,2006-10-08,Regular Season,FALSE,NYG,WAS,19,3,W,NYG,16,22,FiveThirtyEight
2006_2006-10-08_MIA_NE,2006,NA,2006-10-08,Regular Season,FALSE,NE,MIA,20,10,W,NE,10,30,FiveThirtyEight
2006_2006-10-08_TB_NO,2006,NA,2006-10-08,Regular Season,FALSE,NO,TB,24,21,W,NO,3,45,FiveThirtyEight
2006_2006-10-08_LA_GB,2006,NA,2006-10-08,Regular Season,FALSE,GB,LA,20,23,L,LA,3,43,FiveThirtyEight
2006_2006-10-08_DET_MIN,2006,NA,2006-10-08,Regular Season,FALSE,MIN,DET,26,17,W,MIN,9,43,FiveThirtyEight
2006_2006-10-08_NYJ_JAX,2006,NA,2006-10-08,Regular Season,FALSE,JAX,NYJ,41,0,W,JAX,41,41,FiveThirtyEight
2006_2006-10-08_KC_ARI,2006,NA,2006-10-08,Regular Season,FALSE,ARI,KC,20,23,L,KC,3,43,FiveThirtyEight
2006_2006-10-08_TEN_IND,2006,NA,2006-10-08,Regular Season,FALSE,IND,TEN,14,13,W,IND,1,27,FiveThirtyEight
2006_2006-10-08_BUF_CHI,2006,NA,2006-10-08,Regular Season,FALSE,CHI,BUF,40,7,W,CHI,33,47,FiveThirtyEight
2006_2006-10-09_BAL_DEN,2006,NA,2006-10-09,Regular Season,FALSE,DEN,BAL,13,3,W,DEN,10,16,FiveThirtyEight
2006_2006-10-15_SEA_LA,2006,NA,2006-10-15,Regular Season,FALSE,LA,SEA,28,30,L,SEA,2,58,FiveThirtyEight
2006_2006-10-15_LV_DEN,2006,NA,2006-10-15,Regular Season,FALSE,DEN,LV,13,3,W,DEN,10,16,FiveThirtyEight
2006_2006-10-15_BUF_DET,2006,NA,2006-10-15,Regular Season,FALSE,DET,BUF,20,17,W,DET,3,37,FiveThirtyEight
2006_2006-10-15_LAC_SF,2006,NA,2006-10-15,Regular Season,FALSE,SF,LAC,19,48,L,LAC,29,67,FiveThirtyEight
2006_2006-10-15_HOU_DAL,2006,NA,2006-10-15,Regular Season,FALSE,DAL,HOU,34,6,W,DAL,28,40,FiveThirtyEight
2006_2006-10-15_TEN_WAS,2006,NA,2006-10-15,Regular Season,FALSE,WAS,TEN,22,25,L,TEN,3,47,FiveThirtyEight
2006_2006-10-15_NYG_ATL,2006,NA,2006-10-15,Regular Season,FALSE,ATL,NYG,14,27,L,NYG,13,41,FiveThirtyEight
2006_2006-10-15_PHI_NO,2006,NA,2006-10-15,Regular Season,FALSE,NO,PHI,27,24,W,NO,3,51,FiveThirtyEight
2006_2006-10-15_MIA_NYJ,2006,NA,2006-10-15,Regular Season,FALSE,NYJ,MIA,20,17,W,NYJ,3,37,FiveThirtyEight
2006_2006-10-15_KC_PIT,2006,NA,2006-10-15,Regular Season,FALSE,PIT,KC,45,7,W,PIT,38,52,FiveThirtyEight
2006_2006-10-15_CAR_BAL,2006,NA,2006-10-15,Regular Season,FALSE,BAL,CAR,21,23,L,CAR,2,44,FiveThirtyEight
2006_2006-10-15_CIN_TB,2006,NA,2006-10-15,Regular Season,FALSE,TB,CIN,14,13,W,TB,1,27,FiveThirtyEight
2006_2006-10-16_CHI_ARI,2006,NA,2006-10-16,Regular Season,FALSE,ARI,CHI,23,24,L,CHI,1,47,FiveThirtyEight
2006_2006-10-22_LAC_KC,2006,NA,2006-10-22,Regular Season,FALSE,KC,LAC,30,27,W,KC,3,57,FiveThirtyEight
2006_2006-10-22_GB_MIA,2006,NA,2006-10-22,Regular Season,FALSE,MIA,GB,24,34,L,GB,10,58,FiveThirtyEight
2006_2006-10-22_JAX_HOU,2006,NA,2006-10-22,Regular Season,FALSE,HOU,JAX,27,7,W,HOU,20,34,FiveThirtyEight
2006_2006-10-22_WAS_IND,2006,NA,2006-10-22,Regular Season,FALSE,IND,WAS,36,22,W,IND,14,58,FiveThirtyEight
2006_2006-10-22_DEN_CLE,2006,NA,2006-10-22,Regular Season,FALSE,CLE,DEN,7,17,L,DEN,10,24,FiveThirtyEight
2006_2006-10-22_CAR_CIN,2006,NA,2006-10-22,Regular Season,FALSE,CIN,CAR,17,14,W,CIN,3,31,FiveThirtyEight
2006_2006-10-22_NE_BUF,2006,NA,2006-10-22,Regular Season,FALSE,BUF,NE,6,28,L,NE,22,34,FiveThirtyEight
2006_2006-10-22_PHI_TB,2006,NA,2006-10-22,Regular Season,FALSE,TB,PHI,23,21,W,TB,2,44,FiveThirtyEight
2006_2006-10-22_PIT_ATL,2006,NA,2006-10-22,Regular Season,FALSE,ATL,PIT,41,38,W,ATL,3,79,FiveThirtyEight
2006_2006-10-22_MIN_SEA,2006,NA,2006-10-22,Regular Season,FALSE,SEA,MIN,13,31,L,MIN,18,44,FiveThirtyEight
2006_2006-10-22_ARI_LV,2006,NA,2006-10-22,Regular Season,FALSE,LV,ARI,22,9,W,LV,13,31,FiveThirtyEight
2006_2006-10-22_DET_NYJ,2006,NA,2006-10-22,Regular Season,FALSE,NYJ,DET,31,24,W,NYJ,7,55,FiveThirtyEight
2006_2006-10-23_NYG_DAL,2006,NA,2006-10-23,Regular Season,FALSE,DAL,NYG,22,36,L,NYG,14,58,FiveThirtyEight
2006_2006-10-29_BAL_NO,2006,NA,2006-10-29,Regular Season,FALSE,NO,BAL,22,35,L,BAL,13,57,FiveThirtyEight
2006_2006-10-29_ATL_CIN,2006,NA,2006-10-29,Regular Season,FALSE,CIN,ATL,27,29,L,ATL,2,56,FiveThirtyEight
2006_2006-10-29_NYJ_CLE,2006,NA,2006-10-29,Regular Season,FALSE,CLE,NYJ,20,13,W,CLE,7,33,FiveThirtyEight
2006_2006-10-29_DAL_CAR,2006,NA,2006-10-29,Regular Season,FALSE,CAR,DAL,14,35,L,DAL,21,49,FiveThirtyEight
2006_2006-10-29_PIT_LV,2006,NA,2006-10-29,Regular Season,FALSE,LV,PIT,20,13,W,LV,7,33,FiveThirtyEight
2006_2006-10-29_ARI_GB,2006,NA,2006-10-29,Regular Season,FALSE,GB,ARI,31,14,W,GB,17,45,FiveThirtyEight
2006_2006-10-29_IND_DEN,2006,NA,2006-10-29,Regular Season,FALSE,DEN,IND,31,34,L,IND,3,65,FiveThirtyEight
2006_2006-10-29_LA_LAC,2006,NA,2006-10-29,Regular Season,FALSE,LAC,LA,38,24,W,LAC,14,62,FiveThirtyEight
2006_2006-10-29_JAX_PHI,2006,NA,2006-10-29,Regular Season,FALSE,PHI,JAX,6,13,L,JAX,7,19,FiveThirtyEight
2006_2006-10-29_HOU_TEN,2006,NA,2006-10-29,Regular Season,FALSE,TEN,HOU,28,22,W,TEN,6,50,FiveThirtyEight
2006_2006-10-29_TB_NYG,2006,NA,2006-10-29,Regular Season,FALSE,NYG,TB,17,3,W,NYG,14,20,FiveThirtyEight
2006_2006-10-29_SEA_KC,2006,NA,2006-10-29,Regular Season,FALSE,KC,SEA,35,28,W,KC,7,63,FiveThirtyEight
2006_2006-10-29_SF_CHI,2006,NA,2006-10-29,Regular Season,FALSE,CHI,SF,41,10,W,CHI,31,51,FiveThirtyEight
2006_2006-10-30_NE_MIN,2006,NA,2006-10-30,Regular Season,FALSE,MIN,NE,7,31,L,NE,24,38,FiveThirtyEight
2006_2006-11-05_MIA_CHI,2006,NA,2006-11-05,Regular Season,FALSE,CHI,MIA,13,31,L,MIA,18,44,FiveThirtyEight
2006_2006-11-05_GB_BUF,2006,NA,2006-11-05,Regular Season,FALSE,BUF,GB,24,10,W,BUF,14,34,FiveThirtyEight
2006_2006-11-05_KC_LA,2006,NA,2006-11-05,Regular Season,FALSE,LA,KC,17,31,L,KC,14,48,FiveThirtyEight
2006_2006-11-05_DEN_PIT,2006,NA,2006-11-05,Regular Season,FALSE,PIT,DEN,20,31,L,DEN,11,51,FiveThirtyEight
2006_2006-11-05_ATL_DET,2006,NA,2006-11-05,Regular Season,FALSE,DET,ATL,30,14,W,DET,16,44,FiveThirtyEight
2006_2006-11-05_CIN_BAL,2006,NA,2006-11-05,Regular Season,FALSE,BAL,CIN,26,20,W,BAL,6,46,FiveThirtyEight
2006_2006-11-05_MIN_SF,2006,NA,2006-11-05,Regular Season,FALSE,SF,MIN,9,3,W,SF,6,12,FiveThirtyEight
2006_2006-11-05_NO_TB,2006,NA,2006-11-05,Regular Season,FALSE,TB,NO,14,31,L,NO,17,45,FiveThirtyEight
2006_2006-11-05_DAL_WAS,2006,NA,2006-11-05,Regular Season,FALSE,WAS,DAL,22,19,W,WAS,3,41,FiveThirtyEight
2006_2006-11-05_HOU_NYG,2006,NA,2006-11-05,Regular Season,FALSE,NYG,HOU,14,10,W,NYG,4,24,FiveThirtyEight
2006_2006-11-05_TEN_JAX,2006,NA,2006-11-05,Regular Season,FALSE,JAX,TEN,37,7,W,JAX,30,44,FiveThirtyEight
2006_2006-11-05_CLE_LAC,2006,NA,2006-11-05,Regular Season,FALSE,LAC,CLE,32,25,W,LAC,7,57,FiveThirtyEight
2006_2006-11-05_IND_NE,2006,NA,2006-11-05,Regular Season,FALSE,NE,IND,20,27,L,IND,7,47,FiveThirtyEight
2006_2006-11-06_LV_SEA,2006,NA,2006-11-06,Regular Season,FALSE,SEA,LV,16,0,W,SEA,16,16,FiveThirtyEight
2006_2006-11-12_DAL_ARI,2006,NA,2006-11-12,Regular Season,FALSE,ARI,DAL,10,27,L,DAL,17,37,FiveThirtyEight
2006_2006-11-12_DEN_LV,2006,NA,2006-11-12,Regular Season,FALSE,LV,DEN,13,17,L,DEN,4,30,FiveThirtyEight
2006_2006-11-12_NO_PIT,2006,NA,2006-11-12,Regular Season,FALSE,PIT,NO,38,31,W,PIT,7,69,FiveThirtyEight
2006_2006-11-12_WAS_PHI,2006,NA,2006-11-12,Regular Season,FALSE,PHI,WAS,27,3,W,PHI,24,30,FiveThirtyEight
2006_2006-11-12_BAL_TEN,2006,NA,2006-11-12,Regular Season,FALSE,TEN,BAL,26,27,L,BAL,1,53,FiveThirtyEight
2006_2006-11-12_CHI_NYG,2006,NA,2006-11-12,Regular Season,FALSE,NYG,CHI,20,38,L,CHI,18,58,FiveThirtyEight
2006_2006-11-12_GB_MIN,2006,NA,2006-11-12,Regular Season,FALSE,MIN,GB,17,23,L,GB,6,40,FiveThirtyEight
2006_2006-11-12_KC_MIA,2006,NA,2006-11-12,Regular Season,FALSE,MIA,KC,13,10,W,MIA,3,23,FiveThirtyEight
2006_2006-11-12_HOU_JAX,2006,NA,2006-11-12,Regular Season,FALSE,JAX,HOU,10,13,L,HOU,3,23,FiveThirtyEight
2006_2006-11-12_SF_DET,2006,NA,2006-11-12,Regular Season,FALSE,DET,SF,13,19,L,SF,6,32,FiveThirtyEight
2006_2006-11-12_BUF_IND,2006,NA,2006-11-12,Regular Season,FALSE,IND,BUF,17,16,W,IND,1,33,FiveThirtyEight
2006_2006-11-12_CLE_ATL,2006,NA,2006-11-12,Regular Season,FALSE,ATL,CLE,13,17,L,CLE,4,30,FiveThirtyEight
2006_2006-11-12_LAC_CIN,2006,NA,2006-11-12,Regular Season,FALSE,CIN,LAC,41,49,L,LAC,8,90,FiveThirtyEight
2006_2006-11-12_LA_SEA,2006,NA,2006-11-12,Regular Season,FALSE,SEA,LA,24,22,W,SEA,2,46,FiveThirtyEight
2006_2006-11-12_NYJ_NE,2006,NA,2006-11-12,Regular Season,FALSE,NE,NYJ,14,17,L,NYJ,3,31,FiveThirtyEight
2006_2006-11-13_TB_CAR,2006,NA,2006-11-13,Regular Season,FALSE,CAR,TB,24,10,W,CAR,14,34,FiveThirtyEight
2006_2006-11-19_CHI_NYJ,2006,NA,2006-11-19,Regular Season,FALSE,NYJ,CHI,0,10,L,CHI,10,10,FiveThirtyEight
2006_2006-11-19_MIN_MIA,2006,NA,2006-11-19,Regular Season,FALSE,MIA,MIN,24,20,W,MIA,4,44,FiveThirtyEight
2006_2006-11-19_NE_GB,2006,NA,2006-11-19,Regular Season,FALSE,GB,NE,0,35,L,NE,35,35,FiveThirtyEight
2006_2006-11-19_BUF_HOU,2006,NA,2006-11-19,Regular Season,FALSE,HOU,BUF,21,24,L,BUF,3,45,FiveThirtyEight
2006_2006-11-19_LV_KC,2006,NA,2006-11-19,Regular Season,FALSE,KC,LV,17,13,W,KC,4,30,FiveThirtyEight
2006_2006-11-19_CIN_NO,2006,NA,2006-11-19,Regular Season,FALSE,NO,CIN,16,31,L,CIN,15,47,FiveThirtyEight
2006_2006-11-19_TEN_PHI,2006,NA,2006-11-19,Regular Season,FALSE,PHI,TEN,13,31,L,TEN,18,44,FiveThirtyEight
2006_2006-11-19_ATL_BAL,2006,NA,2006-11-19,Regular Season,FALSE,BAL,ATL,24,10,W,BAL,14,34,FiveThirtyEight
2006_2006-11-19_WAS_TB,2006,NA,2006-11-19,Regular Season,FALSE,TB,WAS,20,17,W,TB,3,37,FiveThirtyEight
2006_2006-11-19_LAC_DEN,2006,NA,2006-11-19,Regular Season,FALSE,DEN,LAC,27,35,L,LAC,8,62,FiveThirtyEight
2006_2006-11-19_SEA_SF,2006,NA,2006-11-19,Regular Season,FALSE,SF,SEA,20,14,W,SF,6,34,FiveThirtyEight
2006_2006-11-19_PIT_CLE,2006,NA,2006-11-19,Regular Season,FALSE,CLE,PIT,20,24,L,PIT,4,44,FiveThirtyEight
2006_2006-11-19_DET_ARI,2006,NA,2006-11-19,Regular Season,FALSE,ARI,DET,17,10,W,ARI,7,27,FiveThirtyEight
2006_2006-11-19_LA_CAR,2006,NA,2006-11-19,Regular Season,FALSE,CAR,LA,15,0,W,CAR,15,15,FiveThirtyEight
2006_2006-11-19_IND_DAL,2006,NA,2006-11-19,Regular Season,FALSE,DAL,IND,21,14,W,DAL,7,35,FiveThirtyEight
2006_2006-11-20_NYG_JAX,2006,NA,2006-11-20,Regular Season,FALSE,JAX,NYG,26,10,W,JAX,16,36,FiveThirtyEight
2006_2006-11-23_TB_DAL,2006,NA,2006-11-23,Regular Season,FALSE,DAL,TB,38,10,W,DAL,28,48,FiveThirtyEight
2006_2006-11-23_DEN_KC,2006,NA,2006-11-23,Regular Season,FALSE,KC,DEN,19,10,W,KC,9,29,FiveThirtyEight
2006_2006-11-23_MIA_DET,2006,NA,2006-11-23,Regular Season,FALSE,DET,MIA,10,27,L,MIA,17,37,FiveThirtyEight
2006_2006-11-26_HOU_NYJ,2006,NA,2006-11-26,Regular Season,FALSE,NYJ,HOU,26,11,W,NYJ,15,37,FiveThirtyEight
2006_2006-11-26_SF_LA,2006,NA,2006-11-26,Regular Season,FALSE,LA,SF,20,17,W,LA,3,37,FiveThirtyEight
2006_2006-11-26_LV_LAC,2006,NA,2006-11-26,Regular Season,FALSE,LAC,LV,21,14,W,LAC,7,35,FiveThirtyEight
2006_2006-11-26_CAR_WAS,2006,NA,2006-11-26,Regular Season,FALSE,WAS,CAR,17,13,W,WAS,4,30,FiveThirtyEight
2006_2006-11-26_PIT_BAL,2006,NA,2006-11-26,Regular Season,FALSE,BAL,PIT,27,0,W,BAL,27,27,FiveThirtyEight
2006_2006-11-26_NYG_TEN,2006,NA,2006-11-26,Regular Season,FALSE,TEN,NYG,24,21,W,TEN,3,45,FiveThirtyEight
2006_2006-11-26_CHI_NE,2006,NA,2006-11-26,Regular Season,FALSE,NE,CHI,17,13,W,NE,4,30,FiveThirtyEight
2006_2006-11-26_ARI_MIN,2006,NA,2006-11-26,Regular Season,FALSE,MIN,ARI,31,26,W,MIN,5,57,FiveThirtyEight
2006_2006-11-26_PHI_IND,2006,NA,2006-11-26,Regular Season,FALSE,IND,PHI,45,21,W,IND,24,66,FiveThirtyEight
2006_2006-11-26_CIN_CLE,2006,NA,2006-11-26,Regular Season,FALSE,CLE,CIN,0,30,L,CIN,30,30,FiveThirtyEight
2006_2006-11-26_JAX_BUF,2006,NA,2006-11-26,Regular Season,FALSE,BUF,JAX,27,24,W,BUF,3,51,FiveThirtyEight
2006_2006-11-26_NO_ATL,2006,NA,2006-11-26,Regular Season,FALSE,ATL,NO,13,31,L,NO,18,44,FiveThirtyEight
2006_2006-11-27_GB_SEA,2006,NA,2006-11-27,Regular Season,FALSE,SEA,GB,34,24,W,SEA,10,58,FiveThirtyEight
2006_2006-11-30_BAL_CIN,2006,NA,2006-11-30,Regular Season,FALSE,CIN,BAL,13,7,W,CIN,6,20,FiveThirtyEight
2006_2006-12-03_HOU_LV,2006,NA,2006-12-03,Regular Season,FALSE,LV,HOU,14,23,L,HOU,9,37,FiveThirtyEight
2006_2006-12-03_TB_PIT,2006,NA,2006-12-03,Regular Season,FALSE,PIT,TB,20,3,W,PIT,17,23,FiveThirtyEight
2006_2006-12-03_IND_TEN,2006,NA,2006-12-03,Regular Season,FALSE,TEN,IND,20,17,W,TEN,3,37,FiveThirtyEight
2006_2006-12-03_DAL_NYG,2006,NA,2006-12-03,Regular Season,FALSE,NYG,DAL,20,23,L,DAL,3,43,FiveThirtyEight
2006_2006-12-03_KC_CLE,2006,NA,2006-12-03,Regular Season,FALSE,CLE,KC,31,28,W,CLE,3,59,FiveThirtyEight
2006_2006-12-03_SEA_DEN,2006,NA,2006-12-03,Regular Season,FALSE,DEN,SEA,20,23,L,SEA,3,43,FiveThirtyEight
2006_2006-12-03_NYJ_GB,2006,NA,2006-12-03,Regular Season,FALSE,GB,NYJ,10,38,L,NYJ,28,48,FiveThirtyEight
2006_2006-12-03_LAC_BUF,2006,NA,2006-12-03,Regular Season,FALSE,BUF,LAC,21,24,L,LAC,3,45,FiveThirtyEight
2006_2006-12-03_ATL_WAS,2006,NA,2006-12-03,Regular Season,FALSE,WAS,ATL,14,24,L,ATL,10,38,FiveThirtyEight
2006_2006-12-03_JAX_MIA,2006,NA,2006-12-03,Regular Season,FALSE,MIA,JAX,10,24,L,JAX,14,34,FiveThirtyEight
2006_2006-12-03_MIN_CHI,2006,NA,2006-12-03,Regular Season,FALSE,CHI,MIN,23,13,W,CHI,10,36,FiveThirtyEight
2006_2006-12-03_ARI_LA,2006,NA,2006-12-03,Regular Season,FALSE,LA,ARI,20,34,L,ARI,14,54,FiveThirtyEight
2006_2006-12-03_DET_NE,2006,NA,2006-12-03,Regular Season,FALSE,NE,DET,28,21,W,NE,7,49,FiveThirtyEight
2006_2006-12-03_SF_NO,2006,NA,2006-12-03,Regular Season,FALSE,NO,SF,34,10,W,NO,24,44,FiveThirtyEight
2006_2006-12-04_CAR_PHI,2006,NA,2006-12-04,Regular Season,FALSE,PHI,CAR,27,24,W,PHI,3,51,FiveThirtyEight
2006_2006-12-07_CLE_PIT,2006,NA,2006-12-07,Regular Season,FALSE,PIT,CLE,27,7,W,PIT,20,34,FiveThirtyEight
2006_2006-12-10_ATL_TB,2006,NA,2006-12-10,Regular Season,FALSE,TB,ATL,6,17,L,ATL,11,23,FiveThirtyEight
2006_2006-12-10_MIN_DET,2006,NA,2006-12-10,Regular Season,FALSE,DET,MIN,20,30,L,MIN,10,50,FiveThirtyEight
2006_2006-12-10_DEN_LAC,2006,NA,2006-12-10,Regular Season,FALSE,LAC,DEN,48,20,W,LAC,28,68,FiveThirtyEight
2006_2006-12-10_PHI_WAS,2006,NA,2006-12-10,Regular Season,FALSE,WAS,PHI,19,21,L,PHI,2,40,FiveThirtyEight
2006_2006-12-10_GB_SF,2006,NA,2006-12-10,Regular Season,FALSE,SF,GB,19,30,L,GB,11,49,FiveThirtyEight
2006_2006-12-10_BUF_NYJ,2006,NA,2006-12-10,Regular Season,FALSE,NYJ,BUF,13,31,L,BUF,18,44,FiveThirtyEight
2006_2006-12-10_NE_MIA,2006,NA,2006-12-10,Regular Season,FALSE,MIA,NE,21,0,W,MIA,21,21,FiveThirtyEight
2006_2006-12-10_BAL_KC,2006,NA,2006-12-10,Regular Season,FALSE,KC,BAL,10,20,L,BAL,10,30,FiveThirtyEight
2006_2006-12-10_IND_JAX,2006,NA,2006-12-10,Regular Season,FALSE,JAX,IND,44,17,W,JAX,27,61,FiveThirtyEight
2006_2006-12-10_TEN_HOU,2006,NA,2006-12-10,Regular Season,FALSE,HOU,TEN,20,26,L,TEN,6,46,FiveThirtyEight
2006_2006-12-10_NO_DAL,2006,NA,2006-12-10,Regular Season,FALSE,DAL,NO,17,42,L,NO,25,59,FiveThirtyEight
2006_2006-12-10_SEA_ARI,2006,NA,2006-12-10,Regular Season,FALSE,ARI,SEA,27,21,W,ARI,6,48,FiveThirtyEight
2006_2006-12-10_LV_CIN,2006,NA,2006-12-10,Regular Season,FALSE,CIN,LV,27,10,W,CIN,17,37,FiveThirtyEight
2006_2006-12-10_NYG_CAR,2006,NA,2006-12-10,Regular Season,FALSE,CAR,NYG,13,27,L,NYG,14,40,FiveThirtyEight
2006_2006-12-11_CHI_LA,2006,NA,2006-12-11,Regular Season,FALSE,LA,CHI,27,42,L,CHI,15,69,FiveThirtyEight
2006_2006-12-14_SF_SEA,2006,NA,2006-12-14,Regular Season,FALSE,SEA,SF,14,24,L,SF,10,38,FiveThirtyEight
2006_2006-12-16_DAL_ATL,2006,NA,2006-12-16,Regular Season,FALSE,ATL,DAL,28,38,L,DAL,10,66,FiveThirtyEight
2006_2006-12-17_LA_LV,2006,NA,2006-12-17,Regular Season,FALSE,LV,LA,0,20,L,LA,20,20,FiveThirtyEight
2006_2006-12-17_MIA_BUF,2006,NA,2006-12-17,Regular Season,FALSE,BUF,MIA,21,0,W,BUF,21,21,FiveThirtyEight
2006_2006-12-17_PHI_NYG,2006,NA,2006-12-17,Regular Season,FALSE,NYG,PHI,22,36,L,PHI,14,58,FiveThirtyEight
2006_2006-12-17_KC_LAC,2006,NA,2006-12-17,Regular Season,FALSE,LAC,KC,20,9,W,LAC,11,29,FiveThirtyEight
2006_2006-12-17_DEN_ARI,2006,NA,2006-12-17,Regular Season,FALSE,ARI,DEN,20,37,L,DEN,17,57,FiveThirtyEight
2006_2006-12-17_TB_CHI,2006,NA,2006-12-17,Regular Season,FALSE,CHI,TB,34,31,W,CHI,3,65,FiveThirtyEight
2006_2006-12-17_PIT_CAR,2006,NA,2006-12-17,Regular Season,FALSE,CAR,PIT,3,37,L,PIT,34,40,FiveThirtyEight
2006_2006-12-17_CLE_BAL,2006,NA,2006-12-17,Regular Season,FALSE,BAL,CLE,27,17,W,BAL,10,44,FiveThirtyEight
2006_2006-12-17_JAX_TEN,2006,NA,2006-12-17,Regular Season,FALSE,TEN,JAX,24,17,W,TEN,7,41,FiveThirtyEight
2006_2006-12-17_HOU_NE,2006,NA,2006-12-17,Regular Season,FALSE,NE,HOU,40,7,W,NE,33,47,FiveThirtyEight
2006_2006-12-17_WAS_NO,2006,NA,2006-12-17,Regular Season,FALSE,NO,WAS,10,16,L,WAS,6,26,FiveThirtyEight
2006_2006-12-17_NYJ_MIN,2006,NA,2006-12-17,Regular Season,FALSE,MIN,NYJ,13,26,L,NYJ,13,39,FiveThirtyEight
2006_2006-12-17_DET_GB,2006,NA,2006-12-17,Regular Season,FALSE,GB,DET,17,9,W,GB,8,26,FiveThirtyEight
2006_2006-12-18_CIN_IND,2006,NA,2006-12-18,Regular Season,FALSE,IND,CIN,34,16,W,IND,18,50,FiveThirtyEight
2006_2006-12-21_MIN_GB,2006,NA,2006-12-21,Regular Season,FALSE,GB,MIN,9,7,W,GB,2,16,FiveThirtyEight
2006_2006-12-23_KC_LV,2006,NA,2006-12-23,Regular Season,FALSE,LV,KC,9,20,L,KC,11,29,FiveThirtyEight
2006_2006-12-24_ARI_SF,2006,NA,2006-12-24,Regular Season,FALSE,SF,ARI,20,26,L,ARI,6,46,FiveThirtyEight
2006_2006-12-24_BAL_PIT,2006,NA,2006-12-24,Regular Season,FALSE,PIT,BAL,7,31,L,BAL,24,38,FiveThirtyEight
2006_2006-12-24_NO_NYG,2006,NA,2006-12-24,Regular Season,FALSE,NYG,NO,7,30,L,NO,23,37,FiveThirtyEight
2006_2006-12-24_NE_JAX,2006,NA,2006-12-24,Regular Season,FALSE,JAX,NE,21,24,L,NE,3,45,FiveThirtyEight
2006_2006-12-24_IND_HOU,2006,NA,2006-12-24,Regular Season,FALSE,HOU,IND,27,24,W,HOU,3,51,FiveThirtyEight
2006_2006-12-24_CHI_DET,2006,NA,2006-12-24,Regular Season,FALSE,DET,CHI,21,26,L,CHI,5,47,FiveThirtyEight
2006_2006-12-24_CIN_DEN,2006,NA,2006-12-24,Regular Season,FALSE,DEN,CIN,24,23,W,DEN,1,47,FiveThirtyEight
2006_2006-12-24_TB_CLE,2006,NA,2006-12-24,Regular Season,FALSE,CLE,TB,7,22,L,TB,15,29,FiveThirtyEight
2006_2006-12-24_TEN_BUF,2006,NA,2006-12-24,Regular Season,FALSE,BUF,TEN,29,30,L,TEN,1,59,FiveThirtyEight
2006_2006-12-24_CAR_ATL,2006,NA,2006-12-24,Regular Season,FALSE,ATL,CAR,3,10,L,CAR,7,13,FiveThirtyEight
2006_2006-12-24_LAC_SEA,2006,NA,2006-12-24,Regular Season,FALSE,SEA,LAC,17,20,L,LAC,3,37,FiveThirtyEight
2006_2006-12-24_WAS_LA,2006,NA,2006-12-24,Regular Season,FALSE,LA,WAS,37,31,W,LA,6,68,FiveThirtyEight
2006_2006-12-25_NYJ_MIA,2006,NA,2006-12-25,Regular Season,FALSE,MIA,NYJ,10,13,L,NYJ,3,23,FiveThirtyEight
2006_2006-12-25_PHI_DAL,2006,NA,2006-12-25,Regular Season,FALSE,DAL,PHI,7,23,L,PHI,16,30,FiveThirtyEight
2006_2006-12-30_NYG_WAS,2006,NA,2006-12-30,Regular Season,FALSE,WAS,NYG,28,34,L,NYG,6,62,FiveThirtyEight
2006_2006-12-31_ATL_PHI,2006,NA,2006-12-31,Regular Season,FALSE,PHI,ATL,24,17,W,PHI,7,41,FiveThirtyEight
2006_2006-12-31_NE_TEN,2006,NA,2006-12-31,Regular Season,FALSE,TEN,NE,23,40,L,NE,17,63,FiveThirtyEight
2006_2006-12-31_LV_NYJ,2006,NA,2006-12-31,Regular Season,FALSE,NYJ,LV,23,3,W,NYJ,20,26,FiveThirtyEight
2006_2006-12-31_CAR_NO,2006,NA,2006-12-31,Regular Season,FALSE,NO,CAR,21,31,L,CAR,10,52,FiveThirtyEight
2006_2006-12-31_JAX_KC,2006,NA,2006-12-31,Regular Season,FALSE,KC,JAX,35,30,W,KC,5,65,FiveThirtyEight
2006_2006-12-31_CLE_HOU,2006,NA,2006-12-31,Regular Season,FALSE,HOU,CLE,14,6,W,HOU,8,20,FiveThirtyEight
2006_2006-12-31_SF_DEN,2006,NA,2006-12-31,Regular Season,FALSE,DEN,SF,23,26,L,SF,3,49,FiveThirtyEight
2006_2006-12-31_DET_DAL,2006,NA,2006-12-31,Regular Season,FALSE,DAL,DET,31,39,L,DET,8,70,FiveThirtyEight
2006_2006-12-31_MIA_IND,2006,NA,2006-12-31,Regular Season,FALSE,IND,MIA,27,22,W,IND,5,49,FiveThirtyEight
2006_2006-12-31_LA_MIN,2006,NA,2006-12-31,Regular Season,FALSE,MIN,LA,21,41,L,LA,20,62,FiveThirtyEight
2006_2006-12-31_GB_CHI,2006,NA,2006-12-31,Regular Season,FALSE,CHI,GB,7,26,L,GB,19,33,FiveThirtyEight
2006_2006-12-31_SEA_TB,2006,NA,2006-12-31,Regular Season,FALSE,TB,SEA,7,23,L,SEA,16,30,FiveThirtyEight
2006_2006-12-31_BUF_BAL,2006,NA,2006-12-31,Regular Season,FALSE,BAL,BUF,19,7,W,BAL,12,26,FiveThirtyEight
2006_2006-12-31_ARI_LAC,2006,NA,2006-12-31,Regular Season,FALSE,LAC,ARI,27,20,W,LAC,7,47,FiveThirtyEight
2006_2006-12-31_PIT_CIN,2006,NA,2006-12-31,Regular Season,FALSE,CIN,PIT,17,23,L,PIT,6,40,FiveThirtyEight
2007_2007-09-06_NO_IND,2007,NA,2007-09-06,Regular Season,FALSE,IND,NO,41,10,W,IND,31,51,FiveThirtyEight
2007_2007-09-09_MIA_WAS,2007,NA,2007-09-09,Regular Season,FALSE,WAS,MIA,16,13,W,WAS,3,29,FiveThirtyEight
2007_2007-09-09_DEN_BUF,2007,NA,2007-09-09,Regular Season,FALSE,BUF,DEN,14,15,L,DEN,1,29,FiveThirtyEight
2007_2007-09-09_TB_SEA,2007,NA,2007-09-09,Regular Season,FALSE,SEA,TB,20,6,W,SEA,14,26,FiveThirtyEight
2007_2007-09-09_PIT_CLE,2007,NA,2007-09-09,Regular Season,FALSE,CLE,PIT,7,34,L,PIT,27,41,FiveThirtyEight
2007_2007-09-09_PHI_GB,2007,NA,2007-09-09,Regular Season,FALSE,GB,PHI,16,13,W,GB,3,29,FiveThirtyEight
2007_2007-09-09_KC_HOU,2007,NA,2007-09-09,Regular Season,FALSE,HOU,KC,20,3,W,HOU,17,23,FiveThirtyEight
2007_2007-09-09_TEN_JAX,2007,NA,2007-09-09,Regular Season,FALSE,JAX,TEN,10,13,L,TEN,3,23,FiveThirtyEight
2007_2007-09-09_ATL_MIN,2007,NA,2007-09-09,Regular Season,FALSE,MIN,ATL,24,3,W,MIN,21,27,FiveThirtyEight
2007_2007-09-09_NE_NYJ,2007,NA,2007-09-09,Regular Season,FALSE,NYJ,NE,14,38,L,NE,24,52,FiveThirtyEight
2007_2007-09-09_CAR_LA,2007,NA,2007-09-09,Regular Season,FALSE,LA,CAR,13,27,L,CAR,14,40,FiveThirtyEight
2007_2007-09-09_CHI_LAC,2007,NA,2007-09-09,Regular Season,FALSE,LAC,CHI,14,3,W,LAC,11,17,FiveThirtyEight
2007_2007-09-09_DET_LV,2007,NA,2007-09-09,Regular Season,FALSE,LV,DET,21,36,L,DET,15,57,FiveThirtyEight
2007_2007-09-09_NYG_DAL,2007,NA,2007-09-09,Regular Season,FALSE,DAL,NYG,45,35,W,DAL,10,80,FiveThirtyEight
2007_2007-09-10_BAL_CIN,2007,NA,2007-09-10,Regular Season,FALSE,CIN,BAL,27,20,W,CIN,7,47,FiveThirtyEight
2007_2007-09-10_ARI_SF,2007,NA,2007-09-10,Regular Season,FALSE,SF,ARI,20,17,W,SF,3,37,FiveThirtyEight
2007_2007-09-16_MIN_DET,2007,NA,2007-09-16,Regular Season,FALSE,DET,MIN,20,17,W,DET,3,37,FiveThirtyEight
2007_2007-09-16_LV_DEN,2007,NA,2007-09-16,Regular Season,FALSE,DEN,LV,23,20,W,DEN,3,43,FiveThirtyEight
2007_2007-09-16_SEA_ARI,2007,NA,2007-09-16,Regular Season,FALSE,ARI,SEA,23,20,W,ARI,3,43,FiveThirtyEight
2007_2007-09-16_CIN_CLE,2007,NA,2007-09-16,Regular Season,FALSE,CLE,CIN,51,45,W,CLE,6,96,FiveThirtyEight
2007_2007-09-16_BUF_PIT,2007,NA,2007-09-16,Regular Season,FALSE,PIT,BUF,26,3,W,PIT,23,29,FiveThirtyEight
2007_2007-09-16_IND_TEN,2007,NA,2007-09-16,Regular Season,FALSE,TEN,IND,20,22,L,IND,2,42,FiveThirtyEight
2007_2007-09-16_GB_NYG,2007,NA,2007-09-16,Regular Season,FALSE,NYG,GB,13,35,L,GB,22,48,FiveThirtyEight
2007_2007-09-16_KC_CHI,2007,NA,2007-09-16,Regular Season,FALSE,CHI,KC,20,10,W,CHI,10,30,FiveThirtyEight
2007_2007-09-16_HOU_CAR,2007,NA,2007-09-16,Regular Season,FALSE,CAR,HOU,21,34,L,HOU,13,55,FiveThirtyEight
2007_2007-09-16_NYJ_BAL,2007,NA,2007-09-16,Regular Season,FALSE,BAL,NYJ,20,13,W,BAL,7,33,FiveThirtyEight
2007_2007-09-16_LAC_NE,2007,NA,2007-09-16,Regular Season,FALSE,NE,LAC,38,14,W,NE,24,52,FiveThirtyEight
2007_2007-09-16_SF_LA,2007,NA,2007-09-16,Regular Season,FALSE,LA,SF,16,17,L,SF,1,33,FiveThirtyEight
2007_2007-09-16_NO_TB,2007,NA,2007-09-16,Regular Season,FALSE,TB,NO,31,14,W,TB,17,45,FiveThirtyEight
2007_2007-09-16_ATL_JAX,2007,NA,2007-09-16,Regular Season,FALSE,JAX,ATL,13,7,W,JAX,6,20,FiveThirtyEight
2007_2007-09-16_DAL_MIA,2007,NA,2007-09-16,Regular Season,FALSE,MIA,DAL,20,37,L,DAL,17,57,FiveThirtyEight
2007_2007-09-17_WAS_PHI,2007,NA,2007-09-17,Regular Season,FALSE,PHI,WAS,12,20,L,WAS,8,32,FiveThirtyEight
2007_2007-09-23_CAR_ATL,2007,NA,2007-09-23,Regular Season,FALSE,ATL,CAR,20,27,L,CAR,7,47,FiveThirtyEight
2007_2007-09-23_LA_TB,2007,NA,2007-09-23,Regular Season,FALSE,TB,LA,24,3,W,TB,21,27,FiveThirtyEight
2007_2007-09-23_NYG_WAS,2007,NA,2007-09-23,Regular Season,FALSE,WAS,NYG,17,24,L,NYG,7,41,FiveThirtyEight
2007_2007-09-23_CIN_SEA,2007,NA,2007-09-23,Regular Season,FALSE,SEA,CIN,24,21,W,SEA,3,45,FiveThirtyEight
2007_2007-09-23_ARI_BAL,2007,NA,2007-09-23,Regular Season,FALSE,BAL,ARI,26,23,W,BAL,3,49,FiveThirtyEight
2007_2007-09-23_CLE_LV,2007,NA,2007-09-23,Regular Season,FALSE,LV,CLE,26,24,W,LV,2,50,FiveThirtyEight
2007_2007-09-23_SF_PIT,2007,NA,2007-09-23,Regular Season,FALSE,PIT,SF,37,16,W,PIT,21,53,FiveThirtyEight
2007_2007-09-23_LAC_GB,2007,NA,2007-09-23,Regular Season,FALSE,GB,LAC,31,24,W,GB,7,55,FiveThirtyEight
2007_2007-09-23_DET_PHI,2007,NA,2007-09-23,Regular Season,FALSE,PHI,DET,56,21,W,PHI,35,77,FiveThirtyEight
2007_2007-09-23_MIA_NYJ,2007,NA,2007-09-23,Regular Season,FALSE,NYJ,MIA,31,28,W,NYJ,3,59,FiveThirtyEight
2007_2007-09-23_BUF_NE,2007,NA,2007-09-23,Regular Season,FALSE,NE,BUF,38,7,W,NE,31,45,FiveThirtyEight
2007_2007-09-23_MIN_KC,2007,NA,2007-09-23,Regular Season,FALSE,KC,MIN,13,10,W,KC,3,23,FiveThirtyEight
2007_2007-09-23_IND_HOU,2007,NA,2007-09-23,Regular Season,FALSE,HOU,IND,24,30,L,IND,6,54,FiveThirtyEight
2007_2007-09-23_JAX_DEN,2007,NA,2007-09-23,Regular Season,FALSE,DEN,JAX,14,23,L,JAX,9,37,FiveThirtyEight
2007_2007-09-23_DAL_CHI,2007,NA,2007-09-23,Regular Season,FALSE,CHI,DAL,10,34,L,DAL,24,44,FiveThirtyEight
2007_2007-09-24_TEN_NO,2007,NA,2007-09-24,Regular Season,FALSE,NO,TEN,14,31,L,TEN,17,45,FiveThirtyEight
2007_2007-09-30_NYJ_BUF,2007,NA,2007-09-30,Regular Season,FALSE,BUF,NYJ,17,14,W,BUF,3,31,FiveThirtyEight
2007_2007-09-30_HOU_ATL,2007,NA,2007-09-30,Regular Season,FALSE,ATL,HOU,26,16,W,ATL,10,42,FiveThirtyEight
2007_2007-09-30_BAL_CLE,2007,NA,2007-09-30,Regular Season,FALSE,CLE,BAL,27,13,W,CLE,14,40,FiveThirtyEight
2007_2007-09-30_DEN_IND,2007,NA,2007-09-30,Regular Season,FALSE,IND,DEN,38,20,W,IND,18,58,FiveThirtyEight
2007_2007-09-30_PIT_ARI,2007,NA,2007-09-30,Regular Season,FALSE,ARI,PIT,21,14,W,ARI,7,35,FiveThirtyEight
2007_2007-09-30_CHI_DET,2007,NA,2007-09-30,Regular Season,FALSE,DET,CHI,37,27,W,DET,10,64,FiveThirtyEight
2007_2007-09-30_LV_MIA,2007,NA,2007-09-30,Regular Season,FALSE,MIA,LV,17,35,L,LV,18,52,FiveThirtyEight
2007_2007-09-30_GB_MIN,2007,NA,2007-09-30,Regular Season,FALSE,MIN,GB,16,23,L,GB,7,39,FiveThirtyEight
2007_2007-09-30_PHI_NYG,2007,NA,2007-09-30,Regular Season,FALSE,NYG,PHI,16,3,W,NYG,13,19,FiveThirtyEight
2007_2007-09-30_SEA_SF,2007,NA,2007-09-30,Regular Season,FALSE,SF,SEA,3,23,L,SEA,20,26,FiveThirtyEight
2007_2007-09-30_LA_DAL,2007,NA,2007-09-30,Regular Season,FALSE,DAL,LA,35,7,W,DAL,28,42,FiveThirtyEight
2007_2007-09-30_TB_CAR,2007,NA,2007-09-30,Regular Season,FALSE,CAR,TB,7,20,L,TB,13,27,FiveThirtyEight
2007_2007-09-30_KC_LAC,2007,NA,2007-09-30,Regular Season,FALSE,LAC,KC,16,30,L,KC,14,46,FiveThirtyEight
2007_2007-10-01_NE_CIN,2007,NA,2007-10-01,Regular Season,FALSE,CIN,NE,13,34,L,NE,21,47,FiveThirtyEight
2007_2007-10-07_JAX_KC,2007,NA,2007-10-07,Regular Season,FALSE,KC,JAX,7,17,L,JAX,10,24,FiveThirtyEight
2007_2007-10-07_LAC_DEN,2007,NA,2007-10-07,Regular Season,FALSE,DEN,LAC,3,41,L,LAC,38,44,FiveThirtyEight
2007_2007-10-07_DET_WAS,2007,NA,2007-10-07,Regular Season,FALSE,WAS,DET,34,3,W,WAS,31,37,FiveThirtyEight
2007_2007-10-07_BAL_SF,2007,NA,2007-10-07,Regular Season,FALSE,SF,BAL,7,9,L,BAL,2,16,FiveThirtyEight
2007_2007-10-07_SEA_PIT,2007,NA,2007-10-07,Regular Season,FALSE,PIT,SEA,21,0,W,PIT,21,21,FiveThirtyEight
2007_2007-10-07_ATL_TEN,2007,NA,2007-10-07,Regular Season,FALSE,TEN,ATL,20,13,W,TEN,7,33,FiveThirtyEight
2007_2007-10-07_NYJ_NYG,2007,NA,2007-10-07,Regular Season,FALSE,NYG,NYJ,35,24,W,NYG,11,59,FiveThirtyEight
2007_2007-10-07_CLE_NE,2007,NA,2007-10-07,Regular Season,FALSE,NE,CLE,34,17,W,NE,17,51,FiveThirtyEight
2007_2007-10-07_MIA_HOU,2007,NA,2007-10-07,Regular Season,FALSE,HOU,MIA,22,19,W,HOU,3,41,FiveThirtyEight
2007_2007-10-07_CHI_GB,2007,NA,2007-10-07,Regular Season,FALSE,GB,CHI,20,27,L,CHI,7,47,FiveThirtyEight
2007_2007-10-07_TB_IND,2007,NA,2007-10-07,Regular Season,FALSE,IND,TB,33,14,W,IND,19,47,FiveThirtyEight
2007_2007-10-07_ARI_LA,2007,NA,2007-10-07,Regular Season,FALSE,LA,ARI,31,34,L,ARI,3,65,FiveThirtyEight
2007_2007-10-07_CAR_NO,2007,NA,2007-10-07,Regular Season,FALSE,NO,CAR,13,16,L,CAR,3,29,FiveThirtyEight
2007_2007-10-08_DAL_BUF,2007,NA,2007-10-08,Regular Season,FALSE,BUF,DAL,24,25,L,DAL,1,49,FiveThirtyEight
2007_2007-10-14_HOU_JAX,2007,NA,2007-10-14,Regular Season,FALSE,JAX,HOU,37,17,W,JAX,20,54,FiveThirtyEight
2007_2007-10-14_PHI_NYJ,2007,NA,2007-10-14,Regular Season,FALSE,NYJ,PHI,9,16,L,PHI,7,25,FiveThirtyEight
2007_2007-10-14_MIN_CHI,2007,NA,2007-10-14,Regular Season,FALSE,CHI,MIN,31,34,L,MIN,3,65,FiveThirtyEight
2007_2007-10-14_MIA_CLE,2007,NA,2007-10-14,Regular Season,FALSE,CLE,MIA,41,31,W,CLE,10,72,FiveThirtyEight
2007_2007-10-14_CAR_ARI,2007,NA,2007-10-14,Regular Season,FALSE,ARI,CAR,10,25,L,CAR,15,35,FiveThirtyEight
2007_2007-10-14_NE_DAL,2007,NA,2007-10-14,Regular Season,FALSE,DAL,NE,27,48,L,NE,21,75,FiveThirtyEight
2007_2007-10-14_LV_LAC,2007,NA,2007-10-14,Regular Season,FALSE,LAC,LV,28,14,W,LAC,14,42,FiveThirtyEight
2007_2007-10-14_WAS_GB,2007,NA,2007-10-14,Regular Season,FALSE,GB,WAS,17,14,W,GB,3,31,FiveThirtyEight
2007_2007-10-14_CIN_KC,2007,NA,2007-10-14,Regular Season,FALSE,KC,CIN,27,20,W,KC,7,47,FiveThirtyEight
2007_2007-10-14_NO_SEA,2007,NA,2007-10-14,Regular Season,FALSE,SEA,NO,17,28,L,NO,11,45,FiveThirtyEight
2007_2007-10-14_TEN_TB,2007,NA,2007-10-14,Regular Season,FALSE,TB,TEN,13,10,W,TB,3,23,FiveThirtyEight
2007_2007-10-14_LA_BAL,2007,NA,2007-10-14,Regular Season,FALSE,BAL,LA,22,3,W,BAL,19,25,FiveThirtyEight
2007_2007-10-15_NYG_ATL,2007,NA,2007-10-15,Regular Season,FALSE,ATL,NYG,10,31,L,NYG,21,41,FiveThirtyEight
2007_2007-10-21_LA_SEA,2007,NA,2007-10-21,Regular Season,FALSE,SEA,LA,33,6,W,SEA,27,39,FiveThirtyEight
2007_2007-10-21_TEN_HOU,2007,NA,2007-10-21,Regular Season,FALSE,HOU,TEN,36,38,L,TEN,2,74,FiveThirtyEight
2007_2007-10-21_TB_DET,2007,NA,2007-10-21,Regular Season,FALSE,DET,TB,23,16,W,DET,7,39,FiveThirtyEight
2007_2007-10-21_PIT_DEN,2007,NA,2007-10-21,Regular Season,FALSE,DEN,PIT,31,28,W,DEN,3,59,FiveThirtyEight
2007_2007-10-21_MIN_DAL,2007,NA,2007-10-21,Regular Season,FALSE,DAL,MIN,24,14,W,DAL,10,38,FiveThirtyEight
2007_2007-10-21_NYJ_CIN,2007,NA,2007-10-21,Regular Season,FALSE,CIN,NYJ,38,31,W,CIN,7,69,FiveThirtyEight
2007_2007-10-21_ATL_NO,2007,NA,2007-10-21,Regular Season,FALSE,NO,ATL,22,16,W,NO,6,38,FiveThirtyEight
2007_2007-10-21_CHI_PHI,2007,NA,2007-10-21,Regular Season,FALSE,PHI,CHI,16,19,L,CHI,3,35,FiveThirtyEight
2007_2007-10-21_KC_LV,2007,NA,2007-10-21,Regular Season,FALSE,LV,KC,10,12,L,KC,2,22,FiveThirtyEight
2007_2007-10-21_NE_MIA,2007,NA,2007-10-21,Regular Season,FALSE,MIA,NE,28,49,L,NE,21,77,FiveThirtyEight
2007_2007-10-21_SF_NYG,2007,NA,2007-10-21,Regular Season,FALSE,NYG,SF,33,15,W,NYG,18,48,FiveThirtyEight
2007_2007-10-21_ARI_WAS,2007,NA,2007-10-21,Regular Season,FALSE,WAS,ARI,21,19,W,WAS,2,40,FiveThirtyEight
2007_2007-10-21_BAL_BUF,2007,NA,2007-10-21,Regular Season,FALSE,BUF,BAL,19,14,W,BUF,5,33,FiveThirtyEight
2007_2007-10-22_IND_JAX,2007,NA,2007-10-22,Regular Season,FALSE,JAX,IND,7,29,L,IND,22,36,FiveThirtyEight
2007_2007-10-28_WAS_NE,2007,NA,2007-10-28,Regular Season,FALSE,NE,WAS,52,7,W,NE,45,59,FiveThirtyEight
2007_2007-10-28_MIA_NYG,2007,NA,2007-10-28,Regular Season,TRUE,NYG,MIA,13,10,W,NYG,3,23,FiveThirtyEight
2007_2007-10-28_PIT_CIN,2007,NA,2007-10-28,Regular Season,FALSE,CIN,PIT,13,24,L,PIT,11,37,FiveThirtyEight
2007_2007-10-28_DET_CHI,2007,NA,2007-10-28,Regular Season,FALSE,CHI,DET,7,16,L,DET,9,23,FiveThirtyEight
2007_2007-10-28_IND_CAR,2007,NA,2007-10-28,Regular Season,FALSE,CAR,IND,7,31,L,IND,24,38,FiveThirtyEight
2007_2007-10-28_HOU_LAC,2007,NA,2007-10-28,Regular Season,FALSE,LAC,HOU,35,10,W,LAC,25,45,FiveThirtyEight
2007_2007-10-28_CLE_LA,2007,NA,2007-10-28,Regular Season,FALSE,LA,CLE,20,27,L,CLE,7,47,FiveThirtyEight
2007_2007-10-28_PHI_MIN,2007,NA,2007-10-28,Regular Season,FALSE,MIN,PHI,16,23,L,PHI,7,39,FiveThirtyEight
2007_2007-10-28_JAX_TB,2007,NA,2007-10-28,Regular Season,FALSE,TB,JAX,23,24,L,JAX,1,47,FiveThirtyEight
2007_2007-10-28_NO_SF,2007,NA,2007-10-28,Regular Season,FALSE,SF,NO,10,31,L,NO,21,41,FiveThirtyEight
2007_2007-10-28_LV_TEN,2007,NA,2007-10-28,Regular Season,FALSE,TEN,LV,13,9,W,TEN,4,22,FiveThirtyEight
2007_2007-10-28_BUF_NYJ,2007,NA,2007-10-28,Regular Season,FALSE,NYJ,BUF,3,13,L,BUF,10,16,FiveThirtyEight
2007_2007-10-29_GB_DEN,2007,NA,2007-10-29,Regular Season,FALSE,DEN,GB,13,19,L,GB,6,32,FiveThirtyEight
2007_2007-11-04_ARI_TB,2007,NA,2007-11-04,Regular Season,FALSE,TB,ARI,17,10,W,TB,7,27,FiveThirtyEight
2007_2007-11-04_HOU_LV,2007,NA,2007-11-04,Regular Season,FALSE,LV,HOU,17,24,L,HOU,7,41,FiveThirtyEight
2007_2007-11-04_DAL_PHI,2007,NA,2007-11-04,Regular Season,FALSE,PHI,DAL,17,38,L,DAL,21,55,FiveThirtyEight
2007_2007-11-04_CAR_TEN,2007,NA,2007-11-04,Regular Season,FALSE,TEN,CAR,20,7,W,TEN,13,27,FiveThirtyEight
2007_2007-11-04_WAS_NYJ,2007,NA,2007-11-04,Regular Season,FALSE,NYJ,WAS,20,23,L,WAS,3,43,FiveThirtyEight
2007_2007-11-04_JAX_NO,2007,NA,2007-11-04,Regular Season,FALSE,NO,JAX,41,24,W,NO,17,65,FiveThirtyEight
2007_2007-11-04_GB_KC,2007,NA,2007-11-04,Regular Season,FALSE,KC,GB,22,33,L,GB,11,55,FiveThirtyEight
2007_2007-11-04_DEN_DET,2007,NA,2007-11-04,Regular Season,FALSE,DET,DEN,44,7,W,DET,37,51,FiveThirtyEight
2007_2007-11-04_NE_IND,2007,NA,2007-11-04,Regular Season,FALSE,IND,NE,20,24,L,NE,4,44,FiveThirtyEight
2007_2007-11-04_SEA_CLE,2007,NA,2007-11-04,Regular Season,FALSE,CLE,SEA,33,30,W,CLE,3,63,FiveThirtyEight
2007_2007-11-04_CIN_BUF,2007,NA,2007-11-04,Regular Season,FALSE,BUF,CIN,33,21,W,BUF,12,54,FiveThirtyEight
2007_2007-11-04_SF_ATL,2007,NA,2007-11-04,Regular Season,FALSE,ATL,SF,20,16,W,ATL,4,36,FiveThirtyEight
2007_2007-11-04_LAC_MIN,2007,NA,2007-11-04,Regular Season,FALSE,MIN,LAC,35,17,W,MIN,18,52,FiveThirtyEight
2007_2007-11-05_BAL_PIT,2007,NA,2007-11-05,Regular Season,FALSE,PIT,BAL,38,7,W,PIT,31,45,FiveThirtyEight
2007_2007-11-11_ATL_CAR,2007,NA,2007-11-11,Regular Season,FALSE,CAR,ATL,13,20,L,ATL,7,33,FiveThirtyEight
2007_2007-11-11_IND_LAC,2007,NA,2007-11-11,Regular Season,FALSE,LAC,IND,23,21,W,LAC,2,44,FiveThirtyEight
2007_2007-11-11_JAX_TEN,2007,NA,2007-11-11,Regular Season,FALSE,TEN,JAX,13,28,L,JAX,15,41,FiveThirtyEight
2007_2007-11-11_CLE_PIT,2007,NA,2007-11-11,Regular Season,FALSE,PIT,CLE,31,28,W,PIT,3,59,FiveThirtyEight
2007_2007-11-11_CHI_LV,2007,NA,2007-11-11,Regular Season,FALSE,LV,CHI,6,17,L,CHI,11,23,FiveThirtyEight
2007_2007-11-11_DEN_KC,2007,NA,2007-11-11,Regular Season,FALSE,KC,DEN,11,27,L,DEN,16,38,FiveThirtyEight
2007_2007-11-11_CIN_BAL,2007,NA,2007-11-11,Regular Season,FALSE,BAL,CIN,7,21,L,CIN,14,28,FiveThirtyEight
2007_2007-11-11_MIN_GB,2007,NA,2007-11-11,Regular Season,FALSE,GB,MIN,34,0,W,GB,34,34,FiveThirtyEight
2007_2007-11-11_DET_ARI,2007,NA,2007-11-11,Regular Season,FALSE,ARI,DET,31,21,W,ARI,10,52,FiveThirtyEight
2007_2007-11-11_PHI_WAS,2007,NA,2007-11-11,Regular Season,FALSE,WAS,PHI,25,33,L,PHI,8,58,FiveThirtyEight
2007_2007-11-11_BUF_MIA,2007,NA,2007-11-11,Regular Season,FALSE,MIA,BUF,10,13,L,BUF,3,23,FiveThirtyEight
2007_2007-11-11_LA_NO,2007,NA,2007-11-11,Regular Season,FALSE,NO,LA,29,37,L,LA,8,66,FiveThirtyEight
2007_2007-11-11_DAL_NYG,2007,NA,2007-11-11,Regular Season,FALSE,NYG,DAL,20,31,L,DAL,11,51,FiveThirtyEight
2007_2007-11-12_SF_SEA,2007,NA,2007-11-12,Regular Season,FALSE,SEA,SF,24,0,W,SEA,24,24,FiveThirtyEight
2007_2007-11-18_NYG_DET,2007,NA,2007-11-18,Regular Season,FALSE,DET,NYG,10,16,L,NYG,6,26,FiveThirtyEight
2007_2007-11-18_CHI_SEA,2007,NA,2007-11-18,Regular Season,FALSE,SEA,CHI,30,23,W,SEA,7,53,FiveThirtyEight
2007_2007-11-18_CLE_BAL,2007,NA,2007-11-18,Regular Season,FALSE,BAL,CLE,30,33,L,CLE,3,63,FiveThirtyEight
2007_2007-11-18_MIA_PHI,2007,NA,2007-11-18,Regular Season,FALSE,PHI,MIA,17,7,W,PHI,10,24,FiveThirtyEight
2007_2007-11-18_PIT_NYJ,2007,NA,2007-11-18,Regular Season,FALSE,NYJ,PIT,19,16,W,NYJ,3,35,FiveThirtyEight
2007_2007-11-18_LV_MIN,2007,NA,2007-11-18,Regular Season,FALSE,MIN,LV,29,22,W,MIN,7,51,FiveThirtyEight
2007_2007-11-18_NO_HOU,2007,NA,2007-11-18,Regular Season,FALSE,HOU,NO,23,10,W,HOU,13,33,FiveThirtyEight
2007_2007-11-18_CAR_GB,2007,NA,2007-11-18,Regular Season,FALSE,GB,CAR,31,17,W,GB,14,48,FiveThirtyEight
2007_2007-11-18_LA_SF,2007,NA,2007-11-18,Regular Season,FALSE,SF,LA,9,13,L,LA,4,22,FiveThirtyEight
2007_2007-11-18_ARI_CIN,2007,NA,2007-11-18,Regular Season,FALSE,CIN,ARI,27,35,L,ARI,8,62,FiveThirtyEight
2007_2007-11-18_LAC_JAX,2007,NA,2007-11-18,Regular Season,FALSE,JAX,LAC,24,17,W,JAX,7,41,FiveThirtyEight
2007_2007-11-18_KC_IND,2007,NA,2007-11-18,Regular Season,FALSE,IND,KC,13,10,W,IND,3,23,FiveThirtyEight
2007_2007-11-18_NE_BUF,2007,NA,2007-11-18,Regular Season,FALSE,BUF,NE,10,56,L,NE,46,66,FiveThirtyEight
2007_2007-11-18_TB_ATL,2007,NA,2007-11-18,Regular Season,FALSE,ATL,TB,7,31,L,TB,24,38,FiveThirtyEight
2007_2007-11-18_WAS_DAL,2007,NA,2007-11-18,Regular Season,FALSE,DAL,WAS,28,23,W,DAL,5,51,FiveThirtyEight
2007_2007-11-19_TEN_DEN,2007,NA,2007-11-19,Regular Season,FALSE,DEN,TEN,34,20,W,DEN,14,54,FiveThirtyEight
2007_2007-11-22_IND_ATL,2007,NA,2007-11-22,Regular Season,FALSE,ATL,IND,13,31,L,IND,18,44,FiveThirtyEight
2007_2007-11-22_NYJ_DAL,2007,NA,2007-11-22,Regular Season,FALSE,DAL,NYJ,34,3,W,DAL,31,37,FiveThirtyEight
2007_2007-11-22_GB_DET,2007,NA,2007-11-22,Regular Season,FALSE,DET,GB,26,37,L,GB,11,63,FiveThirtyEight
2007_2007-11-25_BUF_JAX,2007,NA,2007-11-25,Regular Season,FALSE,JAX,BUF,36,14,W,JAX,22,50,FiveThirtyEight
2007_2007-11-25_NO_CAR,2007,NA,2007-11-25,Regular Season,FALSE,CAR,NO,6,31,L,NO,25,37,FiveThirtyEight
2007_2007-11-25_SEA_LA,2007,NA,2007-11-25,Regular Season,FALSE,LA,SEA,19,24,L,SEA,5,43,FiveThirtyEight
2007_2007-11-25_DEN_CHI,2007,NA,2007-11-25,Regular Season,FALSE,CHI,DEN,37,34,W,CHI,3,71,FiveThirtyEight
2007_2007-11-25_BAL_LAC,2007,NA,2007-11-25,Regular Season,FALSE,LAC,BAL,32,14,W,LAC,18,46,FiveThirtyEight
2007_2007-11-25_TEN_CIN,2007,NA,2007-11-25,Regular Season,FALSE,CIN,TEN,35,6,W,CIN,29,41,FiveThirtyEight
2007_2007-11-25_MIN_NYG,2007,NA,2007-11-25,Regular Season,FALSE,NYG,MIN,17,41,L,MIN,24,58,FiveThirtyEight
2007_2007-11-25_PHI_NE,2007,NA,2007-11-25,Regular Season,FALSE,NE,PHI,31,28,W,NE,3,59,FiveThirtyEight
2007_2007-11-25_WAS_TB,2007,NA,2007-11-25,Regular Season,FALSE,TB,WAS,19,13,W,TB,6,32,FiveThirtyEight
2007_2007-11-25_HOU_CLE,2007,NA,2007-11-25,Regular Season,FALSE,CLE,HOU,27,17,W,CLE,10,44,FiveThirtyEight
2007_2007-11-25_SF_ARI,2007,NA,2007-11-25,Regular Season,FALSE,ARI,SF,31,37,L,SF,6,68,FiveThirtyEight
2007_2007-11-25_LV_KC,2007,NA,2007-11-25,Regular Season,FALSE,KC,LV,17,20,L,LV,3,37,FiveThirtyEight
2007_2007-11-26_MIA_PIT,2007,NA,2007-11-26,Regular Season,FALSE,PIT,MIA,3,0,W,PIT,3,3,FiveThirtyEight
2007_2007-11-29_GB_DAL,2007,NA,2007-11-29,Regular Season,FALSE,DAL,GB,37,27,W,DAL,10,64,FiveThirtyEight
2007_2007-12-02_BUF_WAS,2007,NA,2007-12-02,Regular Season,FALSE,WAS,BUF,16,17,L,BUF,1,33,FiveThirtyEight
2007_2007-12-02_LAC_KC,2007,NA,2007-12-02,Regular Season,FALSE,KC,LAC,10,24,L,LAC,14,34,FiveThirtyEight
2007_2007-12-02_DEN_LV,2007,NA,2007-12-02,Regular Season,FALSE,LV,DEN,34,20,W,LV,14,54,FiveThirtyEight
2007_2007-12-02_CIN_PIT,2007,NA,2007-12-02,Regular Season,FALSE,PIT,CIN,24,10,W,PIT,14,34,FiveThirtyEight
2007_2007-12-02_SEA_PHI,2007,NA,2007-12-02,Regular Season,FALSE,PHI,SEA,24,28,L,SEA,4,52,FiveThirtyEight
2007_2007-12-02_HOU_TEN,2007,NA,2007-12-02,Regular Season,FALSE,TEN,HOU,28,20,W,TEN,8,48,FiveThirtyEight
2007_2007-12-02_TB_NO,2007,NA,2007-12-02,Regular Season,FALSE,NO,TB,23,27,L,TB,4,50,FiveThirtyEight
2007_2007-12-02_DET_MIN,2007,NA,2007-12-02,Regular Season,FALSE,MIN,DET,42,10,W,MIN,32,52,FiveThirtyEight
2007_2007-12-02_NYJ_MIA,2007,NA,2007-12-02,Regular Season,FALSE,MIA,NYJ,13,40,L,NYJ,27,53,FiveThirtyEight
2007_2007-12-02_CLE_ARI,2007,NA,2007-12-02,Regular Season,FALSE,ARI,CLE,27,21,W,ARI,6,48,FiveThirtyEight
2007_2007-12-02_JAX_IND,2007,NA,2007-12-02,Regular Season,FALSE,IND,JAX,28,25,W,IND,3,53,FiveThirtyEight
2007_2007-12-02_NYG_CHI,2007,NA,2007-12-02,Regular Season,FALSE,CHI,NYG,16,21,L,NYG,5,37,FiveThirtyEight
2007_2007-12-02_SF_CAR,2007,NA,2007-12-02,Regular Season,FALSE,CAR,SF,31,14,W,CAR,17,45,FiveThirtyEight
2007_2007-12-02_ATL_LA,2007,NA,2007-12-02,Regular Season,FALSE,LA,ATL,28,16,W,LA,12,44,FiveThirtyEight
2007_2007-12-03_NE_BAL,2007,NA,2007-12-03,Regular Season,FALSE,BAL,NE,24,27,L,NE,3,51,FiveThirtyEight
2007_2007-12-06_CHI_WAS,2007,NA,2007-12-06,Regular Season,FALSE,WAS,CHI,24,16,W,WAS,8,40,FiveThirtyEight
2007_2007-12-09_KC_DEN,2007,NA,2007-12-09,Regular Season,FALSE,DEN,KC,41,7,W,DEN,34,48,FiveThirtyEight
2007_2007-12-09_LA_CIN,2007,NA,2007-12-09,Regular Season,FALSE,CIN,LA,19,10,W,CIN,9,29,FiveThirtyEight
2007_2007-12-09_LAC_TEN,2007,NA,2007-12-09,Regular Season,FALSE,TEN,LAC,17,23,L,LAC,6,40,FiveThirtyEight
2007_2007-12-09_MIN_SF,2007,NA,2007-12-09,Regular Season,FALSE,SF,MIN,7,27,L,MIN,20,34,FiveThirtyEight
2007_2007-12-09_ARI_SEA,2007,NA,2007-12-09,Regular Season,FALSE,SEA,ARI,42,21,W,SEA,21,63,FiveThirtyEight
2007_2007-12-09_IND_BAL,2007,NA,2007-12-09,Regular Season,FALSE,BAL,IND,20,44,L,IND,24,64,FiveThirtyEight
2007_2007-12-09_NYG_PHI,2007,NA,2007-12-09,Regular Season,FALSE,PHI,NYG,13,16,L,NYG,3,29,FiveThirtyEight
2007_2007-12-09_CLE_NYJ,2007,NA,2007-12-09,Regular Season,FALSE,NYJ,CLE,18,24,L,CLE,6,42,FiveThirtyEight
2007_2007-12-09_PIT_NE,2007,NA,2007-12-09,Regular Season,FALSE,NE,PIT,34,13,W,NE,21,47,FiveThirtyEight
2007_2007-12-09_CAR_JAX,2007,NA,2007-12-09,Regular Season,FALSE,JAX,CAR,37,6,W,JAX,31,43,FiveThirtyEight
2007_2007-12-09_TB_HOU,2007,NA,2007-12-09,Regular Season,FALSE,HOU,TB,28,14,W,HOU,14,42,FiveThirtyEight
2007_2007-12-09_LV_GB,2007,NA,2007-12-09,Regular Season,FALSE,GB,LV,38,7,W,GB,31,45,FiveThirtyEight
2007_2007-12-09_DAL_DET,2007,NA,2007-12-09,Regular Season,FALSE,DET,DAL,27,28,L,DAL,1,55,FiveThirtyEight
2007_2007-12-09_MIA_BUF,2007,NA,2007-12-09,Regular Season,FALSE,BUF,MIA,38,17,W,BUF,21,55,FiveThirtyEight
2007_2007-12-10_NO_ATL,2007,NA,2007-12-10,Regular Season,FALSE,ATL,NO,14,34,L,NO,20,48,FiveThirtyEight
2007_2007-12-13_DEN_HOU,2007,NA,2007-12-13,Regular Season,FALSE,HOU,DEN,31,13,W,HOU,18,44,FiveThirtyEight
2007_2007-12-15_CIN_SF,2007,NA,2007-12-15,Regular Season,FALSE,SF,CIN,20,13,W,SF,7,33,FiveThirtyEight
2007_2007-12-16_DET_LAC,2007,NA,2007-12-16,Regular Season,FALSE,LAC,DET,51,14,W,LAC,37,65,FiveThirtyEight
2007_2007-12-16_IND_LV,2007,NA,2007-12-16,Regular Season,FALSE,LV,IND,14,21,L,IND,7,35,FiveThirtyEight
2007_2007-12-16_GB_LA,2007,NA,2007-12-16,Regular Season,FALSE,LA,GB,14,33,L,GB,19,47,FiveThirtyEight
2007_2007-12-16_PHI_DAL,2007,NA,2007-12-16,Regular Season,FALSE,DAL,PHI,6,10,L,PHI,4,16,FiveThirtyEight
2007_2007-12-16_SEA_CAR,2007,NA,2007-12-16,Regular Season,FALSE,CAR,SEA,13,10,W,CAR,3,23,FiveThirtyEight
2007_2007-12-16_BUF_CLE,2007,NA,2007-12-16,Regular Season,FALSE,CLE,BUF,8,0,W,CLE,8,8,FiveThirtyEight
2007_2007-12-16_ATL_TB,2007,NA,2007-12-16,Regular Season,FALSE,TB,ATL,37,3,W,TB,34,40,FiveThirtyEight
2007_2007-12-16_JAX_PIT,2007,NA,2007-12-16,Regular Season,FALSE,PIT,JAX,22,29,L,JAX,7,51,FiveThirtyEight
2007_2007-12-16_WAS_NYG,2007,NA,2007-12-16,Regular Season,FALSE,NYG,WAS,10,22,L,WAS,12,32,FiveThirtyEight
2007_2007-12-16_NYJ_NE,2007,NA,2007-12-16,Regular Season,FALSE,NE,NYJ,20,10,W,NE,10,30,FiveThirtyEight
2007_2007-12-16_ARI_NO,2007,NA,2007-12-16,Regular Season,FALSE,NO,ARI,31,24,W,NO,7,55,FiveThirtyEight
2007_2007-12-16_BAL_MIA,2007,NA,2007-12-16,Regular Season,FALSE,MIA,BAL,22,16,W,MIA,6,38,FiveThirtyEight
2007_2007-12-16_TEN_KC,2007,NA,2007-12-16,Regular Season,FALSE,KC,TEN,17,26,L,TEN,9,43,FiveThirtyEight
2007_2007-12-17_CHI_MIN,2007,NA,2007-12-17,Regular Season,FALSE,MIN,CHI,20,13,W,MIN,7,33,FiveThirtyEight
2007_2007-12-20_PIT_LA,2007,NA,2007-12-20,Regular Season,FALSE,LA,PIT,24,41,L,PIT,17,65,FiveThirtyEight
2007_2007-12-22_DAL_CAR,2007,NA,2007-12-22,Regular Season,FALSE,CAR,DAL,13,20,L,DAL,7,33,FiveThirtyEight
2007_2007-12-23_NYG_BUF,2007,NA,2007-12-23,Regular Season,FALSE,BUF,NYG,21,38,L,NYG,17,59,FiveThirtyEight
2007_2007-12-23_TB_SF,2007,NA,2007-12-23,Regular Season,FALSE,SF,TB,21,19,W,SF,2,40,FiveThirtyEight
2007_2007-12-23_BAL_SEA,2007,NA,2007-12-23,Regular Season,FALSE,SEA,BAL,27,6,W,SEA,21,33,FiveThirtyEight
2007_2007-12-23_NYJ_TEN,2007,NA,2007-12-23,Regular Season,FALSE,TEN,NYJ,10,6,W,TEN,4,16,FiveThirtyEight
2007_2007-12-23_MIA_NE,2007,NA,2007-12-23,Regular Season,FALSE,NE,MIA,28,7,W,NE,21,35,FiveThirtyEight
2007_2007-12-23_PHI_NO,2007,NA,2007-12-23,Regular Season,FALSE,NO,PHI,23,38,L,PHI,15,61,FiveThirtyEight
2007_2007-12-23_WAS_MIN,2007,NA,2007-12-23,Regular Season,FALSE,MIN,WAS,21,32,L,WAS,11,53,FiveThirtyEight
2007_2007-12-23_LV_JAX,2007,NA,2007-12-23,Regular Season,FALSE,JAX,LV,49,11,W,JAX,38,60,FiveThirtyEight
2007_2007-12-23_KC_DET,2007,NA,2007-12-23,Regular Season,FALSE,DET,KC,25,20,W,DET,5,45,FiveThirtyEight
2007_2007-12-23_ATL_ARI,2007,NA,2007-12-23,Regular Season,FALSE,ARI,ATL,30,27,W,ARI,3,57,FiveThirtyEight
2007_2007-12-23_CLE_CIN,2007,NA,2007-12-23,Regular Season,FALSE,CIN,CLE,19,14,W,CIN,5,33,FiveThirtyEight
2007_2007-12-23_GB_CHI,2007,NA,2007-12-23,Regular Season,FALSE,CHI,GB,35,7,W,CHI,28,42,FiveThirtyEight
2007_2007-12-23_HOU_IND,2007,NA,2007-12-23,Regular Season,FALSE,IND,HOU,38,15,W,IND,23,53,FiveThirtyEight
2007_2007-12-24_DEN_LAC,2007,NA,2007-12-24,Regular Season,FALSE,LAC,DEN,23,3,W,LAC,20,26,FiveThirtyEight
2007_2007-12-29_NE_NYG,2007,NA,2007-12-29,Regular Season,FALSE,NYG,NE,35,38,L,NE,3,73,FiveThirtyEight
2007_2007-12-30_MIN_DEN,2007,NA,2007-12-30,Regular Season,FALSE,DEN,MIN,22,19,W,DEN,3,41,FiveThirtyEight
2007_2007-12-30_CAR_TB,2007,NA,2007-12-30,Regular Season,FALSE,TB,CAR,23,31,L,CAR,8,54,FiveThirtyEight
2007_2007-12-30_LAC_LV,2007,NA,2007-12-30,Regular Season,FALSE,LV,LAC,17,30,L,LAC,13,47,FiveThirtyEight
2007_2007-12-30_PIT_BAL,2007,NA,2007-12-30,Regular Season,FALSE,BAL,PIT,27,21,W,BAL,6,48,FiveThirtyEight
2007_2007-12-30_KC_NYJ,2007,NA,2007-12-30,Regular Season,FALSE,NYJ,KC,13,10,W,NYJ,3,23,FiveThirtyEight
2007_2007-12-30_DET_GB,2007,NA,2007-12-30,Regular Season,FALSE,GB,DET,34,13,W,GB,21,47,FiveThirtyEight
2007_2007-12-30_JAX_HOU,2007,NA,2007-12-30,Regular Season,FALSE,HOU,JAX,42,28,W,HOU,14,70,FiveThirtyEight
2007_2007-12-30_CIN_MIA,2007,NA,2007-12-30,Regular Season,FALSE,MIA,CIN,25,38,L,CIN,13,63,FiveThirtyEight
2007_2007-12-30_TEN_IND,2007,NA,2007-12-30,Regular Season,FALSE,IND,TEN,10,16,L,TEN,6,26,FiveThirtyEight
2007_2007-12-30_DAL_WAS,2007,NA,2007-12-30,Regular Season,FALSE,WAS,DAL,27,6,W,WAS,21,33,FiveThirtyEight
2007_2007-12-30_BUF_PHI,2007,NA,2007-12-30,Regular Season,FALSE,PHI,BUF,17,9,W,PHI,8,26,FiveThirtyEight
2007_2007-12-30_LA_ARI,2007,NA,2007-12-30,Regular Season,FALSE,ARI,LA,48,19,W,ARI,29,67,FiveThirtyEight
2007_2007-12-30_SEA_ATL,2007,NA,2007-12-30,Regular Season,FALSE,ATL,SEA,44,41,W,ATL,3,85,FiveThirtyEight
2007_2007-12-30_NO_CHI,2007,NA,2007-12-30,Regular Season,FALSE,CHI,NO,33,25,W,CHI,8,58,FiveThirtyEight
2007_2007-12-30_SF_CLE,2007,NA,2007-12-30,Regular Season,FALSE,CLE,SF,20,7,W,CLE,13,27,FiveThirtyEight
2008_2008-09-04_WAS_NYG,2008,NA,2008-09-04,Regular Season,FALSE,NYG,WAS,16,7,W,NYG,9,23,FiveThirtyEight
2008_2008-09-07_HOU_PIT,2008,NA,2008-09-07,Regular Season,FALSE,PIT,HOU,38,17,W,PIT,21,55,FiveThirtyEight
2008_2008-09-07_DAL_CLE,2008,NA,2008-09-07,Regular Season,FALSE,CLE,DAL,10,28,L,DAL,18,38,FiveThirtyEight
2008_2008-09-07_CHI_IND,2008,NA,2008-09-07,Regular Season,FALSE,IND,CHI,13,29,L,CHI,16,42,FiveThirtyEight
2008_2008-09-07_NYJ_MIA,2008,NA,2008-09-07,Regular Season,FALSE,MIA,NYJ,14,20,L,NYJ,6,34,FiveThirtyEight
2008_2008-09-07_TB_NO,2008,NA,2008-09-07,Regular Season,FALSE,NO,TB,24,20,W,NO,4,44,FiveThirtyEight
2008_2008-09-07_KC_NE,2008,NA,2008-09-07,Regular Season,FALSE,NE,KC,17,10,W,NE,7,27,FiveThirtyEight
2008_2008-09-07_JAX_TEN,2008,NA,2008-09-07,Regular Season,FALSE,TEN,JAX,17,10,W,TEN,7,27,FiveThirtyEight
2008_2008-09-07_DET_ATL,2008,NA,2008-09-07,Regular Season,FALSE,ATL,DET,34,21,W,ATL,13,55,FiveThirtyEight
2008_2008-09-07_CIN_BAL,2008,NA,2008-09-07,Regular Season,FALSE,BAL,CIN,17,10,W,BAL,7,27,FiveThirtyEight
2008_2008-09-07_ARI_SF,2008,NA,2008-09-07,Regular Season,FALSE,SF,ARI,13,23,L,ARI,10,36,FiveThirtyEight
2008_2008-09-07_CAR_LAC,2008,NA,2008-09-07,Regular Season,FALSE,LAC,CAR,24,26,L,CAR,2,50,FiveThirtyEight
2008_2008-09-07_LA_PHI,2008,NA,2008-09-07,Regular Season,FALSE,PHI,LA,38,3,W,PHI,35,41,FiveThirtyEight
2008_2008-09-07_SEA_BUF,2008,NA,2008-09-07,Regular Season,FALSE,BUF,SEA,34,10,W,BUF,24,44,FiveThirtyEight
2008_2008-09-08_DEN_LV,2008,NA,2008-09-08,Regular Season,FALSE,LV,DEN,14,41,L,DEN,27,55,FiveThirtyEight
2008_2008-09-08_MIN_GB,2008,NA,2008-09-08,Regular Season,FALSE,GB,MIN,24,19,W,GB,5,43,FiveThirtyEight
2008_2008-09-14_PIT_CLE,2008,NA,2008-09-14,Regular Season,FALSE,CLE,PIT,6,10,L,PIT,4,16,FiveThirtyEight
2008_2008-09-14_TEN_CIN,2008,NA,2008-09-14,Regular Season,FALSE,CIN,TEN,7,24,L,TEN,17,31,FiveThirtyEight
2008_2008-09-14_CHI_CAR,2008,NA,2008-09-14,Regular Season,FALSE,CAR,CHI,20,17,W,CAR,3,37,FiveThirtyEight
2008_2008-09-14_IND_MIN,2008,NA,2008-09-14,Regular Season,FALSE,MIN,IND,15,18,L,IND,3,33,FiveThirtyEight
2008_2008-09-14_NE_NYJ,2008,NA,2008-09-14,Regular Season,FALSE,NYJ,NE,10,19,L,NE,9,29,FiveThirtyEight
2008_2008-09-14_ATL_TB,2008,NA,2008-09-14,Regular Season,FALSE,TB,ATL,24,9,W,TB,15,33,FiveThirtyEight
2008_2008-09-14_NO_WAS,2008,NA,2008-09-14,Regular Season,FALSE,WAS,NO,29,24,W,WAS,5,53,FiveThirtyEight
2008_2008-09-14_LAC_DEN,2008,NA,2008-09-14,Regular Season,FALSE,DEN,LAC,39,38,W,DEN,1,77,FiveThirtyEight
2008_2008-09-14_NYG_LA,2008,NA,2008-09-14,Regular Season,FALSE,LA,NYG,13,41,L,NYG,28,54,FiveThirtyEight
2008_2008-09-14_BUF_JAX,2008,NA,2008-09-14,Regular Season,FALSE,JAX,BUF,16,20,L,BUF,4,36,FiveThirtyEight
2008_2008-09-14_MIA_ARI,2008,NA,2008-09-14,Regular Season,FALSE,ARI,MIA,31,10,W,ARI,21,41,FiveThirtyEight
2008_2008-09-14_GB_DET,2008,NA,2008-09-14,Regular Season,FALSE,DET,GB,25,48,L,GB,23,73,FiveThirtyEight
2008_2008-09-14_SF_SEA,2008,NA,2008-09-14,Regular Season,FALSE,SEA,SF,30,33,L,SF,3,63,FiveThirtyEight
2008_2008-09-14_LV_KC,2008,NA,2008-09-14,Regular Season,FALSE,KC,LV,8,23,L,LV,15,31,FiveThirtyEight
2008_2008-09-15_PHI_DAL,2008,NA,2008-09-15,Regular Season,FALSE,DAL,PHI,41,37,W,DAL,4,78,FiveThirtyEight
2008_2008-09-21_NO_DEN,2008,NA,2008-09-21,Regular Season,FALSE,DEN,NO,34,32,W,DEN,2,66,FiveThirtyEight
2008_2008-09-21_DAL_GB,2008,NA,2008-09-21,Regular Season,FALSE,GB,DAL,16,27,L,DAL,11,43,FiveThirtyEight
2008_2008-09-21_ARI_WAS,2008,NA,2008-09-21,Regular Season,FALSE,WAS,ARI,24,17,W,WAS,7,41,FiveThirtyEight
2008_2008-09-21_DET_SF,2008,NA,2008-09-21,Regular Season,FALSE,SF,DET,31,13,W,SF,18,44,FiveThirtyEight
2008_2008-09-21_CLE_BAL,2008,NA,2008-09-21,Regular Season,FALSE,BAL,CLE,28,10,W,BAL,18,38,FiveThirtyEight
2008_2008-09-21_PIT_PHI,2008,NA,2008-09-21,Regular Season,FALSE,PHI,PIT,15,6,W,PHI,9,21,FiveThirtyEight
2008_2008-09-21_HOU_TEN,2008,NA,2008-09-21,Regular Season,FALSE,TEN,HOU,31,12,W,TEN,19,43,FiveThirtyEight
2008_2008-09-21_CIN_NYG,2008,NA,2008-09-21,Regular Season,FALSE,NYG,CIN,26,23,W,NYG,3,49,FiveThirtyEight
2008_2008-09-21_MIA_NE,2008,NA,2008-09-21,Regular Season,FALSE,NE,MIA,13,38,L,MIA,25,51,FiveThirtyEight
2008_2008-09-21_CAR_MIN,2008,NA,2008-09-21,Regular Season,FALSE,MIN,CAR,20,10,W,MIN,10,30,FiveThirtyEight
2008_2008-09-21_JAX_IND,2008,NA,2008-09-21,Regular Season,FALSE,IND,JAX,21,23,L,JAX,2,44,FiveThirtyEight
2008_2008-09-21_TB_CHI,2008,NA,2008-09-21,Regular Season,FALSE,CHI,TB,24,27,L,TB,3,51,FiveThirtyEight
2008_2008-09-21_LV_BUF,2008,NA,2008-09-21,Regular Season,FALSE,BUF,LV,24,23,W,BUF,1,47,FiveThirtyEight
2008_2008-09-21_KC_ATL,2008,NA,2008-09-21,Regular Season,FALSE,ATL,KC,38,14,W,ATL,24,52,FiveThirtyEight
2008_2008-09-21_LA_SEA,2008,NA,2008-09-21,Regular Season,FALSE,SEA,LA,37,13,W,SEA,24,50,FiveThirtyEight
2008_2008-09-22_NYJ_LAC,2008,NA,2008-09-22,Regular Season,FALSE,LAC,NYJ,48,29,W,LAC,19,77,FiveThirtyEight
2008_2008-09-28_ARI_NYJ,2008,NA,2008-09-28,Regular Season,FALSE,NYJ,ARI,56,35,W,NYJ,21,91,FiveThirtyEight
2008_2008-09-28_SF_NO,2008,NA,2008-09-28,Regular Season,FALSE,NO,SF,31,17,W,NO,14,48,FiveThirtyEight
2008_2008-09-28_GB_TB,2008,NA,2008-09-28,Regular Season,FALSE,TB,GB,30,21,W,TB,9,51,FiveThirtyEight
2008_2008-09-28_HOU_JAX,2008,NA,2008-09-28,Regular Season,FALSE,JAX,HOU,30,27,W,JAX,3,57,FiveThirtyEight
2008_2008-09-28_BUF_LA,2008,NA,2008-09-28,Regular Season,FALSE,LA,BUF,14,31,L,BUF,17,45,FiveThirtyEight
2008_2008-09-28_DEN_KC,2008,NA,2008-09-28,Regular Season,FALSE,KC,DEN,33,19,W,KC,14,52,FiveThirtyEight
2008_2008-09-28_ATL_CAR,2008,NA,2008-09-28,Regular Season,FALSE,CAR,ATL,24,9,W,CAR,15,33,FiveThirtyEight
2008_2008-09-28_LAC_LV,2008,NA,2008-09-28,Regular Season,FALSE,LV,LAC,18,28,L,LAC,10,46,FiveThirtyEight
2008_2008-09-28_WAS_DAL,2008,NA,2008-09-28,Regular Season,FALSE,DAL,WAS,24,26,L,WAS,2,50,FiveThirtyEight
2008_2008-09-28_CLE_CIN,2008,NA,2008-09-28,Regular Season,FALSE,CIN,CLE,12,20,L,CLE,8,32,FiveThirtyEight
2008_2008-09-28_MIN_TEN,2008,NA,2008-09-28,Regular Season,FALSE,TEN,MIN,30,17,W,TEN,13,47,FiveThirtyEight
2008_2008-09-28_PHI_CHI,2008,NA,2008-09-28,Regular Season,FALSE,CHI,PHI,24,20,W,CHI,4,44,FiveThirtyEight
2008_2008-09-29_BAL_PIT,2008,NA,2008-09-29,Regular Season,FALSE,PIT,BAL,23,20,W,PIT,3,43,FiveThirtyEight
2008_2008-10-05_PIT_JAX,2008,NA,2008-10-05,Regular Season,FALSE,JAX,PIT,21,26,L,PIT,5,47,FiveThirtyEight
2008_2008-10-05_NE_SF,2008,NA,2008-10-05,Regular Season,FALSE,SF,NE,21,30,L,NE,9,51,FiveThirtyEight
2008_2008-10-05_LAC_MIA,2008,NA,2008-10-05,Regular Season,FALSE,MIA,LAC,17,10,W,MIA,7,27,FiveThirtyEight
2008_2008-10-05_TEN_BAL,2008,NA,2008-10-05,Regular Season,FALSE,BAL,TEN,10,13,L,TEN,3,23,FiveThirtyEight
2008_2008-10-05_WAS_PHI,2008,NA,2008-10-05,Regular Season,FALSE,PHI,WAS,17,23,L,WAS,6,40,FiveThirtyEight
2008_2008-10-05_SEA_NYG,2008,NA,2008-10-05,Regular Season,FALSE,NYG,SEA,44,6,W,NYG,38,50,FiveThirtyEight
2008_2008-10-05_IND_HOU,2008,NA,2008-10-05,Regular Season,FALSE,HOU,IND,27,31,L,IND,4,58,FiveThirtyEight
2008_2008-10-05_ATL_GB,2008,NA,2008-10-05,Regular Season,FALSE,GB,ATL,24,27,L,ATL,3,51,FiveThirtyEight
2008_2008-10-05_CHI_DET,2008,NA,2008-10-05,Regular Season,FALSE,DET,CHI,7,34,L,CHI,27,41,FiveThirtyEight
2008_2008-10-05_TB_DEN,2008,NA,2008-10-05,Regular Season,FALSE,DEN,TB,16,13,W,DEN,3,29,FiveThirtyEight
2008_2008-10-05_CIN_DAL,2008,NA,2008-10-05,Regular Season,FALSE,DAL,CIN,31,22,W,DAL,9,53,FiveThirtyEight
2008_2008-10-05_BUF_ARI,2008,NA,2008-10-05,Regular Season,FALSE,ARI,BUF,41,17,W,ARI,24,58,FiveThirtyEight
2008_2008-10-05_KC_CAR,2008,NA,2008-10-05,Regular Season,FALSE,CAR,KC,34,0,W,CAR,34,34,FiveThirtyEight
2008_2008-10-06_MIN_NO,2008,NA,2008-10-06,Regular Season,FALSE,NO,MIN,27,30,L,MIN,3,57,FiveThirtyEight
2008_2008-10-12_DET_MIN,2008,NA,2008-10-12,Regular Season,FALSE,MIN,DET,12,10,W,MIN,2,22,FiveThirtyEight
2008_2008-10-12_MIA_HOU,2008,NA,2008-10-12,Regular Season,FALSE,HOU,MIA,29,28,W,HOU,1,57,FiveThirtyEight
2008_2008-10-12_JAX_DEN,2008,NA,2008-10-12,Regular Season,FALSE,DEN,JAX,17,24,L,JAX,7,41,FiveThirtyEight
2008_2008-10-12_DAL_ARI,2008,NA,2008-10-12,Regular Season,FALSE,ARI,DAL,30,24,W,ARI,6,54,FiveThirtyEight
2008_2008-10-12_BAL_IND,2008,NA,2008-10-12,Regular Season,FALSE,IND,BAL,31,3,W,IND,28,34,FiveThirtyEight
2008_2008-10-12_CHI_ATL,2008,NA,2008-10-12,Regular Season,FALSE,ATL,CHI,22,20,W,ATL,2,42,FiveThirtyEight
2008_2008-10-12_CIN_NYJ,2008,NA,2008-10-12,Regular Season,FALSE,NYJ,CIN,26,14,W,NYJ,12,40,FiveThirtyEight
2008_2008-10-12_CAR_TB,2008,NA,2008-10-12,Regular Season,FALSE,TB,CAR,27,3,W,TB,24,30,FiveThirtyEight
2008_2008-10-12_PHI_SF,2008,NA,2008-10-12,Regular Season,FALSE,SF,PHI,26,40,L,PHI,14,66,FiveThirtyEight
2008_2008-10-12_LV_NO,2008,NA,2008-10-12,Regular Season,FALSE,NO,LV,34,3,W,NO,31,37,FiveThirtyEight
2008_2008-10-12_GB_SEA,2008,NA,2008-10-12,Regular Season,FALSE,SEA,GB,17,27,L,GB,10,44,FiveThirtyEight
2008_2008-10-12_LA_WAS,2008,NA,2008-10-12,Regular Season,FALSE,WAS,LA,17,19,L,LA,2,36,FiveThirtyEight
2008_2008-10-12_NE_LAC,2008,NA,2008-10-12,Regular Season,FALSE,LAC,NE,30,10,W,LAC,20,40,FiveThirtyEight
2008_2008-10-13_NYG_CLE,2008,NA,2008-10-13,Regular Season,FALSE,CLE,NYG,35,14,W,CLE,21,49,FiveThirtyEight
2008_2008-10-19_DET_HOU,2008,NA,2008-10-19,Regular Season,FALSE,HOU,DET,28,21,W,HOU,7,49,FiveThirtyEight
2008_2008-10-19_CLE_WAS,2008,NA,2008-10-19,Regular Season,FALSE,WAS,CLE,14,11,W,WAS,3,25,FiveThirtyEight
2008_2008-10-19_SEA_TB,2008,NA,2008-10-19,Regular Season,FALSE,TB,SEA,20,10,W,TB,10,30,FiveThirtyEight
2008_2008-10-19_NYJ_LV,2008,NA,2008-10-19,Regular Season,FALSE,LV,NYJ,16,13,W,LV,3,29,FiveThirtyEight
2008_2008-10-19_SF_NYG,2008,NA,2008-10-19,Regular Season,FALSE,NYG,SF,29,17,W,NYG,12,46,FiveThirtyEight
2008_2008-10-19_BAL_MIA,2008,NA,2008-10-19,Regular Season,FALSE,MIA,BAL,13,27,L,BAL,14,40,FiveThirtyEight
2008_2008-10-19_TEN_KC,2008,NA,2008-10-19,Regular Season,FALSE,KC,TEN,10,34,L,TEN,24,44,FiveThirtyEight
2008_2008-10-19_IND_GB,2008,NA,2008-10-19,Regular Season,FALSE,GB,IND,34,14,W,GB,20,48,FiveThirtyEight
2008_2008-10-19_PIT_CIN,2008,NA,2008-10-19,Regular Season,FALSE,CIN,PIT,10,38,L,PIT,28,48,FiveThirtyEight
2008_2008-10-19_MIN_CHI,2008,NA,2008-10-19,Regular Season,FALSE,CHI,MIN,48,41,W,CHI,7,89,FiveThirtyEight
2008_2008-10-19_NO_CAR,2008,NA,2008-10-19,Regular Season,FALSE,CAR,NO,30,7,W,CAR,23,37,FiveThirtyEight
2008_2008-10-19_LAC_BUF,2008,NA,2008-10-19,Regular Season,FALSE,BUF,LAC,23,14,W,BUF,9,37,FiveThirtyEight
2008_2008-10-19_DAL_LA,2008,NA,2008-10-19,Regular Season,FALSE,LA,DAL,34,14,W,LA,20,48,FiveThirtyEight
2008_2008-10-20_DEN_NE,2008,NA,2008-10-20,Regular Season,FALSE,NE,DEN,41,7,W,NE,34,48,FiveThirtyEight
2008_2008-10-26_CLE_JAX,2008,NA,2008-10-26,Regular Season,FALSE,JAX,CLE,17,23,L,CLE,6,40,FiveThirtyEight
2008_2008-10-26_SEA_SF,2008,NA,2008-10-26,Regular Season,FALSE,SF,SEA,13,34,L,SEA,21,47,FiveThirtyEight
2008_2008-10-26_LV_BAL,2008,NA,2008-10-26,Regular Season,FALSE,BAL,LV,29,10,W,BAL,19,39,FiveThirtyEight
2008_2008-10-26_NYG_PIT,2008,NA,2008-10-26,Regular Season,FALSE,PIT,NYG,14,21,L,NYG,7,35,FiveThirtyEight
2008_2008-10-26_KC_NYJ,2008,NA,2008-10-26,Regular Season,FALSE,NYJ,KC,28,24,W,NYJ,4,52,FiveThirtyEight
2008_2008-10-26_BUF_MIA,2008,NA,2008-10-26,Regular Season,FALSE,MIA,BUF,25,16,W,MIA,9,41,FiveThirtyEight
2008_2008-10-26_LA_NE,2008,NA,2008-10-26,Regular Season,FALSE,NE,LA,23,16,W,NE,7,39,FiveThirtyEight
2008_2008-10-26_CIN_HOU,2008,NA,2008-10-26,Regular Season,FALSE,HOU,CIN,35,6,W,HOU,29,41,FiveThirtyEight
2008_2008-10-26_WAS_DET,2008,NA,2008-10-26,Regular Season,FALSE,DET,WAS,17,25,L,WAS,8,42,FiveThirtyEight
2008_2008-10-26_TB_DAL,2008,NA,2008-10-26,Regular Season,FALSE,DAL,TB,13,9,W,DAL,4,22,FiveThirtyEight
2008_2008-10-26_ARI_CAR,2008,NA,2008-10-26,Regular Season,FALSE,CAR,ARI,27,23,W,CAR,4,50,FiveThirtyEight
2008_2008-10-26_ATL_PHI,2008,NA,2008-10-26,Regular Season,FALSE,PHI,ATL,27,14,W,PHI,13,41,FiveThirtyEight
2008_2008-10-26_NO_LAC,2008,NA,2008-10-26,Regular Season,TRUE,LAC,NO,32,37,L,NO,5,69,FiveThirtyEight
2008_2008-10-27_IND_TEN,2008,NA,2008-10-27,Regular Season,FALSE,TEN,IND,31,21,W,TEN,10,52,FiveThirtyEight
2008_2008-11-02_PHI_SEA,2008,NA,2008-11-02,Regular Season,FALSE,SEA,PHI,7,26,L,PHI,19,33,FiveThirtyEight
2008_2008-11-02_DET_CHI,2008,NA,2008-11-02,Regular Season,FALSE,CHI,DET,27,23,W,CHI,4,50,FiveThirtyEight
2008_2008-11-02_DAL_NYG,2008,NA,2008-11-02,Regular Season,FALSE,NYG,DAL,35,14,W,NYG,21,49,FiveThirtyEight
2008_2008-11-02_GB_TEN,2008,NA,2008-11-02,Regular Season,FALSE,TEN,GB,19,16,W,TEN,3,35,FiveThirtyEight
2008_2008-11-02_ATL_LV,2008,NA,2008-11-02,Regular Season,FALSE,LV,ATL,0,24,L,ATL,24,24,FiveThirtyEight
2008_2008-11-02_NYJ_BUF,2008,NA,2008-11-02,Regular Season,FALSE,BUF,NYJ,17,26,L,NYJ,9,43,FiveThirtyEight
2008_2008-11-02_BAL_CLE,2008,NA,2008-11-02,Regular Season,FALSE,CLE,BAL,27,37,L,BAL,10,64,FiveThirtyEight
2008_2008-11-02_ARI_LA,2008,NA,2008-11-02,Regular Season,FALSE,LA,ARI,13,34,L,ARI,21,47,FiveThirtyEight
2008_2008-11-02_MIA_DEN,2008,NA,2008-11-02,Regular Season,FALSE,DEN,MIA,17,26,L,MIA,9,43,FiveThirtyEight
2008_2008-11-02_TB_KC,2008,NA,2008-11-02,Regular Season,FALSE,KC,TB,27,30,L,TB,3,57,FiveThirtyEight
2008_2008-11-02_HOU_MIN,2008,NA,2008-11-02,Regular Season,FALSE,MIN,HOU,28,21,W,MIN,7,49,FiveThirtyEight
2008_2008-11-02_JAX_CIN,2008,NA,2008-11-02,Regular Season,FALSE,CIN,JAX,21,19,W,CIN,2,40,FiveThirtyEight
2008_2008-11-02_NE_IND,2008,NA,2008-11-02,Regular Season,FALSE,IND,NE,18,15,W,IND,3,33,FiveThirtyEight
2008_2008-11-03_PIT_WAS,2008,NA,2008-11-03,Regular Season,FALSE,WAS,PIT,6,23,L,PIT,17,29,FiveThirtyEight
2008_2008-11-06_DEN_CLE,2008,NA,2008-11-06,Regular Season,FALSE,CLE,DEN,30,34,L,DEN,4,64,FiveThirtyEight
2008_2008-11-09_GB_MIN,2008,NA,2008-11-09,Regular Season,FALSE,MIN,GB,28,27,W,MIN,1,55,FiveThirtyEight
2008_2008-11-09_CAR_LV,2008,NA,2008-11-09,Regular Season,FALSE,LV,CAR,6,17,L,CAR,11,23,FiveThirtyEight
2008_2008-11-09_IND_PIT,2008,NA,2008-11-09,Regular Season,FALSE,PIT,IND,20,24,L,IND,4,44,FiveThirtyEight
2008_2008-11-09_NYG_PHI,2008,NA,2008-11-09,Regular Season,FALSE,PHI,NYG,31,36,L,NYG,5,67,FiveThirtyEight
2008_2008-11-09_NO_ATL,2008,NA,2008-11-09,Regular Season,FALSE,ATL,NO,34,20,W,ATL,14,54,FiveThirtyEight
2008_2008-11-09_TEN_CHI,2008,NA,2008-11-09,Regular Season,FALSE,CHI,TEN,14,21,L,TEN,7,35,FiveThirtyEight
2008_2008-11-09_BUF_NE,2008,NA,2008-11-09,Regular Season,FALSE,NE,BUF,20,10,W,NE,10,30,FiveThirtyEight
2008_2008-11-09_LA_NYJ,2008,NA,2008-11-09,Regular Season,FALSE,NYJ,LA,47,3,W,NYJ,44,50,FiveThirtyEight
2008_2008-11-09_JAX_DET,2008,NA,2008-11-09,Regular Season,FALSE,DET,JAX,14,38,L,JAX,24,52,FiveThirtyEight
2008_2008-11-09_BAL_HOU,2008,NA,2008-11-09,Regular Season,FALSE,HOU,BAL,13,41,L,BAL,28,54,FiveThirtyEight
2008_2008-11-09_KC_LAC,2008,NA,2008-11-09,Regular Season,FALSE,LAC,KC,20,19,W,LAC,1,39,FiveThirtyEight
2008_2008-11-09_SEA_MIA,2008,NA,2008-11-09,Regular Season,FALSE,MIA,SEA,21,19,W,MIA,2,40,FiveThirtyEight
2008_2008-11-10_SF_ARI,2008,NA,2008-11-10,Regular Season,FALSE,ARI,SF,29,24,W,ARI,5,53,FiveThirtyEight
2008_2008-11-13_NYJ_NE,2008,NA,2008-11-13,Regular Season,FALSE,NE,NYJ,31,34,L,NYJ,3,65,FiveThirtyEight
2008_2008-11-16_LV_MIA,2008,NA,2008-11-16,Regular Season,FALSE,MIA,LV,17,15,W,MIA,2,32,FiveThirtyEight
2008_2008-11-16_DEN_ATL,2008,NA,2008-11-16,Regular Season,FALSE,ATL,DEN,20,24,L,DEN,4,44,FiveThirtyEight
2008_2008-11-16_DET_CAR,2008,NA,2008-11-16,Regular Season,FALSE,CAR,DET,31,22,W,CAR,9,53,FiveThirtyEight
2008_2008-11-16_LA_SF,2008,NA,2008-11-16,Regular Season,FALSE,SF,LA,35,16,W,SF,19,51,FiveThirtyEight
2008_2008-11-16_PHI_CIN,2008,NA,2008-11-16,Regular Season,FALSE,CIN,PHI,13,13,T,Tie,0,26,FiveThirtyEight
2008_2008-11-16_HOU_IND,2008,NA,2008-11-16,Regular Season,FALSE,IND,HOU,33,27,W,IND,6,60,FiveThirtyEight
2008_2008-11-16_LAC_PIT,2008,NA,2008-11-16,Regular Season,FALSE,PIT,LAC,11,10,W,PIT,1,21,FiveThirtyEight
2008_2008-11-16_CHI_GB,2008,NA,2008-11-16,Regular Season,FALSE,GB,CHI,37,3,W,GB,34,40,FiveThirtyEight
2008_2008-11-16_TEN_JAX,2008,NA,2008-11-16,Regular Season,FALSE,JAX,TEN,14,24,L,TEN,10,38,FiveThirtyEight
2008_2008-11-16_NO_KC,2008,NA,2008-11-16,Regular Season,FALSE,KC,NO,20,30,L,NO,10,50,FiveThirtyEight
2008_2008-11-16_DAL_WAS,2008,NA,2008-11-16,Regular Season,FALSE,WAS,DAL,10,14,L,DAL,4,24,FiveThirtyEight
2008_2008-11-16_MIN_TB,2008,NA,2008-11-16,Regular Season,FALSE,TB,MIN,19,13,W,TB,6,32,FiveThirtyEight
2008_2008-11-16_ARI_SEA,2008,NA,2008-11-16,Regular Season,FALSE,SEA,ARI,20,26,L,ARI,6,46,FiveThirtyEight
2008_2008-11-16_BAL_NYG,2008,NA,2008-11-16,Regular Season,FALSE,NYG,BAL,30,10,W,NYG,20,40,FiveThirtyEight
2008_2008-11-17_CLE_BUF,2008,NA,2008-11-17,Regular Season,FALSE,BUF,CLE,27,29,L,CLE,2,56,FiveThirtyEight
2008_2008-11-20_CIN_PIT,2008,NA,2008-11-20,Regular Season,FALSE,PIT,CIN,27,10,W,PIT,17,37,FiveThirtyEight
2008_2008-11-23_HOU_CLE,2008,NA,2008-11-23,Regular Season,FALSE,CLE,HOU,6,16,L,HOU,10,22,FiveThirtyEight
2008_2008-11-23_CAR_ATL,2008,NA,2008-11-23,Regular Season,FALSE,ATL,CAR,45,28,W,ATL,17,73,FiveThirtyEight
2008_2008-11-23_NYG_ARI,2008,NA,2008-11-23,Regular Season,FALSE,ARI,NYG,29,37,L,NYG,8,66,FiveThirtyEight
2008_2008-11-23_MIN_JAX,2008,NA,2008-11-23,Regular Season,FALSE,JAX,MIN,12,30,L,MIN,18,42,FiveThirtyEight
2008_2008-11-23_TB_DET,2008,NA,2008-11-23,Regular Season,FALSE,DET,TB,20,38,L,TB,18,58,FiveThirtyEight
2008_2008-11-23_LV_DEN,2008,NA,2008-11-23,Regular Season,FALSE,DEN,LV,10,31,L,LV,21,41,FiveThirtyEight
2008_2008-11-23_SF_DAL,2008,NA,2008-11-23,Regular Season,FALSE,DAL,SF,35,22,W,DAL,13,57,FiveThirtyEight
2008_2008-11-23_CHI_LA,2008,NA,2008-11-23,Regular Season,FALSE,LA,CHI,3,27,L,CHI,24,30,FiveThirtyEight
2008_2008-11-23_IND_LAC,2008,NA,2008-11-23,Regular Season,FALSE,LAC,IND,20,23,L,IND,3,43,FiveThirtyEight
2008_2008-11-23_NYJ_TEN,2008,NA,2008-11-23,Regular Season,FALSE,TEN,NYJ,13,34,L,NYJ,21,47,FiveThirtyEight
2008_2008-11-23_WAS_SEA,2008,NA,2008-11-23,Regular Season,FALSE,SEA,WAS,17,20,L,WAS,3,37,FiveThirtyEight
2008_2008-11-23_PHI_BAL,2008,NA,2008-11-23,Regular Season,FALSE,BAL,PHI,36,7,W,BAL,29,43,FiveThirtyEight
2008_2008-11-23_NE_MIA,2008,NA,2008-11-23,Regular Season,FALSE,MIA,NE,28,48,L,NE,20,76,FiveThirtyEight
2008_2008-11-23_BUF_KC,2008,NA,2008-11-23,Regular Season,FALSE,KC,BUF,31,54,L,BUF,23,85,FiveThirtyEight
2008_2008-11-24_GB_NO,2008,NA,2008-11-24,Regular Season,FALSE,NO,GB,51,29,W,NO,22,80,FiveThirtyEight
2008_2008-11-27_TEN_DET,2008,NA,2008-11-27,Regular Season,FALSE,DET,TEN,10,47,L,TEN,37,57,FiveThirtyEight
2008_2008-11-27_ARI_PHI,2008,NA,2008-11-27,Regular Season,FALSE,PHI,ARI,48,20,W,PHI,28,68,FiveThirtyEight
2008_2008-11-27_SEA_DAL,2008,NA,2008-11-27,Regular Season,FALSE,DAL,SEA,34,9,W,DAL,25,43,FiveThirtyEight
2008_2008-11-30_MIA_LA,2008,NA,2008-11-30,Regular Season,FALSE,LA,MIA,12,16,L,MIA,4,28,FiveThirtyEight
2008_2008-11-30_IND_CLE,2008,NA,2008-11-30,Regular Season,FALSE,CLE,IND,6,10,L,IND,4,16,FiveThirtyEight
2008_2008-11-30_BAL_CIN,2008,NA,2008-11-30,Regular Season,FALSE,CIN,BAL,3,34,L,BAL,31,37,FiveThirtyEight
2008_2008-11-30_SF_BUF,2008,NA,2008-11-30,Regular Season,FALSE,BUF,SF,3,10,L,SF,7,13,FiveThirtyEight
2008_2008-11-30_ATL_LAC,2008,NA,2008-11-30,Regular Season,FALSE,LAC,ATL,16,22,L,ATL,6,38,FiveThirtyEight
2008_2008-11-30_CAR_GB,2008,NA,2008-11-30,Regular Season,FALSE,GB,CAR,31,35,L,CAR,4,66,FiveThirtyEight
2008_2008-11-30_CHI_MIN,2008,NA,2008-11-30,Regular Season,FALSE,MIN,CHI,34,14,W,MIN,20,48,FiveThirtyEight
2008_2008-11-30_NYG_WAS,2008,NA,2008-11-30,Regular Season,FALSE,WAS,NYG,7,23,L,NYG,16,30,FiveThirtyEight
2008_2008-11-30_NO_TB,2008,NA,2008-11-30,Regular Season,FALSE,TB,NO,23,20,W,TB,3,43,FiveThirtyEight
2008_2008-11-30_KC_LV,2008,NA,2008-11-30,Regular Season,FALSE,LV,KC,13,20,L,KC,7,33,FiveThirtyEight
2008_2008-11-30_DEN_NYJ,2008,NA,2008-11-30,Regular Season,FALSE,NYJ,DEN,17,34,L,DEN,17,51,FiveThirtyEight
2008_2008-11-30_PIT_NE,2008,NA,2008-11-30,Regular Season,FALSE,NE,PIT,10,33,L,PIT,23,43,FiveThirtyEight
2008_2008-12-01_JAX_HOU,2008,NA,2008-12-01,Regular Season,FALSE,HOU,JAX,30,17,W,HOU,13,47,FiveThirtyEight
2008_2008-12-04_LV_LAC,2008,NA,2008-12-04,Regular Season,FALSE,LAC,LV,34,7,W,LAC,27,41,FiveThirtyEight
2008_2008-12-07_NYJ_SF,2008,NA,2008-12-07,Regular Season,FALSE,SF,NYJ,24,14,W,SF,10,38,FiveThirtyEight
2008_2008-12-07_LA_ARI,2008,NA,2008-12-07,Regular Season,FALSE,ARI,LA,34,10,W,ARI,24,44,FiveThirtyEight
2008_2008-12-07_MIA_BUF,2008,NA,2008-12-07,Regular Season,FALSE,BUF,MIA,3,16,L,MIA,13,19,FiveThirtyEight
2008_2008-12-07_JAX_CHI,2008,NA,2008-12-07,Regular Season,FALSE,CHI,JAX,23,10,W,CHI,13,33,FiveThirtyEight
2008_2008-12-07_CIN_IND,2008,NA,2008-12-07,Regular Season,FALSE,IND,CIN,35,3,W,IND,32,38,FiveThirtyEight
2008_2008-12-07_KC_DEN,2008,NA,2008-12-07,Regular Season,FALSE,DEN,KC,24,17,W,DEN,7,41,FiveThirtyEight
2008_2008-12-07_MIN_DET,2008,NA,2008-12-07,Regular Season,FALSE,DET,MIN,16,20,L,MIN,4,36,FiveThirtyEight
2008_2008-12-07_HOU_GB,2008,NA,2008-12-07,Regular Season,FALSE,GB,HOU,21,24,L,HOU,3,45,FiveThirtyEight
2008_2008-12-07_ATL_NO,2008,NA,2008-12-07,Regular Season,FALSE,NO,ATL,29,25,W,NO,4,54,FiveThirtyEight
2008_2008-12-07_PHI_NYG,2008,NA,2008-12-07,Regular Season,FALSE,NYG,PHI,14,20,L,PHI,6,34,FiveThirtyEight
2008_2008-12-07_CLE_TEN,2008,NA,2008-12-07,Regular Season,FALSE,TEN,CLE,28,9,W,TEN,19,37,FiveThirtyEight
2008_2008-12-07_DAL_PIT,2008,NA,2008-12-07,Regular Season,FALSE,PIT,DAL,20,13,W,PIT,7,33,FiveThirtyEight
2008_2008-12-07_WAS_BAL,2008,NA,2008-12-07,Regular Season,FALSE,BAL,WAS,24,10,W,BAL,14,34,FiveThirtyEight
2008_2008-12-07_NE_SEA,2008,NA,2008-12-07,Regular Season,FALSE,SEA,NE,21,24,L,NE,3,45,FiveThirtyEight
2008_2008-12-08_TB_CAR,2008,NA,2008-12-08,Regular Season,FALSE,CAR,TB,38,23,W,CAR,15,61,FiveThirtyEight
2008_2008-12-11_NO_CHI,2008,NA,2008-12-11,Regular Season,FALSE,CHI,NO,27,24,W,CHI,3,51,FiveThirtyEight
2008_2008-12-14_GB_JAX,2008,NA,2008-12-14,Regular Season,FALSE,JAX,GB,20,16,W,JAX,4,36,FiveThirtyEight
2008_2008-12-14_TEN_HOU,2008,NA,2008-12-14,Regular Season,FALSE,HOU,TEN,13,12,W,HOU,1,25,FiveThirtyEight
2008_2008-12-14_BUF_NYJ,2008,NA,2008-12-14,Regular Season,FALSE,NYJ,BUF,31,27,W,NYJ,4,58,FiveThirtyEight
2008_2008-12-14_SF_MIA,2008,NA,2008-12-14,Regular Season,FALSE,MIA,SF,14,9,W,MIA,5,23,FiveThirtyEight
2008_2008-12-14_PIT_BAL,2008,NA,2008-12-14,Regular Season,FALSE,BAL,PIT,9,13,L,PIT,4,22,FiveThirtyEight
2008_2008-12-14_NE_LV,2008,NA,2008-12-14,Regular Season,FALSE,LV,NE,26,49,L,NE,23,75,FiveThirtyEight
2008_2008-12-14_SEA_LA,2008,NA,2008-12-14,Regular Season,FALSE,LA,SEA,20,23,L,SEA,3,43,FiveThirtyEight
2008_2008-12-14_TB_ATL,2008,NA,2008-12-14,Regular Season,FALSE,ATL,TB,13,10,W,ATL,3,23,FiveThirtyEight
2008_2008-12-14_DEN_CAR,2008,NA,2008-12-14,Regular Season,FALSE,CAR,DEN,30,10,W,CAR,20,40,FiveThirtyEight
2008_2008-12-14_WAS_CIN,2008,NA,2008-12-14,Regular Season,FALSE,CIN,WAS,20,13,W,CIN,7,33,FiveThirtyEight
2008_2008-12-14_DET_IND,2008,NA,2008-12-14,Regular Season,FALSE,IND,DET,31,21,W,IND,10,52,FiveThirtyEight
2008_2008-12-14_LAC_KC,2008,NA,2008-12-14,Regular Season,FALSE,KC,LAC,21,22,L,LAC,1,43,FiveThirtyEight
2008_2008-12-14_NYG_DAL,2008,NA,2008-12-14,Regular Season,FALSE,DAL,NYG,20,8,W,DAL,12,28,FiveThirtyEight
2008_2008-12-14_MIN_ARI,2008,NA,2008-12-14,Regular Season,FALSE,ARI,MIN,14,35,L,MIN,21,49,FiveThirtyEight
2008_2008-12-15_CLE_PHI,2008,NA,2008-12-15,Regular Season,FALSE,PHI,CLE,30,10,W,PHI,20,40,FiveThirtyEight
2008_2008-12-18_IND_JAX,2008,NA,2008-12-18,Regular Season,FALSE,JAX,IND,24,31,L,IND,7,55,FiveThirtyEight
2008_2008-12-20_BAL_DAL,2008,NA,2008-12-20,Regular Season,FALSE,DAL,BAL,24,33,L,BAL,9,57,FiveThirtyEight
2008_2008-12-21_CIN_CLE,2008,NA,2008-12-21,Regular Season,FALSE,CLE,CIN,0,14,L,CIN,14,14,FiveThirtyEight
2008_2008-12-21_ATL_MIN,2008,NA,2008-12-21,Regular Season,FALSE,MIN,ATL,17,24,L,ATL,7,41,FiveThirtyEight
2008_2008-12-21_SF_LA,2008,NA,2008-12-21,Regular Season,FALSE,LA,SF,16,17,L,SF,1,33,FiveThirtyEight
2008_2008-12-21_BUF_DEN,2008,NA,2008-12-21,Regular Season,FALSE,DEN,BUF,23,30,L,BUF,7,53,FiveThirtyEight
2008_2008-12-21_NO_DET,2008,NA,2008-12-21,Regular Season,FALSE,DET,NO,7,42,L,NO,35,49,FiveThirtyEight
2008_2008-12-21_MIA_KC,2008,NA,2008-12-21,Regular Season,FALSE,KC,MIA,31,38,L,MIA,7,69,FiveThirtyEight
2008_2008-12-21_ARI_NE,2008,NA,2008-12-21,Regular Season,FALSE,NE,ARI,47,7,W,NE,40,54,FiveThirtyEight
2008_2008-12-21_CAR_NYG,2008,NA,2008-12-21,Regular Season,FALSE,NYG,CAR,34,28,W,NYG,6,62,FiveThirtyEight
2008_2008-12-21_PIT_TEN,2008,NA,2008-12-21,Regular Season,FALSE,TEN,PIT,31,14,W,TEN,17,45,FiveThirtyEight
2008_2008-12-21_HOU_LV,2008,NA,2008-12-21,Regular Season,FALSE,LV,HOU,27,16,W,LV,11,43,FiveThirtyEight
2008_2008-12-21_NYJ_SEA,2008,NA,2008-12-21,Regular Season,FALSE,SEA,NYJ,13,3,W,SEA,10,16,FiveThirtyEight
2008_2008-12-21_PHI_WAS,2008,NA,2008-12-21,Regular Season,FALSE,WAS,PHI,10,3,W,WAS,7,13,FiveThirtyEight
2008_2008-12-21_LAC_TB,2008,NA,2008-12-21,Regular Season,FALSE,TB,LAC,24,41,L,LAC,17,65,FiveThirtyEight
2008_2008-12-22_GB_CHI,2008,NA,2008-12-22,Regular Season,FALSE,CHI,GB,20,17,W,CHI,3,37,FiveThirtyEight
2008_2008-12-28_LV_TB,2008,NA,2008-12-28,Regular Season,FALSE,TB,LV,24,31,L,LV,7,55,FiveThirtyEight
2008_2008-12-28_CAR_NO,2008,NA,2008-12-28,Regular Season,FALSE,NO,CAR,31,33,L,CAR,2,64,FiveThirtyEight
2008_2008-12-28_WAS_SF,2008,NA,2008-12-28,Regular Season,FALSE,SF,WAS,27,24,W,SF,3,51,FiveThirtyEight
2008_2008-12-28_LA_ATL,2008,NA,2008-12-28,Regular Season,FALSE,ATL,LA,31,27,W,ATL,4,58,FiveThirtyEight
2008_2008-12-28_KC_CIN,2008,NA,2008-12-28,Regular Season,FALSE,CIN,KC,16,6,W,CIN,10,22,FiveThirtyEight
2008_2008-12-28_DAL_PHI,2008,NA,2008-12-28,Regular Season,FALSE,PHI,DAL,44,6,W,PHI,38,50,FiveThirtyEight
2008_2008-12-28_NE_BUF,2008,NA,2008-12-28,Regular Season,FALSE,BUF,NE,0,13,L,NE,13,13,FiveThirtyEight
2008_2008-12-28_MIA_NYJ,2008,NA,2008-12-28,Regular Season,FALSE,NYJ,MIA,17,24,L,MIA,7,41,FiveThirtyEight
2008_2008-12-28_JAX_BAL,2008,NA,2008-12-28,Regular Season,FALSE,BAL,JAX,27,7,W,BAL,20,34,FiveThirtyEight
2008_2008-12-28_DEN_LAC,2008,NA,2008-12-28,Regular Season,FALSE,LAC,DEN,52,21,W,LAC,31,73,FiveThirtyEight
2008_2008-12-28_TEN_IND,2008,NA,2008-12-28,Regular Season,FALSE,IND,TEN,23,0,W,IND,23,23,FiveThirtyEight
2008_2008-12-28_SEA_ARI,2008,NA,2008-12-28,Regular Season,FALSE,ARI,SEA,34,21,W,ARI,13,55,FiveThirtyEight
2008_2008-12-28_CLE_PIT,2008,NA,2008-12-28,Regular Season,FALSE,PIT,CLE,31,0,W,PIT,31,31,FiveThirtyEight
2008_2008-12-28_DET_GB,2008,NA,2008-12-28,Regular Season,FALSE,GB,DET,31,21,W,GB,10,52,FiveThirtyEight
2008_2008-12-28_CHI_HOU,2008,NA,2008-12-28,Regular Season,FALSE,HOU,CHI,31,24,W,HOU,7,55,FiveThirtyEight
2008_2008-12-28_NYG_MIN,2008,NA,2008-12-28,Regular Season,FALSE,MIN,NYG,20,19,W,MIN,1,39,FiveThirtyEight
2009_2009-09-10_TEN_PIT,2009,NA,2009-09-10,Regular Season,FALSE,PIT,TEN,13,10,W,PIT,3,23,FiveThirtyEight
2009_2009-09-13_WAS_NYG,2009,NA,2009-09-13,Regular Season,FALSE,NYG,WAS,23,17,W,NYG,6,40,FiveThirtyEight
2009_2009-09-13_DAL_TB,2009,NA,2009-09-13,Regular Season,FALSE,TB,DAL,21,34,L,DAL,13,55,FiveThirtyEight
2009_2009-09-13_KC_BAL,2009,NA,2009-09-13,Regular Season,FALSE,BAL,KC,38,24,W,BAL,14,62,FiveThirtyEight
2009_2009-09-13_DET_NO,2009,NA,2009-09-13,Regular Season,FALSE,NO,DET,45,27,W,NO,18,72,FiveThirtyEight
2009_2009-09-13_NYJ_HOU,2009,NA,2009-09-13,Regular Season,FALSE,HOU,NYJ,7,24,L,NYJ,17,31,FiveThirtyEight
2009_2009-09-13_CHI_GB,2009,NA,2009-09-13,Regular Season,FALSE,GB,CHI,21,15,W,GB,6,36,FiveThirtyEight
2009_2009-09-13_SF_ARI,2009,NA,2009-09-13,Regular Season,FALSE,ARI,SF,16,20,L,SF,4,36,FiveThirtyEight
2009_2009-09-13_JAX_IND,2009,NA,2009-09-13,Regular Season,FALSE,IND,JAX,14,12,W,IND,2,26,FiveThirtyEight
2009_2009-09-13_MIN_CLE,2009,NA,2009-09-13,Regular Season,FALSE,CLE,MIN,20,34,L,MIN,14,54,FiveThirtyEight
2009_2009-09-13_PHI_CAR,2009,NA,2009-09-13,Regular Season,FALSE,CAR,PHI,10,38,L,PHI,28,48,FiveThirtyEight
2009_2009-09-13_MIA_ATL,2009,NA,2009-09-13,Regular Season,FALSE,ATL,MIA,19,7,W,ATL,12,26,FiveThirtyEight
2009_2009-09-13_DEN_CIN,2009,NA,2009-09-13,Regular Season,FALSE,CIN,DEN,7,12,L,DEN,5,19,FiveThirtyEight
2009_2009-09-13_LA_SEA,2009,NA,2009-09-13,Regular Season,FALSE,SEA,LA,28,0,W,SEA,28,28,FiveThirtyEight
2009_2009-09-14_BUF_NE,2009,NA,2009-09-14,Regular Season,FALSE,NE,BUF,25,24,W,NE,1,49,FiveThirtyEight
2009_2009-09-14_LAC_LV,2009,NA,2009-09-14,Regular Season,FALSE,LV,LAC,20,24,L,LAC,4,44,FiveThirtyEight
2009_2009-09-20_NYG_DAL,2009,NA,2009-09-20,Regular Season,FALSE,DAL,NYG,31,33,L,NYG,2,64,FiveThirtyEight
2009_2009-09-20_PIT_CHI,2009,NA,2009-09-20,Regular Season,FALSE,CHI,PIT,17,14,W,CHI,3,31,FiveThirtyEight
2009_2009-09-20_TB_BUF,2009,NA,2009-09-20,Regular Season,FALSE,BUF,TB,33,20,W,BUF,13,53,FiveThirtyEight
2009_2009-09-20_CAR_ATL,2009,NA,2009-09-20,Regular Season,FALSE,ATL,CAR,28,20,W,ATL,8,48,FiveThirtyEight
2009_2009-09-20_ARI_JAX,2009,NA,2009-09-20,Regular Season,FALSE,JAX,ARI,17,31,L,ARI,14,48,FiveThirtyEight
2009_2009-09-20_CIN_GB,2009,NA,2009-09-20,Regular Season,FALSE,GB,CIN,24,31,L,CIN,7,55,FiveThirtyEight
2009_2009-09-20_CLE_DEN,2009,NA,2009-09-20,Regular Season,FALSE,DEN,CLE,27,6,W,DEN,21,33,FiveThirtyEight
2009_2009-09-20_LV_KC,2009,NA,2009-09-20,Regular Season,FALSE,KC,LV,10,13,L,LV,3,23,FiveThirtyEight
2009_2009-09-20_NE_NYJ,2009,NA,2009-09-20,Regular Season,FALSE,NYJ,NE,16,9,W,NYJ,7,25,FiveThirtyEight
2009_2009-09-20_HOU_TEN,2009,NA,2009-09-20,Regular Season,FALSE,TEN,HOU,31,34,L,HOU,3,65,FiveThirtyEight
2009_2009-09-20_NO_PHI,2009,NA,2009-09-20,Regular Season,FALSE,PHI,NO,22,48,L,NO,26,70,FiveThirtyEight
2009_2009-09-20_SEA_SF,2009,NA,2009-09-20,Regular Season,FALSE,SF,SEA,23,10,W,SF,13,33,FiveThirtyEight
2009_2009-09-20_BAL_LAC,2009,NA,2009-09-20,Regular Season,FALSE,LAC,BAL,26,31,L,BAL,5,57,FiveThirtyEight
2009_2009-09-20_LA_WAS,2009,NA,2009-09-20,Regular Season,FALSE,WAS,LA,9,7,W,WAS,2,16,FiveThirtyEight
2009_2009-09-20_MIN_DET,2009,NA,2009-09-20,Regular Season,FALSE,DET,MIN,13,27,L,MIN,14,40,FiveThirtyEight
2009_2009-09-21_IND_MIA,2009,NA,2009-09-21,Regular Season,FALSE,MIA,IND,23,27,L,IND,4,50,FiveThirtyEight
2009_2009-09-27_ATL_NE,2009,NA,2009-09-27,Regular Season,FALSE,NE,ATL,26,10,W,NE,16,36,FiveThirtyEight
2009_2009-09-27_JAX_HOU,2009,NA,2009-09-27,Regular Season,FALSE,HOU,JAX,24,31,L,JAX,7,55,FiveThirtyEight
2009_2009-09-27_NYG_TB,2009,NA,2009-09-27,Regular Season,FALSE,TB,NYG,0,24,L,NYG,24,24,FiveThirtyEight
2009_2009-09-27_TEN_NYJ,2009,NA,2009-09-27,Regular Season,FALSE,NYJ,TEN,24,17,W,NYJ,7,41,FiveThirtyEight
2009_2009-09-27_NO_BUF,2009,NA,2009-09-27,Regular Season,FALSE,BUF,NO,7,27,L,NO,20,34,FiveThirtyEight
2009_2009-09-27_MIA_LAC,2009,NA,2009-09-27,Regular Season,FALSE,LAC,MIA,23,13,W,LAC,10,36,FiveThirtyEight
2009_2009-09-27_SF_MIN,2009,NA,2009-09-27,Regular Season,FALSE,MIN,SF,27,24,W,MIN,3,51,FiveThirtyEight
2009_2009-09-27_PIT_CIN,2009,NA,2009-09-27,Regular Season,FALSE,CIN,PIT,23,20,W,CIN,3,43,FiveThirtyEight
2009_2009-09-27_CHI_SEA,2009,NA,2009-09-27,Regular Season,FALSE,SEA,CHI,19,25,L,CHI,6,44,FiveThirtyEight
2009_2009-09-27_CLE_BAL,2009,NA,2009-09-27,Regular Season,FALSE,BAL,CLE,34,3,W,BAL,31,37,FiveThirtyEight
2009_2009-09-27_DEN_LV,2009,NA,2009-09-27,Regular Season,FALSE,LV,DEN,3,23,L,DEN,20,26,FiveThirtyEight
2009_2009-09-27_GB_LA,2009,NA,2009-09-27,Regular Season,FALSE,LA,GB,17,36,L,GB,19,53,FiveThirtyEight
2009_2009-09-27_KC_PHI,2009,NA,2009-09-27,Regular Season,FALSE,PHI,KC,34,14,W,PHI,20,48,FiveThirtyEight
2009_2009-09-27_IND_ARI,2009,NA,2009-09-27,Regular Season,FALSE,ARI,IND,10,31,L,IND,21,41,FiveThirtyEight
2009_2009-09-27_WAS_DET,2009,NA,2009-09-27,Regular Season,FALSE,DET,WAS,19,14,W,DET,5,33,FiveThirtyEight
2009_2009-09-28_CAR_DAL,2009,NA,2009-09-28,Regular Season,FALSE,DAL,CAR,21,7,W,DAL,14,28,FiveThirtyEight
2009_2009-10-04_LA_SF,2009,NA,2009-10-04,Regular Season,FALSE,SF,LA,35,0,W,SF,35,35,FiveThirtyEight
2009_2009-10-04_LAC_PIT,2009,NA,2009-10-04,Regular Season,FALSE,PIT,LAC,38,28,W,PIT,10,66,FiveThirtyEight
2009_2009-10-04_BUF_MIA,2009,NA,2009-10-04,Regular Season,FALSE,MIA,BUF,38,10,W,MIA,28,48,FiveThirtyEight
2009_2009-10-04_TB_WAS,2009,NA,2009-10-04,Regular Season,FALSE,WAS,TB,16,13,W,WAS,3,29,FiveThirtyEight
2009_2009-10-04_BAL_NE,2009,NA,2009-10-04,Regular Season,FALSE,NE,BAL,27,21,W,NE,6,48,FiveThirtyEight
2009_2009-10-04_NYJ_NO,2009,NA,2009-10-04,Regular Season,FALSE,NO,NYJ,24,10,W,NO,14,34,FiveThirtyEight
2009_2009-10-04_NYG_KC,2009,NA,2009-10-04,Regular Season,FALSE,KC,NYG,16,27,L,NYG,11,43,FiveThirtyEight
2009_2009-10-04_TEN_JAX,2009,NA,2009-10-04,Regular Season,FALSE,JAX,TEN,37,17,W,JAX,20,54,FiveThirtyEight
2009_2009-10-04_LV_HOU,2009,NA,2009-10-04,Regular Season,FALSE,HOU,LV,29,6,W,HOU,23,35,FiveThirtyEight
2009_2009-10-04_DAL_DEN,2009,NA,2009-10-04,Regular Season,FALSE,DEN,DAL,17,10,W,DEN,7,27,FiveThirtyEight
2009_2009-10-04_SEA_IND,2009,NA,2009-10-04,Regular Season,FALSE,IND,SEA,34,17,W,IND,17,51,FiveThirtyEight
2009_2009-10-04_CIN_CLE,2009,NA,2009-10-04,Regular Season,FALSE,CLE,CIN,20,23,L,CIN,3,43,FiveThirtyEight
2009_2009-10-04_DET_CHI,2009,NA,2009-10-04,Regular Season,FALSE,CHI,DET,48,24,W,CHI,24,72,FiveThirtyEight
2009_2009-10-05_GB_MIN,2009,NA,2009-10-05,Regular Season,FALSE,MIN,GB,30,23,W,MIN,7,53,FiveThirtyEight
2009_2009-10-11_CLE_BUF,2009,NA,2009-10-11,Regular Season,FALSE,BUF,CLE,3,6,L,CLE,3,9,FiveThirtyEight
2009_2009-10-11_MIN_LA,2009,NA,2009-10-11,Regular Season,FALSE,LA,MIN,10,38,L,MIN,28,48,FiveThirtyEight
2009_2009-10-11_HOU_ARI,2009,NA,2009-10-11,Regular Season,FALSE,ARI,HOU,28,21,W,ARI,7,49,FiveThirtyEight
2009_2009-10-11_WAS_CAR,2009,NA,2009-10-11,Regular Season,FALSE,CAR,WAS,20,17,W,CAR,3,37,FiveThirtyEight
2009_2009-10-11_ATL_SF,2009,NA,2009-10-11,Regular Season,FALSE,SF,ATL,10,45,L,ATL,35,55,FiveThirtyEight
2009_2009-10-11_JAX_SEA,2009,NA,2009-10-11,Regular Season,FALSE,SEA,JAX,41,0,W,SEA,41,41,FiveThirtyEight
2009_2009-10-11_CIN_BAL,2009,NA,2009-10-11,Regular Season,FALSE,BAL,CIN,14,17,L,CIN,3,31,FiveThirtyEight
2009_2009-10-11_TB_PHI,2009,NA,2009-10-11,Regular Season,FALSE,PHI,TB,33,14,W,PHI,19,47,FiveThirtyEight
2009_2009-10-11_IND_TEN,2009,NA,2009-10-11,Regular Season,FALSE,TEN,IND,9,31,L,IND,22,40,FiveThirtyEight
2009_2009-10-11_LV_NYG,2009,NA,2009-10-11,Regular Season,FALSE,NYG,LV,44,7,W,NYG,37,51,FiveThirtyEight
2009_2009-10-11_DAL_KC,2009,NA,2009-10-11,Regular Season,FALSE,KC,DAL,20,26,L,DAL,6,46,FiveThirtyEight
2009_2009-10-11_PIT_DET,2009,NA,2009-10-11,Regular Season,FALSE,DET,PIT,20,28,L,PIT,8,48,FiveThirtyEight
2009_2009-10-11_NE_DEN,2009,NA,2009-10-11,Regular Season,FALSE,DEN,NE,20,17,W,DEN,3,37,FiveThirtyEight
2009_2009-10-12_NYJ_MIA,2009,NA,2009-10-12,Regular Season,FALSE,MIA,NYJ,31,27,W,MIA,4,58,FiveThirtyEight
2009_2009-10-18_TEN_NE,2009,NA,2009-10-18,Regular Season,FALSE,NE,TEN,59,0,W,NE,59,59,FiveThirtyEight
2009_2009-10-18_CLE_PIT,2009,NA,2009-10-18,Regular Season,FALSE,PIT,CLE,27,14,W,PIT,13,41,FiveThirtyEight
2009_2009-10-18_CHI_ATL,2009,NA,2009-10-18,Regular Season,FALSE,ATL,CHI,21,14,W,ATL,7,35,FiveThirtyEight
2009_2009-10-18_LA_JAX,2009,NA,2009-10-18,Regular Season,FALSE,JAX,LA,23,20,W,JAX,3,43,FiveThirtyEight
2009_2009-10-18_KC_WAS,2009,NA,2009-10-18,Regular Season,FALSE,WAS,KC,6,14,L,KC,8,20,FiveThirtyEight
2009_2009-10-18_CAR_TB,2009,NA,2009-10-18,Regular Season,FALSE,TB,CAR,21,28,L,CAR,7,49,FiveThirtyEight
2009_2009-10-18_ARI_SEA,2009,NA,2009-10-18,Regular Season,FALSE,SEA,ARI,3,27,L,ARI,24,30,FiveThirtyEight
2009_2009-10-18_PHI_LV,2009,NA,2009-10-18,Regular Season,FALSE,LV,PHI,13,9,W,LV,4,22,FiveThirtyEight
2009_2009-10-18_BUF_NYJ,2009,NA,2009-10-18,Regular Season,FALSE,NYJ,BUF,13,16,L,BUF,3,29,FiveThirtyEight
2009_2009-10-18_HOU_CIN,2009,NA,2009-10-18,Regular Season,FALSE,CIN,HOU,17,28,L,HOU,11,45,FiveThirtyEight
2009_2009-10-18_DET_GB,2009,NA,2009-10-18,Regular Season,FALSE,GB,DET,26,0,W,GB,26,26,FiveThirtyEight
2009_2009-10-18_BAL_MIN,2009,NA,2009-10-18,Regular Season,FALSE,MIN,BAL,33,31,W,MIN,2,64,FiveThirtyEight
2009_2009-10-18_NYG_NO,2009,NA,2009-10-18,Regular Season,FALSE,NO,NYG,48,27,W,NO,21,75,FiveThirtyEight
2009_2009-10-19_DEN_LAC,2009,NA,2009-10-19,Regular Season,FALSE,LAC,DEN,23,34,L,DEN,11,57,FiveThirtyEight
2009_2009-10-25_TB_NE,2009,NA,2009-10-25,Regular Season,TRUE,NE,TB,35,7,W,NE,28,42,FiveThirtyEight
2009_2009-10-25_IND_LA,2009,NA,2009-10-25,Regular Season,FALSE,LA,IND,6,42,L,IND,36,48,FiveThirtyEight
2009_2009-10-25_LAC_KC,2009,NA,2009-10-25,Regular Season,FALSE,KC,LAC,7,37,L,LAC,30,44,FiveThirtyEight
2009_2009-10-25_NYJ_LV,2009,NA,2009-10-25,Regular Season,FALSE,LV,NYJ,0,38,L,NYJ,38,38,FiveThirtyEight
2009_2009-10-25_MIN_PIT,2009,NA,2009-10-25,Regular Season,FALSE,PIT,MIN,27,17,W,PIT,10,44,FiveThirtyEight
2009_2009-10-25_ARI_NYG,2009,NA,2009-10-25,Regular Season,FALSE,NYG,ARI,17,24,L,ARI,7,41,FiveThirtyEight
2009_2009-10-25_NO_MIA,2009,NA,2009-10-25,Regular Season,FALSE,MIA,NO,34,46,L,NO,12,80,FiveThirtyEight
2009_2009-10-25_SF_HOU,2009,NA,2009-10-25,Regular Season,FALSE,HOU,SF,24,21,W,HOU,3,45,FiveThirtyEight
2009_2009-10-25_ATL_DAL,2009,NA,2009-10-25,Regular Season,FALSE,DAL,ATL,37,21,W,DAL,16,58,FiveThirtyEight
2009_2009-10-25_GB_CLE,2009,NA,2009-10-25,Regular Season,FALSE,CLE,GB,3,31,L,GB,28,34,FiveThirtyEight
2009_2009-10-25_CHI_CIN,2009,NA,2009-10-25,Regular Season,FALSE,CIN,CHI,45,10,W,CIN,35,55,FiveThirtyEight
2009_2009-10-25_BUF_CAR,2009,NA,2009-10-25,Regular Season,FALSE,CAR,BUF,9,20,L,BUF,11,29,FiveThirtyEight
2009_2009-10-26_PHI_WAS,2009,NA,2009-10-26,Regular Season,FALSE,WAS,PHI,17,27,L,PHI,10,44,FiveThirtyEight
2009_2009-11-01_SEA_DAL,2009,NA,2009-11-01,Regular Season,FALSE,DAL,SEA,38,17,W,DAL,21,55,FiveThirtyEight
2009_2009-11-01_LV_LAC,2009,NA,2009-11-01,Regular Season,FALSE,LAC,LV,24,16,W,LAC,8,40,FiveThirtyEight
2009_2009-11-01_HOU_BUF,2009,NA,2009-11-01,Regular Season,FALSE,BUF,HOU,10,31,L,HOU,21,41,FiveThirtyEight
2009_2009-11-01_CAR_ARI,2009,NA,2009-11-01,Regular Season,FALSE,ARI,CAR,21,34,L,CAR,13,55,FiveThirtyEight
2009_2009-11-01_LA_DET,2009,NA,2009-11-01,Regular Season,FALSE,DET,LA,10,17,L,LA,7,27,FiveThirtyEight
2009_2009-11-01_MIN_GB,2009,NA,2009-11-01,Regular Season,FALSE,GB,MIN,26,38,L,MIN,12,64,FiveThirtyEight
2009_2009-11-01_CLE_CHI,2009,NA,2009-11-01,Regular Season,FALSE,CHI,CLE,30,6,W,CHI,24,36,FiveThirtyEight
2009_2009-11-01_DEN_BAL,2009,NA,2009-11-01,Regular Season,FALSE,BAL,DEN,30,7,W,BAL,23,37,FiveThirtyEight
2009_2009-11-01_NYG_PHI,2009,NA,2009-11-01,Regular Season,FALSE,PHI,NYG,40,17,W,PHI,23,57,FiveThirtyEight
2009_2009-11-01_JAX_TEN,2009,NA,2009-11-01,Regular Season,FALSE,TEN,JAX,30,13,W,TEN,17,43,FiveThirtyEight
2009_2009-11-01_MIA_NYJ,2009,NA,2009-11-01,Regular Season,FALSE,NYJ,MIA,25,30,L,MIA,5,55,FiveThirtyEight
2009_2009-11-01_SF_IND,2009,NA,2009-11-01,Regular Season,FALSE,IND,SF,18,14,W,IND,4,32,FiveThirtyEight
2009_2009-11-02_ATL_NO,2009,NA,2009-11-02,Regular Season,FALSE,NO,ATL,35,27,W,NO,8,62,FiveThirtyEight
2009_2009-11-08_BAL_CIN,2009,NA,2009-11-08,Regular Season,FALSE,CIN,BAL,17,7,W,CIN,10,24,FiveThirtyEight
2009_2009-11-08_ARI_CHI,2009,NA,2009-11-08,Regular Season,FALSE,CHI,ARI,21,41,L,ARI,20,62,FiveThirtyEight
2009_2009-11-08_WAS_ATL,2009,NA,2009-11-08,Regular Season,FALSE,ATL,WAS,31,17,W,ATL,14,48,FiveThirtyEight
2009_2009-11-08_MIA_NE,2009,NA,2009-11-08,Regular Season,FALSE,NE,MIA,27,17,W,NE,10,44,FiveThirtyEight
2009_2009-11-08_KC_JAX,2009,NA,2009-11-08,Regular Season,FALSE,JAX,KC,24,21,W,JAX,3,45,FiveThirtyEight
2009_2009-11-08_CAR_NO,2009,NA,2009-11-08,Regular Season,FALSE,NO,CAR,30,20,W,NO,10,50,FiveThirtyEight
2009_2009-11-08_HOU_IND,2009,NA,2009-11-08,Regular Season,FALSE,IND,HOU,20,17,W,IND,3,37,FiveThirtyEight
2009_2009-11-08_DAL_PHI,2009,NA,2009-11-08,Regular Season,FALSE,PHI,DAL,16,20,L,DAL,4,36,FiveThirtyEight
2009_2009-11-08_TEN_SF,2009,NA,2009-11-08,Regular Season,FALSE,SF,TEN,27,34,L,TEN,7,61,FiveThirtyEight
2009_2009-11-08_GB_TB,2009,NA,2009-11-08,Regular Season,FALSE,TB,GB,38,28,W,TB,10,66,FiveThirtyEight
2009_2009-11-08_LAC_NYG,2009,NA,2009-11-08,Regular Season,FALSE,NYG,LAC,20,21,L,LAC,1,41,FiveThirtyEight
2009_2009-11-08_DET_SEA,2009,NA,2009-11-08,Regular Season,FALSE,SEA,DET,32,20,W,SEA,12,52,FiveThirtyEight
2009_2009-11-09_PIT_DEN,2009,NA,2009-11-09,Regular Season,FALSE,DEN,PIT,10,28,L,PIT,18,38,FiveThirtyEight
2009_2009-11-12_CHI_SF,2009,NA,2009-11-12,Regular Season,FALSE,SF,CHI,10,6,W,SF,4,16,FiveThirtyEight
2009_2009-11-15_NO_LA,2009,NA,2009-11-15,Regular Season,FALSE,LA,NO,23,28,L,NO,5,51,FiveThirtyEight
2009_2009-11-15_PHI_LAC,2009,NA,2009-11-15,Regular Season,FALSE,LAC,PHI,31,23,W,LAC,8,54,FiveThirtyEight
2009_2009-11-15_DEN_WAS,2009,NA,2009-11-15,Regular Season,FALSE,WAS,DEN,27,17,W,WAS,10,44,FiveThirtyEight
2009_2009-11-15_KC_LV,2009,NA,2009-11-15,Regular Season,FALSE,LV,KC,10,16,L,KC,6,26,FiveThirtyEight
2009_2009-11-15_CIN_PIT,2009,NA,2009-11-15,Regular Season,FALSE,PIT,CIN,12,18,L,CIN,6,30,FiveThirtyEight
2009_2009-11-15_JAX_NYJ,2009,NA,2009-11-15,Regular Season,FALSE,NYJ,JAX,22,24,L,JAX,2,46,FiveThirtyEight
2009_2009-11-15_DET_MIN,2009,NA,2009-11-15,Regular Season,FALSE,MIN,DET,27,10,W,MIN,17,37,FiveThirtyEight
2009_2009-11-15_TB_MIA,2009,NA,2009-11-15,Regular Season,FALSE,MIA,TB,25,23,W,MIA,2,48,FiveThirtyEight
2009_2009-11-15_DAL_GB,2009,NA,2009-11-15,Regular Season,FALSE,GB,DAL,17,7,W,GB,10,24,FiveThirtyEight
2009_2009-11-15_SEA_ARI,2009,NA,2009-11-15,Regular Season,FALSE,ARI,SEA,31,20,W,ARI,11,51,FiveThirtyEight
2009_2009-11-15_NE_IND,2009,NA,2009-11-15,Regular Season,FALSE,IND,NE,35,34,W,IND,1,69,FiveThirtyEight
2009_2009-11-15_ATL_CAR,2009,NA,2009-11-15,Regular Season,FALSE,CAR,ATL,28,19,W,CAR,9,47,FiveThirtyEight
2009_2009-11-15_BUF_TEN,2009,NA,2009-11-15,Regular Season,FALSE,TEN,BUF,41,17,W,TEN,24,58,FiveThirtyEight
2009_2009-11-16_BAL_CLE,2009,NA,2009-11-16,Regular Season,FALSE,CLE,BAL,0,16,L,BAL,16,16,FiveThirtyEight
2009_2009-11-19_MIA_CAR,2009,NA,2009-11-19,Regular Season,FALSE,CAR,MIA,17,24,L,MIA,7,41,FiveThirtyEight
2009_2009-11-22_SEA_MIN,2009,NA,2009-11-22,Regular Season,FALSE,MIN,SEA,35,9,W,MIN,26,44,FiveThirtyEight
2009_2009-11-22_PIT_KC,2009,NA,2009-11-22,Regular Season,FALSE,KC,PIT,27,24,W,KC,3,51,FiveThirtyEight
2009_2009-11-22_BUF_JAX,2009,NA,2009-11-22,Regular Season,FALSE,JAX,BUF,18,15,W,JAX,3,33,FiveThirtyEight
2009_2009-11-22_SF_GB,2009,NA,2009-11-22,Regular Season,FALSE,GB,SF,30,24,W,GB,6,54,FiveThirtyEight
2009_2009-11-22_CLE_DET,2009,NA,2009-11-22,Regular Season,FALSE,DET,CLE,38,37,W,DET,1,75,FiveThirtyEight
2009_2009-11-22_NYJ_NE,2009,NA,2009-11-22,Regular Season,FALSE,NE,NYJ,31,14,W,NE,17,45,FiveThirtyEight
2009_2009-11-22_ATL_NYG,2009,NA,2009-11-22,Regular Season,FALSE,NYG,ATL,34,31,W,NYG,3,65,FiveThirtyEight
2009_2009-11-22_CIN_LV,2009,NA,2009-11-22,Regular Season,FALSE,LV,CIN,20,17,W,LV,3,37,FiveThirtyEight
2009_2009-11-22_NO_TB,2009,NA,2009-11-22,Regular Season,FALSE,TB,NO,7,38,L,NO,31,45,FiveThirtyEight
2009_2009-11-22_PHI_CHI,2009,NA,2009-11-22,Regular Season,FALSE,CHI,PHI,20,24,L,PHI,4,44,FiveThirtyEight
2009_2009-11-22_WAS_DAL,2009,NA,2009-11-22,Regular Season,FALSE,DAL,WAS,7,6,W,DAL,1,13,FiveThirtyEight
2009_2009-11-22_ARI_LA,2009,NA,2009-11-22,Regular Season,FALSE,LA,ARI,13,21,L,ARI,8,34,FiveThirtyEight
2009_2009-11-22_LAC_DEN,2009,NA,2009-11-22,Regular Season,FALSE,DEN,LAC,3,32,L,LAC,29,35,FiveThirtyEight
2009_2009-11-22_IND_BAL,2009,NA,2009-11-22,Regular Season,FALSE,BAL,IND,15,17,L,IND,2,32,FiveThirtyEight
2009_2009-11-23_TEN_HOU,2009,NA,2009-11-23,Regular Season,FALSE,HOU,TEN,17,20,L,TEN,3,37,FiveThirtyEight
2009_2009-11-26_NYG_DEN,2009,NA,2009-11-26,Regular Season,FALSE,DEN,NYG,26,6,W,DEN,20,32,FiveThirtyEight
2009_2009-11-26_LV_DAL,2009,NA,2009-11-26,Regular Season,FALSE,DAL,LV,24,7,W,DAL,17,31,FiveThirtyEight
2009_2009-11-26_GB_DET,2009,NA,2009-11-26,Regular Season,FALSE,DET,GB,12,34,L,GB,22,46,FiveThirtyEight
2009_2009-11-29_JAX_SF,2009,NA,2009-11-29,Regular Season,FALSE,SF,JAX,20,3,W,SF,17,23,FiveThirtyEight
2009_2009-11-29_KC_LAC,2009,NA,2009-11-29,Regular Season,FALSE,LAC,KC,43,14,W,LAC,29,57,FiveThirtyEight
2009_2009-11-29_SEA_LA,2009,NA,2009-11-29,Regular Season,FALSE,LA,SEA,17,27,L,SEA,10,44,FiveThirtyEight
2009_2009-11-29_ARI_TEN,2009,NA,2009-11-29,Regular Season,FALSE,TEN,ARI,20,17,W,TEN,3,37,FiveThirtyEight
2009_2009-11-29_TB_ATL,2009,NA,2009-11-29,Regular Season,FALSE,ATL,TB,20,17,W,ATL,3,37,FiveThirtyEight
2009_2009-11-29_MIA_BUF,2009,NA,2009-11-29,Regular Season,FALSE,BUF,MIA,31,14,W,BUF,17,45,FiveThirtyEight
2009_2009-11-29_PIT_BAL,2009,NA,2009-11-29,Regular Season,FALSE,BAL,PIT,20,17,W,BAL,3,37,FiveThirtyEight
2009_2009-11-29_CLE_CIN,2009,NA,2009-11-29,Regular Season,FALSE,CIN,CLE,16,7,W,CIN,9,23,FiveThirtyEight
2009_2009-11-29_IND_HOU,2009,NA,2009-11-29,Regular Season,FALSE,HOU,IND,27,35,L,IND,8,62,FiveThirtyEight
2009_2009-11-29_CHI_MIN,2009,NA,2009-11-29,Regular Season,FALSE,MIN,CHI,36,10,W,MIN,26,46,FiveThirtyEight
2009_2009-11-29_CAR_NYJ,2009,NA,2009-11-29,Regular Season,FALSE,NYJ,CAR,17,6,W,NYJ,11,23,FiveThirtyEight
2009_2009-11-29_WAS_PHI,2009,NA,2009-11-29,Regular Season,FALSE,PHI,WAS,27,24,W,PHI,3,51,FiveThirtyEight
2009_2009-11-30_NE_NO,2009,NA,2009-11-30,Regular Season,FALSE,NO,NE,38,17,W,NO,21,55,FiveThirtyEight
2009_2009-12-03_NYJ_BUF,2009,NA,2009-12-03,Regular Season,FALSE,BUF,NYJ,13,19,L,NYJ,6,32,FiveThirtyEight
2009_2009-12-06_MIN_ARI,2009,NA,2009-12-06,Regular Season,FALSE,ARI,MIN,30,17,W,ARI,13,47,FiveThirtyEight
2009_2009-12-06_SF_SEA,2009,NA,2009-12-06,Regular Season,FALSE,SEA,SF,20,17,W,SEA,3,37,FiveThirtyEight
2009_2009-12-06_NO_WAS,2009,NA,2009-12-06,Regular Season,FALSE,WAS,NO,30,33,L,NO,3,63,FiveThirtyEight
2009_2009-12-06_PHI_ATL,2009,NA,2009-12-06,Regular Season,FALSE,ATL,PHI,7,34,L,PHI,27,41,FiveThirtyEight
2009_2009-12-06_TB_CAR,2009,NA,2009-12-06,Regular Season,FALSE,CAR,TB,16,6,W,CAR,10,22,FiveThirtyEight
2009_2009-12-06_DET_CIN,2009,NA,2009-12-06,Regular Season,FALSE,CIN,DET,23,13,W,CIN,10,36,FiveThirtyEight
2009_2009-12-06_TEN_IND,2009,NA,2009-12-06,Regular Season,FALSE,IND,TEN,27,17,W,IND,10,44,FiveThirtyEight
2009_2009-12-06_HOU_JAX,2009,NA,2009-12-06,Regular Season,FALSE,JAX,HOU,23,18,W,JAX,5,41,FiveThirtyEight
2009_2009-12-06_DEN_KC,2009,NA,2009-12-06,Regular Season,FALSE,KC,DEN,13,44,L,DEN,31,57,FiveThirtyEight
2009_2009-12-06_NE_MIA,2009,NA,2009-12-06,Regular Season,FALSE,MIA,NE,22,21,W,MIA,1,43,FiveThirtyEight
2009_2009-12-06_DAL_NYG,2009,NA,2009-12-06,Regular Season,FALSE,NYG,DAL,31,24,W,NYG,7,55,FiveThirtyEight
2009_2009-12-06_LV_PIT,2009,NA,2009-12-06,Regular Season,FALSE,PIT,LV,24,27,L,LV,3,51,FiveThirtyEight
2009_2009-12-06_LAC_CLE,2009,NA,2009-12-06,Regular Season,FALSE,CLE,LAC,23,30,L,LAC,7,53,FiveThirtyEight
2009_2009-12-06_LA_CHI,2009,NA,2009-12-06,Regular Season,FALSE,CHI,LA,17,9,W,CHI,8,26,FiveThirtyEight
2009_2009-12-07_BAL_GB,2009,NA,2009-12-07,Regular Season,FALSE,GB,BAL,27,14,W,GB,13,41,FiveThirtyEight
2009_2009-12-10_PIT_CLE,2009,NA,2009-12-10,Regular Season,FALSE,CLE,PIT,13,6,W,CLE,7,19,FiveThirtyEight
2009_2009-12-13_BUF_KC,2009,NA,2009-12-13,Regular Season,FALSE,KC,BUF,10,16,L,BUF,6,26,FiveThirtyEight
2009_2009-12-13_LAC_DAL,2009,NA,2009-12-13,Regular Season,FALSE,DAL,LAC,17,20,L,LAC,3,37,FiveThirtyEight
2009_2009-12-13_DET_BAL,2009,NA,2009-12-13,Regular Season,FALSE,BAL,DET,48,3,W,BAL,45,51,FiveThirtyEight
2009_2009-12-13_NYJ_TB,2009,NA,2009-12-13,Regular Season,FALSE,TB,NYJ,3,26,L,NYJ,23,29,FiveThirtyEight
2009_2009-12-13_NO_ATL,2009,NA,2009-12-13,Regular Season,FALSE,ATL,NO,23,26,L,NO,3,49,FiveThirtyEight
2009_2009-12-13_DEN_IND,2009,NA,2009-12-13,Regular Season,FALSE,IND,DEN,28,16,W,IND,12,44,FiveThirtyEight
2009_2009-12-13_SEA_HOU,2009,NA,2009-12-13,Regular Season,FALSE,HOU,SEA,34,7,W,HOU,27,41,FiveThirtyEight
2009_2009-12-13_MIA_JAX,2009,NA,2009-12-13,Regular Season,FALSE,JAX,MIA,10,14,L,MIA,4,24,FiveThirtyEight
2009_2009-12-13_CIN_MIN,2009,NA,2009-12-13,Regular Season,FALSE,MIN,CIN,30,10,W,MIN,20,40,FiveThirtyEight
2009_2009-12-13_CAR_NE,2009,NA,2009-12-13,Regular Season,FALSE,NE,CAR,20,10,W,NE,10,30,FiveThirtyEight
2009_2009-12-13_LA_TEN,2009,NA,2009-12-13,Regular Season,FALSE,TEN,LA,47,7,W,TEN,40,54,FiveThirtyEight
2009_2009-12-13_GB_CHI,2009,NA,2009-12-13,Regular Season,FALSE,CHI,GB,14,21,L,GB,7,35,FiveThirtyEight
2009_2009-12-13_WAS_LV,2009,NA,2009-12-13,Regular Season,FALSE,LV,WAS,13,34,L,WAS,21,47,FiveThirtyEight
2009_2009-12-13_PHI_NYG,2009,NA,2009-12-13,Regular Season,FALSE,NYG,PHI,38,45,L,PHI,7,83,FiveThirtyEight
2009_2009-12-14_ARI_SF,2009,NA,2009-12-14,Regular Season,FALSE,SF,ARI,24,9,W,SF,15,33,FiveThirtyEight
2009_2009-12-17_IND_JAX,2009,NA,2009-12-17,Regular Season,FALSE,JAX,IND,31,35,L,IND,4,66,FiveThirtyEight
2009_2009-12-19_DAL_NO,2009,NA,2009-12-19,Regular Season,FALSE,NO,DAL,17,24,L,DAL,7,41,FiveThirtyEight
2009_2009-12-20_TB_SEA,2009,NA,2009-12-20,Regular Season,FALSE,SEA,TB,7,24,L,TB,17,31,FiveThirtyEight
2009_2009-12-20_CHI_BAL,2009,NA,2009-12-20,Regular Season,FALSE,BAL,CHI,31,7,W,BAL,24,38,FiveThirtyEight
2009_2009-12-20_GB_PIT,2009,NA,2009-12-20,Regular Season,FALSE,PIT,GB,37,36,W,PIT,1,73,FiveThirtyEight
2009_2009-12-20_CIN_LAC,2009,NA,2009-12-20,Regular Season,FALSE,LAC,CIN,27,24,W,LAC,3,51,FiveThirtyEight
2009_2009-12-20_SF_PHI,2009,NA,2009-12-20,Regular Season,FALSE,PHI,SF,27,13,W,PHI,14,40,FiveThirtyEight
2009_2009-12-20_ARI_DET,2009,NA,2009-12-20,Regular Season,FALSE,DET,ARI,24,31,L,ARI,7,55,FiveThirtyEight
2009_2009-12-20_MIN_CAR,2009,NA,2009-12-20,Regular Season,FALSE,CAR,MIN,26,7,W,CAR,19,33,FiveThirtyEight
2009_2009-12-20_LV_DEN,2009,NA,2009-12-20,Regular Season,FALSE,DEN,LV,19,20,L,LV,1,39,FiveThirtyEight
2009_2009-12-20_CLE_KC,2009,NA,2009-12-20,Regular Season,FALSE,KC,CLE,34,41,L,CLE,7,75,FiveThirtyEight
2009_2009-12-20_MIA_TEN,2009,NA,2009-12-20,Regular Season,FALSE,TEN,MIA,27,24,W,TEN,3,51,FiveThirtyEight
2009_2009-12-20_NE_BUF,2009,NA,2009-12-20,Regular Season,FALSE,BUF,NE,10,17,L,NE,7,27,FiveThirtyEight
2009_2009-12-20_HOU_LA,2009,NA,2009-12-20,Regular Season,FALSE,LA,HOU,13,16,L,HOU,3,29,FiveThirtyEight
2009_2009-12-20_ATL_NYJ,2009,NA,2009-12-20,Regular Season,FALSE,NYJ,ATL,7,10,L,ATL,3,17,FiveThirtyEight
2009_2009-12-21_NYG_WAS,2009,NA,2009-12-21,Regular Season,FALSE,WAS,NYG,12,45,L,NYG,33,57,FiveThirtyEight
2009_2009-12-25_LAC_TEN,2009,NA,2009-12-25,Regular Season,FALSE,TEN,LAC,17,42,L,LAC,25,59,FiveThirtyEight
2009_2009-12-27_BUF_ATL,2009,NA,2009-12-27,Regular Season,FALSE,ATL,BUF,31,3,W,ATL,28,34,FiveThirtyEight
2009_2009-12-27_DET_SF,2009,NA,2009-12-27,Regular Season,FALSE,SF,DET,20,6,W,SF,14,26,FiveThirtyEight
2009_2009-12-27_DEN_PHI,2009,NA,2009-12-27,Regular Season,FALSE,PHI,DEN,30,27,W,PHI,3,57,FiveThirtyEight
2009_2009-12-27_CAR_NYG,2009,NA,2009-12-27,Regular Season,FALSE,NYG,CAR,9,41,L,CAR,32,50,FiveThirtyEight
2009_2009-12-27_JAX_NE,2009,NA,2009-12-27,Regular Season,FALSE,NE,JAX,35,7,W,NE,28,42,FiveThirtyEight
2009_2009-12-27_TB_NO,2009,NA,2009-12-27,Regular Season,FALSE,NO,TB,17,20,L,TB,3,37,FiveThirtyEight
2009_2009-12-27_HOU_MIA,2009,NA,2009-12-27,Regular Season,FALSE,MIA,HOU,20,27,L,HOU,7,47,FiveThirtyEight
2009_2009-12-27_BAL_PIT,2009,NA,2009-12-27,Regular Season,FALSE,PIT,BAL,23,20,W,PIT,3,43,FiveThirtyEight
2009_2009-12-27_SEA_GB,2009,NA,2009-12-27,Regular Season,FALSE,GB,SEA,48,10,W,GB,38,58,FiveThirtyEight
2009_2009-12-27_NYJ_IND,2009,NA,2009-12-27,Regular Season,FALSE,IND,NYJ,15,29,L,NYJ,14,44,FiveThirtyEight
2009_2009-12-27_DAL_WAS,2009,NA,2009-12-27,Regular Season,FALSE,WAS,DAL,0,17,L,DAL,17,17,FiveThirtyEight
2009_2009-12-27_LV_CLE,2009,NA,2009-12-27,Regular Season,FALSE,CLE,LV,23,9,W,CLE,14,32,FiveThirtyEight
2009_2009-12-27_LA_ARI,2009,NA,2009-12-27,Regular Season,FALSE,ARI,LA,31,10,W,ARI,21,41,FiveThirtyEight
2009_2009-12-27_KC_CIN,2009,NA,2009-12-27,Regular Season,FALSE,CIN,KC,17,10,W,CIN,7,27,FiveThirtyEight
2009_2009-12-28_MIN_CHI,2009,NA,2009-12-28,Regular Season,FALSE,CHI,MIN,36,30,W,CHI,6,66,FiveThirtyEight
2009_2010-01-03_NYG_MIN,2009,NA,2010-01-03,Regular Season,FALSE,MIN,NYG,44,7,W,MIN,37,51,FiveThirtyEight
2009_2010-01-03_IND_BUF,2009,NA,2010-01-03,Regular Season,FALSE,BUF,IND,30,7,W,BUF,23,37,FiveThirtyEight
2009_2010-01-03_NO_CAR,2009,NA,2010-01-03,Regular Season,FALSE,CAR,NO,23,10,W,CAR,13,33,FiveThirtyEight
2009_2010-01-03_JAX_CLE,2009,NA,2010-01-03,Regular Season,FALSE,CLE,JAX,23,17,W,CLE,6,40,FiveThirtyEight
2009_2010-01-03_GB_ARI,2009,NA,2010-01-03,Regular Season,FALSE,ARI,GB,7,33,L,GB,26,40,FiveThirtyEight
2009_2010-01-03_PHI_DAL,2009,NA,2010-01-03,Regular Season,FALSE,DAL,PHI,24,0,W,DAL,24,24,FiveThirtyEight
2009_2010-01-03_KC_DEN,2009,NA,2010-01-03,Regular Season,FALSE,DEN,KC,24,44,L,KC,20,68,FiveThirtyEight
2009_2010-01-03_CHI_DET,2009,NA,2010-01-03,Regular Season,FALSE,DET,CHI,23,37,L,CHI,14,60,FiveThirtyEight
2009_2010-01-03_NE_HOU,2009,NA,2010-01-03,Regular Season,FALSE,HOU,NE,34,27,W,HOU,7,61,FiveThirtyEight
2009_2010-01-03_PIT_MIA,2009,NA,2010-01-03,Regular Season,FALSE,MIA,PIT,24,30,L,PIT,6,54,FiveThirtyEight
2009_2010-01-03_CIN_NYJ,2009,NA,2010-01-03,Regular Season,FALSE,NYJ,CIN,37,0,W,NYJ,37,37,FiveThirtyEight
2009_2010-01-03_BAL_LV,2009,NA,2010-01-03,Regular Season,FALSE,LV,BAL,13,21,L,BAL,8,34,FiveThirtyEight
2009_2010-01-03_TEN_SEA,2009,NA,2010-01-03,Regular Season,FALSE,SEA,TEN,13,17,L,TEN,4,30,FiveThirtyEight
2009_2010-01-03_ATL_TB,2009,NA,2010-01-03,Regular Season,FALSE,TB,ATL,10,20,L,ATL,10,30,FiveThirtyEight
2009_2010-01-03_SF_LA,2009,NA,2010-01-03,Regular Season,FALSE,LA,SF,6,28,L,SF,22,34,FiveThirtyEight
2009_2010-01-03_WAS_LAC,2009,NA,2010-01-03,Regular Season,FALSE,LAC,WAS,23,20,W,LAC,3,43,FiveThirtyEight
2010_2010-09-09_MIN_NO,2010,NA,2010-09-09,Regular Season,FALSE,NO,MIN,14,9,W,NO,5,23,FiveThirtyEight
2010_2010-09-12_IND_HOU,2010,NA,2010-09-12,Regular Season,FALSE,HOU,IND,34,24,W,HOU,10,58,FiveThirtyEight
2010_2010-09-12_ARI_LA,2010,NA,2010-09-12,Regular Season,FALSE,LA,ARI,13,17,L,ARI,4,30,FiveThirtyEight
2010_2010-09-12_SF_SEA,2010,NA,2010-09-12,Regular Season,FALSE,SEA,SF,31,6,W,SEA,25,37,FiveThirtyEight
2010_2010-09-12_DAL_WAS,2010,NA,2010-09-12,Regular Season,FALSE,WAS,DAL,13,7,W,WAS,6,20,FiveThirtyEight
2010_2010-09-12_CLE_TB,2010,NA,2010-09-12,Regular Season,FALSE,TB,CLE,17,14,W,TB,3,31,FiveThirtyEight
2010_2010-09-12_MIA_BUF,2010,NA,2010-09-12,Regular Season,FALSE,BUF,MIA,10,15,L,MIA,5,25,FiveThirtyEight
2010_2010-09-12_DET_CHI,2010,NA,2010-09-12,Regular Season,FALSE,CHI,DET,19,14,W,CHI,5,33,FiveThirtyEight
2010_2010-09-12_DEN_JAX,2010,NA,2010-09-12,Regular Season,FALSE,JAX,DEN,24,17,W,JAX,7,41,FiveThirtyEight
2010_2010-09-12_CIN_NE,2010,NA,2010-09-12,Regular Season,FALSE,NE,CIN,38,24,W,NE,14,62,FiveThirtyEight
2010_2010-09-12_CAR_NYG,2010,NA,2010-09-12,Regular Season,FALSE,NYG,CAR,31,18,W,NYG,13,49,FiveThirtyEight
2010_2010-09-12_LV_TEN,2010,NA,2010-09-12,Regular Season,FALSE,TEN,LV,38,13,W,TEN,25,51,FiveThirtyEight
2010_2010-09-12_GB_PHI,2010,NA,2010-09-12,Regular Season,FALSE,PHI,GB,20,27,L,GB,7,47,FiveThirtyEight
2010_2010-09-12_ATL_PIT,2010,NA,2010-09-12,Regular Season,FALSE,PIT,ATL,15,9,W,PIT,6,24,FiveThirtyEight
2010_2010-09-13_BAL_NYJ,2010,NA,2010-09-13,Regular Season,FALSE,NYJ,BAL,9,10,L,BAL,1,19,FiveThirtyEight
2010_2010-09-13_LAC_KC,2010,NA,2010-09-13,Regular Season,FALSE,KC,LAC,21,14,W,KC,7,35,FiveThirtyEight
2010_2010-09-19_SEA_DEN,2010,NA,2010-09-19,Regular Season,FALSE,DEN,SEA,31,14,W,DEN,17,45,FiveThirtyEight
2010_2010-09-19_PHI_DET,2010,NA,2010-09-19,Regular Season,FALSE,DET,PHI,32,35,L,PHI,3,67,FiveThirtyEight
2010_2010-09-19_BUF_GB,2010,NA,2010-09-19,Regular Season,FALSE,GB,BUF,34,7,W,GB,27,41,FiveThirtyEight
2010_2010-09-19_NE_NYJ,2010,NA,2010-09-19,Regular Season,FALSE,NYJ,NE,28,14,W,NYJ,14,42,FiveThirtyEight
2010_2010-09-19_PIT_TEN,2010,NA,2010-09-19,Regular Season,FALSE,TEN,PIT,11,19,L,PIT,8,30,FiveThirtyEight
2010_2010-09-19_HOU_WAS,2010,NA,2010-09-19,Regular Season,FALSE,WAS,HOU,27,30,L,HOU,3,57,FiveThirtyEight
2010_2010-09-19_MIA_MIN,2010,NA,2010-09-19,Regular Season,FALSE,MIN,MIA,10,14,L,MIA,4,24,FiveThirtyEight
2010_2010-09-19_JAX_LAC,2010,NA,2010-09-19,Regular Season,FALSE,LAC,JAX,38,13,W,LAC,25,51,FiveThirtyEight
2010_2010-09-19_LA_LV,2010,NA,2010-09-19,Regular Season,FALSE,LV,LA,16,14,W,LV,2,30,FiveThirtyEight
2010_2010-09-19_KC_CLE,2010,NA,2010-09-19,Regular Season,FALSE,CLE,KC,14,16,L,KC,2,30,FiveThirtyEight
2010_2010-09-19_CHI_DAL,2010,NA,2010-09-19,Regular Season,FALSE,DAL,CHI,20,27,L,CHI,7,47,FiveThirtyEight
2010_2010-09-19_NYG_IND,2010,NA,2010-09-19,Regular Season,FALSE,IND,NYG,38,14,W,IND,24,52,FiveThirtyEight
2010_2010-09-19_ARI_ATL,2010,NA,2010-09-19,Regular Season,FALSE,ATL,ARI,41,7,W,ATL,34,48,FiveThirtyEight
2010_2010-09-19_TB_CAR,2010,NA,2010-09-19,Regular Season,FALSE,CAR,TB,7,20,L,TB,13,27,FiveThirtyEight
2010_2010-09-19_BAL_CIN,2010,NA,2010-09-19,Regular Season,FALSE,CIN,BAL,15,10,W,CIN,5,25,FiveThirtyEight
2010_2010-09-20_NO_SF,2010,NA,2010-09-20,Regular Season,FALSE,SF,NO,22,25,L,NO,3,47,FiveThirtyEight
2010_2010-09-26_DAL_HOU,2010,NA,2010-09-26,Regular Season,FALSE,HOU,DAL,13,27,L,DAL,14,40,FiveThirtyEight
2010_2010-09-26_WAS_LA,2010,NA,2010-09-26,Regular Season,FALSE,LA,WAS,30,16,W,LA,14,46,FiveThirtyEight
2010_2010-09-26_LAC_SEA,2010,NA,2010-09-26,Regular Season,FALSE,SEA,LAC,27,20,W,SEA,7,47,FiveThirtyEight
2010_2010-09-26_PIT_TB,2010,NA,2010-09-26,Regular Season,FALSE,TB,PIT,13,38,L,PIT,25,51,FiveThirtyEight
2010_2010-09-26_CLE_BAL,2010,NA,2010-09-26,Regular Season,FALSE,BAL,CLE,24,17,W,BAL,7,41,FiveThirtyEight
2010_2010-09-26_TEN_NYG,2010,NA,2010-09-26,Regular Season,FALSE,NYG,TEN,10,29,L,TEN,19,39,FiveThirtyEight
2010_2010-09-26_BUF_NE,2010,NA,2010-09-26,Regular Season,FALSE,NE,BUF,38,30,W,NE,8,68,FiveThirtyEight
2010_2010-09-26_ATL_NO,2010,NA,2010-09-26,Regular Season,FALSE,NO,ATL,24,27,L,ATL,3,51,FiveThirtyEight
2010_2010-09-26_DET_MIN,2010,NA,2010-09-26,Regular Season,FALSE,MIN,DET,24,10,W,MIN,14,34,FiveThirtyEight
2010_2010-09-26_NYJ_MIA,2010,NA,2010-09-26,Regular Season,FALSE,MIA,NYJ,23,31,L,NYJ,8,54,FiveThirtyEight
2010_2010-09-26_SF_KC,2010,NA,2010-09-26,Regular Season,FALSE,KC,SF,31,10,W,KC,21,41,FiveThirtyEight
2010_2010-09-26_PHI_JAX,2010,NA,2010-09-26,Regular Season,FALSE,JAX,PHI,3,28,L,PHI,25,31,FiveThirtyEight
2010_2010-09-26_IND_DEN,2010,NA,2010-09-26,Regular Season,FALSE,DEN,IND,13,27,L,IND,14,40,FiveThirtyEight
2010_2010-09-26_LV_ARI,2010,NA,2010-09-26,Regular Season,FALSE,ARI,LV,24,23,W,ARI,1,47,FiveThirtyEight
2010_2010-09-26_CIN_CAR,2010,NA,2010-09-26,Regular Season,FALSE,CAR,CIN,7,20,L,CIN,13,27,FiveThirtyEight
2010_2010-09-27_GB_CHI,2010,NA,2010-09-27,Regular Season,FALSE,CHI,GB,20,17,W,CHI,3,37,FiveThirtyEight
2010_2010-10-03_SEA_LA,2010,NA,2010-10-03,Regular Season,FALSE,LA,SEA,20,3,W,LA,17,23,FiveThirtyEight
2010_2010-10-03_ARI_LAC,2010,NA,2010-10-03,Regular Season,FALSE,LAC,ARI,41,10,W,LAC,31,51,FiveThirtyEight
2010_2010-10-03_BAL_PIT,2010,NA,2010-10-03,Regular Season,FALSE,PIT,BAL,14,17,L,BAL,3,31,FiveThirtyEight
2010_2010-10-03_WAS_PHI,2010,NA,2010-10-03,Regular Season,FALSE,PHI,WAS,12,17,L,WAS,5,29,FiveThirtyEight
2010_2010-10-03_DEN_TEN,2010,NA,2010-10-03,Regular Season,FALSE,TEN,DEN,20,26,L,DEN,6,46,FiveThirtyEight
2010_2010-10-03_NYJ_BUF,2010,NA,2010-10-03,Regular Season,FALSE,BUF,NYJ,14,38,L,NYJ,24,52,FiveThirtyEight
2010_2010-10-03_CHI_NYG,2010,NA,2010-10-03,Regular Season,FALSE,NYG,CHI,17,3,W,NYG,14,20,FiveThirtyEight
2010_2010-10-03_CAR_NO,2010,NA,2010-10-03,Regular Season,FALSE,NO,CAR,16,14,W,NO,2,30,FiveThirtyEight
2010_2010-10-03_IND_JAX,2010,NA,2010-10-03,Regular Season,FALSE,JAX,IND,31,28,W,JAX,3,59,FiveThirtyEight
2010_2010-10-03_HOU_LV,2010,NA,2010-10-03,Regular Season,FALSE,LV,HOU,24,31,L,HOU,7,55,FiveThirtyEight
2010_2010-10-03_DET_GB,2010,NA,2010-10-03,Regular Season,FALSE,GB,DET,28,26,W,GB,2,54,FiveThirtyEight
2010_2010-10-03_CIN_CLE,2010,NA,2010-10-03,Regular Season,FALSE,CLE,CIN,23,20,W,CLE,3,43,FiveThirtyEight
2010_2010-10-03_SF_ATL,2010,NA,2010-10-03,Regular Season,FALSE,ATL,SF,16,14,W,ATL,2,30,FiveThirtyEight
2010_2010-10-04_NE_MIA,2010,NA,2010-10-04,Regular Season,FALSE,MIA,NE,14,41,L,NE,27,55,FiveThirtyEight
2010_2010-10-10_LAC_LV,2010,NA,2010-10-10,Regular Season,FALSE,LV,LAC,35,27,W,LV,8,62,FiveThirtyEight
2010_2010-10-10_KC_IND,2010,NA,2010-10-10,Regular Season,FALSE,IND,KC,19,9,W,IND,10,28,FiveThirtyEight
2010_2010-10-10_JAX_BUF,2010,NA,2010-10-10,Regular Season,FALSE,BUF,JAX,26,36,L,JAX,10,62,FiveThirtyEight
2010_2010-10-10_CHI_CAR,2010,NA,2010-10-10,Regular Season,FALSE,CAR,CHI,6,23,L,CHI,17,29,FiveThirtyEight
2010_2010-10-10_TB_CIN,2010,NA,2010-10-10,Regular Season,FALSE,CIN,TB,21,24,L,TB,3,45,FiveThirtyEight
2010_2010-10-10_ATL_CLE,2010,NA,2010-10-10,Regular Season,FALSE,CLE,ATL,10,20,L,ATL,10,30,FiveThirtyEight
2010_2010-10-10_LA_DET,2010,NA,2010-10-10,Regular Season,FALSE,DET,LA,44,6,W,DET,38,50,FiveThirtyEight
2010_2010-10-10_NO_ARI,2010,NA,2010-10-10,Regular Season,FALSE,ARI,NO,30,20,W,ARI,10,50,FiveThirtyEight
2010_2010-10-10_TEN_DAL,2010,NA,2010-10-10,Regular Season,FALSE,DAL,TEN,27,34,L,TEN,7,61,FiveThirtyEight
2010_2010-10-10_NYG_HOU,2010,NA,2010-10-10,Regular Season,FALSE,HOU,NYG,10,34,L,NYG,24,44,FiveThirtyEight
2010_2010-10-10_DEN_BAL,2010,NA,2010-10-10,Regular Season,FALSE,BAL,DEN,31,17,W,BAL,14,48,FiveThirtyEight
2010_2010-10-10_PHI_SF,2010,NA,2010-10-10,Regular Season,FALSE,SF,PHI,24,27,L,PHI,3,51,FiveThirtyEight
2010_2010-10-10_GB_WAS,2010,NA,2010-10-10,Regular Season,FALSE,WAS,GB,16,13,W,WAS,3,29,FiveThirtyEight
2010_2010-10-11_MIN_NYJ,2010,NA,2010-10-11,Regular Season,FALSE,NYJ,MIN,29,20,W,NYJ,9,49,FiveThirtyEight
2010_2010-10-17_LAC_LA,2010,NA,2010-10-17,Regular Season,FALSE,LA,LAC,20,17,W,LA,3,37,FiveThirtyEight
2010_2010-10-17_NO_TB,2010,NA,2010-10-17,Regular Season,FALSE,TB,NO,6,31,L,NO,25,37,FiveThirtyEight
2010_2010-10-17_DET_NYG,2010,NA,2010-10-17,Regular Season,FALSE,NYG,DET,28,20,W,NYG,8,48,FiveThirtyEight
2010_2010-10-17_SEA_CHI,2010,NA,2010-10-17,Regular Season,FALSE,CHI,SEA,20,23,L,SEA,3,43,FiveThirtyEight
2010_2010-10-17_NYJ_DEN,2010,NA,2010-10-17,Regular Season,FALSE,DEN,NYJ,20,24,L,NYJ,4,44,FiveThirtyEight
2010_2010-10-17_MIA_GB,2010,NA,2010-10-17,Regular Season,FALSE,GB,MIA,20,23,L,MIA,3,43,FiveThirtyEight
2010_2010-10-17_KC_HOU,2010,NA,2010-10-17,Regular Season,FALSE,HOU,KC,35,31,W,HOU,4,66,FiveThirtyEight
2010_2010-10-17_DAL_MIN,2010,NA,2010-10-17,Regular Season,FALSE,MIN,DAL,24,21,W,MIN,3,45,FiveThirtyEight
2010_2010-10-17_BAL_NE,2010,NA,2010-10-17,Regular Season,FALSE,NE,BAL,23,20,W,NE,3,43,FiveThirtyEight
2010_2010-10-17_ATL_PHI,2010,NA,2010-10-17,Regular Season,FALSE,PHI,ATL,31,17,W,PHI,14,48,FiveThirtyEight
2010_2010-10-17_CLE_PIT,2010,NA,2010-10-17,Regular Season,FALSE,PIT,CLE,28,10,W,PIT,18,38,FiveThirtyEight
2010_2010-10-17_LV_SF,2010,NA,2010-10-17,Regular Season,FALSE,SF,LV,17,9,W,SF,8,26,FiveThirtyEight
2010_2010-10-17_IND_WAS,2010,NA,2010-10-17,Regular Season,FALSE,WAS,IND,24,27,L,IND,3,51,FiveThirtyEight
2010_2010-10-18_TEN_JAX,2010,NA,2010-10-18,Regular Season,FALSE,JAX,TEN,3,30,L,TEN,27,33,FiveThirtyEight
2010_2010-10-24_BUF_BAL,2010,NA,2010-10-24,Regular Season,FALSE,BAL,BUF,37,34,W,BAL,3,71,FiveThirtyEight
2010_2010-10-24_CIN_ATL,2010,NA,2010-10-24,Regular Season,FALSE,ATL,CIN,39,32,W,ATL,7,71,FiveThirtyEight
2010_2010-10-24_PHI_TEN,2010,NA,2010-10-24,Regular Season,FALSE,TEN,PHI,37,19,W,TEN,18,56,FiveThirtyEight
2010_2010-10-24_ARI_SEA,2010,NA,2010-10-24,Regular Season,FALSE,SEA,ARI,22,10,W,SEA,12,32,FiveThirtyEight
2010_2010-10-24_CLE_NO,2010,NA,2010-10-24,Regular Season,FALSE,NO,CLE,17,30,L,CLE,13,47,FiveThirtyEight
2010_2010-10-24_PIT_MIA,2010,NA,2010-10-24,Regular Season,FALSE,MIA,PIT,22,23,L,PIT,1,45,FiveThirtyEight
2010_2010-10-24_JAX_KC,2010,NA,2010-10-24,Regular Season,FALSE,KC,JAX,42,20,W,KC,22,62,FiveThirtyEight
2010_2010-10-24_MIN_GB,2010,NA,2010-10-24,Regular Season,FALSE,GB,MIN,28,24,W,GB,4,52,FiveThirtyEight
2010_2010-10-24_LA_TB,2010,NA,2010-10-24,Regular Season,FALSE,TB,LA,18,17,W,TB,1,35,FiveThirtyEight
2010_2010-10-24_LV_DEN,2010,NA,2010-10-24,Regular Season,FALSE,DEN,LV,14,59,L,LV,45,73,FiveThirtyEight
2010_2010-10-24_WAS_CHI,2010,NA,2010-10-24,Regular Season,FALSE,CHI,WAS,14,17,L,WAS,3,31,FiveThirtyEight
2010_2010-10-24_SF_CAR,2010,NA,2010-10-24,Regular Season,FALSE,CAR,SF,23,20,W,CAR,3,43,FiveThirtyEight
2010_2010-10-24_NE_LAC,2010,NA,2010-10-24,Regular Season,FALSE,LAC,NE,20,23,L,NE,3,43,FiveThirtyEight
2010_2010-10-25_NYG_DAL,2010,NA,2010-10-25,Regular Season,FALSE,DAL,NYG,35,41,L,NYG,6,76,FiveThirtyEight
2010_2010-10-31_TB_ARI,2010,NA,2010-10-31,Regular Season,FALSE,ARI,TB,35,38,L,TB,3,73,FiveThirtyEight
2010_2010-10-31_TEN_LAC,2010,NA,2010-10-31,Regular Season,FALSE,LAC,TEN,33,25,W,LAC,8,58,FiveThirtyEight
2010_2010-10-31_CAR_LA,2010,NA,2010-10-31,Regular Season,FALSE,LA,CAR,20,10,W,LA,10,30,FiveThirtyEight
2010_2010-10-31_SF_DEN,2010,NA,2010-10-31,Regular Season,TRUE,DEN,SF,16,24,L,SF,8,40,FiveThirtyEight
2010_2010-10-31_SEA_LV,2010,NA,2010-10-31,Regular Season,FALSE,LV,SEA,33,3,W,LV,30,36,FiveThirtyEight
2010_2010-10-31_GB_NYJ,2010,NA,2010-10-31,Regular Season,FALSE,NYJ,GB,0,9,L,GB,9,9,FiveThirtyEight
2010_2010-10-31_MIN_NE,2010,NA,2010-10-31,Regular Season,FALSE,NE,MIN,28,18,W,NE,10,46,FiveThirtyEight
2010_2010-10-31_PIT_NO,2010,NA,2010-10-31,Regular Season,FALSE,NO,PIT,20,10,W,NO,10,30,FiveThirtyEight
2010_2010-10-31_BUF_KC,2010,NA,2010-10-31,Regular Season,FALSE,KC,BUF,13,10,W,KC,3,23,FiveThirtyEight
2010_2010-10-31_WAS_DET,2010,NA,2010-10-31,Regular Season,FALSE,DET,WAS,37,25,W,DET,12,62,FiveThirtyEight
2010_2010-10-31_MIA_CIN,2010,NA,2010-10-31,Regular Season,FALSE,CIN,MIA,14,22,L,MIA,8,36,FiveThirtyEight
2010_2010-10-31_JAX_DAL,2010,NA,2010-10-31,Regular Season,FALSE,DAL,JAX,17,35,L,JAX,18,52,FiveThirtyEight
2010_2010-11-01_HOU_IND,2010,NA,2010-11-01,Regular Season,FALSE,IND,HOU,30,17,W,IND,13,47,FiveThirtyEight
2010_2010-11-07_IND_PHI,2010,NA,2010-11-07,Regular Season,FALSE,PHI,IND,26,24,W,PHI,2,50,FiveThirtyEight
2010_2010-11-07_LAC_HOU,2010,NA,2010-11-07,Regular Season,FALSE,HOU,LAC,23,29,L,LAC,6,52,FiveThirtyEight
2010_2010-11-07_DAL_GB,2010,NA,2010-11-07,Regular Season,FALSE,GB,DAL,45,7,W,GB,38,52,FiveThirtyEight
2010_2010-11-07_NYJ_DET,2010,NA,2010-11-07,Regular Season,FALSE,DET,NYJ,20,23,L,NYJ,3,43,FiveThirtyEight
2010_2010-11-07_NE_CLE,2010,NA,2010-11-07,Regular Season,FALSE,CLE,NE,34,14,W,CLE,20,48,FiveThirtyEight
2010_2010-11-07_NO_CAR,2010,NA,2010-11-07,Regular Season,FALSE,CAR,NO,3,34,L,NO,31,37,FiveThirtyEight
2010_2010-11-07_CHI_BUF,2010,NA,2010-11-07,Regular Season,FALSE,BUF,CHI,19,22,L,CHI,3,41,FiveThirtyEight
2010_2010-11-07_TB_ATL,2010,NA,2010-11-07,Regular Season,FALSE,ATL,TB,27,21,W,ATL,6,48,FiveThirtyEight
2010_2010-11-07_NYG_SEA,2010,NA,2010-11-07,Regular Season,FALSE,SEA,NYG,7,41,L,NYG,34,48,FiveThirtyEight
2010_2010-11-07_MIA_BAL,2010,NA,2010-11-07,Regular Season,FALSE,BAL,MIA,26,10,W,BAL,16,36,FiveThirtyEight
2010_2010-11-07_KC_LV,2010,NA,2010-11-07,Regular Season,FALSE,LV,KC,23,20,W,LV,3,43,FiveThirtyEight
2010_2010-11-07_ARI_MIN,2010,NA,2010-11-07,Regular Season,FALSE,MIN,ARI,27,24,W,MIN,3,51,FiveThirtyEight
2010_2010-11-08_PIT_CIN,2010,NA,2010-11-08,Regular Season,FALSE,CIN,PIT,21,27,L,PIT,6,48,FiveThirtyEight
2010_2010-11-11_BAL_ATL,2010,NA,2010-11-11,Regular Season,FALSE,ATL,BAL,26,21,W,ATL,5,47,FiveThirtyEight
2010_2010-11-14_CAR_TB,2010,NA,2010-11-14,Regular Season,FALSE,TB,CAR,31,16,W,TB,15,47,FiveThirtyEight
2010_2010-11-14_SEA_ARI,2010,NA,2010-11-14,Regular Season,FALSE,ARI,SEA,18,36,L,SEA,18,54,FiveThirtyEight
2010_2010-11-14_KC_DEN,2010,NA,2010-11-14,Regular Season,FALSE,DEN,KC,49,29,W,DEN,20,78,FiveThirtyEight
2010_2010-11-14_NE_PIT,2010,NA,2010-11-14,Regular Season,FALSE,PIT,NE,26,39,L,NE,13,65,FiveThirtyEight
2010_2010-11-14_DAL_NYG,2010,NA,2010-11-14,Regular Season,FALSE,NYG,DAL,20,33,L,DAL,13,53,FiveThirtyEight
2010_2010-11-14_HOU_JAX,2010,NA,2010-11-14,Regular Season,FALSE,JAX,HOU,31,24,W,JAX,7,55,FiveThirtyEight
2010_2010-11-14_CIN_IND,2010,NA,2010-11-14,Regular Season,FALSE,IND,CIN,23,17,W,IND,6,40,FiveThirtyEight
2010_2010-11-14_TEN_MIA,2010,NA,2010-11-14,Regular Season,FALSE,MIA,TEN,29,17,W,MIA,12,46,FiveThirtyEight
2010_2010-11-14_MIN_CHI,2010,NA,2010-11-14,Regular Season,FALSE,CHI,MIN,27,13,W,CHI,14,40,FiveThirtyEight
2010_2010-11-14_NYJ_CLE,2010,NA,2010-11-14,Regular Season,FALSE,CLE,NYJ,20,26,L,NYJ,6,46,FiveThirtyEight
2010_2010-11-14_DET_BUF,2010,NA,2010-11-14,Regular Season,FALSE,BUF,DET,14,12,W,BUF,2,26,FiveThirtyEight
2010_2010-11-14_LA_SF,2010,NA,2010-11-14,Regular Season,FALSE,SF,LA,23,20,W,SF,3,43,FiveThirtyEight
2010_2010-11-15_PHI_WAS,2010,NA,2010-11-15,Regular Season,FALSE,WAS,PHI,28,59,L,PHI,31,87,FiveThirtyEight
2010_2010-11-18_CHI_MIA,2010,NA,2010-11-18,Regular Season,FALSE,MIA,CHI,0,16,L,CHI,16,16,FiveThirtyEight
2010_2010-11-21_GB_MIN,2010,NA,2010-11-21,Regular Season,FALSE,MIN,GB,3,31,L,GB,28,34,FiveThirtyEight
2010_2010-11-21_TB_SF,2010,NA,2010-11-21,Regular Season,FALSE,SF,TB,0,21,L,TB,21,21,FiveThirtyEight
2010_2010-11-21_NYG_PHI,2010,NA,2010-11-21,Regular Season,FALSE,PHI,NYG,27,17,W,PHI,10,44,FiveThirtyEight
2010_2010-11-21_ATL_LA,2010,NA,2010-11-21,Regular Season,FALSE,LA,ATL,17,34,L,ATL,17,51,FiveThirtyEight
2010_2010-11-21_BAL_CAR,2010,NA,2010-11-21,Regular Season,FALSE,CAR,BAL,13,37,L,BAL,24,50,FiveThirtyEight
2010_2010-11-21_DET_DAL,2010,NA,2010-11-21,Regular Season,FALSE,DAL,DET,35,19,W,DAL,16,54,FiveThirtyEight
2010_2010-11-21_CLE_JAX,2010,NA,2010-11-21,Regular Season,FALSE,JAX,CLE,24,20,W,JAX,4,44,FiveThirtyEight
2010_2010-11-21_ARI_KC,2010,NA,2010-11-21,Regular Season,FALSE,KC,ARI,31,13,W,KC,18,44,FiveThirtyEight
2010_2010-11-21_SEA_NO,2010,NA,2010-11-21,Regular Season,FALSE,NO,SEA,34,19,W,NO,15,53,FiveThirtyEight
2010_2010-11-21_IND_NE,2010,NA,2010-11-21,Regular Season,FALSE,NE,IND,31,28,W,NE,3,59,FiveThirtyEight
2010_2010-11-21_WAS_TEN,2010,NA,2010-11-21,Regular Season,FALSE,TEN,WAS,16,19,L,WAS,3,35,FiveThirtyEight
2010_2010-11-21_HOU_NYJ,2010,NA,2010-11-21,Regular Season,FALSE,NYJ,HOU,30,27,W,NYJ,3,57,FiveThirtyEight
2010_2010-11-21_LV_PIT,2010,NA,2010-11-21,Regular Season,FALSE,PIT,LV,35,3,W,PIT,32,38,FiveThirtyEight
2010_2010-11-21_BUF_CIN,2010,NA,2010-11-21,Regular Season,FALSE,CIN,BUF,31,49,L,BUF,18,80,FiveThirtyEight
2010_2010-11-22_DEN_LAC,2010,NA,2010-11-22,Regular Season,FALSE,LAC,DEN,35,14,W,LAC,21,49,FiveThirtyEight
2010_2010-11-25_NO_DAL,2010,NA,2010-11-25,Regular Season,FALSE,DAL,NO,27,30,L,NO,3,57,FiveThirtyEight
2010_2010-11-25_CIN_NYJ,2010,NA,2010-11-25,Regular Season,FALSE,NYJ,CIN,26,10,W,NYJ,16,36,FiveThirtyEight
2010_2010-11-25_NE_DET,2010,NA,2010-11-25,Regular Season,FALSE,DET,NE,24,45,L,NE,21,69,FiveThirtyEight
2010_2010-11-28_MIA_LV,2010,NA,2010-11-28,Regular Season,FALSE,LV,MIA,17,33,L,MIA,16,50,FiveThirtyEight
2010_2010-11-28_JAX_NYG,2010,NA,2010-11-28,Regular Season,FALSE,NYG,JAX,24,20,W,NYG,4,44,FiveThirtyEight
2010_2010-11-28_TEN_HOU,2010,NA,2010-11-28,Regular Season,FALSE,HOU,TEN,20,0,W,HOU,20,20,FiveThirtyEight
2010_2010-11-28_MIN_WAS,2010,NA,2010-11-28,Regular Season,FALSE,WAS,MIN,13,17,L,MIN,4,30,FiveThirtyEight
2010_2010-11-28_KC_SEA,2010,NA,2010-11-28,Regular Season,FALSE,SEA,KC,24,42,L,KC,18,66,FiveThirtyEight
2010_2010-11-28_TB_BAL,2010,NA,2010-11-28,Regular Season,FALSE,BAL,TB,17,10,W,BAL,7,27,FiveThirtyEight
2010_2010-11-28_LA_DEN,2010,NA,2010-11-28,Regular Season,FALSE,DEN,LA,33,36,L,LA,3,69,FiveThirtyEight
2010_2010-11-28_LAC_IND,2010,NA,2010-11-28,Regular Season,FALSE,IND,LAC,14,36,L,LAC,22,50,FiveThirtyEight
2010_2010-11-28_GB_ATL,2010,NA,2010-11-28,Regular Season,FALSE,ATL,GB,20,17,W,ATL,3,37,FiveThirtyEight
2010_2010-11-28_PIT_BUF,2010,NA,2010-11-28,Regular Season,FALSE,BUF,PIT,16,19,L,PIT,3,35,FiveThirtyEight
2010_2010-11-28_PHI_CHI,2010,NA,2010-11-28,Regular Season,FALSE,CHI,PHI,31,26,W,CHI,5,57,FiveThirtyEight
2010_2010-11-28_CAR_CLE,2010,NA,2010-11-28,Regular Season,FALSE,CLE,CAR,24,23,W,CLE,1,47,FiveThirtyEight
2010_2010-11-29_SF_ARI,2010,NA,2010-11-29,Regular Season,FALSE,ARI,SF,6,27,L,SF,21,33,FiveThirtyEight
2010_2010-12-02_HOU_PHI,2010,NA,2010-12-02,Regular Season,FALSE,PHI,HOU,34,24,W,PHI,10,58,FiveThirtyEight
2010_2010-12-05_JAX_TEN,2010,NA,2010-12-05,Regular Season,FALSE,TEN,JAX,6,17,L,JAX,11,23,FiveThirtyEight
2010_2010-12-05_PIT_BAL,2010,NA,2010-12-05,Regular Season,FALSE,BAL,PIT,10,13,L,PIT,3,23,FiveThirtyEight
2010_2010-12-05_WAS_NYG,2010,NA,2010-12-05,Regular Season,FALSE,NYG,WAS,31,7,W,NYG,24,38,FiveThirtyEight
2010_2010-12-05_CLE_MIA,2010,NA,2010-12-05,Regular Season,FALSE,MIA,CLE,10,13,L,CLE,3,23,FiveThirtyEight
2010_2010-12-05_SF_GB,2010,NA,2010-12-05,Regular Season,FALSE,GB,SF,34,16,W,GB,18,50,FiveThirtyEight
2010_2010-12-05_CHI_DET,2010,NA,2010-12-05,Regular Season,FALSE,DET,CHI,20,24,L,CHI,4,44,FiveThirtyEight
2010_2010-12-05_DEN_KC,2010,NA,2010-12-05,Regular Season,FALSE,KC,DEN,10,6,W,KC,4,16,FiveThirtyEight
2010_2010-12-05_LA_ARI,2010,NA,2010-12-05,Regular Season,FALSE,ARI,LA,6,19,L,LA,13,25,FiveThirtyEight
2010_2010-12-05_DAL_IND,2010,NA,2010-12-05,Regular Season,FALSE,IND,DAL,35,38,L,DAL,3,73,FiveThirtyEight
2010_2010-12-05_NO_CIN,2010,NA,2010-12-05,Regular Season,FALSE,CIN,NO,30,34,L,NO,4,64,FiveThirtyEight
2010_2010-12-05_BUF_MIN,2010,NA,2010-12-05,Regular Season,FALSE,MIN,BUF,38,14,W,MIN,24,52,FiveThirtyEight
2010_2010-12-05_LV_LAC,2010,NA,2010-12-05,Regular Season,FALSE,LAC,LV,13,28,L,LV,15,41,FiveThirtyEight
2010_2010-12-05_CAR_SEA,2010,NA,2010-12-05,Regular Season,FALSE,SEA,CAR,31,14,W,SEA,17,45,FiveThirtyEight
2010_2010-12-05_ATL_TB,2010,NA,2010-12-05,Regular Season,FALSE,TB,ATL,24,28,L,ATL,4,52,FiveThirtyEight
2010_2010-12-06_NYJ_NE,2010,NA,2010-12-06,Regular Season,FALSE,NE,NYJ,45,3,W,NE,42,48,FiveThirtyEight
2010_2010-12-09_IND_TEN,2010,NA,2010-12-09,Regular Season,FALSE,TEN,IND,28,30,L,IND,2,58,FiveThirtyEight
2010_2010-12-12_MIA_NYJ,2010,NA,2010-12-12,Regular Season,FALSE,NYJ,MIA,6,10,L,MIA,4,16,FiveThirtyEight
2010_2010-12-12_LA_NO,2010,NA,2010-12-12,Regular Season,FALSE,NO,LA,31,13,W,NO,18,44,FiveThirtyEight
2010_2010-12-12_TB_WAS,2010,NA,2010-12-12,Regular Season,FALSE,WAS,TB,16,17,L,TB,1,33,FiveThirtyEight
2010_2010-12-12_CIN_PIT,2010,NA,2010-12-12,Regular Season,FALSE,PIT,CIN,23,7,W,PIT,16,30,FiveThirtyEight
2010_2010-12-12_GB_DET,2010,NA,2010-12-12,Regular Season,FALSE,DET,GB,7,3,W,DET,4,10,FiveThirtyEight
2010_2010-12-12_LV_JAX,2010,NA,2010-12-12,Regular Season,FALSE,JAX,LV,38,31,W,JAX,7,69,FiveThirtyEight
2010_2010-12-12_CLE_BUF,2010,NA,2010-12-12,Regular Season,FALSE,BUF,CLE,13,6,W,BUF,7,19,FiveThirtyEight
2010_2010-12-12_ATL_CAR,2010,NA,2010-12-12,Regular Season,FALSE,CAR,ATL,10,31,L,ATL,21,41,FiveThirtyEight
2010_2010-12-12_NE_CHI,2010,NA,2010-12-12,Regular Season,FALSE,CHI,NE,7,36,L,NE,29,43,FiveThirtyEight
2010_2010-12-12_DEN_ARI,2010,NA,2010-12-12,Regular Season,FALSE,ARI,DEN,43,13,W,ARI,30,56,FiveThirtyEight
2010_2010-12-12_PHI_DAL,2010,NA,2010-12-12,Regular Season,FALSE,DAL,PHI,27,30,L,PHI,3,57,FiveThirtyEight
2010_2010-12-12_SEA_SF,2010,NA,2010-12-12,Regular Season,FALSE,SF,SEA,40,21,W,SF,19,61,FiveThirtyEight
2010_2010-12-12_KC_LAC,2010,NA,2010-12-12,Regular Season,FALSE,LAC,KC,31,0,W,LAC,31,31,FiveThirtyEight
2010_2010-12-13_BAL_HOU,2010,NA,2010-12-13,Regular Season,FALSE,HOU,BAL,28,34,L,BAL,6,62,FiveThirtyEight
2010_2010-12-13_MIN_NYG,2010,NA,2010-12-13,Regular Season,TRUE,NYG,MIN,21,3,W,NYG,18,24,FiveThirtyEight
2010_2010-12-16_SF_LAC,2010,NA,2010-12-16,Regular Season,FALSE,LAC,SF,34,7,W,LAC,27,41,FiveThirtyEight
2010_2010-12-19_DET_TB,2010,NA,2010-12-19,Regular Season,FALSE,TB,DET,20,23,L,DET,3,43,FiveThirtyEight
2010_2010-12-19_ARI_CAR,2010,NA,2010-12-19,Regular Season,FALSE,CAR,ARI,19,12,W,CAR,7,31,FiveThirtyEight
2010_2010-12-19_CLE_CIN,2010,NA,2010-12-19,Regular Season,FALSE,CIN,CLE,19,17,W,CIN,2,36,FiveThirtyEight
2010_2010-12-19_JAX_IND,2010,NA,2010-12-19,Regular Season,FALSE,IND,JAX,34,24,W,IND,10,58,FiveThirtyEight
2010_2010-12-19_WAS_DAL,2010,NA,2010-12-19,Regular Season,FALSE,DAL,WAS,33,30,W,DAL,3,63,FiveThirtyEight
2010_2010-12-19_BUF_MIA,2010,NA,2010-12-19,Regular Season,FALSE,MIA,BUF,14,17,L,BUF,3,31,FiveThirtyEight
2010_2010-12-19_GB_NE,2010,NA,2010-12-19,Regular Season,FALSE,NE,GB,31,27,W,NE,4,58,FiveThirtyEight
2010_2010-12-19_PHI_NYG,2010,NA,2010-12-19,Regular Season,FALSE,NYG,PHI,31,38,L,PHI,7,69,FiveThirtyEight
2010_2010-12-19_HOU_TEN,2010,NA,2010-12-19,Regular Season,FALSE,TEN,HOU,31,17,W,TEN,14,48,FiveThirtyEight
2010_2010-12-19_NYJ_PIT,2010,NA,2010-12-19,Regular Season,FALSE,PIT,NYJ,17,22,L,NYJ,5,39,FiveThirtyEight
2010_2010-12-19_DEN_LV,2010,NA,2010-12-19,Regular Season,FALSE,LV,DEN,39,23,W,LV,16,62,FiveThirtyEight
2010_2010-12-19_NO_BAL,2010,NA,2010-12-19,Regular Season,FALSE,BAL,NO,30,24,W,BAL,6,54,FiveThirtyEight
2010_2010-12-19_ATL_SEA,2010,NA,2010-12-19,Regular Season,FALSE,SEA,ATL,18,34,L,ATL,16,52,FiveThirtyEight
2010_2010-12-19_KC_LA,2010,NA,2010-12-19,Regular Season,FALSE,LA,KC,13,27,L,KC,14,40,FiveThirtyEight
2010_2010-12-20_CHI_MIN,2010,NA,2010-12-20,Regular Season,FALSE,MIN,CHI,14,40,L,CHI,26,54,FiveThirtyEight
2010_2010-12-23_CAR_PIT,2010,NA,2010-12-23,Regular Season,FALSE,PIT,CAR,27,3,W,PIT,24,30,FiveThirtyEight
2010_2010-12-25_DAL_ARI,2010,NA,2010-12-25,Regular Season,FALSE,ARI,DAL,27,26,W,ARI,1,53,FiveThirtyEight
2010_2010-12-26_TEN_KC,2010,NA,2010-12-26,Regular Season,FALSE,KC,TEN,34,14,W,KC,20,48,FiveThirtyEight
2010_2010-12-26_WAS_JAX,2010,NA,2010-12-26,Regular Season,FALSE,JAX,WAS,17,20,L,WAS,3,37,FiveThirtyEight
2010_2010-12-26_NYG_GB,2010,NA,2010-12-26,Regular Season,FALSE,GB,NYG,45,17,W,GB,28,62,FiveThirtyEight
2010_2010-12-26_HOU_DEN,2010,NA,2010-12-26,Regular Season,FALSE,DEN,HOU,24,23,W,DEN,1,47,FiveThirtyEight
2010_2010-12-26_BAL_CLE,2010,NA,2010-12-26,Regular Season,FALSE,CLE,BAL,10,20,L,BAL,10,30,FiveThirtyEight
2010_2010-12-26_NYJ_CHI,2010,NA,2010-12-26,Regular Season,FALSE,CHI,NYJ,38,34,W,CHI,4,72,FiveThirtyEight
2010_2010-12-26_NE_BUF,2010,NA,2010-12-26,Regular Season,FALSE,BUF,NE,3,34,L,NE,31,37,FiveThirtyEight
2010_2010-12-26_SEA_TB,2010,NA,2010-12-26,Regular Season,FALSE,TB,SEA,38,15,W,TB,23,53,FiveThirtyEight
2010_2010-12-26_SF_LA,2010,NA,2010-12-26,Regular Season,FALSE,LA,SF,25,17,W,LA,8,42,FiveThirtyEight
2010_2010-12-26_LAC_CIN,2010,NA,2010-12-26,Regular Season,FALSE,CIN,LAC,34,20,W,CIN,14,54,FiveThirtyEight
2010_2010-12-26_IND_LV,2010,NA,2010-12-26,Regular Season,FALSE,LV,IND,26,31,L,IND,5,57,FiveThirtyEight
2010_2010-12-26_DET_MIA,2010,NA,2010-12-26,Regular Season,FALSE,MIA,DET,27,34,L,DET,7,61,FiveThirtyEight
2010_2010-12-27_NO_ATL,2010,NA,2010-12-27,Regular Season,FALSE,ATL,NO,14,17,L,NO,3,31,FiveThirtyEight
2010_2010-12-28_MIN_PHI,2010,NA,2010-12-28,Regular Season,FALSE,PHI,MIN,14,24,L,MIN,10,38,FiveThirtyEight
2010_2011-01-02_PIT_CLE,2010,NA,2011-01-02,Regular Season,FALSE,CLE,PIT,9,41,L,PIT,32,50,FiveThirtyEight
2010_2011-01-02_LA_SEA,2010,NA,2011-01-02,Regular Season,FALSE,SEA,LA,16,6,W,SEA,10,22,FiveThirtyEight
2010_2011-01-02_JAX_HOU,2010,NA,2011-01-02,Regular Season,FALSE,HOU,JAX,34,17,W,HOU,17,51,FiveThirtyEight
2010_2011-01-02_CHI_GB,2010,NA,2011-01-02,Regular Season,FALSE,GB,CHI,10,3,W,GB,7,13,FiveThirtyEight
2010_2011-01-02_MIN_DET,2010,NA,2011-01-02,Regular Season,FALSE,DET,MIN,20,13,W,DET,7,33,FiveThirtyEight
2010_2011-01-02_TEN_IND,2010,NA,2011-01-02,Regular Season,FALSE,IND,TEN,23,20,W,IND,3,43,FiveThirtyEight
2010_2011-01-02_CAR_ATL,2010,NA,2011-01-02,Regular Season,FALSE,ATL,CAR,31,10,W,ATL,21,41,FiveThirtyEight
2010_2011-01-02_LAC_DEN,2010,NA,2011-01-02,Regular Season,FALSE,DEN,LAC,28,33,L,LAC,5,61,FiveThirtyEight
2010_2011-01-02_LV_KC,2010,NA,2011-01-02,Regular Season,FALSE,KC,LV,10,31,L,LV,21,41,FiveThirtyEight
2010_2011-01-02_TB_NO,2010,NA,2011-01-02,Regular Season,FALSE,NO,TB,13,23,L,TB,10,36,FiveThirtyEight
2010_2011-01-02_MIA_NE,2010,NA,2011-01-02,Regular Season,FALSE,NE,MIA,38,7,W,NE,31,45,FiveThirtyEight
2010_2011-01-02_BUF_NYJ,2010,NA,2011-01-02,Regular Season,FALSE,NYJ,BUF,38,7,W,NYJ,31,45,FiveThirtyEight
2010_2011-01-02_DAL_PHI,2010,NA,2011-01-02,Regular Season,FALSE,PHI,DAL,13,14,L,DAL,1,27,FiveThirtyEight
2010_2011-01-02_CIN_BAL,2010,NA,2011-01-02,Regular Season,FALSE,BAL,CIN,13,7,W,BAL,6,20,FiveThirtyEight
2010_2011-01-02_ARI_SF,2010,NA,2011-01-02,Regular Season,FALSE,SF,ARI,38,7,W,SF,31,45,FiveThirtyEight
2010_2011-01-02_NYG_WAS,2010,NA,2011-01-02,Regular Season,FALSE,WAS,NYG,14,17,L,NYG,3,31,FiveThirtyEight
2011_2011-09-08_NO_GB,2011,NA,2011-09-08,Regular Season,FALSE,GB,NO,42,34,W,GB,8,76,FiveThirtyEight
2011_2011-09-11_TEN_JAX,2011,NA,2011-09-11,Regular Season,FALSE,JAX,TEN,16,14,W,JAX,2,30,FiveThirtyEight
2011_2011-09-11_MIN_LAC,2011,NA,2011-09-11,Regular Season,FALSE,LAC,MIN,24,17,W,LAC,7,41,FiveThirtyEight
2011_2011-09-11_PIT_BAL,2011,NA,2011-09-11,Regular Season,FALSE,BAL,PIT,35,7,W,BAL,28,42,FiveThirtyEight
2011_2011-09-11_CIN_CLE,2011,NA,2011-09-11,Regular Season,FALSE,CLE,CIN,17,27,L,CIN,10,44,FiveThirtyEight
2011_2011-09-11_DAL_NYJ,2011,NA,2011-09-11,Regular Season,FALSE,NYJ,DAL,27,24,W,NYJ,3,51,FiveThirtyEight
2011_2011-09-11_BUF_KC,2011,NA,2011-09-11,Regular Season,FALSE,KC,BUF,7,41,L,BUF,34,48,FiveThirtyEight
2011_2011-09-11_SEA_SF,2011,NA,2011-09-11,Regular Season,FALSE,SF,SEA,33,17,W,SF,16,50,FiveThirtyEight
2011_2011-09-11_DET_TB,2011,NA,2011-09-11,Regular Season,FALSE,TB,DET,20,27,L,DET,7,47,FiveThirtyEight
2011_2011-09-11_PHI_LA,2011,NA,2011-09-11,Regular Season,FALSE,LA,PHI,13,31,L,PHI,18,44,FiveThirtyEight
2011_2011-09-11_NYG_WAS,2011,NA,2011-09-11,Regular Season,FALSE,WAS,NYG,28,14,W,WAS,14,42,FiveThirtyEight
2011_2011-09-11_ATL_CHI,2011,NA,2011-09-11,Regular Season,FALSE,CHI,ATL,30,12,W,CHI,18,42,FiveThirtyEight
2011_2011-09-11_CAR_ARI,2011,NA,2011-09-11,Regular Season,FALSE,ARI,CAR,28,21,W,ARI,7,49,FiveThirtyEight
2011_2011-09-11_IND_HOU,2011,NA,2011-09-11,Regular Season,FALSE,HOU,IND,34,7,W,HOU,27,41,FiveThirtyEight
2011_2011-09-12_LV_DEN,2011,NA,2011-09-12,Regular Season,FALSE,DEN,LV,20,23,L,LV,3,43,FiveThirtyEight
2011_2011-09-12_NE_MIA,2011,NA,2011-09-12,Regular Season,FALSE,MIA,NE,24,38,L,NE,14,62,FiveThirtyEight
2011_2011-09-18_DAL_SF,2011,NA,2011-09-18,Regular Season,FALSE,SF,DAL,24,27,L,DAL,3,51,FiveThirtyEight
2011_2011-09-18_JAX_NYJ,2011,NA,2011-09-18,Regular Season,FALSE,NYJ,JAX,32,3,W,NYJ,29,35,FiveThirtyEight
2011_2011-09-18_LV_BUF,2011,NA,2011-09-18,Regular Season,FALSE,BUF,LV,38,35,W,BUF,3,73,FiveThirtyEight
2011_2011-09-18_LAC_NE,2011,NA,2011-09-18,Regular Season,FALSE,NE,LAC,35,21,W,NE,14,56,FiveThirtyEight
2011_2011-09-18_GB_CAR,2011,NA,2011-09-18,Regular Season,FALSE,CAR,GB,23,30,L,GB,7,53,FiveThirtyEight
2011_2011-09-18_CLE_IND,2011,NA,2011-09-18,Regular Season,FALSE,IND,CLE,19,27,L,CLE,8,46,FiveThirtyEight
2011_2011-09-18_CIN_DEN,2011,NA,2011-09-18,Regular Season,FALSE,DEN,CIN,24,22,W,DEN,2,46,FiveThirtyEight
2011_2011-09-18_KC_DET,2011,NA,2011-09-18,Regular Season,FALSE,DET,KC,48,3,W,DET,45,51,FiveThirtyEight
2011_2011-09-18_PHI_ATL,2011,NA,2011-09-18,Regular Season,FALSE,ATL,PHI,35,31,W,ATL,4,66,FiveThirtyEight
2011_2011-09-18_HOU_MIA,2011,NA,2011-09-18,Regular Season,FALSE,MIA,HOU,13,23,L,HOU,10,36,FiveThirtyEight
2011_2011-09-18_TB_MIN,2011,NA,2011-09-18,Regular Season,FALSE,MIN,TB,20,24,L,TB,4,44,FiveThirtyEight
2011_2011-09-18_CHI_NO,2011,NA,2011-09-18,Regular Season,FALSE,NO,CHI,30,13,W,NO,17,43,FiveThirtyEight
2011_2011-09-18_BAL_TEN,2011,NA,2011-09-18,Regular Season,FALSE,TEN,BAL,26,13,W,TEN,13,39,FiveThirtyEight
2011_2011-09-18_SEA_PIT,2011,NA,2011-09-18,Regular Season,FALSE,PIT,SEA,24,0,W,PIT,24,24,FiveThirtyEight
2011_2011-09-18_ARI_WAS,2011,NA,2011-09-18,Regular Season,FALSE,WAS,ARI,22,21,W,WAS,1,43,FiveThirtyEight
2011_2011-09-19_LA_NYG,2011,NA,2011-09-19,Regular Season,FALSE,NYG,LA,28,16,W,NYG,12,44,FiveThirtyEight
2011_2011-09-25_KC_LAC,2011,NA,2011-09-25,Regular Season,FALSE,LAC,KC,20,17,W,LAC,3,37,FiveThirtyEight
2011_2011-09-25_BAL_LA,2011,NA,2011-09-25,Regular Season,FALSE,LA,BAL,7,37,L,BAL,30,44,FiveThirtyEight
2011_2011-09-25_DET_MIN,2011,NA,2011-09-25,Regular Season,FALSE,MIN,DET,23,26,L,DET,3,49,FiveThirtyEight
2011_2011-09-25_PIT_IND,2011,NA,2011-09-25,Regular Season,FALSE,IND,PIT,20,23,L,PIT,3,43,FiveThirtyEight
2011_2011-09-25_MIA_CLE,2011,NA,2011-09-25,Regular Season,FALSE,CLE,MIA,17,16,W,CLE,1,33,FiveThirtyEight
2011_2011-09-25_ATL_TB,2011,NA,2011-09-25,Regular Season,FALSE,TB,ATL,16,13,W,TB,3,29,FiveThirtyEight
2011_2011-09-25_NYJ_LV,2011,NA,2011-09-25,Regular Season,FALSE,LV,NYJ,34,24,W,LV,10,58,FiveThirtyEight
2011_2011-09-25_NYG_PHI,2011,NA,2011-09-25,Regular Season,FALSE,PHI,NYG,16,29,L,NYG,13,45,FiveThirtyEight
2011_2011-09-25_SF_CIN,2011,NA,2011-09-25,Regular Season,FALSE,CIN,SF,8,13,L,SF,5,21,FiveThirtyEight
2011_2011-09-25_DEN_TEN,2011,NA,2011-09-25,Regular Season,FALSE,TEN,DEN,17,14,W,TEN,3,31,FiveThirtyEight
2011_2011-09-25_HOU_NO,2011,NA,2011-09-25,Regular Season,FALSE,NO,HOU,40,33,W,NO,7,73,FiveThirtyEight
2011_2011-09-25_GB_CHI,2011,NA,2011-09-25,Regular Season,FALSE,CHI,GB,17,27,L,GB,10,44,FiveThirtyEight
2011_2011-09-25_NE_BUF,2011,NA,2011-09-25,Regular Season,FALSE,BUF,NE,34,31,W,BUF,3,65,FiveThirtyEight
2011_2011-09-25_ARI_SEA,2011,NA,2011-09-25,Regular Season,FALSE,SEA,ARI,13,10,W,SEA,3,23,FiveThirtyEight
2011_2011-09-25_JAX_CAR,2011,NA,2011-09-25,Regular Season,FALSE,CAR,JAX,16,10,W,CAR,6,26,FiveThirtyEight
2011_2011-09-26_WAS_DAL,2011,NA,2011-09-26,Regular Season,FALSE,DAL,WAS,18,16,W,DAL,2,34,FiveThirtyEight
2011_2011-10-02_NYG_ARI,2011,NA,2011-10-02,Regular Season,FALSE,ARI,NYG,27,31,L,NYG,4,58,FiveThirtyEight
2011_2011-10-02_CAR_CHI,2011,NA,2011-10-02,Regular Season,FALSE,CHI,CAR,34,29,W,CHI,5,63,FiveThirtyEight
2011_2011-10-02_BUF_CIN,2011,NA,2011-10-02,Regular Season,FALSE,CIN,BUF,23,20,W,CIN,3,43,FiveThirtyEight
2011_2011-10-02_TEN_CLE,2011,NA,2011-10-02,Regular Season,FALSE,CLE,TEN,13,31,L,TEN,18,44,FiveThirtyEight
2011_2011-10-02_DET_DAL,2011,NA,2011-10-02,Regular Season,FALSE,DAL,DET,30,34,L,DET,4,64,FiveThirtyEight
2011_2011-10-02_DEN_GB,2011,NA,2011-10-02,Regular Season,FALSE,GB,DEN,49,23,W,GB,26,72,FiveThirtyEight
2011_2011-10-02_WAS_LA,2011,NA,2011-10-02,Regular Season,FALSE,LA,WAS,10,17,L,WAS,7,27,FiveThirtyEight
2011_2011-10-02_MIA_LAC,2011,NA,2011-10-02,Regular Season,FALSE,LAC,MIA,26,16,W,LAC,10,42,FiveThirtyEight
2011_2011-10-02_PIT_HOU,2011,NA,2011-10-02,Regular Season,FALSE,HOU,PIT,17,10,W,HOU,7,27,FiveThirtyEight
2011_2011-10-02_NO_JAX,2011,NA,2011-10-02,Regular Season,FALSE,JAX,NO,10,23,L,NO,13,33,FiveThirtyEight
2011_2011-10-02_MIN_KC,2011,NA,2011-10-02,Regular Season,FALSE,KC,MIN,22,17,W,KC,5,39,FiveThirtyEight
2011_2011-10-02_SF_PHI,2011,NA,2011-10-02,Regular Season,FALSE,PHI,SF,23,24,L,SF,1,47,FiveThirtyEight
2011_2011-10-02_NE_LV,2011,NA,2011-10-02,Regular Season,FALSE,LV,NE,19,31,L,NE,12,50,FiveThirtyEight
2011_2011-10-02_NYJ_BAL,2011,NA,2011-10-02,Regular Season,FALSE,BAL,NYJ,34,17,W,BAL,17,51,FiveThirtyEight
2011_2011-10-02_ATL_SEA,2011,NA,2011-10-02,Regular Season,FALSE,SEA,ATL,28,30,L,ATL,2,58,FiveThirtyEight
2011_2011-10-03_IND_TB,2011,NA,2011-10-03,Regular Season,FALSE,TB,IND,24,17,W,TB,7,41,FiveThirtyEight
2011_2011-10-09_TB_SF,2011,NA,2011-10-09,Regular Season,FALSE,SF,TB,48,3,W,SF,45,51,FiveThirtyEight
2011_2011-10-09_CIN_JAX,2011,NA,2011-10-09,Regular Season,FALSE,JAX,CIN,20,30,L,CIN,10,50,FiveThirtyEight
2011_2011-10-09_TEN_PIT,2011,NA,2011-10-09,Regular Season,FALSE,PIT,TEN,38,17,W,PIT,21,55,FiveThirtyEight
2011_2011-10-09_SEA_NYG,2011,NA,2011-10-09,Regular Season,FALSE,NYG,SEA,25,36,L,SEA,11,61,FiveThirtyEight
2011_2011-10-09_LV_HOU,2011,NA,2011-10-09,Regular Season,FALSE,HOU,LV,20,25,L,LV,5,45,FiveThirtyEight
2011_2011-10-09_NYJ_NE,2011,NA,2011-10-09,Regular Season,FALSE,NE,NYJ,30,21,W,NE,9,51,FiveThirtyEight
2011_2011-10-09_KC_IND,2011,NA,2011-10-09,Regular Season,FALSE,IND,KC,24,28,L,KC,4,52,FiveThirtyEight
2011_2011-10-09_NO_CAR,2011,NA,2011-10-09,Regular Season,FALSE,CAR,NO,27,30,L,NO,3,57,FiveThirtyEight
2011_2011-10-09_LAC_DEN,2011,NA,2011-10-09,Regular Season,FALSE,DEN,LAC,24,29,L,LAC,5,53,FiveThirtyEight
2011_2011-10-09_ARI_MIN,2011,NA,2011-10-09,Regular Season,FALSE,MIN,ARI,34,10,W,MIN,24,44,FiveThirtyEight
2011_2011-10-09_PHI_BUF,2011,NA,2011-10-09,Regular Season,FALSE,BUF,PHI,31,24,W,BUF,7,55,FiveThirtyEight
2011_2011-10-09_GB_ATL,2011,NA,2011-10-09,Regular Season,FALSE,ATL,GB,14,25,L,GB,11,39,FiveThirtyEight
2011_2011-10-10_CHI_DET,2011,NA,2011-10-10,Regular Season,FALSE,DET,CHI,24,13,W,DET,11,37,FiveThirtyEight
2011_2011-10-16_SF_DET,2011,NA,2011-10-16,Regular Season,FALSE,DET,SF,19,25,L,SF,6,44,FiveThirtyEight
2011_2011-10-16_CAR_ATL,2011,NA,2011-10-16,Regular Season,FALSE,ATL,CAR,31,17,W,ATL,14,48,FiveThirtyEight
2011_2011-10-16_MIN_CHI,2011,NA,2011-10-16,Regular Season,FALSE,CHI,MIN,39,10,W,CHI,29,49,FiveThirtyEight
2011_2011-10-16_LA_GB,2011,NA,2011-10-16,Regular Season,FALSE,GB,LA,24,3,W,GB,21,27,FiveThirtyEight
2011_2011-10-16_IND_CIN,2011,NA,2011-10-16,Regular Season,FALSE,CIN,IND,27,17,W,CIN,10,44,FiveThirtyEight
2011_2011-10-16_DAL_NE,2011,NA,2011-10-16,Regular Season,FALSE,NE,DAL,20,16,W,NE,4,36,FiveThirtyEight
2011_2011-10-16_BUF_NYG,2011,NA,2011-10-16,Regular Season,FALSE,NYG,BUF,27,24,W,NYG,3,51,FiveThirtyEight
2011_2011-10-16_JAX_PIT,2011,NA,2011-10-16,Regular Season,FALSE,PIT,JAX,17,13,W,PIT,4,30,FiveThirtyEight
2011_2011-10-16_CLE_LV,2011,NA,2011-10-16,Regular Season,FALSE,LV,CLE,24,17,W,LV,7,41,FiveThirtyEight
2011_2011-10-16_HOU_BAL,2011,NA,2011-10-16,Regular Season,FALSE,BAL,HOU,29,14,W,BAL,15,43,FiveThirtyEight
2011_2011-10-16_NO_TB,2011,NA,2011-10-16,Regular Season,FALSE,TB,NO,26,20,W,TB,6,46,FiveThirtyEight
2011_2011-10-16_PHI_WAS,2011,NA,2011-10-16,Regular Season,FALSE,WAS,PHI,13,20,L,PHI,7,33,FiveThirtyEight
2011_2011-10-17_MIA_NYJ,2011,NA,2011-10-17,Regular Season,FALSE,NYJ,MIA,24,6,W,NYJ,18,30,FiveThirtyEight
2011_2011-10-23_LAC_NYJ,2011,NA,2011-10-23,Regular Season,FALSE,NYJ,LAC,27,21,W,NYJ,6,48,FiveThirtyEight
2011_2011-10-23_GB_MIN,2011,NA,2011-10-23,Regular Season,FALSE,MIN,GB,27,33,L,GB,6,60,FiveThirtyEight
2011_2011-10-23_IND_NO,2011,NA,2011-10-23,Regular Season,FALSE,NO,IND,62,7,W,NO,55,69,FiveThirtyEight
2011_2011-10-23_HOU_TEN,2011,NA,2011-10-23,Regular Season,FALSE,TEN,HOU,7,41,L,HOU,34,48,FiveThirtyEight
2011_2011-10-23_KC_LV,2011,NA,2011-10-23,Regular Season,FALSE,LV,KC,0,28,L,KC,28,28,FiveThirtyEight
2011_2011-10-23_LA_DAL,2011,NA,2011-10-23,Regular Season,FALSE,DAL,LA,34,7,W,DAL,27,41,FiveThirtyEight
2011_2011-10-23_ATL_DET,2011,NA,2011-10-23,Regular Season,FALSE,DET,ATL,16,23,L,ATL,7,39,FiveThirtyEight
2011_2011-10-23_TB_CHI,2011,NA,2011-10-23,Regular Season,TRUE,CHI,TB,24,18,W,CHI,6,42,FiveThirtyEight
2011_2011-10-23_PIT_ARI,2011,NA,2011-10-23,Regular Season,FALSE,ARI,PIT,20,32,L,PIT,12,52,FiveThirtyEight
2011_2011-10-23_SEA_CLE,2011,NA,2011-10-23,Regular Season,FALSE,CLE,SEA,6,3,W,CLE,3,9,FiveThirtyEight
2011_2011-10-23_WAS_CAR,2011,NA,2011-10-23,Regular Season,FALSE,CAR,WAS,33,20,W,CAR,13,53,FiveThirtyEight
2011_2011-10-23_DEN_MIA,2011,NA,2011-10-23,Regular Season,FALSE,MIA,DEN,15,18,L,DEN,3,33,FiveThirtyEight
2011_2011-10-24_BAL_JAX,2011,NA,2011-10-24,Regular Season,FALSE,JAX,BAL,12,7,W,JAX,5,19,FiveThirtyEight
2011_2011-10-30_MIA_NYG,2011,NA,2011-10-30,Regular Season,FALSE,NYG,MIA,20,17,W,NYG,3,37,FiveThirtyEight
2011_2011-10-30_IND_TEN,2011,NA,2011-10-30,Regular Season,FALSE,TEN,IND,27,10,W,TEN,17,37,FiveThirtyEight
2011_2011-10-30_DAL_PHI,2011,NA,2011-10-30,Regular Season,FALSE,PHI,DAL,34,7,W,PHI,27,41,FiveThirtyEight
2011_2011-10-30_NO_LA,2011,NA,2011-10-30,Regular Season,FALSE,LA,NO,31,21,W,LA,10,52,FiveThirtyEight
2011_2011-10-30_CLE_SF,2011,NA,2011-10-30,Regular Season,FALSE,SF,CLE,20,10,W,SF,10,30,FiveThirtyEight
2011_2011-10-30_WAS_BUF,2011,NA,2011-10-30,Regular Season,FALSE,BUF,WAS,23,0,W,BUF,23,23,FiveThirtyEight
2011_2011-10-30_MIN_CAR,2011,NA,2011-10-30,Regular Season,FALSE,CAR,MIN,21,24,L,MIN,3,45,FiveThirtyEight
2011_2011-10-30_DET_DEN,2011,NA,2011-10-30,Regular Season,FALSE,DEN,DET,10,45,L,DET,35,55,FiveThirtyEight
2011_2011-10-30_CIN_SEA,2011,NA,2011-10-30,Regular Season,FALSE,SEA,CIN,12,34,L,CIN,22,46,FiveThirtyEight
2011_2011-10-30_JAX_HOU,2011,NA,2011-10-30,Regular Season,FALSE,HOU,JAX,24,14,W,HOU,10,38,FiveThirtyEight
2011_2011-10-30_ARI_BAL,2011,NA,2011-10-30,Regular Season,FALSE,BAL,ARI,30,27,W,BAL,3,57,FiveThirtyEight
2011_2011-10-30_NE_PIT,2011,NA,2011-10-30,Regular Season,FALSE,PIT,NE,25,17,W,PIT,8,42,FiveThirtyEight
2011_2011-10-31_LAC_KC,2011,NA,2011-10-31,Regular Season,FALSE,KC,LAC,23,20,W,KC,3,43,FiveThirtyEight
2011_2011-11-06_LA_ARI,2011,NA,2011-11-06,Regular Season,FALSE,ARI,LA,19,13,W,ARI,6,32,FiveThirtyEight
2011_2011-11-06_SF_WAS,2011,NA,2011-11-06,Regular Season,FALSE,WAS,SF,11,19,L,SF,8,30,FiveThirtyEight
2011_2011-11-06_DEN_LV,2011,NA,2011-11-06,Regular Season,FALSE,LV,DEN,24,38,L,DEN,14,62,FiveThirtyEight
2011_2011-11-06_BAL_PIT,2011,NA,2011-11-06,Regular Season,FALSE,PIT,BAL,20,23,L,BAL,3,43,FiveThirtyEight
2011_2011-11-06_CIN_TEN,2011,NA,2011-11-06,Regular Season,FALSE,TEN,CIN,17,24,L,CIN,7,41,FiveThirtyEight
2011_2011-11-06_NYG_NE,2011,NA,2011-11-06,Regular Season,FALSE,NE,NYG,20,24,L,NYG,4,44,FiveThirtyEight
2011_2011-11-06_TB_NO,2011,NA,2011-11-06,Regular Season,FALSE,NO,TB,27,16,W,NO,11,43,FiveThirtyEight
2011_2011-11-06_MIA_KC,2011,NA,2011-11-06,Regular Season,FALSE,KC,MIA,3,31,L,MIA,28,34,FiveThirtyEight
2011_2011-11-06_CLE_HOU,2011,NA,2011-11-06,Regular Season,FALSE,HOU,CLE,30,12,W,HOU,18,42,FiveThirtyEight
2011_2011-11-06_SEA_DAL,2011,NA,2011-11-06,Regular Season,FALSE,DAL,SEA,23,13,W,DAL,10,36,FiveThirtyEight
2011_2011-11-06_ATL_IND,2011,NA,2011-11-06,Regular Season,FALSE,IND,ATL,7,31,L,ATL,24,38,FiveThirtyEight
2011_2011-11-06_NYJ_BUF,2011,NA,2011-11-06,Regular Season,FALSE,BUF,NYJ,11,27,L,NYJ,16,38,FiveThirtyEight
2011_2011-11-06_GB_LAC,2011,NA,2011-11-06,Regular Season,FALSE,LAC,GB,38,45,L,GB,7,83,FiveThirtyEight
2011_2011-11-07_CHI_PHI,2011,NA,2011-11-07,Regular Season,FALSE,PHI,CHI,24,30,L,CHI,6,54,FiveThirtyEight
2011_2011-11-10_LV_LAC,2011,NA,2011-11-10,Regular Season,FALSE,LAC,LV,17,24,L,LV,7,41,FiveThirtyEight
2011_2011-11-13_NE_NYJ,2011,NA,2011-11-13,Regular Season,FALSE,NYJ,NE,16,37,L,NE,21,53,FiveThirtyEight
2011_2011-11-13_ARI_PHI,2011,NA,2011-11-13,Regular Season,FALSE,PHI,ARI,17,21,L,ARI,4,38,FiveThirtyEight
2011_2011-11-13_BAL_SEA,2011,NA,2011-11-13,Regular Season,FALSE,SEA,BAL,22,17,W,SEA,5,39,FiveThirtyEight
2011_2011-11-13_PIT_CIN,2011,NA,2011-11-13,Regular Season,FALSE,CIN,PIT,17,24,L,PIT,7,41,FiveThirtyEight
2011_2011-11-13_NYG_SF,2011,NA,2011-11-13,Regular Season,FALSE,SF,NYG,27,20,W,SF,7,47,FiveThirtyEight
2011_2011-11-13_HOU_TB,2011,NA,2011-11-13,Regular Season,FALSE,TB,HOU,9,37,L,HOU,28,46,FiveThirtyEight
2011_2011-11-13_LA_CLE,2011,NA,2011-11-13,Regular Season,FALSE,CLE,LA,12,13,L,LA,1,25,FiveThirtyEight
2011_2011-11-13_TEN_CAR,2011,NA,2011-11-13,Regular Season,FALSE,CAR,TEN,3,30,L,TEN,27,33,FiveThirtyEight
2011_2011-11-13_JAX_IND,2011,NA,2011-11-13,Regular Season,FALSE,IND,JAX,3,17,L,JAX,14,20,FiveThirtyEight
2011_2011-11-13_BUF_DAL,2011,NA,2011-11-13,Regular Season,FALSE,DAL,BUF,44,7,W,DAL,37,51,FiveThirtyEight
2011_2011-11-13_WAS_MIA,2011,NA,2011-11-13,Regular Season,FALSE,MIA,WAS,20,9,W,MIA,11,29,FiveThirtyEight
2011_2011-11-13_DET_CHI,2011,NA,2011-11-13,Regular Season,FALSE,CHI,DET,37,13,W,CHI,24,50,FiveThirtyEight
2011_2011-11-13_DEN_KC,2011,NA,2011-11-13,Regular Season,FALSE,KC,DEN,10,17,L,DEN,7,27,FiveThirtyEight
2011_2011-11-13_NO_ATL,2011,NA,2011-11-13,Regular Season,FALSE,ATL,NO,23,26,L,NO,3,49,FiveThirtyEight
2011_2011-11-14_MIN_GB,2011,NA,2011-11-14,Regular Season,FALSE,GB,MIN,45,7,W,GB,38,52,FiveThirtyEight
2011_2011-11-17_NYJ_DEN,2011,NA,2011-11-17,Regular Season,FALSE,DEN,NYJ,17,13,W,DEN,4,30,FiveThirtyEight
2011_2011-11-20_SEA_LA,2011,NA,2011-11-20,Regular Season,FALSE,LA,SEA,7,24,L,SEA,17,31,FiveThirtyEight
2011_2011-11-20_TB_GB,2011,NA,2011-11-20,Regular Season,FALSE,GB,TB,35,26,W,GB,9,61,FiveThirtyEight
2011_2011-11-20_JAX_CLE,2011,NA,2011-11-20,Regular Season,FALSE,CLE,JAX,14,10,W,CLE,4,24,FiveThirtyEight
2011_2011-11-20_LV_MIN,2011,NA,2011-11-20,Regular Season,FALSE,MIN,LV,21,27,L,LV,6,48,FiveThirtyEight
2011_2011-11-20_PHI_NYG,2011,NA,2011-11-20,Regular Season,FALSE,NYG,PHI,10,17,L,PHI,7,27,FiveThirtyEight
2011_2011-11-20_CIN_BAL,2011,NA,2011-11-20,Regular Season,FALSE,BAL,CIN,31,24,W,BAL,7,55,FiveThirtyEight
2011_2011-11-20_ARI_SF,2011,NA,2011-11-20,Regular Season,FALSE,SF,ARI,23,7,W,SF,16,30,FiveThirtyEight
2011_2011-11-20_DAL_WAS,2011,NA,2011-11-20,Regular Season,FALSE,WAS,DAL,24,27,L,DAL,3,51,FiveThirtyEight
2011_2011-11-20_TEN_ATL,2011,NA,2011-11-20,Regular Season,FALSE,ATL,TEN,23,17,W,ATL,6,40,FiveThirtyEight
2011_2011-11-20_LAC_CHI,2011,NA,2011-11-20,Regular Season,FALSE,CHI,LAC,31,20,W,CHI,11,51,FiveThirtyEight
2011_2011-11-20_BUF_MIA,2011,NA,2011-11-20,Regular Season,FALSE,MIA,BUF,35,8,W,MIA,27,43,FiveThirtyEight
2011_2011-11-20_CAR_DET,2011,NA,2011-11-20,Regular Season,FALSE,DET,CAR,49,35,W,DET,14,84,FiveThirtyEight
2011_2011-11-21_KC_NE,2011,NA,2011-11-21,Regular Season,FALSE,NE,KC,34,3,W,NE,31,37,FiveThirtyEight
2011_2011-11-24_MIA_DAL,2011,NA,2011-11-24,Regular Season,FALSE,DAL,MIA,20,19,W,DAL,1,39,FiveThirtyEight
2011_2011-11-24_GB_DET,2011,NA,2011-11-24,Regular Season,FALSE,DET,GB,15,27,L,GB,12,42,FiveThirtyEight
2011_2011-11-24_SF_BAL,2011,NA,2011-11-24,Regular Season,FALSE,BAL,SF,16,6,W,BAL,10,22,FiveThirtyEight
2011_2011-11-27_CLE_CIN,2011,NA,2011-11-27,Regular Season,FALSE,CIN,CLE,23,20,W,CIN,3,43,FiveThirtyEight
2011_2011-11-27_MIN_ATL,2011,NA,2011-11-27,Regular Season,FALSE,ATL,MIN,24,14,W,ATL,10,38,FiveThirtyEight
2011_2011-11-27_NE_PHI,2011,NA,2011-11-27,Regular Season,FALSE,PHI,NE,20,38,L,NE,18,58,FiveThirtyEight
2011_2011-11-27_WAS_SEA,2011,NA,2011-11-27,Regular Season,FALSE,SEA,WAS,17,23,L,WAS,6,40,FiveThirtyEight
2011_2011-11-27_BUF_NYJ,2011,NA,2011-11-27,Regular Season,FALSE,NYJ,BUF,28,24,W,NYJ,4,52,FiveThirtyEight
2011_2011-11-27_ARI_LA,2011,NA,2011-11-27,Regular Season,FALSE,LA,ARI,20,23,L,ARI,3,43,FiveThirtyEight
2011_2011-11-27_PIT_KC,2011,NA,2011-11-27,Regular Season,FALSE,KC,PIT,9,13,L,PIT,4,22,FiveThirtyEight
2011_2011-11-27_TB_TEN,2011,NA,2011-11-27,Regular Season,FALSE,TEN,TB,23,17,W,TEN,6,40,FiveThirtyEight
2011_2011-11-27_CAR_IND,2011,NA,2011-11-27,Regular Season,FALSE,IND,CAR,19,27,L,CAR,8,46,FiveThirtyEight
2011_2011-11-27_HOU_JAX,2011,NA,2011-11-27,Regular Season,FALSE,JAX,HOU,13,20,L,HOU,7,33,FiveThirtyEight
2011_2011-11-27_CHI_LV,2011,NA,2011-11-27,Regular Season,FALSE,LV,CHI,25,20,W,LV,5,45,FiveThirtyEight
2011_2011-11-27_DEN_LAC,2011,NA,2011-11-27,Regular Season,FALSE,LAC,DEN,13,16,L,DEN,3,29,FiveThirtyEight
2011_2011-11-28_NYG_NO,2011,NA,2011-11-28,Regular Season,FALSE,NO,NYG,49,24,W,NO,25,73,FiveThirtyEight
2011_2011-12-01_PHI_SEA,2011,NA,2011-12-01,Regular Season,FALSE,SEA,PHI,31,14,W,SEA,17,45,FiveThirtyEight
2011_2011-12-04_LA_SF,2011,NA,2011-12-04,Regular Season,FALSE,SF,LA,26,0,W,SF,26,26,FiveThirtyEight
2011_2011-12-04_CAR_TB,2011,NA,2011-12-04,Regular Season,FALSE,TB,CAR,19,38,L,CAR,19,57,FiveThirtyEight
2011_2011-12-04_CIN_PIT,2011,NA,2011-12-04,Regular Season,FALSE,PIT,CIN,35,7,W,PIT,28,42,FiveThirtyEight
2011_2011-12-04_GB_NYG,2011,NA,2011-12-04,Regular Season,FALSE,NYG,GB,35,38,L,GB,3,73,FiveThirtyEight
2011_2011-12-04_IND_NE,2011,NA,2011-12-04,Regular Season,FALSE,NE,IND,31,24,W,NE,7,55,FiveThirtyEight
2011_2011-12-04_DET_NO,2011,NA,2011-12-04,Regular Season,FALSE,NO,DET,31,17,W,NO,14,48,FiveThirtyEight
2011_2011-12-04_DEN_MIN,2011,NA,2011-12-04,Regular Season,FALSE,MIN,DEN,32,35,L,DEN,3,67,FiveThirtyEight
2011_2011-12-04_LV_MIA,2011,NA,2011-12-04,Regular Season,FALSE,MIA,LV,34,14,W,MIA,20,48,FiveThirtyEight
2011_2011-12-04_ATL_HOU,2011,NA,2011-12-04,Regular Season,FALSE,HOU,ATL,17,10,W,HOU,7,27,FiveThirtyEight
2011_2011-12-04_DAL_ARI,2011,NA,2011-12-04,Regular Season,FALSE,ARI,DAL,19,13,W,ARI,6,32,FiveThirtyEight
2011_2011-12-04_BAL_CLE,2011,NA,2011-12-04,Regular Season,FALSE,CLE,BAL,10,24,L,BAL,14,34,FiveThirtyEight
2011_2011-12-04_NYJ_WAS,2011,NA,2011-12-04,Regular Season,FALSE,WAS,NYJ,19,34,L,NYJ,15,53,FiveThirtyEight
2011_2011-12-04_KC_CHI,2011,NA,2011-12-04,Regular Season,FALSE,CHI,KC,3,10,L,KC,7,13,FiveThirtyEight
2011_2011-12-04_TEN_BUF,2011,NA,2011-12-04,Regular Season,FALSE,BUF,TEN,17,23,L,TEN,6,40,FiveThirtyEight
2011_2011-12-05_LAC_JAX,2011,NA,2011-12-05,Regular Season,FALSE,JAX,LAC,14,38,L,LAC,24,52,FiveThirtyEight
2011_2011-12-08_CLE_PIT,2011,NA,2011-12-08,Regular Season,FALSE,PIT,CLE,14,3,W,PIT,11,17,FiveThirtyEight
2011_2011-12-11_HOU_CIN,2011,NA,2011-12-11,Regular Season,FALSE,CIN,HOU,19,20,L,HOU,1,39,FiveThirtyEight
2011_2011-12-11_NYG_DAL,2011,NA,2011-12-11,Regular Season,FALSE,DAL,NYG,34,37,L,NYG,3,71,FiveThirtyEight
2011_2011-12-11_SF_ARI,2011,NA,2011-12-11,Regular Season,FALSE,ARI,SF,21,19,W,ARI,2,40,FiveThirtyEight
2011_2011-12-11_BUF_LAC,2011,NA,2011-12-11,Regular Season,FALSE,LAC,BUF,37,10,W,LAC,27,47,FiveThirtyEight
2011_2011-12-11_NE_WAS,2011,NA,2011-12-11,Regular Season,FALSE,WAS,NE,27,34,L,NE,7,61,FiveThirtyEight
2011_2011-12-11_IND_BAL,2011,NA,2011-12-11,Regular Season,FALSE,BAL,IND,24,10,W,BAL,14,34,FiveThirtyEight
2011_2011-12-11_NO_TEN,2011,NA,2011-12-11,Regular Season,FALSE,TEN,NO,17,22,L,NO,5,39,FiveThirtyEight
2011_2011-12-11_KC_NYJ,2011,NA,2011-12-11,Regular Season,FALSE,NYJ,KC,37,10,W,NYJ,27,47,FiveThirtyEight
2011_2011-12-11_PHI_MIA,2011,NA,2011-12-11,Regular Season,FALSE,MIA,PHI,10,26,L,PHI,16,36,FiveThirtyEight
2011_2011-12-11_TB_JAX,2011,NA,2011-12-11,Regular Season,FALSE,JAX,TB,41,14,W,JAX,27,55,FiveThirtyEight
2011_2011-12-11_LV_GB,2011,NA,2011-12-11,Regular Season,FALSE,GB,LV,46,16,W,GB,30,62,FiveThirtyEight
2011_2011-12-11_MIN_DET,2011,NA,2011-12-11,Regular Season,FALSE,DET,MIN,34,28,W,DET,6,62,FiveThirtyEight
2011_2011-12-11_ATL_CAR,2011,NA,2011-12-11,Regular Season,FALSE,CAR,ATL,23,31,L,ATL,8,54,FiveThirtyEight
2011_2011-12-11_CHI_DEN,2011,NA,2011-12-11,Regular Season,FALSE,DEN,CHI,13,10,W,DEN,3,23,FiveThirtyEight
2011_2011-12-12_LA_SEA,2011,NA,2011-12-12,Regular Season,FALSE,SEA,LA,30,13,W,SEA,17,43,FiveThirtyEight
2011_2011-12-15_JAX_ATL,2011,NA,2011-12-15,Regular Season,FALSE,ATL,JAX,41,14,W,ATL,27,55,FiveThirtyEight
2011_2011-12-17_DAL_TB,2011,NA,2011-12-17,Regular Season,FALSE,TB,DAL,15,31,L,DAL,16,46,FiveThirtyEight
2011_2011-12-18_CIN_LA,2011,NA,2011-12-18,Regular Season,FALSE,LA,CIN,13,20,L,CIN,7,33,FiveThirtyEight
2011_2011-12-18_MIA_BUF,2011,NA,2011-12-18,Regular Season,FALSE,BUF,MIA,23,30,L,MIA,7,53,FiveThirtyEight
2011_2011-12-18_SEA_CHI,2011,NA,2011-12-18,Regular Season,FALSE,CHI,SEA,14,38,L,SEA,24,52,FiveThirtyEight
2011_2011-12-18_TEN_IND,2011,NA,2011-12-18,Regular Season,FALSE,IND,TEN,27,13,W,IND,14,40,FiveThirtyEight
2011_2011-12-18_BAL_LAC,2011,NA,2011-12-18,Regular Season,FALSE,LAC,BAL,34,14,W,LAC,20,48,FiveThirtyEight
2011_2011-12-18_WAS_NYG,2011,NA,2011-12-18,Regular Season,FALSE,NYG,WAS,10,23,L,WAS,13,33,FiveThirtyEight
2011_2011-12-18_NYJ_PHI,2011,NA,2011-12-18,Regular Season,FALSE,PHI,NYJ,45,19,W,PHI,26,64,FiveThirtyEight
2011_2011-12-18_DET_LV,2011,NA,2011-12-18,Regular Season,FALSE,LV,DET,27,28,L,DET,1,55,FiveThirtyEight
2011_2011-12-18_NO_MIN,2011,NA,2011-12-18,Regular Season,FALSE,MIN,NO,20,42,L,NO,22,62,FiveThirtyEight
2011_2011-12-18_GB_KC,2011,NA,2011-12-18,Regular Season,FALSE,KC,GB,19,14,W,KC,5,33,FiveThirtyEight
2011_2011-12-18_NE_DEN,2011,NA,2011-12-18,Regular Season,FALSE,DEN,NE,23,41,L,NE,18,64,FiveThirtyEight
2011_2011-12-18_CLE_ARI,2011,NA,2011-12-18,Regular Season,FALSE,ARI,CLE,20,17,W,ARI,3,37,FiveThirtyEight
2011_2011-12-18_CAR_HOU,2011,NA,2011-12-18,Regular Season,FALSE,HOU,CAR,13,28,L,CAR,15,41,FiveThirtyEight
2011_2011-12-19_PIT_SF,2011,NA,2011-12-19,Regular Season,FALSE,SF,PIT,20,3,W,SF,17,23,FiveThirtyEight
2011_2011-12-22_HOU_IND,2011,NA,2011-12-22,Regular Season,FALSE,IND,HOU,19,16,W,IND,3,35,FiveThirtyEight
2011_2011-12-24_CLE_BAL,2011,NA,2011-12-24,Regular Season,FALSE,BAL,CLE,20,14,W,BAL,6,34,FiveThirtyEight
2011_2011-12-24_ARI_CIN,2011,NA,2011-12-24,Regular Season,FALSE,CIN,ARI,23,16,W,CIN,7,39,FiveThirtyEight
2011_2011-12-24_TB_CAR,2011,NA,2011-12-24,Regular Season,FALSE,CAR,TB,48,16,W,CAR,32,64,FiveThirtyEight
2011_2011-12-24_MIN_WAS,2011,NA,2011-12-24,Regular Season,FALSE,WAS,MIN,26,33,L,MIN,7,59,FiveThirtyEight
2011_2011-12-24_SF_SEA,2011,NA,2011-12-24,Regular Season,FALSE,SEA,SF,17,19,L,SF,2,36,FiveThirtyEight
2011_2011-12-24_DEN_BUF,2011,NA,2011-12-24,Regular Season,FALSE,BUF,DEN,40,14,W,BUF,26,54,FiveThirtyEight
2011_2011-12-24_JAX_TEN,2011,NA,2011-12-24,Regular Season,FALSE,TEN,JAX,23,17,W,TEN,6,40,FiveThirtyEight
2011_2011-12-24_LAC_DET,2011,NA,2011-12-24,Regular Season,FALSE,DET,LAC,38,10,W,DET,28,48,FiveThirtyEight
2011_2011-12-24_LA_PIT,2011,NA,2011-12-24,Regular Season,FALSE,PIT,LA,27,0,W,PIT,27,27,FiveThirtyEight
2011_2011-12-24_NYG_NYJ,2011,NA,2011-12-24,Regular Season,FALSE,NYJ,NYG,14,29,L,NYG,15,43,FiveThirtyEight
2011_2011-12-24_MIA_NE,2011,NA,2011-12-24,Regular Season,FALSE,NE,MIA,27,24,W,NE,3,51,FiveThirtyEight
2011_2011-12-24_LV_KC,2011,NA,2011-12-24,Regular Season,FALSE,KC,LV,13,16,L,LV,3,29,FiveThirtyEight
2011_2011-12-24_PHI_DAL,2011,NA,2011-12-24,Regular Season,FALSE,DAL,PHI,7,20,L,PHI,13,27,FiveThirtyEight
2011_2011-12-25_CHI_GB,2011,NA,2011-12-25,Regular Season,FALSE,GB,CHI,35,21,W,GB,14,56,FiveThirtyEight
2011_2011-12-26_ATL_NO,2011,NA,2011-12-26,Regular Season,FALSE,NO,ATL,45,16,W,NO,29,61,FiveThirtyEight
2011_2012-01-01_WAS_PHI,2011,NA,2012-01-01,Regular Season,FALSE,PHI,WAS,34,10,W,PHI,24,44,FiveThirtyEight
2011_2012-01-01_SF_LA,2011,NA,2012-01-01,Regular Season,FALSE,LA,SF,27,34,L,SF,7,61,FiveThirtyEight
2011_2012-01-01_BAL_CIN,2011,NA,2012-01-01,Regular Season,FALSE,CIN,BAL,16,24,L,BAL,8,40,FiveThirtyEight
2011_2012-01-01_TB_ATL,2011,NA,2012-01-01,Regular Season,FALSE,ATL,TB,45,24,W,ATL,21,69,FiveThirtyEight
2011_2012-01-01_NYJ_MIA,2011,NA,2012-01-01,Regular Season,FALSE,MIA,NYJ,19,17,W,MIA,2,36,FiveThirtyEight
2011_2012-01-01_TEN_HOU,2011,NA,2012-01-01,Regular Season,FALSE,HOU,TEN,22,23,L,TEN,1,45,FiveThirtyEight
2011_2012-01-01_IND_JAX,2011,NA,2012-01-01,Regular Season,FALSE,JAX,IND,19,13,W,JAX,6,32,FiveThirtyEight
2011_2012-01-01_CHI_MIN,2011,NA,2012-01-01,Regular Season,FALSE,MIN,CHI,13,17,L,CHI,4,30,FiveThirtyEight
2011_2012-01-01_CAR_NO,2011,NA,2012-01-01,Regular Season,FALSE,NO,CAR,45,17,W,NO,28,62,FiveThirtyEight
2011_2012-01-01_BUF_NE,2011,NA,2012-01-01,Regular Season,FALSE,NE,BUF,49,21,W,NE,28,70,FiveThirtyEight
2011_2012-01-01_DAL_NYG,2011,NA,2012-01-01,Regular Season,FALSE,NYG,DAL,31,14,W,NYG,17,45,FiveThirtyEight
2011_2012-01-01_DET_GB,2011,NA,2012-01-01,Regular Season,FALSE,GB,DET,45,41,W,GB,4,86,FiveThirtyEight
2011_2012-01-01_KC_DEN,2011,NA,2012-01-01,Regular Season,FALSE,DEN,KC,3,7,L,KC,4,10,FiveThirtyEight
2011_2012-01-01_SEA_ARI,2011,NA,2012-01-01,Regular Season,FALSE,ARI,SEA,23,20,W,ARI,3,43,FiveThirtyEight
2011_2012-01-01_PIT_CLE,2011,NA,2012-01-01,Regular Season,FALSE,CLE,PIT,9,13,L,PIT,4,22,FiveThirtyEight
2011_2012-01-01_LAC_LV,2011,NA,2012-01-01,Regular Season,FALSE,LV,LAC,26,38,L,LAC,12,64,FiveThirtyEight
2012_2012-09-05_DAL_NYG,2012,NA,2012-09-05,Regular Season,FALSE,NYG,DAL,17,24,L,DAL,7,41,FiveThirtyEight
2012_2012-09-09_LA_DET,2012,NA,2012-09-09,Regular Season,FALSE,DET,LA,27,23,W,DET,4,50,FiveThirtyEight
2012_2012-09-09_PIT_DEN,2012,NA,2012-09-09,Regular Season,FALSE,DEN,PIT,31,19,W,DEN,12,50,FiveThirtyEight
2012_2012-09-09_SF_GB,2012,NA,2012-09-09,Regular Season,FALSE,GB,SF,22,30,L,SF,8,52,FiveThirtyEight
2012_2012-09-09_MIA_HOU,2012,NA,2012-09-09,Regular Season,FALSE,HOU,MIA,30,10,W,HOU,20,40,FiveThirtyEight
2012_2012-09-09_ATL_KC,2012,NA,2012-09-09,Regular Season,FALSE,KC,ATL,24,40,L,ATL,16,64,FiveThirtyEight
2012_2012-09-09_JAX_MIN,2012,NA,2012-09-09,Regular Season,FALSE,MIN,JAX,26,23,W,MIN,3,49,FiveThirtyEight
2012_2012-09-09_WAS_NO,2012,NA,2012-09-09,Regular Season,FALSE,NO,WAS,32,40,L,WAS,8,72,FiveThirtyEight
2012_2012-09-09_BUF_NYJ,2012,NA,2012-09-09,Regular Season,FALSE,NYJ,BUF,48,28,W,NYJ,20,76,FiveThirtyEight
2012_2012-09-09_NE_TEN,2012,NA,2012-09-09,Regular Season,FALSE,TEN,NE,13,34,L,NE,21,47,FiveThirtyEight
2012_2012-09-09_CAR_TB,2012,NA,2012-09-09,Regular Season,FALSE,TB,CAR,16,10,W,TB,6,26,FiveThirtyEight
2012_2012-09-09_IND_CHI,2012,NA,2012-09-09,Regular Season,FALSE,CHI,IND,41,21,W,CHI,20,62,FiveThirtyEight
2012_2012-09-09_SEA_ARI,2012,NA,2012-09-09,Regular Season,FALSE,ARI,SEA,20,16,W,ARI,4,36,FiveThirtyEight
2012_2012-09-09_PHI_CLE,2012,NA,2012-09-09,Regular Season,FALSE,CLE,PHI,16,17,L,PHI,1,33,FiveThirtyEight
2012_2012-09-10_CIN_BAL,2012,NA,2012-09-10,Regular Season,FALSE,BAL,CIN,44,13,W,BAL,31,57,FiveThirtyEight
2012_2012-09-10_LAC_LV,2012,NA,2012-09-10,Regular Season,FALSE,LV,LAC,14,22,L,LAC,8,36,FiveThirtyEight
2012_2012-09-13_CHI_GB,2012,NA,2012-09-13,Regular Season,FALSE,GB,CHI,23,10,W,GB,13,33,FiveThirtyEight
2012_2012-09-16_NYJ_PIT,2012,NA,2012-09-16,Regular Season,FALSE,PIT,NYJ,27,10,W,PIT,17,37,FiveThirtyEight
2012_2012-09-16_TEN_LAC,2012,NA,2012-09-16,Regular Season,FALSE,LAC,TEN,38,10,W,LAC,28,48,FiveThirtyEight
2012_2012-09-16_ARI_NE,2012,NA,2012-09-16,Regular Season,FALSE,NE,ARI,18,20,L,ARI,2,38,FiveThirtyEight
2012_2012-09-16_BAL_PHI,2012,NA,2012-09-16,Regular Season,FALSE,PHI,BAL,24,23,W,PHI,1,47,FiveThirtyEight
2012_2012-09-16_WAS_LA,2012,NA,2012-09-16,Regular Season,FALSE,LA,WAS,31,28,W,LA,3,59,FiveThirtyEight
2012_2012-09-16_LV_MIA,2012,NA,2012-09-16,Regular Season,FALSE,MIA,LV,35,13,W,MIA,22,48,FiveThirtyEight
2012_2012-09-16_TB_NYG,2012,NA,2012-09-16,Regular Season,FALSE,NYG,TB,41,34,W,NYG,7,75,FiveThirtyEight
2012_2012-09-16_DAL_SEA,2012,NA,2012-09-16,Regular Season,FALSE,SEA,DAL,27,7,W,SEA,20,34,FiveThirtyEight
2012_2012-09-16_DET_SF,2012,NA,2012-09-16,Regular Season,FALSE,SF,DET,27,19,W,SF,8,46,FiveThirtyEight
2012_2012-09-16_KC_BUF,2012,NA,2012-09-16,Regular Season,FALSE,BUF,KC,35,17,W,BUF,18,52,FiveThirtyEight
2012_2012-09-16_NO_CAR,2012,NA,2012-09-16,Regular Season,FALSE,CAR,NO,35,27,W,CAR,8,62,FiveThirtyEight
2012_2012-09-16_CLE_CIN,2012,NA,2012-09-16,Regular Season,FALSE,CIN,CLE,34,27,W,CIN,7,61,FiveThirtyEight
2012_2012-09-16_MIN_IND,2012,NA,2012-09-16,Regular Season,FALSE,IND,MIN,23,20,W,IND,3,43,FiveThirtyEight
2012_2012-09-16_HOU_JAX,2012,NA,2012-09-16,Regular Season,FALSE,JAX,HOU,7,27,L,HOU,20,34,FiveThirtyEight
2012_2012-09-17_DEN_ATL,2012,NA,2012-09-17,Regular Season,FALSE,ATL,DEN,27,21,W,ATL,6,48,FiveThirtyEight
2012_2012-09-20_NYG_CAR,2012,NA,2012-09-20,Regular Season,FALSE,CAR,NYG,7,36,L,NYG,29,43,FiveThirtyEight
2012_2012-09-23_BUF_CLE,2012,NA,2012-09-23,Regular Season,FALSE,CLE,BUF,14,24,L,BUF,10,38,FiveThirtyEight
2012_2012-09-23_TB_DAL,2012,NA,2012-09-23,Regular Season,FALSE,DAL,TB,16,10,W,DAL,6,26,FiveThirtyEight
2012_2012-09-23_HOU_DEN,2012,NA,2012-09-23,Regular Season,FALSE,DEN,HOU,25,31,L,HOU,6,56,FiveThirtyEight
2012_2012-09-23_NYJ_MIA,2012,NA,2012-09-23,Regular Season,FALSE,MIA,NYJ,20,23,L,NYJ,3,43,FiveThirtyEight
2012_2012-09-23_SF_MIN,2012,NA,2012-09-23,Regular Season,FALSE,MIN,SF,24,13,W,MIN,11,37,FiveThirtyEight
2012_2012-09-23_KC_NO,2012,NA,2012-09-23,Regular Season,FALSE,NO,KC,24,27,L,KC,3,51,FiveThirtyEight
2012_2012-09-23_DET_TEN,2012,NA,2012-09-23,Regular Season,FALSE,TEN,DET,44,41,W,TEN,3,85,FiveThirtyEight
2012_2012-09-23_PIT_LV,2012,NA,2012-09-23,Regular Season,FALSE,LV,PIT,34,31,W,LV,3,65,FiveThirtyEight
2012_2012-09-23_NE_BAL,2012,NA,2012-09-23,Regular Season,FALSE,BAL,NE,31,30,W,BAL,1,61,FiveThirtyEight
2012_2012-09-23_CIN_WAS,2012,NA,2012-09-23,Regular Season,FALSE,WAS,CIN,31,38,L,CIN,7,69,FiveThirtyEight
2012_2012-09-23_LA_CHI,2012,NA,2012-09-23,Regular Season,FALSE,CHI,LA,23,6,W,CHI,17,29,FiveThirtyEight
2012_2012-09-23_ATL_LAC,2012,NA,2012-09-23,Regular Season,FALSE,LAC,ATL,3,27,L,ATL,24,30,FiveThirtyEight
2012_2012-09-23_PHI_ARI,2012,NA,2012-09-23,Regular Season,FALSE,ARI,PHI,27,6,W,ARI,21,33,FiveThirtyEight
2012_2012-09-23_JAX_IND,2012,NA,2012-09-23,Regular Season,FALSE,IND,JAX,17,22,L,JAX,5,39,FiveThirtyEight
2012_2012-09-24_GB_SEA,2012,NA,2012-09-24,Regular Season,FALSE,SEA,GB,14,12,W,SEA,2,26,FiveThirtyEight
2012_2012-09-27_CLE_BAL,2012,NA,2012-09-27,Regular Season,FALSE,BAL,CLE,23,16,W,BAL,7,39,FiveThirtyEight
2012_2012-09-30_NO_GB,2012,NA,2012-09-30,Regular Season,FALSE,GB,NO,28,27,W,GB,1,55,FiveThirtyEight
2012_2012-09-30_LAC_KC,2012,NA,2012-09-30,Regular Season,FALSE,KC,LAC,20,37,L,LAC,17,57,FiveThirtyEight
2012_2012-09-30_NE_BUF,2012,NA,2012-09-30,Regular Season,FALSE,BUF,NE,28,52,L,NE,24,80,FiveThirtyEight
2012_2012-09-30_MIA_ARI,2012,NA,2012-09-30,Regular Season,FALSE,ARI,MIA,24,21,W,ARI,3,45,FiveThirtyEight
2012_2012-09-30_LV_DEN,2012,NA,2012-09-30,Regular Season,FALSE,DEN,LV,37,6,W,DEN,31,43,FiveThirtyEight
2012_2012-09-30_MIN_DET,2012,NA,2012-09-30,Regular Season,FALSE,DET,MIN,13,20,L,MIN,7,33,FiveThirtyEight
2012_2012-09-30_CIN_JAX,2012,NA,2012-09-30,Regular Season,FALSE,JAX,CIN,10,27,L,CIN,17,37,FiveThirtyEight
2012_2012-09-30_SF_NYJ,2012,NA,2012-09-30,Regular Season,FALSE,NYJ,SF,0,34,L,SF,34,34,FiveThirtyEight
2012_2012-09-30_NYG_PHI,2012,NA,2012-09-30,Regular Season,FALSE,PHI,NYG,19,17,W,PHI,2,36,FiveThirtyEight
2012_2012-09-30_WAS_TB,2012,NA,2012-09-30,Regular Season,FALSE,TB,WAS,22,24,L,WAS,2,46,FiveThirtyEight
2012_2012-09-30_CAR_ATL,2012,NA,2012-09-30,Regular Season,FALSE,ATL,CAR,30,28,W,ATL,2,58,FiveThirtyEight
2012_2012-09-30_TEN_HOU,2012,NA,2012-09-30,Regular Season,FALSE,HOU,TEN,38,14,W,HOU,24,52,FiveThirtyEight
2012_2012-09-30_SEA_LA,2012,NA,2012-09-30,Regular Season,FALSE,LA,SEA,19,13,W,LA,6,32,FiveThirtyEight
2012_2012-10-01_CHI_DAL,2012,NA,2012-10-01,Regular Season,FALSE,DAL,CHI,18,34,L,CHI,16,52,FiveThirtyEight
2012_2012-10-04_ARI_LA,2012,NA,2012-10-04,Regular Season,FALSE,LA,ARI,17,3,W,LA,14,20,FiveThirtyEight
2012_2012-10-07_ATL_WAS,2012,NA,2012-10-07,Regular Season,FALSE,WAS,ATL,17,24,L,ATL,7,41,FiveThirtyEight
2012_2012-10-07_LAC_NO,2012,NA,2012-10-07,Regular Season,FALSE,NO,LAC,31,24,W,NO,7,55,FiveThirtyEight
2012_2012-10-07_BAL_KC,2012,NA,2012-10-07,Regular Season,FALSE,KC,BAL,6,9,L,BAL,3,15,FiveThirtyEight
2012_2012-10-07_SEA_CAR,2012,NA,2012-10-07,Regular Season,FALSE,CAR,SEA,12,16,L,SEA,4,28,FiveThirtyEight
2012_2012-10-07_MIA_CIN,2012,NA,2012-10-07,Regular Season,FALSE,CIN,MIA,13,17,L,MIA,4,30,FiveThirtyEight
2012_2012-10-07_BUF_SF,2012,NA,2012-10-07,Regular Season,FALSE,SF,BUF,45,3,W,SF,42,48,FiveThirtyEight
2012_2012-10-07_CHI_JAX,2012,NA,2012-10-07,Regular Season,FALSE,JAX,CHI,3,41,L,CHI,38,44,FiveThirtyEight
2012_2012-10-07_GB_IND,2012,NA,2012-10-07,Regular Season,FALSE,IND,GB,30,27,W,IND,3,57,FiveThirtyEight
2012_2012-10-07_PHI_PIT,2012,NA,2012-10-07,Regular Season,FALSE,PIT,PHI,16,14,W,PIT,2,30,FiveThirtyEight
2012_2012-10-07_TEN_MIN,2012,NA,2012-10-07,Regular Season,FALSE,MIN,TEN,30,7,W,MIN,23,37,FiveThirtyEight
2012_2012-10-07_DEN_NE,2012,NA,2012-10-07,Regular Season,FALSE,NE,DEN,31,21,W,NE,10,52,FiveThirtyEight
2012_2012-10-07_CLE_NYG,2012,NA,2012-10-07,Regular Season,FALSE,NYG,CLE,41,27,W,NYG,14,68,FiveThirtyEight
2012_2012-10-08_HOU_NYJ,2012,NA,2012-10-08,Regular Season,FALSE,NYJ,HOU,17,23,L,HOU,6,40,FiveThirtyEight
2012_2012-10-11_PIT_TEN,2012,NA,2012-10-11,Regular Season,FALSE,TEN,PIT,26,23,W,TEN,3,49,FiveThirtyEight
2012_2012-10-14_CIN_CLE,2012,NA,2012-10-14,Regular Season,FALSE,CLE,CIN,34,24,W,CLE,10,58,FiveThirtyEight
2012_2012-10-14_MIN_WAS,2012,NA,2012-10-14,Regular Season,FALSE,WAS,MIN,38,26,W,WAS,12,64,FiveThirtyEight
2012_2012-10-14_KC_TB,2012,NA,2012-10-14,Regular Season,FALSE,TB,KC,38,10,W,TB,28,48,FiveThirtyEight
2012_2012-10-14_NYG_SF,2012,NA,2012-10-14,Regular Season,FALSE,SF,NYG,3,26,L,NYG,23,29,FiveThirtyEight
2012_2012-10-14_NE_SEA,2012,NA,2012-10-14,Regular Season,FALSE,SEA,NE,24,23,W,SEA,1,47,FiveThirtyEight
2012_2012-10-14_DAL_BAL,2012,NA,2012-10-14,Regular Season,FALSE,BAL,DAL,31,29,W,BAL,2,60,FiveThirtyEight
2012_2012-10-14_DET_PHI,2012,NA,2012-10-14,Regular Season,FALSE,PHI,DET,23,26,L,DET,3,49,FiveThirtyEight
2012_2012-10-14_IND_NYJ,2012,NA,2012-10-14,Regular Season,FALSE,NYJ,IND,35,9,W,NYJ,26,44,FiveThirtyEight
2012_2012-10-14_GB_HOU,2012,NA,2012-10-14,Regular Season,FALSE,HOU,GB,24,42,L,GB,18,66,FiveThirtyEight
2012_2012-10-14_BUF_ARI,2012,NA,2012-10-14,Regular Season,FALSE,ARI,BUF,16,19,L,BUF,3,35,FiveThirtyEight
2012_2012-10-14_LV_ATL,2012,NA,2012-10-14,Regular Season,FALSE,ATL,LV,23,20,W,ATL,3,43,FiveThirtyEight
2012_2012-10-14_LA_MIA,2012,NA,2012-10-14,Regular Season,FALSE,MIA,LA,17,14,W,MIA,3,31,FiveThirtyEight
2012_2012-10-15_DEN_LAC,2012,NA,2012-10-15,Regular Season,FALSE,LAC,DEN,24,35,L,DEN,11,59,FiveThirtyEight
2012_2012-10-18_SEA_SF,2012,NA,2012-10-18,Regular Season,FALSE,SF,SEA,13,6,W,SF,7,19,FiveThirtyEight
2012_2012-10-21_BAL_HOU,2012,NA,2012-10-21,Regular Season,FALSE,HOU,BAL,43,13,W,HOU,30,56,FiveThirtyEight
2012_2012-10-21_TEN_BUF,2012,NA,2012-10-21,Regular Season,FALSE,BUF,TEN,34,35,L,TEN,1,69,FiveThirtyEight
2012_2012-10-21_DAL_CAR,2012,NA,2012-10-21,Regular Season,FALSE,CAR,DAL,14,19,L,DAL,5,33,FiveThirtyEight
2012_2012-10-21_PIT_CIN,2012,NA,2012-10-21,Regular Season,FALSE,CIN,PIT,17,24,L,PIT,7,41,FiveThirtyEight
2012_2012-10-21_CLE_IND,2012,NA,2012-10-21,Regular Season,FALSE,IND,CLE,17,13,W,IND,4,30,FiveThirtyEight
2012_2012-10-21_WAS_NYG,2012,NA,2012-10-21,Regular Season,FALSE,NYG,WAS,27,23,W,NYG,4,50,FiveThirtyEight
2012_2012-10-21_ARI_MIN,2012,NA,2012-10-21,Regular Season,FALSE,MIN,ARI,21,14,W,MIN,7,35,FiveThirtyEight
2012_2012-10-21_GB_LA,2012,NA,2012-10-21,Regular Season,FALSE,LA,GB,20,30,L,GB,10,50,FiveThirtyEight
2012_2012-10-21_NYJ_NE,2012,NA,2012-10-21,Regular Season,FALSE,NE,NYJ,29,26,W,NE,3,55,FiveThirtyEight
2012_2012-10-21_NO_TB,2012,NA,2012-10-21,Regular Season,FALSE,TB,NO,28,35,L,NO,7,63,FiveThirtyEight
2012_2012-10-21_JAX_LV,2012,NA,2012-10-21,Regular Season,FALSE,LV,JAX,26,23,W,LV,3,49,FiveThirtyEight
2012_2012-10-22_DET_CHI,2012,NA,2012-10-22,Regular Season,FALSE,CHI,DET,13,7,W,CHI,6,20,FiveThirtyEight
2012_2012-10-25_TB_MIN,2012,NA,2012-10-25,Regular Season,FALSE,MIN,TB,17,36,L,TB,19,53,FiveThirtyEight
2012_2012-10-28_LA_NE,2012,NA,2012-10-28,Regular Season,TRUE,NE,LA,45,7,W,NE,38,52,FiveThirtyEight
2012_2012-10-28_ATL_PHI,2012,NA,2012-10-28,Regular Season,FALSE,PHI,ATL,17,30,L,ATL,13,47,FiveThirtyEight
2012_2012-10-28_IND_TEN,2012,NA,2012-10-28,Regular Season,FALSE,TEN,IND,13,19,L,IND,6,32,FiveThirtyEight
2012_2012-10-28_MIA_NYJ,2012,NA,2012-10-28,Regular Season,FALSE,NYJ,MIA,9,30,L,MIA,21,39,FiveThirtyEight
2012_2012-10-28_LV_KC,2012,NA,2012-10-28,Regular Season,FALSE,KC,LV,16,26,L,LV,10,42,FiveThirtyEight
2012_2012-10-28_JAX_GB,2012,NA,2012-10-28,Regular Season,FALSE,GB,JAX,24,15,W,GB,9,39,FiveThirtyEight
2012_2012-10-28_SEA_DET,2012,NA,2012-10-28,Regular Season,FALSE,DET,SEA,28,24,W,DET,4,52,FiveThirtyEight
2012_2012-10-28_NO_DEN,2012,NA,2012-10-28,Regular Season,FALSE,DEN,NO,34,14,W,DEN,20,48,FiveThirtyEight
2012_2012-10-28_CAR_CHI,2012,NA,2012-10-28,Regular Season,FALSE,CHI,CAR,23,22,W,CHI,1,45,FiveThirtyEight
2012_2012-10-28_NYG_DAL,2012,NA,2012-10-28,Regular Season,FALSE,DAL,NYG,24,29,L,NYG,5,53,FiveThirtyEight
2012_2012-10-28_WAS_PIT,2012,NA,2012-10-28,Regular Season,FALSE,PIT,WAS,27,12,W,PIT,15,39,FiveThirtyEight
2012_2012-10-28_LAC_CLE,2012,NA,2012-10-28,Regular Season,FALSE,CLE,LAC,7,6,W,CLE,1,13,FiveThirtyEight
2012_2012-10-29_SF_ARI,2012,NA,2012-10-29,Regular Season,FALSE,ARI,SF,3,24,L,SF,21,27,FiveThirtyEight
2012_2012-11-01_KC_LAC,2012,NA,2012-11-01,Regular Season,FALSE,LAC,KC,31,13,W,LAC,18,44,FiveThirtyEight
2012_2012-11-04_CHI_TEN,2012,NA,2012-11-04,Regular Season,FALSE,TEN,CHI,20,51,L,CHI,31,71,FiveThirtyEight
2012_2012-11-04_TB_LV,2012,NA,2012-11-04,Regular Season,FALSE,LV,TB,32,42,L,TB,10,74,FiveThirtyEight
2012_2012-11-04_MIN_SEA,2012,NA,2012-11-04,Regular Season,FALSE,SEA,MIN,30,20,W,SEA,10,50,FiveThirtyEight
2012_2012-11-04_CAR_WAS,2012,NA,2012-11-04,Regular Season,FALSE,WAS,CAR,13,21,L,CAR,8,34,FiveThirtyEight
2012_2012-11-04_BUF_HOU,2012,NA,2012-11-04,Regular Season,FALSE,HOU,BUF,21,9,W,HOU,12,30,FiveThirtyEight
2012_2012-11-04_DEN_CIN,2012,NA,2012-11-04,Regular Season,FALSE,CIN,DEN,23,31,L,DEN,8,54,FiveThirtyEight
2012_2012-11-04_DAL_ATL,2012,NA,2012-11-04,Regular Season,FALSE,ATL,DAL,19,13,W,ATL,6,32,FiveThirtyEight
2012_2012-11-04_ARI_GB,2012,NA,2012-11-04,Regular Season,FALSE,GB,ARI,31,17,W,GB,14,48,FiveThirtyEight
2012_2012-11-04_PIT_NYG,2012,NA,2012-11-04,Regular Season,FALSE,NYG,PIT,20,24,L,PIT,4,44,FiveThirtyEight
2012_2012-11-04_MIA_IND,2012,NA,2012-11-04,Regular Season,FALSE,IND,MIA,23,20,W,IND,3,43,FiveThirtyEight
2012_2012-11-04_DET_JAX,2012,NA,2012-11-04,Regular Season,FALSE,JAX,DET,14,31,L,DET,17,45,FiveThirtyEight
2012_2012-11-04_BAL_CLE,2012,NA,2012-11-04,Regular Season,FALSE,CLE,BAL,15,25,L,BAL,10,40,FiveThirtyEight
2012_2012-11-05_PHI_NO,2012,NA,2012-11-05,Regular Season,FALSE,NO,PHI,28,13,W,NO,15,41,FiveThirtyEight
2012_2012-11-08_IND_JAX,2012,NA,2012-11-08,Regular Season,FALSE,JAX,IND,10,27,L,IND,17,37,FiveThirtyEight
2012_2012-11-11_DAL_PHI,2012,NA,2012-11-11,Regular Season,FALSE,PHI,DAL,23,38,L,DAL,15,61,FiveThirtyEight
2012_2012-11-11_DEN_CAR,2012,NA,2012-11-11,Regular Season,FALSE,CAR,DEN,14,36,L,DEN,22,50,FiveThirtyEight
2012_2012-11-11_HOU_CHI,2012,NA,2012-11-11,Regular Season,FALSE,CHI,HOU,6,13,L,HOU,7,19,FiveThirtyEight
2012_2012-11-11_NYG_CIN,2012,NA,2012-11-11,Regular Season,FALSE,CIN,NYG,31,13,W,CIN,18,44,FiveThirtyEight
2012_2012-11-11_TEN_MIA,2012,NA,2012-11-11,Regular Season,FALSE,MIA,TEN,3,37,L,TEN,34,40,FiveThirtyEight
2012_2012-11-11_DET_MIN,2012,NA,2012-11-11,Regular Season,FALSE,MIN,DET,34,24,W,MIN,10,58,FiveThirtyEight
2012_2012-11-11_ATL_NO,2012,NA,2012-11-11,Regular Season,FALSE,NO,ATL,31,27,W,NO,4,58,FiveThirtyEight
2012_2012-11-11_BUF_NE,2012,NA,2012-11-11,Regular Season,FALSE,NE,BUF,37,31,W,NE,6,68,FiveThirtyEight
2012_2012-11-11_LV_BAL,2012,NA,2012-11-11,Regular Season,FALSE,BAL,LV,55,20,W,BAL,35,75,FiveThirtyEight
2012_2012-11-11_NYJ_SEA,2012,NA,2012-11-11,Regular Season,FALSE,SEA,NYJ,28,7,W,SEA,21,35,FiveThirtyEight
2012_2012-11-11_LAC_TB,2012,NA,2012-11-11,Regular Season,FALSE,TB,LAC,34,24,W,TB,10,58,FiveThirtyEight
2012_2012-11-11_LA_SF,2012,NA,2012-11-11,Regular Season,FALSE,SF,LA,24,24,T,Tie,0,48,FiveThirtyEight
2012_2012-11-12_KC_PIT,2012,NA,2012-11-12,Regular Season,FALSE,PIT,KC,16,13,W,PIT,3,29,FiveThirtyEight
2012_2012-11-15_MIA_BUF,2012,NA,2012-11-15,Regular Season,FALSE,BUF,MIA,19,14,W,BUF,5,33,FiveThirtyEight
2012_2012-11-18_NYJ_LA,2012,NA,2012-11-18,Regular Season,FALSE,LA,NYJ,13,27,L,NYJ,14,40,FiveThirtyEight
2012_2012-11-18_CLE_DAL,2012,NA,2012-11-18,Regular Season,FALSE,DAL,CLE,23,20,W,DAL,3,43,FiveThirtyEight
2012_2012-11-18_PHI_WAS,2012,NA,2012-11-18,Regular Season,FALSE,WAS,PHI,31,6,W,WAS,25,37,FiveThirtyEight
2012_2012-11-18_CIN_KC,2012,NA,2012-11-18,Regular Season,FALSE,KC,CIN,6,28,L,CIN,22,34,FiveThirtyEight
2012_2012-11-18_IND_NE,2012,NA,2012-11-18,Regular Season,FALSE,NE,IND,59,24,W,NE,35,83,FiveThirtyEight
2012_2012-11-18_BAL_PIT,2012,NA,2012-11-18,Regular Season,FALSE,PIT,BAL,10,13,L,BAL,3,23,FiveThirtyEight
2012_2012-11-18_NO_LV,2012,NA,2012-11-18,Regular Season,FALSE,LV,NO,17,38,L,NO,21,55,FiveThirtyEight
2012_2012-11-18_ARI_ATL,2012,NA,2012-11-18,Regular Season,FALSE,ATL,ARI,23,19,W,ATL,4,42,FiveThirtyEight
2012_2012-11-18_TB_CAR,2012,NA,2012-11-18,Regular Season,FALSE,CAR,TB,21,27,L,TB,6,48,FiveThirtyEight
2012_2012-11-18_LAC_DEN,2012,NA,2012-11-18,Regular Season,FALSE,DEN,LAC,30,23,W,DEN,7,53,FiveThirtyEight
2012_2012-11-18_GB_DET,2012,NA,2012-11-18,Regular Season,FALSE,DET,GB,20,24,L,GB,4,44,FiveThirtyEight
2012_2012-11-18_JAX_HOU,2012,NA,2012-11-18,Regular Season,FALSE,HOU,JAX,43,37,W,HOU,6,80,FiveThirtyEight
2012_2012-11-19_CHI_SF,2012,NA,2012-11-19,Regular Season,FALSE,SF,CHI,32,7,W,SF,25,39,FiveThirtyEight
2012_2012-11-22_NE_NYJ,2012,NA,2012-11-22,Regular Season,FALSE,NYJ,NE,19,49,L,NE,30,68,FiveThirtyEight
2012_2012-11-22_WAS_DAL,2012,NA,2012-11-22,Regular Season,FALSE,DAL,WAS,31,38,L,WAS,7,69,FiveThirtyEight
2012_2012-11-22_HOU_DET,2012,NA,2012-11-22,Regular Season,FALSE,DET,HOU,31,34,L,HOU,3,65,FiveThirtyEight
2012_2012-11-25_TEN_JAX,2012,NA,2012-11-25,Regular Season,FALSE,JAX,TEN,24,19,W,JAX,5,43,FiveThirtyEight
2012_2012-11-25_ATL_TB,2012,NA,2012-11-25,Regular Season,FALSE,TB,ATL,23,24,L,ATL,1,47,FiveThirtyEight
2012_2012-11-25_GB_NYG,2012,NA,2012-11-25,Regular Season,FALSE,NYG,GB,38,10,W,NYG,28,48,FiveThirtyEight
2012_2012-11-25_SF_NO,2012,NA,2012-11-25,Regular Season,FALSE,NO,SF,21,31,L,SF,10,52,FiveThirtyEight
2012_2012-11-25_SEA_MIA,2012,NA,2012-11-25,Regular Season,FALSE,MIA,SEA,24,21,W,MIA,3,45,FiveThirtyEight
2012_2012-11-25_DEN_KC,2012,NA,2012-11-25,Regular Season,FALSE,KC,DEN,9,17,L,DEN,8,26,FiveThirtyEight
2012_2012-11-25_BUF_IND,2012,NA,2012-11-25,Regular Season,FALSE,IND,BUF,20,13,W,IND,7,33,FiveThirtyEight
2012_2012-11-25_PIT_CLE,2012,NA,2012-11-25,Regular Season,FALSE,CLE,PIT,20,14,W,CLE,6,34,FiveThirtyEight
2012_2012-11-25_LV_CIN,2012,NA,2012-11-25,Regular Season,FALSE,CIN,LV,34,10,W,CIN,24,44,FiveThirtyEight
2012_2012-11-25_MIN_CHI,2012,NA,2012-11-25,Regular Season,FALSE,CHI,MIN,28,10,W,CHI,18,38,FiveThirtyEight
2012_2012-11-25_LA_ARI,2012,NA,2012-11-25,Regular Season,FALSE,ARI,LA,17,31,L,LA,14,48,FiveThirtyEight
2012_2012-11-25_BAL_LAC,2012,NA,2012-11-25,Regular Season,FALSE,LAC,BAL,13,16,L,BAL,3,29,FiveThirtyEight
2012_2012-11-26_CAR_PHI,2012,NA,2012-11-26,Regular Season,FALSE,PHI,CAR,22,30,L,CAR,8,52,FiveThirtyEight
2012_2012-11-29_NO_ATL,2012,NA,2012-11-29,Regular Season,FALSE,ATL,NO,23,13,W,ATL,10,36,FiveThirtyEight
2012_2012-12-02_JAX_BUF,2012,NA,2012-12-02,Regular Season,FALSE,BUF,JAX,34,18,W,BUF,16,52,FiveThirtyEight
2012_2012-12-02_PHI_DAL,2012,NA,2012-12-02,Regular Season,FALSE,DAL,PHI,38,33,W,DAL,5,71,FiveThirtyEight
2012_2012-12-02_TB_DEN,2012,NA,2012-12-02,Regular Season,FALSE,DEN,TB,31,23,W,DEN,8,54,FiveThirtyEight
2012_2012-12-02_IND_DET,2012,NA,2012-12-02,Regular Season,FALSE,DET,IND,33,35,L,IND,2,68,FiveThirtyEight
2012_2012-12-02_ARI_NYJ,2012,NA,2012-12-02,Regular Season,FALSE,NYJ,ARI,7,6,W,NYJ,1,13,FiveThirtyEight
2012_2012-12-02_HOU_TEN,2012,NA,2012-12-02,Regular Season,FALSE,TEN,HOU,10,24,L,HOU,14,34,FiveThirtyEight
2012_2012-12-02_CLE_LV,2012,NA,2012-12-02,Regular Season,FALSE,LV,CLE,17,20,L,CLE,3,37,FiveThirtyEight
2012_2012-12-02_MIN_GB,2012,NA,2012-12-02,Regular Season,FALSE,GB,MIN,23,14,W,GB,9,37,FiveThirtyEight
2012_2012-12-02_NE_MIA,2012,NA,2012-12-02,Regular Season,FALSE,MIA,NE,16,23,L,NE,7,39,FiveThirtyEight
2012_2012-12-02_SF_LA,2012,NA,2012-12-02,Regular Season,FALSE,LA,SF,16,13,W,LA,3,29,FiveThirtyEight
2012_2012-12-02_CAR_KC,2012,NA,2012-12-02,Regular Season,FALSE,KC,CAR,27,21,W,KC,6,48,FiveThirtyEight
2012_2012-12-02_SEA_CHI,2012,NA,2012-12-02,Regular Season,FALSE,CHI,SEA,17,23,L,SEA,6,40,FiveThirtyEight
2012_2012-12-02_PIT_BAL,2012,NA,2012-12-02,Regular Season,FALSE,BAL,PIT,20,23,L,PIT,3,43,FiveThirtyEight
2012_2012-12-02_CIN_LAC,2012,NA,2012-12-02,Regular Season,FALSE,LAC,CIN,13,20,L,CIN,7,33,FiveThirtyEight
2012_2012-12-03_NYG_WAS,2012,NA,2012-12-03,Regular Season,FALSE,WAS,NYG,17,16,W,WAS,1,33,FiveThirtyEight
2012_2012-12-06_DEN_LV,2012,NA,2012-12-06,Regular Season,FALSE,LV,DEN,13,26,L,DEN,13,39,FiveThirtyEight
2012_2012-12-09_PHI_TB,2012,NA,2012-12-09,Regular Season,FALSE,TB,PHI,21,23,L,PHI,2,44,FiveThirtyEight
2012_2012-12-09_LAC_PIT,2012,NA,2012-12-09,Regular Season,FALSE,PIT,LAC,24,34,L,LAC,10,58,FiveThirtyEight
2012_2012-12-09_LA_BUF,2012,NA,2012-12-09,Regular Season,FALSE,BUF,LA,12,15,L,LA,3,27,FiveThirtyEight
2012_2012-12-09_NYJ_JAX,2012,NA,2012-12-09,Regular Season,FALSE,JAX,NYJ,10,17,L,NYJ,7,27,FiveThirtyEight
2012_2012-12-09_ATL_CAR,2012,NA,2012-12-09,Regular Season,FALSE,CAR,ATL,30,20,W,CAR,10,50,FiveThirtyEight
2012_2012-12-09_DAL_CIN,2012,NA,2012-12-09,Regular Season,FALSE,CIN,DAL,19,20,L,DAL,1,39,FiveThirtyEight
2012_2012-12-09_KC_CLE,2012,NA,2012-12-09,Regular Season,FALSE,CLE,KC,30,7,W,CLE,23,37,FiveThirtyEight
2012_2012-12-09_TEN_IND,2012,NA,2012-12-09,Regular Season,FALSE,IND,TEN,27,23,W,IND,4,50,FiveThirtyEight
2012_2012-12-09_DET_GB,2012,NA,2012-12-09,Regular Season,FALSE,GB,DET,27,20,W,GB,7,47,FiveThirtyEight
2012_2012-12-09_CHI_MIN,2012,NA,2012-12-09,Regular Season,FALSE,MIN,CHI,21,14,W,MIN,7,35,FiveThirtyEight
2012_2012-12-09_NO_NYG,2012,NA,2012-12-09,Regular Season,FALSE,NYG,NO,52,27,W,NYG,25,79,FiveThirtyEight
2012_2012-12-09_ARI_SEA,2012,NA,2012-12-09,Regular Season,FALSE,SEA,ARI,58,0,W,SEA,58,58,FiveThirtyEight
2012_2012-12-09_MIA_SF,2012,NA,2012-12-09,Regular Season,FALSE,SF,MIA,27,13,W,SF,14,40,FiveThirtyEight
2012_2012-12-09_BAL_WAS,2012,NA,2012-12-09,Regular Season,FALSE,WAS,BAL,31,28,W,WAS,3,59,FiveThirtyEight
2012_2012-12-10_HOU_NE,2012,NA,2012-12-10,Regular Season,FALSE,NE,HOU,42,14,W,NE,28,56,FiveThirtyEight
2012_2012-12-13_CIN_PHI,2012,NA,2012-12-13,Regular Season,FALSE,PHI,CIN,13,34,L,CIN,21,47,FiveThirtyEight
2012_2012-12-16_JAX_MIA,2012,NA,2012-12-16,Regular Season,FALSE,MIA,JAX,24,3,W,MIA,21,27,FiveThirtyEight
2012_2012-12-16_SF_NE,2012,NA,2012-12-16,Regular Season,FALSE,NE,SF,34,41,L,SF,7,75,FiveThirtyEight
2012_2012-12-16_KC_LV,2012,NA,2012-12-16,Regular Season,FALSE,LV,KC,15,0,W,LV,15,15,FiveThirtyEight
2012_2012-12-16_DEN_BAL,2012,NA,2012-12-16,Regular Season,FALSE,BAL,DEN,17,34,L,DEN,17,51,FiveThirtyEight
2012_2012-12-16_NYG_ATL,2012,NA,2012-12-16,Regular Season,FALSE,ATL,NYG,34,0,W,ATL,34,34,FiveThirtyEight
2012_2012-12-16_IND_HOU,2012,NA,2012-12-16,Regular Season,FALSE,HOU,IND,29,17,W,HOU,12,46,FiveThirtyEight
2012_2012-12-16_TB_NO,2012,NA,2012-12-16,Regular Season,FALSE,NO,TB,41,0,W,NO,41,41,FiveThirtyEight
2012_2012-12-16_MIN_LA,2012,NA,2012-12-16,Regular Season,FALSE,LA,MIN,22,36,L,MIN,14,58,FiveThirtyEight
2012_2012-12-16_SEA_BUF,2012,NA,2012-12-16,Regular Season,FALSE,BUF,SEA,17,50,L,SEA,33,67,FiveThirtyEight
2012_2012-12-16_GB_CHI,2012,NA,2012-12-16,Regular Season,FALSE,CHI,GB,13,21,L,GB,8,34,FiveThirtyEight
2012_2012-12-16_WAS_CLE,2012,NA,2012-12-16,Regular Season,FALSE,CLE,WAS,21,38,L,WAS,17,59,FiveThirtyEight
2012_2012-12-16_DET_ARI,2012,NA,2012-12-16,Regular Season,FALSE,ARI,DET,38,10,W,ARI,28,48,FiveThirtyEight
2012_2012-12-16_CAR_LAC,2012,NA,2012-12-16,Regular Season,FALSE,LAC,CAR,7,31,L,CAR,24,38,FiveThirtyEight
2012_2012-12-16_PIT_DAL,2012,NA,2012-12-16,Regular Season,FALSE,DAL,PIT,27,24,W,DAL,3,51,FiveThirtyEight
2012_2012-12-17_NYJ_TEN,2012,NA,2012-12-17,Regular Season,FALSE,TEN,NYJ,14,10,W,TEN,4,24,FiveThirtyEight
2012_2012-12-22_ATL_DET,2012,NA,2012-12-22,Regular Season,FALSE,DET,ATL,18,31,L,ATL,13,49,FiveThirtyEight
2012_2012-12-23_NYG_BAL,2012,NA,2012-12-23,Regular Season,FALSE,BAL,NYG,33,14,W,BAL,19,47,FiveThirtyEight
2012_2012-12-23_LAC_NYJ,2012,NA,2012-12-23,Regular Season,FALSE,NYJ,LAC,17,27,L,LAC,10,44,FiveThirtyEight
2012_2012-12-23_SF_SEA,2012,NA,2012-12-23,Regular Season,FALSE,SEA,SF,42,13,W,SEA,29,55,FiveThirtyEight
2012_2012-12-23_CIN_PIT,2012,NA,2012-12-23,Regular Season,FALSE,PIT,CIN,10,13,L,CIN,3,23,FiveThirtyEight
2012_2012-12-23_WAS_PHI,2012,NA,2012-12-23,Regular Season,FALSE,PHI,WAS,20,27,L,WAS,7,47,FiveThirtyEight
2012_2012-12-23_BUF_MIA,2012,NA,2012-12-23,Regular Season,FALSE,MIA,BUF,24,10,W,MIA,14,34,FiveThirtyEight
2012_2012-12-23_IND_KC,2012,NA,2012-12-23,Regular Season,FALSE,KC,IND,13,20,L,IND,7,33,FiveThirtyEight
2012_2012-12-23_NE_JAX,2012,NA,2012-12-23,Regular Season,FALSE,JAX,NE,16,23,L,NE,7,39,FiveThirtyEight
2012_2012-12-23_MIN_HOU,2012,NA,2012-12-23,Regular Season,FALSE,HOU,MIN,6,23,L,MIN,17,29,FiveThirtyEight
2012_2012-12-23_TEN_GB,2012,NA,2012-12-23,Regular Season,FALSE,GB,TEN,55,7,W,GB,48,62,FiveThirtyEight
2012_2012-12-23_CLE_DEN,2012,NA,2012-12-23,Regular Season,FALSE,DEN,CLE,34,12,W,DEN,22,46,FiveThirtyEight
2012_2012-12-23_NO_DAL,2012,NA,2012-12-23,Regular Season,FALSE,DAL,NO,31,34,L,NO,3,65,FiveThirtyEight
2012_2012-12-23_CHI_ARI,2012,NA,2012-12-23,Regular Season,FALSE,ARI,CHI,13,28,L,CHI,15,41,FiveThirtyEight
2012_2012-12-23_LV_CAR,2012,NA,2012-12-23,Regular Season,FALSE,CAR,LV,17,6,W,CAR,11,23,FiveThirtyEight
2012_2012-12-23_LA_TB,2012,NA,2012-12-23,Regular Season,FALSE,TB,LA,13,28,L,LA,15,41,FiveThirtyEight
2012_2012-12-30_ARI_SF,2012,NA,2012-12-30,Regular Season,FALSE,SF,ARI,27,13,W,SF,14,40,FiveThirtyEight
2012_2012-12-30_CLE_PIT,2012,NA,2012-12-30,Regular Season,FALSE,PIT,CLE,24,10,W,PIT,14,34,FiveThirtyEight
2012_2012-12-30_NYJ_BUF,2012,NA,2012-12-30,Regular Season,FALSE,BUF,NYJ,28,9,W,BUF,19,37,FiveThirtyEight
2012_2012-12-30_PHI_NYG,2012,NA,2012-12-30,Regular Season,FALSE,NYG,PHI,42,7,W,NYG,35,49,FiveThirtyEight
2012_2012-12-30_TB_ATL,2012,NA,2012-12-30,Regular Season,FALSE,ATL,TB,17,22,L,TB,5,39,FiveThirtyEight
2012_2012-12-30_BAL_CIN,2012,NA,2012-12-30,Regular Season,FALSE,CIN,BAL,23,17,W,CIN,6,40,FiveThirtyEight
2012_2012-12-30_HOU_IND,2012,NA,2012-12-30,Regular Season,FALSE,IND,HOU,28,16,W,IND,12,44,FiveThirtyEight
2012_2012-12-30_KC_DEN,2012,NA,2012-12-30,Regular Season,FALSE,DEN,KC,38,3,W,DEN,35,41,FiveThirtyEight
2012_2012-12-30_LA_SEA,2012,NA,2012-12-30,Regular Season,FALSE,SEA,LA,20,13,W,SEA,7,33,FiveThirtyEight
2012_2012-12-30_CHI_DET,2012,NA,2012-12-30,Regular Season,FALSE,DET,CHI,24,26,L,CHI,2,50,FiveThirtyEight
2012_2012-12-30_LV_LAC,2012,NA,2012-12-30,Regular Season,FALSE,LAC,LV,24,21,W,LAC,3,45,FiveThirtyEight
2012_2012-12-30_GB_MIN,2012,NA,2012-12-30,Regular Season,FALSE,MIN,GB,37,34,W,MIN,3,71,FiveThirtyEight
2012_2012-12-30_CAR_NO,2012,NA,2012-12-30,Regular Season,FALSE,NO,CAR,38,44,L,CAR,6,82,FiveThirtyEight
2012_2012-12-30_MIA_NE,2012,NA,2012-12-30,Regular Season,FALSE,NE,MIA,28,0,W,NE,28,28,FiveThirtyEight
2012_2012-12-30_JAX_TEN,2012,NA,2012-12-30,Regular Season,FALSE,TEN,JAX,38,20,W,TEN,18,58,FiveThirtyEight
2012_2012-12-30_DAL_WAS,2012,NA,2012-12-30,Regular Season,FALSE,WAS,DAL,28,18,W,WAS,10,46,FiveThirtyEight
2013_2013-09-05_BAL_DEN,2013,NA,2013-09-05,Regular Season,FALSE,DEN,BAL,49,27,W,DEN,22,76,FiveThirtyEight
2013_2013-09-08_NYG_DAL,2013,NA,2013-09-08,Regular Season,FALSE,DAL,NYG,36,31,W,DAL,5,67,FiveThirtyEight
2013_2013-09-08_GB_SF,2013,NA,2013-09-08,Regular Season,FALSE,SF,GB,34,28,W,SF,6,62,FiveThirtyEight
2013_2013-09-08_ARI_LA,2013,NA,2013-09-08,Regular Season,FALSE,LA,ARI,27,24,W,LA,3,51,FiveThirtyEight
2013_2013-09-08_NE_BUF,2013,NA,2013-09-08,Regular Season,FALSE,BUF,NE,21,23,L,NE,2,44,FiveThirtyEight
2013_2013-09-08_CIN_CHI,2013,NA,2013-09-08,Regular Season,FALSE,CHI,CIN,24,21,W,CHI,3,45,FiveThirtyEight
2013_2013-09-08_MIA_CLE,2013,NA,2013-09-08,Regular Season,FALSE,CLE,MIA,10,23,L,MIA,13,33,FiveThirtyEight
2013_2013-09-08_LV_IND,2013,NA,2013-09-08,Regular Season,FALSE,IND,LV,21,17,W,IND,4,38,FiveThirtyEight
2013_2013-09-08_MIN_DET,2013,NA,2013-09-08,Regular Season,FALSE,DET,MIN,34,24,W,DET,10,58,FiveThirtyEight
2013_2013-09-08_KC_JAX,2013,NA,2013-09-08,Regular Season,FALSE,JAX,KC,2,28,L,KC,26,30,FiveThirtyEight
2013_2013-09-08_ATL_NO,2013,NA,2013-09-08,Regular Season,FALSE,NO,ATL,23,17,W,NO,6,40,FiveThirtyEight
2013_2013-09-08_TB_NYJ,2013,NA,2013-09-08,Regular Season,FALSE,NYJ,TB,18,17,W,NYJ,1,35,FiveThirtyEight
2013_2013-09-08_TEN_PIT,2013,NA,2013-09-08,Regular Season,FALSE,PIT,TEN,9,16,L,TEN,7,25,FiveThirtyEight
2013_2013-09-08_SEA_CAR,2013,NA,2013-09-08,Regular Season,FALSE,CAR,SEA,7,12,L,SEA,5,19,FiveThirtyEight
2013_2013-09-09_PHI_WAS,2013,NA,2013-09-09,Regular Season,FALSE,WAS,PHI,27,33,L,PHI,6,60,FiveThirtyEight
2013_2013-09-09_HOU_LAC,2013,NA,2013-09-09,Regular Season,FALSE,LAC,HOU,28,31,L,HOU,3,59,FiveThirtyEight
2013_2013-09-12_NYJ_NE,2013,NA,2013-09-12,Regular Season,FALSE,NE,NYJ,13,10,W,NE,3,23,FiveThirtyEight
2013_2013-09-15_NO_TB,2013,NA,2013-09-15,Regular Season,FALSE,TB,NO,14,16,L,NO,2,30,FiveThirtyEight
2013_2013-09-15_MIN_CHI,2013,NA,2013-09-15,Regular Season,FALSE,CHI,MIN,31,30,W,CHI,1,61,FiveThirtyEight
2013_2013-09-15_CAR_BUF,2013,NA,2013-09-15,Regular Season,FALSE,BUF,CAR,24,23,W,BUF,1,47,FiveThirtyEight
2013_2013-09-15_LAC_PHI,2013,NA,2013-09-15,Regular Season,FALSE,PHI,LAC,30,33,L,LAC,3,63,FiveThirtyEight
2013_2013-09-15_WAS_GB,2013,NA,2013-09-15,Regular Season,FALSE,GB,WAS,38,20,W,GB,18,58,FiveThirtyEight
2013_2013-09-15_DEN_NYG,2013,NA,2013-09-15,Regular Season,FALSE,NYG,DEN,23,41,L,DEN,18,64,FiveThirtyEight
2013_2013-09-15_CLE_BAL,2013,NA,2013-09-15,Regular Season,FALSE,BAL,CLE,14,6,W,BAL,8,20,FiveThirtyEight
2013_2013-09-15_SF_SEA,2013,NA,2013-09-15,Regular Season,FALSE,SEA,SF,29,3,W,SEA,26,32,FiveThirtyEight
2013_2013-09-15_MIA_IND,2013,NA,2013-09-15,Regular Season,FALSE,IND,MIA,20,24,L,MIA,4,44,FiveThirtyEight
2013_2013-09-15_JAX_LV,2013,NA,2013-09-15,Regular Season,FALSE,LV,JAX,19,9,W,LV,10,28,FiveThirtyEight
2013_2013-09-15_DET_ARI,2013,NA,2013-09-15,Regular Season,FALSE,ARI,DET,25,21,W,ARI,4,46,FiveThirtyEight
2013_2013-09-15_TEN_HOU,2013,NA,2013-09-15,Regular Season,FALSE,HOU,TEN,30,24,W,HOU,6,54,FiveThirtyEight
2013_2013-09-15_DAL_KC,2013,NA,2013-09-15,Regular Season,FALSE,KC,DAL,17,16,W,KC,1,33,FiveThirtyEight
2013_2013-09-15_LA_ATL,2013,NA,2013-09-15,Regular Season,FALSE,ATL,LA,31,24,W,ATL,7,55,FiveThirtyEight
2013_2013-09-16_PIT_CIN,2013,NA,2013-09-16,Regular Season,FALSE,CIN,PIT,20,10,W,CIN,10,30,FiveThirtyEight
2013_2013-09-19_KC_PHI,2013,NA,2013-09-19,Regular Season,FALSE,PHI,KC,16,26,L,KC,10,42,FiveThirtyEight
2013_2013-09-22_LAC_TEN,2013,NA,2013-09-22,Regular Season,FALSE,TEN,LAC,20,17,W,TEN,3,37,FiveThirtyEight
2013_2013-09-22_JAX_SEA,2013,NA,2013-09-22,Regular Season,FALSE,SEA,JAX,45,17,W,SEA,28,62,FiveThirtyEight
2013_2013-09-22_IND_SF,2013,NA,2013-09-22,Regular Season,FALSE,SF,IND,7,27,L,IND,20,34,FiveThirtyEight
2013_2013-09-22_DET_WAS,2013,NA,2013-09-22,Regular Season,FALSE,WAS,DET,20,27,L,DET,7,47,FiveThirtyEight
2013_2013-09-22_LA_DAL,2013,NA,2013-09-22,Regular Season,FALSE,DAL,LA,31,7,W,DAL,24,38,FiveThirtyEight
2013_2013-09-22_HOU_BAL,2013,NA,2013-09-22,Regular Season,FALSE,BAL,HOU,30,9,W,BAL,21,39,FiveThirtyEight
2013_2013-09-22_NYG_CAR,2013,NA,2013-09-22,Regular Season,FALSE,CAR,NYG,38,0,W,CAR,38,38,FiveThirtyEight
2013_2013-09-22_GB_CIN,2013,NA,2013-09-22,Regular Season,FALSE,CIN,GB,34,30,W,CIN,4,64,FiveThirtyEight
2013_2013-09-22_ATL_MIA,2013,NA,2013-09-22,Regular Season,FALSE,MIA,ATL,27,23,W,MIA,4,50,FiveThirtyEight
2013_2013-09-22_CLE_MIN,2013,NA,2013-09-22,Regular Season,FALSE,MIN,CLE,27,31,L,CLE,4,58,FiveThirtyEight
2013_2013-09-22_ARI_NO,2013,NA,2013-09-22,Regular Season,FALSE,NO,ARI,31,7,W,NO,24,38,FiveThirtyEight
2013_2013-09-22_TB_NE,2013,NA,2013-09-22,Regular Season,FALSE,NE,TB,23,3,W,NE,20,26,FiveThirtyEight
2013_2013-09-22_BUF_NYJ,2013,NA,2013-09-22,Regular Season,FALSE,NYJ,BUF,27,20,W,NYJ,7,47,FiveThirtyEight
2013_2013-09-22_CHI_PIT,2013,NA,2013-09-22,Regular Season,FALSE,PIT,CHI,23,40,L,CHI,17,63,FiveThirtyEight
2013_2013-09-23_LV_DEN,2013,NA,2013-09-23,Regular Season,FALSE,DEN,LV,37,21,W,DEN,16,58,FiveThirtyEight
2013_2013-09-26_SF_LA,2013,NA,2013-09-26,Regular Season,FALSE,LA,SF,11,35,L,SF,24,46,FiveThirtyEight
2013_2013-09-29_BAL_BUF,2013,NA,2013-09-29,Regular Season,FALSE,BUF,BAL,23,20,W,BUF,3,43,FiveThirtyEight
2013_2013-09-29_NE_ATL,2013,NA,2013-09-29,Regular Season,FALSE,ATL,NE,23,30,L,NE,7,53,FiveThirtyEight
2013_2013-09-29_MIN_PIT,2013,NA,2013-09-29,Regular Season,TRUE,PIT,MIN,27,34,L,MIN,7,61,FiveThirtyEight
2013_2013-09-29_NYG_KC,2013,NA,2013-09-29,Regular Season,FALSE,KC,NYG,31,7,W,KC,24,38,FiveThirtyEight
2013_2013-09-29_IND_JAX,2013,NA,2013-09-29,Regular Season,FALSE,JAX,IND,3,37,L,IND,34,40,FiveThirtyEight
2013_2013-09-29_NYJ_TEN,2013,NA,2013-09-29,Regular Season,FALSE,TEN,NYJ,38,13,W,TEN,25,51,FiveThirtyEight
2013_2013-09-29_CIN_CLE,2013,NA,2013-09-29,Regular Season,FALSE,CLE,CIN,17,6,W,CLE,11,23,FiveThirtyEight
2013_2013-09-29_WAS_LV,2013,NA,2013-09-29,Regular Season,FALSE,LV,WAS,14,24,L,WAS,10,38,FiveThirtyEight
2013_2013-09-29_PHI_DEN,2013,NA,2013-09-29,Regular Season,FALSE,DEN,PHI,52,20,W,DEN,32,72,FiveThirtyEight
2013_2013-09-29_DAL_LAC,2013,NA,2013-09-29,Regular Season,FALSE,LAC,DAL,30,21,W,LAC,9,51,FiveThirtyEight
2013_2013-09-29_ARI_TB,2013,NA,2013-09-29,Regular Season,FALSE,TB,ARI,10,13,L,ARI,3,23,FiveThirtyEight
2013_2013-09-29_SEA_HOU,2013,NA,2013-09-29,Regular Season,FALSE,HOU,SEA,20,23,L,SEA,3,43,FiveThirtyEight
2013_2013-09-29_CHI_DET,2013,NA,2013-09-29,Regular Season,FALSE,DET,CHI,40,32,W,DET,8,72,FiveThirtyEight
2013_2013-09-30_MIA_NO,2013,NA,2013-09-30,Regular Season,FALSE,NO,MIA,38,17,W,NO,21,55,FiveThirtyEight
2013_2013-10-03_BUF_CLE,2013,NA,2013-10-03,Regular Season,FALSE,CLE,BUF,37,24,W,CLE,13,61,FiveThirtyEight
2013_2013-10-06_DEN_DAL,2013,NA,2013-10-06,Regular Season,FALSE,DAL,DEN,48,51,L,DEN,3,99,FiveThirtyEight
2013_2013-10-06_SEA_IND,2013,NA,2013-10-06,Regular Season,FALSE,IND,SEA,34,28,W,IND,6,62,FiveThirtyEight
2013_2013-10-06_JAX_LA,2013,NA,2013-10-06,Regular Season,FALSE,LA,JAX,34,20,W,LA,14,54,FiveThirtyEight
2013_2013-10-06_LAC_LV,2013,NA,2013-10-06,Regular Season,FALSE,LV,LAC,27,17,W,LV,10,44,FiveThirtyEight
2013_2013-10-06_NO_CHI,2013,NA,2013-10-06,Regular Season,FALSE,CHI,NO,18,26,L,NO,8,44,FiveThirtyEight
2013_2013-10-06_HOU_SF,2013,NA,2013-10-06,Regular Season,FALSE,SF,HOU,34,3,W,SF,31,37,FiveThirtyEight
2013_2013-10-06_KC_TEN,2013,NA,2013-10-06,Regular Season,FALSE,TEN,KC,17,26,L,KC,9,43,FiveThirtyEight
2013_2013-10-06_PHI_NYG,2013,NA,2013-10-06,Regular Season,FALSE,NYG,PHI,21,36,L,PHI,15,57,FiveThirtyEight
2013_2013-10-06_BAL_MIA,2013,NA,2013-10-06,Regular Season,FALSE,MIA,BAL,23,26,L,BAL,3,49,FiveThirtyEight
2013_2013-10-06_NE_CIN,2013,NA,2013-10-06,Regular Season,FALSE,CIN,NE,13,6,W,CIN,7,19,FiveThirtyEight
2013_2013-10-06_CAR_ARI,2013,NA,2013-10-06,Regular Season,FALSE,ARI,CAR,22,6,W,ARI,16,28,FiveThirtyEight
2013_2013-10-06_DET_GB,2013,NA,2013-10-06,Regular Season,FALSE,GB,DET,22,9,W,GB,13,31,FiveThirtyEight
2013_2013-10-07_NYJ_ATL,2013,NA,2013-10-07,Regular Season,FALSE,ATL,NYJ,28,30,L,NYJ,2,58,FiveThirtyEight
2013_2013-10-10_NYG_CHI,2013,NA,2013-10-10,Regular Season,FALSE,CHI,NYG,27,21,W,CHI,6,48,FiveThirtyEight
2013_2013-10-13_JAX_DEN,2013,NA,2013-10-13,Regular Season,FALSE,DEN,JAX,35,19,W,DEN,16,54,FiveThirtyEight
2013_2013-10-13_CAR_MIN,2013,NA,2013-10-13,Regular Season,FALSE,MIN,CAR,10,35,L,CAR,25,45,FiveThirtyEight
2013_2013-10-13_WAS_DAL,2013,NA,2013-10-13,Regular Season,FALSE,DAL,WAS,31,16,W,DAL,15,47,FiveThirtyEight
2013_2013-10-13_DET_CLE,2013,NA,2013-10-13,Regular Season,FALSE,CLE,DET,17,31,L,DET,14,48,FiveThirtyEight
2013_2013-10-13_LA_HOU,2013,NA,2013-10-13,Regular Season,FALSE,HOU,LA,13,38,L,LA,25,51,FiveThirtyEight
2013_2013-10-13_PHI_TB,2013,NA,2013-10-13,Regular Season,FALSE,TB,PHI,20,31,L,PHI,11,51,FiveThirtyEight
2013_2013-10-13_ARI_SF,2013,NA,2013-10-13,Regular Season,FALSE,SF,ARI,32,20,W,SF,12,52,FiveThirtyEight
2013_2013-10-13_TEN_SEA,2013,NA,2013-10-13,Regular Season,FALSE,SEA,TEN,20,13,W,SEA,7,33,FiveThirtyEight
2013_2013-10-13_GB_BAL,2013,NA,2013-10-13,Regular Season,FALSE,BAL,GB,17,19,L,GB,2,36,FiveThirtyEight
2013_2013-10-13_PIT_NYJ,2013,NA,2013-10-13,Regular Season,FALSE,NYJ,PIT,6,19,L,PIT,13,25,FiveThirtyEight
2013_2013-10-13_NO_NE,2013,NA,2013-10-13,Regular Season,FALSE,NE,NO,30,27,W,NE,3,57,FiveThirtyEight
2013_2013-10-13_LV_KC,2013,NA,2013-10-13,Regular Season,FALSE,KC,LV,24,7,W,KC,17,31,FiveThirtyEight
2013_2013-10-13_CIN_BUF,2013,NA,2013-10-13,Regular Season,FALSE,BUF,CIN,24,27,L,CIN,3,51,FiveThirtyEight
2013_2013-10-14_IND_LAC,2013,NA,2013-10-14,Regular Season,FALSE,LAC,IND,19,9,W,LAC,10,28,FiveThirtyEight
2013_2013-10-17_SEA_ARI,2013,NA,2013-10-17,Regular Season,FALSE,ARI,SEA,22,34,L,SEA,12,56,FiveThirtyEight
2013_2013-10-20_SF_TEN,2013,NA,2013-10-20,Regular Season,FALSE,TEN,SF,17,31,L,SF,14,48,FiveThirtyEight
2013_2013-10-20_LA_CAR,2013,NA,2013-10-20,Regular Season,FALSE,CAR,LA,30,15,W,CAR,15,45,FiveThirtyEight
2013_2013-10-20_TB_ATL,2013,NA,2013-10-20,Regular Season,FALSE,ATL,TB,31,23,W,ATL,8,54,FiveThirtyEight
2013_2013-10-20_DEN_IND,2013,NA,2013-10-20,Regular Season,FALSE,IND,DEN,39,33,W,IND,6,72,FiveThirtyEight
2013_2013-10-20_CIN_DET,2013,NA,2013-10-20,Regular Season,FALSE,DET,CIN,24,27,L,CIN,3,51,FiveThirtyEight
2013_2013-10-20_CLE_GB,2013,NA,2013-10-20,Regular Season,FALSE,GB,CLE,31,13,W,GB,18,44,FiveThirtyEight
2013_2013-10-20_HOU_KC,2013,NA,2013-10-20,Regular Season,FALSE,KC,HOU,17,16,W,KC,1,33,FiveThirtyEight
2013_2013-10-20_BUF_MIA,2013,NA,2013-10-20,Regular Season,FALSE,MIA,BUF,21,23,L,BUF,2,44,FiveThirtyEight
2013_2013-10-20_NE_NYJ,2013,NA,2013-10-20,Regular Season,FALSE,NYJ,NE,30,27,W,NYJ,3,57,FiveThirtyEight
2013_2013-10-20_DAL_PHI,2013,NA,2013-10-20,Regular Season,FALSE,PHI,DAL,3,17,L,DAL,14,20,FiveThirtyEight
2013_2013-10-20_BAL_PIT,2013,NA,2013-10-20,Regular Season,FALSE,PIT,BAL,19,16,W,PIT,3,35,FiveThirtyEight
2013_2013-10-20_CHI_WAS,2013,NA,2013-10-20,Regular Season,FALSE,WAS,CHI,45,41,W,WAS,4,86,FiveThirtyEight
2013_2013-10-20_LAC_JAX,2013,NA,2013-10-20,Regular Season,FALSE,JAX,LAC,6,24,L,LAC,18,30,FiveThirtyEight
2013_2013-10-21_MIN_NYG,2013,NA,2013-10-21,Regular Season,FALSE,NYG,MIN,23,7,W,NYG,16,30,FiveThirtyEight
2013_2013-10-24_CAR_TB,2013,NA,2013-10-24,Regular Season,FALSE,TB,CAR,13,31,L,CAR,18,44,FiveThirtyEight
2013_2013-10-27_MIA_NE,2013,NA,2013-10-27,Regular Season,FALSE,NE,MIA,27,17,W,NE,10,44,FiveThirtyEight
2013_2013-10-27_BUF_NO,2013,NA,2013-10-27,Regular Season,FALSE,NO,BUF,35,17,W,NO,18,52,FiveThirtyEight
2013_2013-10-27_GB_MIN,2013,NA,2013-10-27,Regular Season,FALSE,MIN,GB,31,44,L,GB,13,75,FiveThirtyEight
2013_2013-10-27_CLE_KC,2013,NA,2013-10-27,Regular Season,FALSE,KC,CLE,23,17,W,KC,6,40,FiveThirtyEight
2013_2013-10-27_PIT_LV,2013,NA,2013-10-27,Regular Season,FALSE,LV,PIT,21,18,W,LV,3,39,FiveThirtyEight
2013_2013-10-27_NYJ_CIN,2013,NA,2013-10-27,Regular Season,FALSE,CIN,NYJ,49,9,W,CIN,40,58,FiveThirtyEight
2013_2013-10-27_DAL_DET,2013,NA,2013-10-27,Regular Season,FALSE,DET,DAL,31,30,W,DET,1,61,FiveThirtyEight
2013_2013-10-27_WAS_DEN,2013,NA,2013-10-27,Regular Season,FALSE,DEN,WAS,45,21,W,DEN,24,66,FiveThirtyEight
2013_2013-10-27_ATL_ARI,2013,NA,2013-10-27,Regular Season,FALSE,ARI,ATL,27,13,W,ARI,14,40,FiveThirtyEight
2013_2013-10-27_JAX_SF,2013,NA,2013-10-27,Regular Season,TRUE,SF,JAX,42,10,W,SF,32,52,FiveThirtyEight
2013_2013-10-27_NYG_PHI,2013,NA,2013-10-27,Regular Season,FALSE,PHI,NYG,7,15,L,NYG,8,22,FiveThirtyEight
2013_2013-10-28_SEA_LA,2013,NA,2013-10-28,Regular Season,FALSE,LA,SEA,9,14,L,SEA,5,23,FiveThirtyEight
2013_2013-10-31_CIN_MIA,2013,NA,2013-10-31,Regular Season,FALSE,MIA,CIN,22,20,W,MIA,2,42,FiveThirtyEight
2013_2013-11-03_ATL_CAR,2013,NA,2013-11-03,Regular Season,FALSE,CAR,ATL,34,10,W,CAR,24,44,FiveThirtyEight
2013_2013-11-03_LAC_WAS,2013,NA,2013-11-03,Regular Season,FALSE,WAS,LAC,30,24,W,WAS,6,54,FiveThirtyEight
2013_2013-11-03_BAL_CLE,2013,NA,2013-11-03,Regular Season,FALSE,CLE,BAL,24,18,W,CLE,6,42,FiveThirtyEight
2013_2013-11-03_TB_SEA,2013,NA,2013-11-03,Regular Season,FALSE,SEA,TB,27,24,W,SEA,3,51,FiveThirtyEight
2013_2013-11-03_PHI_LV,2013,NA,2013-11-03,Regular Season,FALSE,LV,PHI,20,49,L,PHI,29,69,FiveThirtyEight
2013_2013-11-03_PIT_NE,2013,NA,2013-11-03,Regular Season,FALSE,NE,PIT,55,31,W,NE,24,86,FiveThirtyEight
2013_2013-11-03_IND_HOU,2013,NA,2013-11-03,Regular Season,FALSE,HOU,IND,24,27,L,IND,3,51,FiveThirtyEight
2013_2013-11-03_MIN_DAL,2013,NA,2013-11-03,Regular Season,FALSE,DAL,MIN,27,23,W,DAL,4,50,FiveThirtyEight
2013_2013-11-03_NO_NYJ,2013,NA,2013-11-03,Regular Season,FALSE,NYJ,NO,26,20,W,NYJ,6,46,FiveThirtyEight
2013_2013-11-03_KC_BUF,2013,NA,2013-11-03,Regular Season,FALSE,BUF,KC,13,23,L,KC,10,36,FiveThirtyEight
2013_2013-11-03_TEN_LA,2013,NA,2013-11-03,Regular Season,FALSE,LA,TEN,21,28,L,TEN,7,49,FiveThirtyEight
2013_2013-11-04_CHI_GB,2013,NA,2013-11-04,Regular Season,FALSE,GB,CHI,20,27,L,CHI,7,47,FiveThirtyEight
2013_2013-11-07_WAS_MIN,2013,NA,2013-11-07,Regular Season,FALSE,MIN,WAS,34,27,W,MIN,7,61,FiveThirtyEight
2013_2013-11-10_HOU_ARI,2013,NA,2013-11-10,Regular Season,FALSE,ARI,HOU,27,24,W,ARI,3,51,FiveThirtyEight
2013_2013-11-10_PHI_GB,2013,NA,2013-11-10,Regular Season,FALSE,GB,PHI,13,27,L,PHI,14,40,FiveThirtyEight
2013_2013-11-10_DAL_NO,2013,NA,2013-11-10,Regular Season,FALSE,NO,DAL,49,17,W,NO,32,66,FiveThirtyEight
2013_2013-11-10_LV_NYG,2013,NA,2013-11-10,Regular Season,FALSE,NYG,LV,24,20,W,NYG,4,44,FiveThirtyEight
2013_2013-11-10_JAX_TEN,2013,NA,2013-11-10,Regular Season,FALSE,TEN,JAX,27,29,L,JAX,2,56,FiveThirtyEight
2013_2013-11-10_BUF_PIT,2013,NA,2013-11-10,Regular Season,FALSE,PIT,BUF,23,10,W,PIT,13,33,FiveThirtyEight
2013_2013-11-10_DET_CHI,2013,NA,2013-11-10,Regular Season,FALSE,CHI,DET,19,21,L,DET,2,40,FiveThirtyEight
2013_2013-11-10_CAR_SF,2013,NA,2013-11-10,Regular Season,FALSE,SF,CAR,9,10,L,CAR,1,19,FiveThirtyEight
2013_2013-11-10_SEA_ATL,2013,NA,2013-11-10,Regular Season,FALSE,ATL,SEA,10,33,L,SEA,23,43,FiveThirtyEight
2013_2013-11-10_DEN_LAC,2013,NA,2013-11-10,Regular Season,FALSE,LAC,DEN,20,28,L,DEN,8,48,FiveThirtyEight
2013_2013-11-10_CIN_BAL,2013,NA,2013-11-10,Regular Season,FALSE,BAL,CIN,20,17,W,BAL,3,37,FiveThirtyEight
2013_2013-11-10_LA_IND,2013,NA,2013-11-10,Regular Season,FALSE,IND,LA,8,38,L,LA,30,46,FiveThirtyEight
2013_2013-11-11_MIA_TB,2013,NA,2013-11-11,Regular Season,FALSE,TB,MIA,22,19,W,TB,3,41,FiveThirtyEight
2013_2013-11-14_IND_TEN,2013,NA,2013-11-14,Regular Season,FALSE,TEN,IND,27,30,L,IND,3,57,FiveThirtyEight
2013_2013-11-17_DET_PIT,2013,NA,2013-11-17,Regular Season,FALSE,PIT,DET,37,27,W,PIT,10,64,FiveThirtyEight
2013_2013-11-17_WAS_PHI,2013,NA,2013-11-17,Regular Season,FALSE,PHI,WAS,24,16,W,PHI,8,40,FiveThirtyEight
2013_2013-11-17_GB_NYG,2013,NA,2013-11-17,Regular Season,FALSE,NYG,GB,27,13,W,NYG,14,40,FiveThirtyEight
2013_2013-11-17_SF_NO,2013,NA,2013-11-17,Regular Season,FALSE,NO,SF,23,20,W,NO,3,43,FiveThirtyEight
2013_2013-11-17_ARI_JAX,2013,NA,2013-11-17,Regular Season,FALSE,JAX,ARI,14,27,L,ARI,13,41,FiveThirtyEight
2013_2013-11-17_LV_HOU,2013,NA,2013-11-17,Regular Season,FALSE,HOU,LV,23,28,L,LV,5,51,FiveThirtyEight
2013_2013-11-17_KC_DEN,2013,NA,2013-11-17,Regular Season,FALSE,DEN,KC,27,17,W,DEN,10,44,FiveThirtyEight
2013_2013-11-17_CLE_CIN,2013,NA,2013-11-17,Regular Season,FALSE,CIN,CLE,41,20,W,CIN,21,61,FiveThirtyEight
2013_2013-11-17_BAL_CHI,2013,NA,2013-11-17,Regular Season,FALSE,CHI,BAL,23,20,W,CHI,3,43,FiveThirtyEight
2013_2013-11-17_NYJ_BUF,2013,NA,2013-11-17,Regular Season,FALSE,BUF,NYJ,37,14,W,BUF,23,51,FiveThirtyEight
2013_2013-11-17_ATL_TB,2013,NA,2013-11-17,Regular Season,FALSE,TB,ATL,41,28,W,TB,13,69,FiveThirtyEight
2013_2013-11-17_LAC_MIA,2013,NA,2013-11-17,Regular Season,FALSE,MIA,LAC,20,16,W,MIA,4,36,FiveThirtyEight
2013_2013-11-17_MIN_SEA,2013,NA,2013-11-17,Regular Season,FALSE,SEA,MIN,41,20,W,SEA,21,61,FiveThirtyEight
2013_2013-11-18_NE_CAR,2013,NA,2013-11-18,Regular Season,FALSE,CAR,NE,24,20,W,CAR,4,44,FiveThirtyEight
2013_2013-11-21_NO_ATL,2013,NA,2013-11-21,Regular Season,FALSE,ATL,NO,13,17,L,NO,4,30,FiveThirtyEight
2013_2013-11-24_JAX_HOU,2013,NA,2013-11-24,Regular Season,FALSE,HOU,JAX,6,13,L,JAX,7,19,FiveThirtyEight
2013_2013-11-24_DEN_NE,2013,NA,2013-11-24,Regular Season,FALSE,NE,DEN,34,31,W,NE,3,65,FiveThirtyEight
2013_2013-11-24_CAR_MIA,2013,NA,2013-11-24,Regular Season,FALSE,MIA,CAR,16,20,L,CAR,4,36,FiveThirtyEight
2013_2013-11-24_NYJ_BAL,2013,NA,2013-11-24,Regular Season,FALSE,BAL,NYJ,19,3,W,BAL,16,22,FiveThirtyEight
2013_2013-11-24_TEN_LV,2013,NA,2013-11-24,Regular Season,FALSE,LV,TEN,19,23,L,TEN,4,42,FiveThirtyEight
2013_2013-11-24_DAL_NYG,2013,NA,2013-11-24,Regular Season,FALSE,NYG,DAL,21,24,L,DAL,3,45,FiveThirtyEight
2013_2013-11-24_MIN_GB,2013,NA,2013-11-24,Regular Season,FALSE,GB,MIN,26,26,T,Tie,0,52,FiveThirtyEight
2013_2013-11-24_PIT_CLE,2013,NA,2013-11-24,Regular Season,FALSE,CLE,PIT,11,27,L,PIT,16,38,FiveThirtyEight
2013_2013-11-24_IND_ARI,2013,NA,2013-11-24,Regular Season,FALSE,ARI,IND,40,11,W,ARI,29,51,FiveThirtyEight
2013_2013-11-24_TB_DET,2013,NA,2013-11-24,Regular Season,FALSE,DET,TB,21,24,L,TB,3,45,FiveThirtyEight
2013_2013-11-24_CHI_LA,2013,NA,2013-11-24,Regular Season,FALSE,LA,CHI,42,21,W,LA,21,63,FiveThirtyEight
2013_2013-11-24_LAC_KC,2013,NA,2013-11-24,Regular Season,FALSE,KC,LAC,38,41,L,LAC,3,79,FiveThirtyEight
2013_2013-11-25_SF_WAS,2013,NA,2013-11-25,Regular Season,FALSE,WAS,SF,6,27,L,SF,21,33,FiveThirtyEight
2013_2013-11-28_LV_DAL,2013,NA,2013-11-28,Regular Season,FALSE,DAL,LV,31,24,W,DAL,7,55,FiveThirtyEight
2013_2013-11-28_GB_DET,2013,NA,2013-11-28,Regular Season,FALSE,DET,GB,40,10,W,DET,30,50,FiveThirtyEight
2013_2013-11-28_PIT_BAL,2013,NA,2013-11-28,Regular Season,FALSE,BAL,PIT,22,20,W,BAL,2,42,FiveThirtyEight
2013_2013-12-01_DEN_KC,2013,NA,2013-12-01,Regular Season,FALSE,KC,DEN,28,35,L,DEN,7,63,FiveThirtyEight
2013_2013-12-01_LA_SF,2013,NA,2013-12-01,Regular Season,FALSE,SF,LA,23,13,W,SF,10,36,FiveThirtyEight
2013_2013-12-01_CIN_LAC,2013,NA,2013-12-01,Regular Season,FALSE,LAC,CIN,10,17,L,CIN,7,27,FiveThirtyEight
2013_2013-12-01_NYG_WAS,2013,NA,2013-12-01,Regular Season,FALSE,WAS,NYG,17,24,L,NYG,7,41,FiveThirtyEight
2013_2013-12-01_ARI_PHI,2013,NA,2013-12-01,Regular Season,FALSE,PHI,ARI,24,21,W,PHI,3,45,FiveThirtyEight
2013_2013-12-01_MIA_NYJ,2013,NA,2013-12-01,Regular Season,FALSE,NYJ,MIA,3,23,L,MIA,20,26,FiveThirtyEight
2013_2013-12-01_CHI_MIN,2013,NA,2013-12-01,Regular Season,FALSE,MIN,CHI,23,20,W,MIN,3,43,FiveThirtyEight
2013_2013-12-01_NE_HOU,2013,NA,2013-12-01,Regular Season,FALSE,HOU,NE,31,34,L,NE,3,65,FiveThirtyEight
2013_2013-12-01_TEN_IND,2013,NA,2013-12-01,Regular Season,FALSE,IND,TEN,22,14,W,IND,8,36,FiveThirtyEight
2013_2013-12-01_JAX_CLE,2013,NA,2013-12-01,Regular Season,FALSE,CLE,JAX,28,32,L,JAX,4,60,FiveThirtyEight
2013_2013-12-01_TB_CAR,2013,NA,2013-12-01,Regular Season,FALSE,CAR,TB,27,6,W,CAR,21,33,FiveThirtyEight
2013_2013-12-01_ATL_BUF,2013,NA,2013-12-01,Regular Season,FALSE,BUF,ATL,31,34,L,ATL,3,65,FiveThirtyEight
2013_2013-12-02_NO_SEA,2013,NA,2013-12-02,Regular Season,FALSE,SEA,NO,34,7,W,SEA,27,41,FiveThirtyEight
2013_2013-12-05_HOU_JAX,2013,NA,2013-12-05,Regular Season,FALSE,JAX,HOU,27,20,W,JAX,7,47,FiveThirtyEight
2013_2013-12-08_BUF_TB,2013,NA,2013-12-08,Regular Season,FALSE,TB,BUF,27,6,W,TB,21,33,FiveThirtyEight
2013_2013-12-08_MIN_BAL,2013,NA,2013-12-08,Regular Season,FALSE,BAL,MIN,29,26,W,BAL,3,55,FiveThirtyEight
2013_2013-12-08_TEN_DEN,2013,NA,2013-12-08,Regular Season,FALSE,DEN,TEN,51,28,W,DEN,23,79,FiveThirtyEight
2013_2013-12-08_IND_CIN,2013,NA,2013-12-08,Regular Season,FALSE,CIN,IND,42,28,W,CIN,14,70,FiveThirtyEight
2013_2013-12-08_SEA_SF,2013,NA,2013-12-08,Regular Season,FALSE,SF,SEA,19,17,W,SF,2,36,FiveThirtyEight
2013_2013-12-08_MIA_PIT,2013,NA,2013-12-08,Regular Season,FALSE,PIT,MIA,28,34,L,MIA,6,62,FiveThirtyEight
2013_2013-12-08_KC_WAS,2013,NA,2013-12-08,Regular Season,FALSE,WAS,KC,10,45,L,KC,35,55,FiveThirtyEight
2013_2013-12-08_DET_PHI,2013,NA,2013-12-08,Regular Season,FALSE,PHI,DET,34,20,W,PHI,14,54,FiveThirtyEight
2013_2013-12-08_LA_ARI,2013,NA,2013-12-08,Regular Season,FALSE,ARI,LA,30,10,W,ARI,20,40,FiveThirtyEight
2013_2013-12-08_LV_NYJ,2013,NA,2013-12-08,Regular Season,FALSE,NYJ,LV,37,27,W,NYJ,10,64,FiveThirtyEight
2013_2013-12-08_CLE_NE,2013,NA,2013-12-08,Regular Season,FALSE,NE,CLE,27,26,W,NE,1,53,FiveThirtyEight
2013_2013-12-08_CAR_NO,2013,NA,2013-12-08,Regular Season,FALSE,NO,CAR,31,13,W,NO,18,44,FiveThirtyEight
2013_2013-12-08_ATL_GB,2013,NA,2013-12-08,Regular Season,FALSE,GB,ATL,22,21,W,GB,1,43,FiveThirtyEight
2013_2013-12-08_NYG_LAC,2013,NA,2013-12-08,Regular Season,FALSE,LAC,NYG,37,14,W,LAC,23,51,FiveThirtyEight
2013_2013-12-09_DAL_CHI,2013,NA,2013-12-09,Regular Season,FALSE,CHI,DAL,45,28,W,CHI,17,73,FiveThirtyEight
2013_2013-12-12_LAC_DEN,2013,NA,2013-12-12,Regular Season,FALSE,DEN,LAC,20,27,L,LAC,7,47,FiveThirtyEight
2013_2013-12-15_ARI_TEN,2013,NA,2013-12-15,Regular Season,FALSE,TEN,ARI,34,37,L,ARI,3,71,FiveThirtyEight
2013_2013-12-15_BUF_JAX,2013,NA,2013-12-15,Regular Season,FALSE,JAX,BUF,20,27,L,BUF,7,47,FiveThirtyEight
2013_2013-12-15_NO_LA,2013,NA,2013-12-15,Regular Season,FALSE,LA,NO,27,16,W,LA,11,43,FiveThirtyEight
2013_2013-12-15_SF_TB,2013,NA,2013-12-15,Regular Season,FALSE,TB,SF,14,33,L,SF,19,47,FiveThirtyEight
2013_2013-12-15_KC_LV,2013,NA,2013-12-15,Regular Season,FALSE,LV,KC,31,56,L,KC,25,87,FiveThirtyEight
2013_2013-12-15_CIN_PIT,2013,NA,2013-12-15,Regular Season,FALSE,PIT,CIN,30,20,W,PIT,10,50,FiveThirtyEight
2013_2013-12-15_SEA_NYG,2013,NA,2013-12-15,Regular Season,FALSE,NYG,SEA,0,23,L,SEA,23,23,FiveThirtyEight
2013_2013-12-15_PHI_MIN,2013,NA,2013-12-15,Regular Season,FALSE,MIN,PHI,48,30,W,MIN,18,78,FiveThirtyEight
2013_2013-12-15_NE_MIA,2013,NA,2013-12-15,Regular Season,FALSE,MIA,NE,24,20,W,MIA,4,44,FiveThirtyEight
2013_2013-12-15_GB_DAL,2013,NA,2013-12-15,Regular Season,FALSE,DAL,GB,36,37,L,GB,1,73,FiveThirtyEight
2013_2013-12-15_HOU_IND,2013,NA,2013-12-15,Regular Season,FALSE,IND,HOU,25,3,W,IND,22,28,FiveThirtyEight
2013_2013-12-15_CHI_CLE,2013,NA,2013-12-15,Regular Season,FALSE,CLE,CHI,31,38,L,CHI,7,69,FiveThirtyEight
2013_2013-12-15_NYJ_CAR,2013,NA,2013-12-15,Regular Season,FALSE,CAR,NYJ,30,20,W,CAR,10,50,FiveThirtyEight
2013_2013-12-15_WAS_ATL,2013,NA,2013-12-15,Regular Season,FALSE,ATL,WAS,27,26,W,ATL,1,53,FiveThirtyEight
2013_2013-12-16_BAL_DET,2013,NA,2013-12-16,Regular Season,FALSE,DET,BAL,16,18,L,BAL,2,34,FiveThirtyEight
2013_2013-12-22_PIT_GB,2013,NA,2013-12-22,Regular Season,FALSE,GB,PIT,31,38,L,PIT,7,69,FiveThirtyEight
2013_2013-12-22_MIA_BUF,2013,NA,2013-12-22,Regular Season,FALSE,BUF,MIA,19,0,W,BUF,19,19,FiveThirtyEight
2013_2013-12-22_DEN_HOU,2013,NA,2013-12-22,Regular Season,FALSE,HOU,DEN,13,37,L,DEN,24,50,FiveThirtyEight
2013_2013-12-22_MIN_CIN,2013,NA,2013-12-22,Regular Season,FALSE,CIN,MIN,42,14,W,CIN,28,56,FiveThirtyEight
2013_2013-12-22_TEN_JAX,2013,NA,2013-12-22,Regular Season,FALSE,JAX,TEN,16,20,L,TEN,4,36,FiveThirtyEight
2013_2013-12-22_IND_KC,2013,NA,2013-12-22,Regular Season,FALSE,KC,IND,7,23,L,IND,16,30,FiveThirtyEight
2013_2013-12-22_CLE_NYJ,2013,NA,2013-12-22,Regular Season,FALSE,NYJ,CLE,24,13,W,NYJ,11,37,FiveThirtyEight
2013_2013-12-22_DAL_WAS,2013,NA,2013-12-22,Regular Season,FALSE,WAS,DAL,23,24,L,DAL,1,47,FiveThirtyEight
2013_2013-12-22_ARI_SEA,2013,NA,2013-12-22,Regular Season,FALSE,SEA,ARI,10,17,L,ARI,7,27,FiveThirtyEight
2013_2013-12-22_NE_BAL,2013,NA,2013-12-22,Regular Season,FALSE,BAL,NE,7,41,L,NE,34,48,FiveThirtyEight
2013_2013-12-22_NO_CAR,2013,NA,2013-12-22,Regular Season,FALSE,CAR,NO,17,13,W,CAR,4,30,FiveThirtyEight
2013_2013-12-22_CHI_PHI,2013,NA,2013-12-22,Regular Season,FALSE,PHI,CHI,54,11,W,PHI,43,65,FiveThirtyEight
2013_2013-12-22_LV_LAC,2013,NA,2013-12-22,Regular Season,FALSE,LAC,LV,26,13,W,LAC,13,39,FiveThirtyEight
2013_2013-12-22_TB_LA,2013,NA,2013-12-22,Regular Season,FALSE,LA,TB,23,13,W,LA,10,36,FiveThirtyEight
2013_2013-12-22_NYG_DET,2013,NA,2013-12-22,Regular Season,FALSE,DET,NYG,20,23,L,NYG,3,43,FiveThirtyEight
2013_2013-12-23_ATL_SF,2013,NA,2013-12-23,Regular Season,FALSE,SF,ATL,34,24,W,SF,10,58,FiveThirtyEight
2013_2013-12-29_BUF_NE,2013,NA,2013-12-29,Regular Season,FALSE,NE,BUF,34,20,W,NE,14,54,FiveThirtyEight
2013_2013-12-29_DET_MIN,2013,NA,2013-12-29,Regular Season,FALSE,MIN,DET,14,13,W,MIN,1,27,FiveThirtyEight
2013_2013-12-29_NYJ_MIA,2013,NA,2013-12-29,Regular Season,FALSE,MIA,NYJ,7,20,L,NYJ,13,27,FiveThirtyEight
2013_2013-12-29_CAR_ATL,2013,NA,2013-12-29,Regular Season,FALSE,ATL,CAR,20,21,L,CAR,1,41,FiveThirtyEight
2013_2013-12-29_GB_CHI,2013,NA,2013-12-29,Regular Season,FALSE,CHI,GB,28,33,L,GB,5,61,FiveThirtyEight
2013_2013-12-29_BAL_CIN,2013,NA,2013-12-29,Regular Season,FALSE,CIN,BAL,34,17,W,CIN,17,51,FiveThirtyEight
2013_2013-12-29_JAX_IND,2013,NA,2013-12-29,Regular Season,FALSE,IND,JAX,30,10,W,IND,20,40,FiveThirtyEight
2013_2013-12-29_SF_ARI,2013,NA,2013-12-29,Regular Season,FALSE,ARI,SF,20,23,L,SF,3,43,FiveThirtyEight
2013_2013-12-29_PHI_DAL,2013,NA,2013-12-29,Regular Season,FALSE,DAL,PHI,22,24,L,PHI,2,46,FiveThirtyEight
2013_2013-12-29_KC_LAC,2013,NA,2013-12-29,Regular Season,FALSE,LAC,KC,27,24,W,LAC,3,51,FiveThirtyEight
2013_2013-12-29_LA_SEA,2013,NA,2013-12-29,Regular Season,FALSE,SEA,LA,27,9,W,SEA,18,36,FiveThirtyEight
2013_2013-12-29_DEN_LV,2013,NA,2013-12-29,Regular Season,FALSE,LV,DEN,14,34,L,DEN,20,48,FiveThirtyEight
2013_2013-12-29_CLE_PIT,2013,NA,2013-12-29,Regular Season,FALSE,PIT,CLE,20,7,W,PIT,13,27,FiveThirtyEight
2013_2013-12-29_HOU_TEN,2013,NA,2013-12-29,Regular Season,FALSE,TEN,HOU,16,10,W,TEN,6,26,FiveThirtyEight
2013_2013-12-29_WAS_NYG,2013,NA,2013-12-29,Regular Season,FALSE,NYG,WAS,20,6,W,NYG,14,26,FiveThirtyEight
2013_2013-12-29_TB_NO,2013,NA,2013-12-29,Regular Season,FALSE,NO,TB,42,17,W,NO,25,59,FiveThirtyEight
2014_2014-09-04_GB_SEA,2014,NA,2014-09-04,Regular Season,FALSE,SEA,GB,36,16,W,SEA,20,52,FiveThirtyEight
2014_2014-09-07_JAX_PHI,2014,NA,2014-09-07,Regular Season,FALSE,PHI,JAX,34,17,W,PHI,17,51,FiveThirtyEight
2014_2014-09-07_CLE_PIT,2014,NA,2014-09-07,Regular Season,FALSE,PIT,CLE,30,27,W,PIT,3,57,FiveThirtyEight
2014_2014-09-07_CIN_BAL,2014,NA,2014-09-07,Regular Season,FALSE,BAL,CIN,16,23,L,CIN,7,39,FiveThirtyEight
2014_2014-09-07_CAR_TB,2014,NA,2014-09-07,Regular Season,FALSE,TB,CAR,14,20,L,CAR,6,34,FiveThirtyEight
2014_2014-09-07_IND_DEN,2014,NA,2014-09-07,Regular Season,FALSE,DEN,IND,31,24,W,DEN,7,55,FiveThirtyEight
2014_2014-09-07_MIN_LA,2014,NA,2014-09-07,Regular Season,FALSE,LA,MIN,6,34,L,MIN,28,40,FiveThirtyEight
2014_2014-09-07_NO_ATL,2014,NA,2014-09-07,Regular Season,FALSE,ATL,NO,37,34,W,ATL,3,71,FiveThirtyEight
2014_2014-09-07_BUF_CHI,2014,NA,2014-09-07,Regular Season,FALSE,CHI,BUF,20,23,L,BUF,3,43,FiveThirtyEight
2014_2014-09-07_SF_DAL,2014,NA,2014-09-07,Regular Season,FALSE,DAL,SF,17,28,L,SF,11,45,FiveThirtyEight
2014_2014-09-07_WAS_HOU,2014,NA,2014-09-07,Regular Season,FALSE,HOU,WAS,17,6,W,HOU,11,23,FiveThirtyEight
2014_2014-09-07_TEN_KC,2014,NA,2014-09-07,Regular Season,FALSE,KC,TEN,10,26,L,TEN,16,36,FiveThirtyEight
2014_2014-09-07_NE_MIA,2014,NA,2014-09-07,Regular Season,FALSE,MIA,NE,33,20,W,MIA,13,53,FiveThirtyEight
2014_2014-09-07_LV_NYJ,2014,NA,2014-09-07,Regular Season,FALSE,NYJ,LV,19,14,W,NYJ,5,33,FiveThirtyEight
2014_2014-09-08_LAC_ARI,2014,NA,2014-09-08,Regular Season,FALSE,ARI,LAC,18,17,W,ARI,1,35,FiveThirtyEight
2014_2014-09-08_NYG_DET,2014,NA,2014-09-08,Regular Season,FALSE,DET,NYG,35,14,W,DET,21,49,FiveThirtyEight
2014_2014-09-11_PIT_BAL,2014,NA,2014-09-11,Regular Season,FALSE,BAL,PIT,26,6,W,BAL,20,32,FiveThirtyEight
2014_2014-09-14_MIA_BUF,2014,NA,2014-09-14,Regular Season,FALSE,BUF,MIA,29,10,W,BUF,19,39,FiveThirtyEight
2014_2014-09-14_DET_CAR,2014,NA,2014-09-14,Regular Season,FALSE,CAR,DET,24,7,W,CAR,17,31,FiveThirtyEight
2014_2014-09-14_ATL_CIN,2014,NA,2014-09-14,Regular Season,FALSE,CIN,ATL,24,10,W,CIN,14,34,FiveThirtyEight
2014_2014-09-14_JAX_WAS,2014,NA,2014-09-14,Regular Season,FALSE,WAS,JAX,41,10,W,WAS,31,51,FiveThirtyEight
2014_2014-09-14_NO_CLE,2014,NA,2014-09-14,Regular Season,FALSE,CLE,NO,26,24,W,CLE,2,50,FiveThirtyEight
2014_2014-09-14_KC_DEN,2014,NA,2014-09-14,Regular Season,FALSE,DEN,KC,24,17,W,DEN,7,41,FiveThirtyEight
2014_2014-09-14_NYJ_GB,2014,NA,2014-09-14,Regular Season,FALSE,GB,NYJ,31,24,W,GB,7,55,FiveThirtyEight
2014_2014-09-14_NE_MIN,2014,NA,2014-09-14,Regular Season,FALSE,MIN,NE,7,30,L,NE,23,37,FiveThirtyEight
2014_2014-09-14_CHI_SF,2014,NA,2014-09-14,Regular Season,FALSE,SF,CHI,20,28,L,CHI,8,48,FiveThirtyEight
2014_2014-09-14_ARI_NYG,2014,NA,2014-09-14,Regular Season,FALSE,NYG,ARI,14,25,L,ARI,11,39,FiveThirtyEight
2014_2014-09-14_SEA_LAC,2014,NA,2014-09-14,Regular Season,FALSE,LAC,SEA,30,21,W,LAC,9,51,FiveThirtyEight
2014_2014-09-14_DAL_TEN,2014,NA,2014-09-14,Regular Season,FALSE,TEN,DAL,10,26,L,DAL,16,36,FiveThirtyEight
2014_2014-09-14_LA_TB,2014,NA,2014-09-14,Regular Season,FALSE,TB,LA,17,19,L,LA,2,36,FiveThirtyEight
2014_2014-09-14_HOU_LV,2014,NA,2014-09-14,Regular Season,FALSE,LV,HOU,14,30,L,HOU,16,44,FiveThirtyEight
2014_2014-09-15_PHI_IND,2014,NA,2014-09-15,Regular Season,FALSE,IND,PHI,27,30,L,PHI,3,57,FiveThirtyEight
2014_2014-09-18_TB_ATL,2014,NA,2014-09-18,Regular Season,FALSE,ATL,TB,56,14,W,ATL,42,70,FiveThirtyEight
2014_2014-09-21_KC_MIA,2014,NA,2014-09-21,Regular Season,FALSE,MIA,KC,15,34,L,KC,19,49,FiveThirtyEight
2014_2014-09-21_PIT_CAR,2014,NA,2014-09-21,Regular Season,FALSE,CAR,PIT,19,37,L,PIT,18,56,FiveThirtyEight
2014_2014-09-21_TEN_CIN,2014,NA,2014-09-21,Regular Season,FALSE,CIN,TEN,33,7,W,CIN,26,40,FiveThirtyEight
2014_2014-09-21_BAL_CLE,2014,NA,2014-09-21,Regular Season,FALSE,CLE,BAL,21,23,L,BAL,2,44,FiveThirtyEight
2014_2014-09-21_SF_ARI,2014,NA,2014-09-21,Regular Season,FALSE,ARI,SF,23,14,W,ARI,9,37,FiveThirtyEight
2014_2014-09-21_GB_DET,2014,NA,2014-09-21,Regular Season,FALSE,DET,GB,19,7,W,DET,12,26,FiveThirtyEight
2014_2014-09-21_DAL_LA,2014,NA,2014-09-21,Regular Season,FALSE,LA,DAL,31,34,L,DAL,3,65,FiveThirtyEight
2014_2014-09-21_IND_JAX,2014,NA,2014-09-21,Regular Season,FALSE,JAX,IND,17,44,L,IND,27,61,FiveThirtyEight
2014_2014-09-21_MIN_NO,2014,NA,2014-09-21,Regular Season,FALSE,NO,MIN,20,9,W,NO,11,29,FiveThirtyEight
2014_2014-09-21_LV_NE,2014,NA,2014-09-21,Regular Season,FALSE,NE,LV,16,9,W,NE,7,25,FiveThirtyEight
2014_2014-09-21_HOU_NYG,2014,NA,2014-09-21,Regular Season,FALSE,NYG,HOU,30,17,W,NYG,13,47,FiveThirtyEight
2014_2014-09-21_WAS_PHI,2014,NA,2014-09-21,Regular Season,FALSE,PHI,WAS,37,34,W,PHI,3,71,FiveThirtyEight
2014_2014-09-21_DEN_SEA,2014,NA,2014-09-21,Regular Season,FALSE,SEA,DEN,26,20,W,SEA,6,46,FiveThirtyEight
2014_2014-09-21_LAC_BUF,2014,NA,2014-09-21,Regular Season,FALSE,BUF,LAC,10,22,L,LAC,12,32,FiveThirtyEight
2014_2014-09-22_CHI_NYJ,2014,NA,2014-09-22,Regular Season,FALSE,NYJ,CHI,19,27,L,CHI,8,46,FiveThirtyEight
2014_2014-09-25_NYG_WAS,2014,NA,2014-09-25,Regular Season,FALSE,WAS,NYG,14,45,L,NYG,31,59,FiveThirtyEight
2014_2014-09-28_TEN_IND,2014,NA,2014-09-28,Regular Season,FALSE,IND,TEN,41,17,W,IND,24,58,FiveThirtyEight
2014_2014-09-28_PHI_SF,2014,NA,2014-09-28,Regular Season,FALSE,SF,PHI,26,21,W,SF,5,47,FiveThirtyEight
2014_2014-09-28_DET_NYJ,2014,NA,2014-09-28,Regular Season,FALSE,NYJ,DET,17,24,L,DET,7,41,FiveThirtyEight
2014_2014-09-28_NO_DAL,2014,NA,2014-09-28,Regular Season,FALSE,DAL,NO,38,17,W,DAL,21,55,FiveThirtyEight
2014_2014-09-28_ATL_MIN,2014,NA,2014-09-28,Regular Season,FALSE,MIN,ATL,41,28,W,MIN,13,69,FiveThirtyEight
2014_2014-09-28_CAR_BAL,2014,NA,2014-09-28,Regular Season,FALSE,BAL,CAR,38,10,W,BAL,28,48,FiveThirtyEight
2014_2014-09-28_GB_CHI,2014,NA,2014-09-28,Regular Season,FALSE,CHI,GB,17,38,L,GB,21,55,FiveThirtyEight
2014_2014-09-28_LV_MIA,2014,NA,2014-09-28,Regular Season,TRUE,MIA,LV,38,14,W,MIA,24,52,FiveThirtyEight
2014_2014-09-28_JAX_LAC,2014,NA,2014-09-28,Regular Season,FALSE,LAC,JAX,33,14,W,LAC,19,47,FiveThirtyEight
2014_2014-09-28_BUF_HOU,2014,NA,2014-09-28,Regular Season,FALSE,HOU,BUF,23,17,W,HOU,6,40,FiveThirtyEight
2014_2014-09-28_TB_PIT,2014,NA,2014-09-28,Regular Season,FALSE,PIT,TB,24,27,L,TB,3,51,FiveThirtyEight
2014_2014-09-29_NE_KC,2014,NA,2014-09-29,Regular Season,FALSE,KC,NE,41,14,W,KC,27,55,FiveThirtyEight
2014_2014-10-02_MIN_GB,2014,NA,2014-10-02,Regular Season,FALSE,GB,MIN,42,10,W,GB,32,52,FiveThirtyEight
2014_2014-10-05_KC_SF,2014,NA,2014-10-05,Regular Season,FALSE,SF,KC,22,17,W,SF,5,39,FiveThirtyEight
2014_2014-10-05_NYJ_LAC,2014,NA,2014-10-05,Regular Season,FALSE,LAC,NYJ,31,0,W,LAC,31,31,FiveThirtyEight
2014_2014-10-05_PIT_JAX,2014,NA,2014-10-05,Regular Season,FALSE,JAX,PIT,9,17,L,PIT,8,26,FiveThirtyEight
2014_2014-10-05_LA_PHI,2014,NA,2014-10-05,Regular Season,FALSE,PHI,LA,34,28,W,PHI,6,62,FiveThirtyEight
2014_2014-10-05_CLE_TEN,2014,NA,2014-10-05,Regular Season,FALSE,TEN,CLE,28,29,L,CLE,1,57,FiveThirtyEight
2014_2014-10-05_ATL_NYG,2014,NA,2014-10-05,Regular Season,FALSE,NYG,ATL,30,20,W,NYG,10,50,FiveThirtyEight
2014_2014-10-05_CIN_NE,2014,NA,2014-10-05,Regular Season,FALSE,NE,CIN,43,17,W,NE,26,60,FiveThirtyEight
2014_2014-10-05_TB_NO,2014,NA,2014-10-05,Regular Season,FALSE,NO,TB,37,31,W,NO,6,68,FiveThirtyEight
2014_2014-10-05_BUF_DET,2014,NA,2014-10-05,Regular Season,FALSE,DET,BUF,14,17,L,BUF,3,31,FiveThirtyEight
2014_2014-10-05_ARI_DEN,2014,NA,2014-10-05,Regular Season,FALSE,DEN,ARI,41,20,W,DEN,21,61,FiveThirtyEight
2014_2014-10-05_HOU_DAL,2014,NA,2014-10-05,Regular Season,FALSE,DAL,HOU,20,17,W,DAL,3,37,FiveThirtyEight
2014_2014-10-05_BAL_IND,2014,NA,2014-10-05,Regular Season,FALSE,IND,BAL,20,13,W,IND,7,33,FiveThirtyEight
2014_2014-10-05_CHI_CAR,2014,NA,2014-10-05,Regular Season,FALSE,CAR,CHI,31,24,W,CAR,7,55,FiveThirtyEight
2014_2014-10-06_SEA_WAS,2014,NA,2014-10-06,Regular Season,FALSE,WAS,SEA,17,27,L,SEA,10,44,FiveThirtyEight
2014_2014-10-09_IND_HOU,2014,NA,2014-10-09,Regular Season,FALSE,HOU,IND,28,33,L,IND,5,61,FiveThirtyEight
2014_2014-10-12_WAS_ARI,2014,NA,2014-10-12,Regular Season,FALSE,ARI,WAS,30,20,W,ARI,10,50,FiveThirtyEight
2014_2014-10-12_GB_MIA,2014,NA,2014-10-12,Regular Season,FALSE,MIA,GB,24,27,L,GB,3,51,FiveThirtyEight
2014_2014-10-12_DET_MIN,2014,NA,2014-10-12,Regular Season,FALSE,MIN,DET,3,17,L,DET,14,20,FiveThirtyEight
2014_2014-10-12_LAC_LV,2014,NA,2014-10-12,Regular Season,FALSE,LV,LAC,28,31,L,LAC,3,59,FiveThirtyEight
2014_2014-10-12_DEN_NYJ,2014,NA,2014-10-12,Regular Season,FALSE,NYJ,DEN,17,31,L,DEN,14,48,FiveThirtyEight
2014_2014-10-12_JAX_TEN,2014,NA,2014-10-12,Regular Season,FALSE,TEN,JAX,16,14,W,TEN,2,30,FiveThirtyEight
2014_2014-10-12_NYG_PHI,2014,NA,2014-10-12,Regular Season,FALSE,PHI,NYG,27,0,W,PHI,27,27,FiveThirtyEight
2014_2014-10-12_BAL_TB,2014,NA,2014-10-12,Regular Season,FALSE,TB,BAL,17,48,L,BAL,31,65,FiveThirtyEight
2014_2014-10-12_NE_BUF,2014,NA,2014-10-12,Regular Season,FALSE,BUF,NE,22,37,L,NE,15,59,FiveThirtyEight
2014_2014-10-12_PIT_CLE,2014,NA,2014-10-12,Regular Season,FALSE,CLE,PIT,31,10,W,CLE,21,41,FiveThirtyEight
2014_2014-10-12_CHI_ATL,2014,NA,2014-10-12,Regular Season,FALSE,ATL,CHI,13,27,L,CHI,14,40,FiveThirtyEight
2014_2014-10-12_DAL_SEA,2014,NA,2014-10-12,Regular Season,FALSE,SEA,DAL,23,30,L,DAL,7,53,FiveThirtyEight
2014_2014-10-12_CAR_CIN,2014,NA,2014-10-12,Regular Season,FALSE,CIN,CAR,37,37,T,Tie,0,74,FiveThirtyEight
2014_2014-10-13_SF_LA,2014,NA,2014-10-13,Regular Season,FALSE,LA,SF,17,31,L,SF,14,48,FiveThirtyEight
2014_2014-10-16_NYJ_NE,2014,NA,2014-10-16,Regular Season,FALSE,NE,NYJ,27,25,W,NE,2,52,FiveThirtyEight
2014_2014-10-19_ARI_LV,2014,NA,2014-10-19,Regular Season,FALSE,LV,ARI,13,24,L,ARI,11,37,FiveThirtyEight
2014_2014-10-19_NYG_DAL,2014,NA,2014-10-19,Regular Season,FALSE,DAL,NYG,31,21,W,DAL,10,52,FiveThirtyEight
2014_2014-10-19_SF_DEN,2014,NA,2014-10-19,Regular Season,FALSE,DEN,SF,42,17,W,DEN,25,59,FiveThirtyEight
2014_2014-10-19_CAR_GB,2014,NA,2014-10-19,Regular Season,FALSE,GB,CAR,38,17,W,GB,21,55,FiveThirtyEight
2014_2014-10-19_CLE_JAX,2014,NA,2014-10-19,Regular Season,FALSE,JAX,CLE,24,6,W,JAX,18,30,FiveThirtyEight
2014_2014-10-19_KC_LAC,2014,NA,2014-10-19,Regular Season,FALSE,LAC,KC,20,23,L,KC,3,43,FiveThirtyEight
2014_2014-10-19_TEN_WAS,2014,NA,2014-10-19,Regular Season,FALSE,WAS,TEN,19,17,W,WAS,2,36,FiveThirtyEight
2014_2014-10-19_NO_DET,2014,NA,2014-10-19,Regular Season,FALSE,DET,NO,24,23,W,DET,1,47,FiveThirtyEight
2014_2014-10-19_CIN_IND,2014,NA,2014-10-19,Regular Season,FALSE,IND,CIN,27,0,W,IND,27,27,FiveThirtyEight
2014_2014-10-19_MIN_BUF,2014,NA,2014-10-19,Regular Season,FALSE,BUF,MIN,17,16,W,BUF,1,33,FiveThirtyEight
2014_2014-10-19_SEA_LA,2014,NA,2014-10-19,Regular Season,FALSE,LA,SEA,28,26,W,LA,2,54,FiveThirtyEight
2014_2014-10-19_ATL_BAL,2014,NA,2014-10-19,Regular Season,FALSE,BAL,ATL,29,7,W,BAL,22,36,FiveThirtyEight
2014_2014-10-19_MIA_CHI,2014,NA,2014-10-19,Regular Season,FALSE,CHI,MIA,14,27,L,MIA,13,41,FiveThirtyEight
2014_2014-10-20_HOU_PIT,2014,NA,2014-10-20,Regular Season,FALSE,PIT,HOU,30,23,W,PIT,7,53,FiveThirtyEight
2014_2014-10-23_LAC_DEN,2014,NA,2014-10-23,Regular Season,FALSE,DEN,LAC,35,21,W,DEN,14,56,FiveThirtyEight
2014_2014-10-26_LA_KC,2014,NA,2014-10-26,Regular Season,FALSE,KC,LA,34,7,W,KC,27,41,FiveThirtyEight
2014_2014-10-26_CHI_NE,2014,NA,2014-10-26,Regular Season,FALSE,NE,CHI,51,23,W,NE,28,74,FiveThirtyEight
2014_2014-10-26_GB_NO,2014,NA,2014-10-26,Regular Season,FALSE,NO,GB,44,23,W,NO,21,67,FiveThirtyEight
2014_2014-10-26_MIA_JAX,2014,NA,2014-10-26,Regular Season,FALSE,JAX,MIA,13,27,L,MIA,14,40,FiveThirtyEight
2014_2014-10-26_BUF_NYJ,2014,NA,2014-10-26,Regular Season,FALSE,NYJ,BUF,23,43,L,BUF,20,66,FiveThirtyEight
2014_2014-10-26_PHI_ARI,2014,NA,2014-10-26,Regular Season,FALSE,ARI,PHI,24,20,W,ARI,4,44,FiveThirtyEight
2014_2014-10-26_LV_CLE,2014,NA,2014-10-26,Regular Season,FALSE,CLE,LV,23,13,W,CLE,10,36,FiveThirtyEight
2014_2014-10-26_BAL_CIN,2014,NA,2014-10-26,Regular Season,FALSE,CIN,BAL,27,24,W,CIN,3,51,FiveThirtyEight
2014_2014-10-26_SEA_CAR,2014,NA,2014-10-26,Regular Season,FALSE,CAR,SEA,9,13,L,SEA,4,22,FiveThirtyEight
2014_2014-10-26_ATL_DET,2014,NA,2014-10-26,Regular Season,TRUE,DET,ATL,22,21,W,DET,1,43,FiveThirtyEight
2014_2014-10-26_HOU_TEN,2014,NA,2014-10-26,Regular Season,FALSE,TEN,HOU,16,30,L,HOU,14,46,FiveThirtyEight
2014_2014-10-26_MIN_TB,2014,NA,2014-10-26,Regular Season,FALSE,TB,MIN,13,19,L,MIN,6,32,FiveThirtyEight
2014_2014-10-26_IND_PIT,2014,NA,2014-10-26,Regular Season,FALSE,PIT,IND,51,34,W,PIT,17,85,FiveThirtyEight
2014_2014-10-27_WAS_DAL,2014,NA,2014-10-27,Regular Season,FALSE,DAL,WAS,17,20,L,WAS,3,37,FiveThirtyEight
2014_2014-10-30_NO_CAR,2014,NA,2014-10-30,Regular Season,FALSE,CAR,NO,10,28,L,NO,18,38,FiveThirtyEight
2014_2014-11-02_DEN_NE,2014,NA,2014-11-02,Regular Season,FALSE,NE,DEN,43,21,W,NE,22,64,FiveThirtyEight
2014_2014-11-02_LV_SEA,2014,NA,2014-11-02,Regular Season,FALSE,SEA,LV,30,24,W,SEA,6,54,FiveThirtyEight
2014_2014-11-02_BAL_PIT,2014,NA,2014-11-02,Regular Season,FALSE,PIT,BAL,43,23,W,PIT,20,66,FiveThirtyEight
2014_2014-11-02_WAS_MIN,2014,NA,2014-11-02,Regular Season,FALSE,MIN,WAS,29,26,W,MIN,3,55,FiveThirtyEight
2014_2014-11-02_NYJ_KC,2014,NA,2014-11-02,Regular Season,FALSE,KC,NYJ,24,10,W,KC,14,34,FiveThirtyEight
2014_2014-11-02_PHI_HOU,2014,NA,2014-11-02,Regular Season,FALSE,HOU,PHI,21,31,L,PHI,10,52,FiveThirtyEight
2014_2014-11-02_ARI_DAL,2014,NA,2014-11-02,Regular Season,FALSE,DAL,ARI,17,28,L,ARI,11,45,FiveThirtyEight
2014_2014-11-02_TB_CLE,2014,NA,2014-11-02,Regular Season,FALSE,CLE,TB,22,17,W,CLE,5,39,FiveThirtyEight
2014_2014-11-02_JAX_CIN,2014,NA,2014-11-02,Regular Season,FALSE,CIN,JAX,33,23,W,CIN,10,56,FiveThirtyEight
2014_2014-11-02_LAC_MIA,2014,NA,2014-11-02,Regular Season,FALSE,MIA,LAC,37,0,W,MIA,37,37,FiveThirtyEight
2014_2014-11-02_LA_SF,2014,NA,2014-11-02,Regular Season,FALSE,SF,LA,10,13,L,LA,3,23,FiveThirtyEight
2014_2014-11-03_IND_NYG,2014,NA,2014-11-03,Regular Season,FALSE,NYG,IND,24,40,L,IND,16,64,FiveThirtyEight
2014_2014-11-06_CLE_CIN,2014,NA,2014-11-06,Regular Season,FALSE,CIN,CLE,3,24,L,CLE,21,27,FiveThirtyEight
2014_2014-11-09_LA_ARI,2014,NA,2014-11-09,Regular Season,FALSE,ARI,LA,31,14,W,ARI,17,45,FiveThirtyEight
2014_2014-11-09_TEN_BAL,2014,NA,2014-11-09,Regular Season,FALSE,BAL,TEN,21,7,W,BAL,14,28,FiveThirtyEight
2014_2014-11-09_DEN_LV,2014,NA,2014-11-09,Regular Season,FALSE,LV,DEN,17,41,L,DEN,24,58,FiveThirtyEight
2014_2014-11-09_ATL_TB,2014,NA,2014-11-09,Regular Season,FALSE,TB,ATL,17,27,L,ATL,10,44,FiveThirtyEight
2014_2014-11-09_PIT_NYJ,2014,NA,2014-11-09,Regular Season,FALSE,NYJ,PIT,20,13,W,NYJ,7,33,FiveThirtyEight
2014_2014-11-09_SF_NO,2014,NA,2014-11-09,Regular Season,FALSE,NO,SF,24,27,L,SF,3,51,FiveThirtyEight
2014_2014-11-09_MIA_DET,2014,NA,2014-11-09,Regular Season,FALSE,DET,MIA,20,16,W,DET,4,36,FiveThirtyEight
2014_2014-11-09_JAX_DAL,2014,NA,2014-11-09,Regular Season,TRUE,DAL,JAX,31,17,W,DAL,14,48,FiveThirtyEight
2014_2014-11-09_KC_BUF,2014,NA,2014-11-09,Regular Season,FALSE,BUF,KC,13,17,L,KC,4,30,FiveThirtyEight
2014_2014-11-09_CHI_GB,2014,NA,2014-11-09,Regular Season,FALSE,GB,CHI,55,14,W,GB,41,69,FiveThirtyEight
2014_2014-11-09_NYG_SEA,2014,NA,2014-11-09,Regular Season,FALSE,SEA,NYG,38,17,W,SEA,21,55,FiveThirtyEight
2014_2014-11-10_CAR_PHI,2014,NA,2014-11-10,Regular Season,FALSE,PHI,CAR,45,21,W,PHI,24,66,FiveThirtyEight
2014_2014-11-13_BUF_MIA,2014,NA,2014-11-13,Regular Season,FALSE,MIA,BUF,22,9,W,MIA,13,31,FiveThirtyEight
2014_2014-11-16_CIN_NO,2014,NA,2014-11-16,Regular Season,FALSE,NO,CIN,10,27,L,CIN,17,37,FiveThirtyEight
2014_2014-11-16_LV_LAC,2014,NA,2014-11-16,Regular Season,FALSE,LAC,LV,13,6,W,LAC,7,19,FiveThirtyEight
2014_2014-11-16_DET_ARI,2014,NA,2014-11-16,Regular Season,FALSE,ARI,DET,14,6,W,ARI,8,20,FiveThirtyEight
2014_2014-11-16_ATL_CAR,2014,NA,2014-11-16,Regular Season,FALSE,CAR,ATL,17,19,L,ATL,2,36,FiveThirtyEight
2014_2014-11-16_MIN_CHI,2014,NA,2014-11-16,Regular Season,FALSE,CHI,MIN,21,13,W,CHI,8,34,FiveThirtyEight
2014_2014-11-16_HOU_CLE,2014,NA,2014-11-16,Regular Season,FALSE,CLE,HOU,7,23,L,HOU,16,30,FiveThirtyEight
2014_2014-11-16_NE_IND,2014,NA,2014-11-16,Regular Season,FALSE,IND,NE,20,42,L,NE,22,62,FiveThirtyEight
2014_2014-11-16_PHI_GB,2014,NA,2014-11-16,Regular Season,FALSE,GB,PHI,53,20,W,GB,33,73,FiveThirtyEight
2014_2014-11-16_SEA_KC,2014,NA,2014-11-16,Regular Season,FALSE,KC,SEA,24,20,W,KC,4,44,FiveThirtyEight
2014_2014-11-16_SF_NYG,2014,NA,2014-11-16,Regular Season,FALSE,NYG,SF,10,16,L,SF,6,26,FiveThirtyEight
2014_2014-11-16_TB_WAS,2014,NA,2014-11-16,Regular Season,FALSE,WAS,TB,7,27,L,TB,20,34,FiveThirtyEight
2014_2014-11-16_DEN_LA,2014,NA,2014-11-16,Regular Season,FALSE,LA,DEN,22,7,W,LA,15,29,FiveThirtyEight
2014_2014-11-17_PIT_TEN,2014,NA,2014-11-17,Regular Season,FALSE,TEN,PIT,24,27,L,PIT,3,51,FiveThirtyEight
2014_2014-11-20_KC_LV,2014,NA,2014-11-20,Regular Season,FALSE,LV,KC,24,20,W,LV,4,44,FiveThirtyEight
2014_2014-11-23_JAX_IND,2014,NA,2014-11-23,Regular Season,FALSE,IND,JAX,23,3,W,IND,20,26,FiveThirtyEight
2014_2014-11-23_CLE_ATL,2014,NA,2014-11-23,Regular Season,FALSE,ATL,CLE,24,26,L,CLE,2,50,FiveThirtyEight
2014_2014-11-23_ARI_SEA,2014,NA,2014-11-23,Regular Season,FALSE,SEA,ARI,19,3,W,SEA,16,22,FiveThirtyEight
2014_2014-11-23_TEN_PHI,2014,NA,2014-11-23,Regular Season,FALSE,PHI,TEN,43,24,W,PHI,19,67,FiveThirtyEight
2014_2014-11-23_DAL_NYG,2014,NA,2014-11-23,Regular Season,FALSE,NYG,DAL,28,31,L,DAL,3,59,FiveThirtyEight
2014_2014-11-23_MIA_DEN,2014,NA,2014-11-23,Regular Season,FALSE,DEN,MIA,39,36,W,DEN,3,75,FiveThirtyEight
2014_2014-11-23_GB_MIN,2014,NA,2014-11-23,Regular Season,FALSE,MIN,GB,21,24,L,GB,3,45,FiveThirtyEight
2014_2014-11-23_WAS_SF,2014,NA,2014-11-23,Regular Season,FALSE,SF,WAS,17,13,W,SF,4,30,FiveThirtyEight
2014_2014-11-23_LA_LAC,2014,NA,2014-11-23,Regular Season,FALSE,LAC,LA,27,24,W,LAC,3,51,FiveThirtyEight
2014_2014-11-23_CIN_HOU,2014,NA,2014-11-23,Regular Season,FALSE,HOU,CIN,13,22,L,CIN,9,35,FiveThirtyEight
2014_2014-11-23_DET_NE,2014,NA,2014-11-23,Regular Season,FALSE,NE,DET,34,9,W,NE,25,43,FiveThirtyEight
2014_2014-11-23_TB_CHI,2014,NA,2014-11-23,Regular Season,FALSE,CHI,TB,21,13,W,CHI,8,34,FiveThirtyEight
2014_2014-11-24_NYJ_BUF,2014,NA,2014-11-24,Regular Season,FALSE,BUF,NYJ,38,3,W,BUF,35,41,FiveThirtyEight
2014_2014-11-24_BAL_NO,2014,NA,2014-11-24,Regular Season,FALSE,NO,BAL,27,34,L,BAL,7,61,FiveThirtyEight
2014_2014-11-27_CHI_DET,2014,NA,2014-11-27,Regular Season,FALSE,DET,CHI,34,17,W,DET,17,51,FiveThirtyEight
2014_2014-11-27_SEA_SF,2014,NA,2014-11-27,Regular Season,FALSE,SF,SEA,3,19,L,SEA,16,22,FiveThirtyEight
2014_2014-11-27_PHI_DAL,2014,NA,2014-11-27,Regular Season,FALSE,DAL,PHI,10,33,L,PHI,23,43,FiveThirtyEight
2014_2014-11-30_CAR_MIN,2014,NA,2014-11-30,Regular Season,FALSE,MIN,CAR,31,13,W,MIN,18,44,FiveThirtyEight
2014_2014-11-30_LV_LA,2014,NA,2014-11-30,Regular Season,FALSE,LA,LV,52,0,W,LA,52,52,FiveThirtyEight
2014_2014-11-30_LAC_BAL,2014,NA,2014-11-30,Regular Season,FALSE,BAL,LAC,33,34,L,LAC,1,67,FiveThirtyEight
2014_2014-11-30_CIN_TB,2014,NA,2014-11-30,Regular Season,FALSE,TB,CIN,13,14,L,CIN,1,27,FiveThirtyEight
2014_2014-11-30_NO_PIT,2014,NA,2014-11-30,Regular Season,FALSE,PIT,NO,32,35,L,NO,3,67,FiveThirtyEight
2014_2014-11-30_DEN_KC,2014,NA,2014-11-30,Regular Season,FALSE,KC,DEN,16,29,L,DEN,13,45,FiveThirtyEight
2014_2014-11-30_NYG_JAX,2014,NA,2014-11-30,Regular Season,FALSE,JAX,NYG,25,24,W,JAX,1,49,FiveThirtyEight
2014_2014-11-30_TEN_HOU,2014,NA,2014-11-30,Regular Season,FALSE,HOU,TEN,45,21,W,HOU,24,66,FiveThirtyEight
2014_2014-11-30_NE_GB,2014,NA,2014-11-30,Regular Season,FALSE,GB,NE,26,21,W,GB,5,47,FiveThirtyEight
2014_2014-11-30_WAS_IND,2014,NA,2014-11-30,Regular Season,FALSE,IND,WAS,49,27,W,IND,22,76,FiveThirtyEight
2014_2014-11-30_CLE_BUF,2014,NA,2014-11-30,Regular Season,FALSE,BUF,CLE,26,10,W,BUF,16,36,FiveThirtyEight
2014_2014-11-30_ARI_ATL,2014,NA,2014-11-30,Regular Season,FALSE,ATL,ARI,29,18,W,ATL,11,47,FiveThirtyEight
2014_2014-12-01_MIA_NYJ,2014,NA,2014-12-01,Regular Season,FALSE,NYJ,MIA,13,16,L,MIA,3,29,FiveThirtyEight
2014_2014-12-04_DAL_CHI,2014,NA,2014-12-04,Regular Season,FALSE,CHI,DAL,28,41,L,DAL,13,69,FiveThirtyEight
2014_2014-12-07_IND_CLE,2014,NA,2014-12-07,Regular Season,FALSE,CLE,IND,24,25,L,IND,1,49,FiveThirtyEight
2014_2014-12-07_KC_ARI,2014,NA,2014-12-07,Regular Season,FALSE,ARI,KC,17,14,W,ARI,3,31,FiveThirtyEight
2014_2014-12-07_BUF_DEN,2014,NA,2014-12-07,Regular Season,FALSE,DEN,BUF,24,17,W,DEN,7,41,FiveThirtyEight
2014_2014-12-07_SF_LV,2014,NA,2014-12-07,Regular Season,FALSE,LV,SF,24,13,W,LV,11,37,FiveThirtyEight
2014_2014-12-07_SEA_PHI,2014,NA,2014-12-07,Regular Season,FALSE,PHI,SEA,14,24,L,SEA,10,38,FiveThirtyEight
2014_2014-12-07_NYG_TEN,2014,NA,2014-12-07,Regular Season,FALSE,TEN,NYG,7,36,L,NYG,29,43,FiveThirtyEight
2014_2014-12-07_CAR_NO,2014,NA,2014-12-07,Regular Season,FALSE,NO,CAR,10,41,L,CAR,31,51,FiveThirtyEight
2014_2014-12-07_NE_LAC,2014,NA,2014-12-07,Regular Season,FALSE,LAC,NE,14,23,L,NE,9,37,FiveThirtyEight
2014_2014-12-07_LA_WAS,2014,NA,2014-12-07,Regular Season,FALSE,WAS,LA,0,24,L,LA,24,24,FiveThirtyEight
2014_2014-12-07_BAL_MIA,2014,NA,2014-12-07,Regular Season,FALSE,MIA,BAL,13,28,L,BAL,15,41,FiveThirtyEight
2014_2014-12-07_HOU_JAX,2014,NA,2014-12-07,Regular Season,FALSE,JAX,HOU,13,27,L,HOU,14,40,FiveThirtyEight
2014_2014-12-07_NYJ_MIN,2014,NA,2014-12-07,Regular Season,FALSE,MIN,NYJ,30,24,W,MIN,6,54,FiveThirtyEight
2014_2014-12-07_PIT_CIN,2014,NA,2014-12-07,Regular Season,FALSE,CIN,PIT,21,42,L,PIT,21,63,FiveThirtyEight
2014_2014-12-07_TB_DET,2014,NA,2014-12-07,Regular Season,FALSE,DET,TB,34,17,W,DET,17,51,FiveThirtyEight
2014_2014-12-08_ATL_GB,2014,NA,2014-12-08,Regular Season,FALSE,GB,ATL,43,37,W,GB,6,80,FiveThirtyEight
2014_2014-12-11_ARI_LA,2014,NA,2014-12-11,Regular Season,FALSE,LA,ARI,6,12,L,ARI,6,18,FiveThirtyEight
2014_2014-12-14_LV_KC,2014,NA,2014-12-14,Regular Season,FALSE,KC,LV,31,13,W,KC,18,44,FiveThirtyEight
2014_2014-12-14_DEN_LAC,2014,NA,2014-12-14,Regular Season,FALSE,LAC,DEN,10,22,L,DEN,12,32,FiveThirtyEight
2014_2014-12-14_WAS_NYG,2014,NA,2014-12-14,Regular Season,FALSE,NYG,WAS,24,13,W,NYG,11,37,FiveThirtyEight
2014_2014-12-14_DAL_PHI,2014,NA,2014-12-14,Regular Season,FALSE,PHI,DAL,27,38,L,DAL,11,65,FiveThirtyEight
2014_2014-12-14_NYJ_TEN,2014,NA,2014-12-14,Regular Season,FALSE,TEN,NYJ,11,16,L,NYJ,5,27,FiveThirtyEight
2014_2014-12-14_JAX_BAL,2014,NA,2014-12-14,Regular Season,FALSE,BAL,JAX,20,12,W,BAL,8,32,FiveThirtyEight
2014_2014-12-14_MIN_DET,2014,NA,2014-12-14,Regular Season,FALSE,DET,MIN,16,14,W,DET,2,30,FiveThirtyEight
2014_2014-12-14_SF_SEA,2014,NA,2014-12-14,Regular Season,FALSE,SEA,SF,17,7,W,SEA,10,24,FiveThirtyEight
2014_2014-12-14_PIT_ATL,2014,NA,2014-12-14,Regular Season,FALSE,ATL,PIT,20,27,L,PIT,7,47,FiveThirtyEight
2014_2014-12-14_GB_BUF,2014,NA,2014-12-14,Regular Season,FALSE,BUF,GB,21,13,W,BUF,8,34,FiveThirtyEight
2014_2014-12-14_TB_CAR,2014,NA,2014-12-14,Regular Season,FALSE,CAR,TB,19,17,W,CAR,2,36,FiveThirtyEight
2014_2014-12-14_CIN_CLE,2014,NA,2014-12-14,Regular Season,FALSE,CLE,CIN,0,30,L,CIN,30,30,FiveThirtyEight
2014_2014-12-14_HOU_IND,2014,NA,2014-12-14,Regular Season,FALSE,IND,HOU,17,10,W,IND,7,27,FiveThirtyEight
2014_2014-12-14_MIA_NE,2014,NA,2014-12-14,Regular Season,FALSE,NE,MIA,41,13,W,NE,28,54,FiveThirtyEight
2014_2014-12-15_NO_CHI,2014,NA,2014-12-15,Regular Season,FALSE,CHI,NO,15,31,L,NO,16,46,FiveThirtyEight
2014_2014-12-18_TEN_JAX,2014,NA,2014-12-18,Regular Season,FALSE,JAX,TEN,21,13,W,JAX,8,34,FiveThirtyEight
2014_2014-12-20_LAC_SF,2014,NA,2014-12-20,Regular Season,FALSE,SF,LAC,35,38,L,LAC,3,73,FiveThirtyEight
2014_2014-12-20_PHI_WAS,2014,NA,2014-12-20,Regular Season,FALSE,WAS,PHI,27,24,W,WAS,3,51,FiveThirtyEight
2014_2014-12-21_DET_CHI,2014,NA,2014-12-21,Regular Season,FALSE,CHI,DET,14,20,L,DET,6,34,FiveThirtyEight
2014_2014-12-21_CLE_CAR,2014,NA,2014-12-21,Regular Season,FALSE,CAR,CLE,17,13,W,CAR,4,30,FiveThirtyEight
2014_2014-12-21_GB_TB,2014,NA,2014-12-21,Regular Season,FALSE,TB,GB,3,20,L,GB,17,23,FiveThirtyEight
2014_2014-12-21_NYG_LA,2014,NA,2014-12-21,Regular Season,FALSE,LA,NYG,27,37,L,NYG,10,64,FiveThirtyEight
2014_2014-12-21_KC_PIT,2014,NA,2014-12-21,Regular Season,FALSE,PIT,KC,20,12,W,PIT,8,32,FiveThirtyEight
2014_2014-12-21_NE_NYJ,2014,NA,2014-12-21,Regular Season,FALSE,NYJ,NE,16,17,L,NE,1,33,FiveThirtyEight
2014_2014-12-21_BUF_LV,2014,NA,2014-12-21,Regular Season,FALSE,LV,BUF,26,24,W,LV,2,50,FiveThirtyEight
2014_2014-12-21_BAL_HOU,2014,NA,2014-12-21,Regular Season,FALSE,HOU,BAL,25,13,W,HOU,12,38,FiveThirtyEight
2014_2014-12-21_MIN_MIA,2014,NA,2014-12-21,Regular Season,FALSE,MIA,MIN,37,35,W,MIA,2,72,FiveThirtyEight
2014_2014-12-21_IND_DAL,2014,NA,2014-12-21,Regular Season,FALSE,DAL,IND,42,7,W,DAL,35,49,FiveThirtyEight
2014_2014-12-21_SEA_ARI,2014,NA,2014-12-21,Regular Season,FALSE,ARI,SEA,6,35,L,SEA,29,41,FiveThirtyEight
2014_2014-12-21_ATL_NO,2014,NA,2014-12-21,Regular Season,FALSE,NO,ATL,14,30,L,ATL,16,44,FiveThirtyEight
2014_2014-12-22_DEN_CIN,2014,NA,2014-12-22,Regular Season,FALSE,CIN,DEN,37,28,W,CIN,9,65,FiveThirtyEight
2014_2014-12-28_DAL_WAS,2014,NA,2014-12-28,Regular Season,FALSE,WAS,DAL,17,44,L,DAL,27,61,FiveThirtyEight
2014_2014-12-28_LA_SEA,2014,NA,2014-12-28,Regular Season,FALSE,SEA,LA,20,6,W,SEA,14,26,FiveThirtyEight
2014_2014-12-28_IND_TEN,2014,NA,2014-12-28,Regular Season,FALSE,TEN,IND,10,27,L,IND,17,37,FiveThirtyEight
2014_2014-12-28_NO_TB,2014,NA,2014-12-28,Regular Season,FALSE,TB,NO,20,23,L,NO,3,43,FiveThirtyEight
2014_2014-12-28_ARI_SF,2014,NA,2014-12-28,Regular Season,FALSE,SF,ARI,20,17,W,SF,3,37,FiveThirtyEight
2014_2014-12-28_CLE_BAL,2014,NA,2014-12-28,Regular Season,FALSE,BAL,CLE,20,10,W,BAL,10,30,FiveThirtyEight
2014_2014-12-28_CIN_PIT,2014,NA,2014-12-28,Regular Season,FALSE,PIT,CIN,27,17,W,PIT,10,44,FiveThirtyEight
2014_2014-12-28_PHI_NYG,2014,NA,2014-12-28,Regular Season,FALSE,NYG,PHI,26,34,L,PHI,8,60,FiveThirtyEight
2014_2014-12-28_BUF_NE,2014,NA,2014-12-28,Regular Season,FALSE,NE,BUF,9,17,L,BUF,8,26,FiveThirtyEight
2014_2014-12-28_CHI_MIN,2014,NA,2014-12-28,Regular Season,FALSE,MIN,CHI,13,9,W,MIN,4,22,FiveThirtyEight
2014_2014-12-28_NYJ_MIA,2014,NA,2014-12-28,Regular Season,FALSE,MIA,NYJ,24,37,L,NYJ,13,61,FiveThirtyEight
2014_2014-12-28_JAX_HOU,2014,NA,2014-12-28,Regular Season,FALSE,HOU,JAX,23,17,W,HOU,6,40,FiveThirtyEight
2014_2014-12-28_DET_GB,2014,NA,2014-12-28,Regular Season,FALSE,GB,DET,30,20,W,GB,10,50,FiveThirtyEight
2014_2014-12-28_LAC_KC,2014,NA,2014-12-28,Regular Season,FALSE,KC,LAC,19,7,W,KC,12,26,FiveThirtyEight
2014_2014-12-28_LV_DEN,2014,NA,2014-12-28,Regular Season,FALSE,DEN,LV,47,14,W,DEN,33,61,FiveThirtyEight
2014_2014-12-28_CAR_ATL,2014,NA,2014-12-28,Regular Season,FALSE,ATL,CAR,3,34,L,CAR,31,37,FiveThirtyEight
2015_2015-09-10_PIT_NE,2015,NA,2015-09-10,Regular Season,FALSE,NE,PIT,28,21,W,NE,7,49,FiveThirtyEight
2015_2015-09-13_CLE_NYJ,2015,NA,2015-09-13,Regular Season,FALSE,NYJ,CLE,31,10,W,NYJ,21,41,FiveThirtyEight
2015_2015-09-13_SEA_LA,2015,NA,2015-09-13,Regular Season,FALSE,LA,SEA,34,31,W,LA,3,65,FiveThirtyEight
2015_2015-09-13_CAR_JAX,2015,NA,2015-09-13,Regular Season,FALSE,JAX,CAR,9,20,L,CAR,11,29,FiveThirtyEight
2015_2015-09-13_GB_CHI,2015,NA,2015-09-13,Regular Season,FALSE,CHI,GB,23,31,L,GB,8,54,FiveThirtyEight
2015_2015-09-13_MIA_WAS,2015,NA,2015-09-13,Regular Season,FALSE,WAS,MIA,10,17,L,MIA,7,27,FiveThirtyEight
2015_2015-09-13_KC_HOU,2015,NA,2015-09-13,Regular Season,FALSE,HOU,KC,20,27,L,KC,7,47,FiveThirtyEight
2015_2015-09-13_IND_BUF,2015,NA,2015-09-13,Regular Season,FALSE,BUF,IND,27,14,W,BUF,13,41,FiveThirtyEight
2015_2015-09-13_DET_LAC,2015,NA,2015-09-13,Regular Season,FALSE,LAC,DET,33,28,W,LAC,5,61,FiveThirtyEight
2015_2015-09-13_NO_ARI,2015,NA,2015-09-13,Regular Season,FALSE,ARI,NO,31,19,W,ARI,12,50,FiveThirtyEight
2015_2015-09-13_CIN_LV,2015,NA,2015-09-13,Regular Season,FALSE,LV,CIN,13,33,L,CIN,20,46,FiveThirtyEight
2015_2015-09-13_TEN_TB,2015,NA,2015-09-13,Regular Season,FALSE,TB,TEN,14,42,L,TEN,28,56,FiveThirtyEight
2015_2015-09-13_BAL_DEN,2015,NA,2015-09-13,Regular Season,FALSE,DEN,BAL,19,13,W,DEN,6,32,FiveThirtyEight
2015_2015-09-13_NYG_DAL,2015,NA,2015-09-13,Regular Season,FALSE,DAL,NYG,27,26,W,DAL,1,53,FiveThirtyEight
2015_2015-09-14_PHI_ATL,2015,NA,2015-09-14,Regular Season,FALSE,ATL,PHI,26,24,W,ATL,2,50,FiveThirtyEight
2015_2015-09-14_MIN_SF,2015,NA,2015-09-14,Regular Season,FALSE,SF,MIN,20,3,W,SF,17,23,FiveThirtyEight
2015_2015-09-17_DEN_KC,2015,NA,2015-09-17,Regular Season,FALSE,KC,DEN,24,31,L,DEN,7,55,FiveThirtyEight
2015_2015-09-20_ATL_NYG,2015,NA,2015-09-20,Regular Season,FALSE,NYG,ATL,20,24,L,ATL,4,44,FiveThirtyEight
2015_2015-09-20_HOU_CAR,2015,NA,2015-09-20,Regular Season,FALSE,CAR,HOU,24,17,W,CAR,7,41,FiveThirtyEight
2015_2015-09-20_NE_BUF,2015,NA,2015-09-20,Regular Season,FALSE,BUF,NE,32,40,L,NE,8,72,FiveThirtyEight
2015_2015-09-20_SF_PIT,2015,NA,2015-09-20,Regular Season,FALSE,PIT,SF,43,18,W,PIT,25,61,FiveThirtyEight
2015_2015-09-20_DET_MIN,2015,NA,2015-09-20,Regular Season,FALSE,MIN,DET,26,16,W,MIN,10,42,FiveThirtyEight
2015_2015-09-20_ARI_CHI,2015,NA,2015-09-20,Regular Season,FALSE,CHI,ARI,23,48,L,ARI,25,71,FiveThirtyEight
2015_2015-09-20_TB_NO,2015,NA,2015-09-20,Regular Season,FALSE,NO,TB,19,26,L,TB,7,45,FiveThirtyEight
2015_2015-09-20_LA_WAS,2015,NA,2015-09-20,Regular Season,FALSE,WAS,LA,24,10,W,WAS,14,34,FiveThirtyEight
2015_2015-09-20_LAC_CIN,2015,NA,2015-09-20,Regular Season,FALSE,CIN,LAC,24,19,W,CIN,5,43,FiveThirtyEight
2015_2015-09-20_TEN_CLE,2015,NA,2015-09-20,Regular Season,FALSE,CLE,TEN,28,14,W,CLE,14,42,FiveThirtyEight
2015_2015-09-20_BAL_LV,2015,NA,2015-09-20,Regular Season,FALSE,LV,BAL,37,33,W,LV,4,70,FiveThirtyEight
2015_2015-09-20_MIA_JAX,2015,NA,2015-09-20,Regular Season,FALSE,JAX,MIA,23,20,W,JAX,3,43,FiveThirtyEight
2015_2015-09-20_DAL_PHI,2015,NA,2015-09-20,Regular Season,FALSE,PHI,DAL,10,20,L,DAL,10,30,FiveThirtyEight
2015_2015-09-20_SEA_GB,2015,NA,2015-09-20,Regular Season,FALSE,GB,SEA,27,17,W,GB,10,44,FiveThirtyEight
2015_2015-09-21_NYJ_IND,2015,NA,2015-09-21,Regular Season,FALSE,IND,NYJ,7,20,L,NYJ,13,27,FiveThirtyEight
2015_2015-09-24_WAS_NYG,2015,NA,2015-09-24,Regular Season,FALSE,NYG,WAS,32,21,W,NYG,11,53,FiveThirtyEight
2015_2015-09-27_LAC_MIN,2015,NA,2015-09-27,Regular Season,FALSE,MIN,LAC,31,14,W,MIN,17,45,FiveThirtyEight
2015_2015-09-27_IND_TEN,2015,NA,2015-09-27,Regular Season,FALSE,TEN,IND,33,35,L,IND,2,68,FiveThirtyEight
2015_2015-09-27_ATL_DAL,2015,NA,2015-09-27,Regular Season,FALSE,DAL,ATL,28,39,L,ATL,11,67,FiveThirtyEight
2015_2015-09-27_JAX_NE,2015,NA,2015-09-27,Regular Season,FALSE,NE,JAX,51,17,W,NE,34,68,FiveThirtyEight
2015_2015-09-27_PHI_NYJ,2015,NA,2015-09-27,Regular Season,FALSE,NYJ,PHI,17,24,L,PHI,7,41,FiveThirtyEight
2015_2015-09-27_NO_CAR,2015,NA,2015-09-27,Regular Season,FALSE,CAR,NO,27,22,W,CAR,5,49,FiveThirtyEight
2015_2015-09-27_PIT_LA,2015,NA,2015-09-27,Regular Season,FALSE,LA,PIT,6,12,L,PIT,6,18,FiveThirtyEight
2015_2015-09-27_CIN_BAL,2015,NA,2015-09-27,Regular Season,FALSE,BAL,CIN,24,28,L,CIN,4,52,FiveThirtyEight
2015_2015-09-27_TB_HOU,2015,NA,2015-09-27,Regular Season,FALSE,HOU,TB,19,9,W,HOU,10,28,FiveThirtyEight
2015_2015-09-27_LV_CLE,2015,NA,2015-09-27,Regular Season,FALSE,CLE,LV,20,27,L,LV,7,47,FiveThirtyEight
2015_2015-09-27_SF_ARI,2015,NA,2015-09-27,Regular Season,FALSE,ARI,SF,47,7,W,ARI,40,54,FiveThirtyEight
2015_2015-09-27_BUF_MIA,2015,NA,2015-09-27,Regular Season,FALSE,MIA,BUF,14,41,L,BUF,27,55,FiveThirtyEight
2015_2015-09-27_CHI_SEA,2015,NA,2015-09-27,Regular Season,FALSE,SEA,CHI,26,0,W,SEA,26,26,FiveThirtyEight
2015_2015-09-27_DEN_DET,2015,NA,2015-09-27,Regular Season,FALSE,DET,DEN,12,24,L,DEN,12,36,FiveThirtyEight
2015_2015-09-28_KC_GB,2015,NA,2015-09-28,Regular Season,FALSE,GB,KC,38,28,W,GB,10,66,FiveThirtyEight
2015_2015-10-01_BAL_PIT,2015,NA,2015-10-01,Regular Season,FALSE,PIT,BAL,20,23,L,BAL,3,43,FiveThirtyEight
2015_2015-10-04_NYJ_MIA,2015,NA,2015-10-04,Regular Season,TRUE,MIA,NYJ,14,27,L,NYJ,13,41,FiveThirtyEight
2015_2015-10-04_HOU_ATL,2015,NA,2015-10-04,Regular Season,FALSE,ATL,HOU,48,21,W,ATL,27,69,FiveThirtyEight
2015_2015-10-04_NYG_BUF,2015,NA,2015-10-04,Regular Season,FALSE,BUF,NYG,10,24,L,NYG,14,34,FiveThirtyEight
2015_2015-10-04_CAR_TB,2015,NA,2015-10-04,Regular Season,FALSE,TB,CAR,23,37,L,CAR,14,60,FiveThirtyEight
2015_2015-10-04_KC_CIN,2015,NA,2015-10-04,Regular Season,FALSE,CIN,KC,36,21,W,CIN,15,57,FiveThirtyEight
2015_2015-10-04_PHI_WAS,2015,NA,2015-10-04,Regular Season,FALSE,WAS,PHI,23,20,W,WAS,3,43,FiveThirtyEight
2015_2015-10-04_LV_CHI,2015,NA,2015-10-04,Regular Season,FALSE,CHI,LV,22,20,W,CHI,2,42,FiveThirtyEight
2015_2015-10-04_JAX_IND,2015,NA,2015-10-04,Regular Season,FALSE,IND,JAX,16,13,W,IND,3,29,FiveThirtyEight
2015_2015-10-04_CLE_LAC,2015,NA,2015-10-04,Regular Season,FALSE,LAC,CLE,30,27,W,LAC,3,57,FiveThirtyEight
2015_2015-10-04_MIN_DEN,2015,NA,2015-10-04,Regular Season,FALSE,DEN,MIN,23,20,W,DEN,3,43,FiveThirtyEight
2015_2015-10-04_LA_ARI,2015,NA,2015-10-04,Regular Season,FALSE,ARI,LA,22,24,L,LA,2,46,FiveThirtyEight
2015_2015-10-04_GB_SF,2015,NA,2015-10-04,Regular Season,FALSE,SF,GB,3,17,L,GB,14,20,FiveThirtyEight
2015_2015-10-04_DAL_NO,2015,NA,2015-10-04,Regular Season,FALSE,NO,DAL,26,20,W,NO,6,46,FiveThirtyEight
2015_2015-10-05_DET_SEA,2015,NA,2015-10-05,Regular Season,FALSE,SEA,DET,13,10,W,SEA,3,23,FiveThirtyEight
2015_2015-10-08_IND_HOU,2015,NA,2015-10-08,Regular Season,FALSE,HOU,IND,20,27,L,IND,7,47,FiveThirtyEight
2015_2015-10-11_WAS_ATL,2015,NA,2015-10-11,Regular Season,FALSE,ATL,WAS,25,19,W,ATL,6,44,FiveThirtyEight
2015_2015-10-11_JAX_TB,2015,NA,2015-10-11,Regular Season,FALSE,TB,JAX,38,31,W,TB,7,69,FiveThirtyEight
2015_2015-10-11_CLE_BAL,2015,NA,2015-10-11,Regular Season,FALSE,BAL,CLE,30,33,L,CLE,3,63,FiveThirtyEight
2015_2015-10-11_LA_GB,2015,NA,2015-10-11,Regular Season,FALSE,GB,LA,24,10,W,GB,14,34,FiveThirtyEight
2015_2015-10-11_BUF_TEN,2015,NA,2015-10-11,Regular Season,FALSE,TEN,BUF,13,14,L,BUF,1,27,FiveThirtyEight
2015_2015-10-11_NO_PHI,2015,NA,2015-10-11,Regular Season,FALSE,PHI,NO,39,17,W,PHI,22,56,FiveThirtyEight
2015_2015-10-11_CHI_KC,2015,NA,2015-10-11,Regular Season,FALSE,KC,CHI,17,18,L,CHI,1,35,FiveThirtyEight
2015_2015-10-11_SEA_CIN,2015,NA,2015-10-11,Regular Season,FALSE,CIN,SEA,27,24,W,CIN,3,51,FiveThirtyEight
2015_2015-10-11_ARI_DET,2015,NA,2015-10-11,Regular Season,FALSE,DET,ARI,17,42,L,ARI,25,59,FiveThirtyEight
2015_2015-10-11_DEN_LV,2015,NA,2015-10-11,Regular Season,FALSE,LV,DEN,10,16,L,DEN,6,26,FiveThirtyEight
2015_2015-10-11_NE_DAL,2015,NA,2015-10-11,Regular Season,FALSE,DAL,NE,6,30,L,NE,24,36,FiveThirtyEight
2015_2015-10-11_SF_NYG,2015,NA,2015-10-11,Regular Season,FALSE,NYG,SF,30,27,W,NYG,3,57,FiveThirtyEight
2015_2015-10-12_PIT_LAC,2015,NA,2015-10-12,Regular Season,FALSE,LAC,PIT,20,24,L,PIT,4,44,FiveThirtyEight
2015_2015-10-15_ATL_NO,2015,NA,2015-10-15,Regular Season,FALSE,NO,ATL,31,21,W,NO,10,52,FiveThirtyEight
2015_2015-10-18_CIN_BUF,2015,NA,2015-10-18,Regular Season,FALSE,BUF,CIN,21,34,L,CIN,13,55,FiveThirtyEight
2015_2015-10-18_KC_MIN,2015,NA,2015-10-18,Regular Season,FALSE,MIN,KC,16,10,W,MIN,6,26,FiveThirtyEight
2015_2015-10-18_MIA_TEN,2015,NA,2015-10-18,Regular Season,FALSE,TEN,MIA,10,38,L,MIA,28,48,FiveThirtyEight
2015_2015-10-18_WAS_NYJ,2015,NA,2015-10-18,Regular Season,FALSE,NYJ,WAS,34,20,W,NYJ,14,54,FiveThirtyEight
2015_2015-10-18_CHI_DET,2015,NA,2015-10-18,Regular Season,FALSE,DET,CHI,37,34,W,DET,3,71,FiveThirtyEight
2015_2015-10-18_ARI_PIT,2015,NA,2015-10-18,Regular Season,FALSE,PIT,ARI,25,13,W,PIT,12,38,FiveThirtyEight
2015_2015-10-18_HOU_JAX,2015,NA,2015-10-18,Regular Season,FALSE,JAX,HOU,20,31,L,HOU,11,51,FiveThirtyEight
2015_2015-10-18_DEN_CLE,2015,NA,2015-10-18,Regular Season,FALSE,CLE,DEN,23,26,L,DEN,3,49,FiveThirtyEight
2015_2015-10-18_CAR_SEA,2015,NA,2015-10-18,Regular Season,FALSE,SEA,CAR,23,27,L,CAR,4,50,FiveThirtyEight
2015_2015-10-18_LAC_GB,2015,NA,2015-10-18,Regular Season,FALSE,GB,LAC,27,20,W,GB,7,47,FiveThirtyEight
2015_2015-10-18_BAL_SF,2015,NA,2015-10-18,Regular Season,FALSE,SF,BAL,25,20,W,SF,5,45,FiveThirtyEight
2015_2015-10-18_NE_IND,2015,NA,2015-10-18,Regular Season,FALSE,IND,NE,27,34,L,NE,7,61,FiveThirtyEight
2015_2015-10-19_NYG_PHI,2015,NA,2015-10-19,Regular Season,FALSE,PHI,NYG,27,7,W,PHI,20,34,FiveThirtyEight
2015_2015-10-22_SEA_SF,2015,NA,2015-10-22,Regular Season,FALSE,SF,SEA,3,20,L,SEA,17,23,FiveThirtyEight
2015_2015-10-25_BUF_JAX,2015,NA,2015-10-25,Regular Season,TRUE,JAX,BUF,34,31,W,JAX,3,65,FiveThirtyEight
2015_2015-10-25_MIN_DET,2015,NA,2015-10-25,Regular Season,FALSE,DET,MIN,19,28,L,MIN,9,47,FiveThirtyEight
2015_2015-10-25_NYJ_NE,2015,NA,2015-10-25,Regular Season,FALSE,NE,NYJ,30,23,W,NE,7,53,FiveThirtyEight
2015_2015-10-25_ATL_TEN,2015,NA,2015-10-25,Regular Season,FALSE,TEN,ATL,7,10,L,ATL,3,17,FiveThirtyEight
2015_2015-10-25_TB_WAS,2015,NA,2015-10-25,Regular Season,FALSE,WAS,TB,31,30,W,WAS,1,61,FiveThirtyEight
2015_2015-10-25_PIT_KC,2015,NA,2015-10-25,Regular Season,FALSE,KC,PIT,23,13,W,KC,10,36,FiveThirtyEight
2015_2015-10-25_NO_IND,2015,NA,2015-10-25,Regular Season,FALSE,IND,NO,21,27,L,NO,6,48,FiveThirtyEight
2015_2015-10-25_HOU_MIA,2015,NA,2015-10-25,Regular Season,FALSE,MIA,HOU,44,26,W,MIA,18,70,FiveThirtyEight
2015_2015-10-25_CLE_LA,2015,NA,2015-10-25,Regular Season,FALSE,LA,CLE,24,6,W,LA,18,30,FiveThirtyEight
2015_2015-10-25_LV_LAC,2015,NA,2015-10-25,Regular Season,FALSE,LAC,LV,29,37,L,LV,8,66,FiveThirtyEight
2015_2015-10-25_DAL_NYG,2015,NA,2015-10-25,Regular Season,FALSE,NYG,DAL,27,20,W,NYG,7,47,FiveThirtyEight
2015_2015-10-25_PHI_CAR,2015,NA,2015-10-25,Regular Season,FALSE,CAR,PHI,27,16,W,CAR,11,43,FiveThirtyEight
2015_2015-10-26_BAL_ARI,2015,NA,2015-10-26,Regular Season,FALSE,ARI,BAL,26,18,W,ARI,8,44,FiveThirtyEight
2015_2015-10-29_MIA_NE,2015,NA,2015-10-29,Regular Season,FALSE,NE,MIA,36,7,W,NE,29,43,FiveThirtyEight
2015_2015-11-01_DET_KC,2015,NA,2015-11-01,Regular Season,TRUE,KC,DET,45,10,W,KC,35,55,FiveThirtyEight
2015_2015-11-01_NYG_NO,2015,NA,2015-11-01,Regular Season,FALSE,NO,NYG,52,49,W,NO,3,101,FiveThirtyEight
2015_2015-11-01_TEN_HOU,2015,NA,2015-11-01,Regular Season,FALSE,HOU,TEN,20,6,W,HOU,14,26,FiveThirtyEight
2015_2015-11-01_LAC_BAL,2015,NA,2015-11-01,Regular Season,FALSE,BAL,LAC,29,26,W,BAL,3,55,FiveThirtyEight
2015_2015-11-01_CIN_PIT,2015,NA,2015-11-01,Regular Season,FALSE,PIT,CIN,10,16,L,CIN,6,26,FiveThirtyEight
2015_2015-11-01_TB_ATL,2015,NA,2015-11-01,Regular Season,FALSE,ATL,TB,20,23,L,TB,3,43,FiveThirtyEight
2015_2015-11-01_MIN_CHI,2015,NA,2015-11-01,Regular Season,FALSE,CHI,MIN,20,23,L,MIN,3,43,FiveThirtyEight
2015_2015-11-01_ARI_CLE,2015,NA,2015-11-01,Regular Season,FALSE,CLE,ARI,20,34,L,ARI,14,54,FiveThirtyEight
2015_2015-11-01_SF_LA,2015,NA,2015-11-01,Regular Season,FALSE,LA,SF,27,6,W,LA,21,33,FiveThirtyEight
2015_2015-11-01_NYJ_LV,2015,NA,2015-11-01,Regular Season,FALSE,LV,NYJ,34,20,W,LV,14,54,FiveThirtyEight
2015_2015-11-01_SEA_DAL,2015,NA,2015-11-01,Regular Season,FALSE,DAL,SEA,12,13,L,SEA,1,25,FiveThirtyEight
2015_2015-11-01_GB_DEN,2015,NA,2015-11-01,Regular Season,FALSE,DEN,GB,29,10,W,DEN,19,39,FiveThirtyEight
2015_2015-11-02_IND_CAR,2015,NA,2015-11-02,Regular Season,FALSE,CAR,IND,29,26,W,CAR,3,55,FiveThirtyEight
2015_2015-11-05_CLE_CIN,2015,NA,2015-11-05,Regular Season,FALSE,CIN,CLE,31,10,W,CIN,21,41,FiveThirtyEight
2015_2015-11-08_WAS_NE,2015,NA,2015-11-08,Regular Season,FALSE,NE,WAS,27,10,W,NE,17,37,FiveThirtyEight
2015_2015-11-08_JAX_NYJ,2015,NA,2015-11-08,Regular Season,FALSE,NYJ,JAX,28,23,W,NYJ,5,51,FiveThirtyEight
2015_2015-11-08_TEN_NO,2015,NA,2015-11-08,Regular Season,FALSE,NO,TEN,28,34,L,TEN,6,62,FiveThirtyEight
2015_2015-11-08_GB_CAR,2015,NA,2015-11-08,Regular Season,FALSE,CAR,GB,37,29,W,CAR,8,66,FiveThirtyEight
2015_2015-11-08_LA_MIN,2015,NA,2015-11-08,Regular Season,FALSE,MIN,LA,21,18,W,MIN,3,39,FiveThirtyEight
2015_2015-11-08_MIA_BUF,2015,NA,2015-11-08,Regular Season,FALSE,BUF,MIA,33,17,W,BUF,16,50,FiveThirtyEight
2015_2015-11-08_LV_PIT,2015,NA,2015-11-08,Regular Season,FALSE,PIT,LV,38,35,W,PIT,3,73,FiveThirtyEight
2015_2015-11-08_ATL_SF,2015,NA,2015-11-08,Regular Season,FALSE,SF,ATL,17,16,W,SF,1,33,FiveThirtyEight
2015_2015-11-08_NYG_TB,2015,NA,2015-11-08,Regular Season,FALSE,TB,NYG,18,32,L,NYG,14,50,FiveThirtyEight
2015_2015-11-08_DEN_IND,2015,NA,2015-11-08,Regular Season,FALSE,IND,DEN,27,24,W,IND,3,51,FiveThirtyEight
2015_2015-11-08_PHI_DAL,2015,NA,2015-11-08,Regular Season,FALSE,DAL,PHI,27,33,L,PHI,6,60,FiveThirtyEight
2015_2015-11-09_CHI_LAC,2015,NA,2015-11-09,Regular Season,FALSE,LAC,CHI,19,22,L,CHI,3,41,FiveThirtyEight
2015_2015-11-12_BUF_NYJ,2015,NA,2015-11-12,Regular Season,FALSE,NYJ,BUF,17,22,L,BUF,5,39,FiveThirtyEight
2015_2015-11-15_CAR_TEN,2015,NA,2015-11-15,Regular Season,FALSE,TEN,CAR,10,27,L,CAR,17,37,FiveThirtyEight
2015_2015-11-15_DAL_TB,2015,NA,2015-11-15,Regular Season,FALSE,TB,DAL,10,6,W,TB,4,16,FiveThirtyEight
2015_2015-11-15_JAX_BAL,2015,NA,2015-11-15,Regular Season,FALSE,BAL,JAX,20,22,L,JAX,2,42,FiveThirtyEight
2015_2015-11-15_CHI_LA,2015,NA,2015-11-15,Regular Season,FALSE,LA,CHI,13,37,L,CHI,24,50,FiveThirtyEight
2015_2015-11-15_DET_GB,2015,NA,2015-11-15,Regular Season,FALSE,GB,DET,16,18,L,DET,2,34,FiveThirtyEight
2015_2015-11-15_MIA_PHI,2015,NA,2015-11-15,Regular Season,FALSE,PHI,MIA,19,20,L,MIA,1,39,FiveThirtyEight
2015_2015-11-15_CLE_PIT,2015,NA,2015-11-15,Regular Season,FALSE,PIT,CLE,30,9,W,PIT,21,39,FiveThirtyEight
2015_2015-11-15_NO_WAS,2015,NA,2015-11-15,Regular Season,FALSE,WAS,NO,47,14,W,WAS,33,61,FiveThirtyEight
2015_2015-11-15_MIN_LV,2015,NA,2015-11-15,Regular Season,FALSE,LV,MIN,14,30,L,MIN,16,44,FiveThirtyEight
2015_2015-11-15_KC_DEN,2015,NA,2015-11-15,Regular Season,FALSE,DEN,KC,13,29,L,KC,16,42,FiveThirtyEight
2015_2015-11-15_NE_NYG,2015,NA,2015-11-15,Regular Season,FALSE,NYG,NE,26,27,L,NE,1,53,FiveThirtyEight
2015_2015-11-15_ARI_SEA,2015,NA,2015-11-15,Regular Season,FALSE,SEA,ARI,32,39,L,ARI,7,71,FiveThirtyEight
2015_2015-11-16_HOU_CIN,2015,NA,2015-11-16,Regular Season,FALSE,CIN,HOU,6,10,L,HOU,4,16,FiveThirtyEight
2015_2015-11-19_TEN_JAX,2015,NA,2015-11-19,Regular Season,FALSE,JAX,TEN,19,13,W,JAX,6,32,FiveThirtyEight
2015_2015-11-22_DAL_MIA,2015,NA,2015-11-22,Regular Season,FALSE,MIA,DAL,14,24,L,DAL,10,38,FiveThirtyEight
2015_2015-11-22_TB_PHI,2015,NA,2015-11-22,Regular Season,FALSE,PHI,TB,17,45,L,TB,28,62,FiveThirtyEight
2015_2015-11-22_LV_DET,2015,NA,2015-11-22,Regular Season,FALSE,DET,LV,18,13,W,DET,5,31,FiveThirtyEight
2015_2015-11-22_WAS_CAR,2015,NA,2015-11-22,Regular Season,FALSE,CAR,WAS,44,16,W,CAR,28,60,FiveThirtyEight
2015_2015-11-22_LA_BAL,2015,NA,2015-11-22,Regular Season,FALSE,BAL,LA,16,13,W,BAL,3,29,FiveThirtyEight
2015_2015-11-22_DEN_CHI,2015,NA,2015-11-22,Regular Season,FALSE,CHI,DEN,15,17,L,DEN,2,32,FiveThirtyEight
2015_2015-11-22_IND_ATL,2015,NA,2015-11-22,Regular Season,FALSE,ATL,IND,21,24,L,IND,3,45,FiveThirtyEight
2015_2015-11-22_NYJ_HOU,2015,NA,2015-11-22,Regular Season,FALSE,HOU,NYJ,24,17,W,HOU,7,41,FiveThirtyEight
2015_2015-11-22_KC_LAC,2015,NA,2015-11-22,Regular Season,FALSE,LAC,KC,3,33,L,KC,30,36,FiveThirtyEight
2015_2015-11-22_SF_SEA,2015,NA,2015-11-22,Regular Season,FALSE,SEA,SF,29,13,W,SEA,16,42,FiveThirtyEight
2015_2015-11-22_GB_MIN,2015,NA,2015-11-22,Regular Season,FALSE,MIN,GB,13,30,L,GB,17,43,FiveThirtyEight
2015_2015-11-22_CIN_ARI,2015,NA,2015-11-22,Regular Season,FALSE,ARI,CIN,34,31,W,ARI,3,65,FiveThirtyEight
2015_2015-11-23_BUF_NE,2015,NA,2015-11-23,Regular Season,FALSE,NE,BUF,20,13,W,NE,7,33,FiveThirtyEight
2015_2015-11-26_PHI_DET,2015,NA,2015-11-26,Regular Season,FALSE,DET,PHI,45,14,W,DET,31,59,FiveThirtyEight
2015_2015-11-26_CAR_DAL,2015,NA,2015-11-26,Regular Season,FALSE,DAL,CAR,14,33,L,CAR,19,47,FiveThirtyEight
2015_2015-11-26_CHI_GB,2015,NA,2015-11-26,Regular Season,FALSE,GB,CHI,13,17,L,CHI,4,30,FiveThirtyEight
2015_2015-11-29_BUF_KC,2015,NA,2015-11-29,Regular Season,FALSE,KC,BUF,30,22,W,KC,8,52,FiveThirtyEight
2015_2015-11-29_TB_IND,2015,NA,2015-11-29,Regular Season,FALSE,IND,TB,25,12,W,IND,13,37,FiveThirtyEight
2015_2015-11-29_LA_CIN,2015,NA,2015-11-29,Regular Season,FALSE,CIN,LA,31,7,W,CIN,24,38,FiveThirtyEight
2015_2015-11-29_NYG_WAS,2015,NA,2015-11-29,Regular Season,FALSE,WAS,NYG,20,14,W,WAS,6,34,FiveThirtyEight
2015_2015-11-29_LAC_JAX,2015,NA,2015-11-29,Regular Season,FALSE,JAX,LAC,25,31,L,LAC,6,56,FiveThirtyEight
2015_2015-11-29_MIA_NYJ,2015,NA,2015-11-29,Regular Season,FALSE,NYJ,MIA,38,20,W,NYJ,18,58,FiveThirtyEight
2015_2015-11-29_NO_HOU,2015,NA,2015-11-29,Regular Season,FALSE,HOU,NO,24,6,W,HOU,18,30,FiveThirtyEight
2015_2015-11-29_MIN_ATL,2015,NA,2015-11-29,Regular Season,FALSE,ATL,MIN,10,20,L,MIN,10,30,FiveThirtyEight
2015_2015-11-29_LV_TEN,2015,NA,2015-11-29,Regular Season,FALSE,TEN,LV,21,24,L,LV,3,45,FiveThirtyEight
2015_2015-11-29_ARI_SF,2015,NA,2015-11-29,Regular Season,FALSE,SF,ARI,13,19,L,ARI,6,32,FiveThirtyEight
2015_2015-11-29_PIT_SEA,2015,NA,2015-11-29,Regular Season,FALSE,SEA,PIT,39,30,W,SEA,9,69,FiveThirtyEight
2015_2015-11-29_NE_DEN,2015,NA,2015-11-29,Regular Season,FALSE,DEN,NE,30,24,W,DEN,6,54,FiveThirtyEight
2015_2015-11-30_BAL_CLE,2015,NA,2015-11-30,Regular Season,FALSE,CLE,BAL,27,33,L,BAL,6,60,FiveThirtyEight
2015_2015-12-03_GB_DET,2015,NA,2015-12-03,Regular Season,FALSE,DET,GB,23,27,L,GB,4,50,FiveThirtyEight
2015_2015-12-06_JAX_TEN,2015,NA,2015-12-06,Regular Season,FALSE,TEN,JAX,42,39,W,TEN,3,81,FiveThirtyEight
2015_2015-12-06_HOU_BUF,2015,NA,2015-12-06,Regular Season,FALSE,BUF,HOU,30,21,W,BUF,9,51,FiveThirtyEight
2015_2015-12-06_NYJ_NYG,2015,NA,2015-12-06,Regular Season,FALSE,NYG,NYJ,20,23,L,NYJ,3,43,FiveThirtyEight
2015_2015-12-06_ATL_TB,2015,NA,2015-12-06,Regular Season,FALSE,TB,ATL,23,19,W,TB,4,42,FiveThirtyEight
2015_2015-12-06_CIN_CLE,2015,NA,2015-12-06,Regular Season,FALSE,CLE,CIN,3,37,L,CIN,34,40,FiveThirtyEight
2015_2015-12-06_BAL_MIA,2015,NA,2015-12-06,Regular Season,FALSE,MIA,BAL,15,13,W,MIA,2,28,FiveThirtyEight
2015_2015-12-06_SF_CHI,2015,NA,2015-12-06,Regular Season,FALSE,CHI,SF,20,26,L,SF,6,46,FiveThirtyEight
2015_2015-12-06_SEA_MIN,2015,NA,2015-12-06,Regular Season,FALSE,MIN,SEA,7,38,L,SEA,31,45,FiveThirtyEight
2015_2015-12-06_ARI_LA,2015,NA,2015-12-06,Regular Season,FALSE,LA,ARI,3,27,L,ARI,24,30,FiveThirtyEight
2015_2015-12-06_KC_LV,2015,NA,2015-12-06,Regular Season,FALSE,LV,KC,20,34,L,KC,14,54,FiveThirtyEight
2015_2015-12-06_DEN_LAC,2015,NA,2015-12-06,Regular Season,FALSE,LAC,DEN,3,17,L,DEN,14,20,FiveThirtyEight
2015_2015-12-06_CAR_NO,2015,NA,2015-12-06,Regular Season,FALSE,NO,CAR,38,41,L,CAR,3,79,FiveThirtyEight
2015_2015-12-06_PHI_NE,2015,NA,2015-12-06,Regular Season,FALSE,NE,PHI,28,35,L,PHI,7,63,FiveThirtyEight
2015_2015-12-06_IND_PIT,2015,NA,2015-12-06,Regular Season,FALSE,PIT,IND,45,10,W,PIT,35,55,FiveThirtyEight
2015_2015-12-07_DAL_WAS,2015,NA,2015-12-07,Regular Season,FALSE,WAS,DAL,16,19,L,DAL,3,35,FiveThirtyEight
2015_2015-12-10_MIN_ARI,2015,NA,2015-12-10,Regular Season,FALSE,ARI,MIN,23,20,W,ARI,3,43,FiveThirtyEight
2015_2015-12-13_BUF_PHI,2015,NA,2015-12-13,Regular Season,FALSE,PHI,BUF,23,20,W,PHI,3,43,FiveThirtyEight
2015_2015-12-13_SEA_BAL,2015,NA,2015-12-13,Regular Season,FALSE,BAL,SEA,6,35,L,SEA,29,41,FiveThirtyEight
2015_2015-12-13_DET_LA,2015,NA,2015-12-13,Regular Season,FALSE,LA,DET,21,14,W,LA,7,35,FiveThirtyEight
2015_2015-12-13_NO_TB,2015,NA,2015-12-13,Regular Season,FALSE,TB,NO,17,24,L,NO,7,41,FiveThirtyEight
2015_2015-12-13_PIT_CIN,2015,NA,2015-12-13,Regular Season,FALSE,CIN,PIT,20,33,L,PIT,13,53,FiveThirtyEight
2015_2015-12-13_ATL_CAR,2015,NA,2015-12-13,Regular Season,FALSE,CAR,ATL,38,0,W,CAR,38,38,FiveThirtyEight
2015_2015-12-13_TEN_NYJ,2015,NA,2015-12-13,Regular Season,FALSE,NYJ,TEN,30,8,W,NYJ,22,38,FiveThirtyEight
2015_2015-12-13_WAS_CHI,2015,NA,2015-12-13,Regular Season,FALSE,CHI,WAS,21,24,L,WAS,3,45,FiveThirtyEight
2015_2015-12-13_SF_CLE,2015,NA,2015-12-13,Regular Season,FALSE,CLE,SF,24,10,W,CLE,14,34,FiveThirtyEight
2015_2015-12-13_LAC_KC,2015,NA,2015-12-13,Regular Season,FALSE,KC,LAC,10,3,W,KC,7,13,FiveThirtyEight
2015_2015-12-13_IND_JAX,2015,NA,2015-12-13,Regular Season,FALSE,JAX,IND,51,16,W,JAX,35,67,FiveThirtyEight
2015_2015-12-13_LV_DEN,2015,NA,2015-12-13,Regular Season,FALSE,DEN,LV,12,15,L,LV,3,27,FiveThirtyEight
2015_2015-12-13_DAL_GB,2015,NA,2015-12-13,Regular Season,FALSE,GB,DAL,28,7,W,GB,21,35,FiveThirtyEight
2015_2015-12-13_NE_HOU,2015,NA,2015-12-13,Regular Season,FALSE,HOU,NE,6,27,L,NE,21,33,FiveThirtyEight
2015_2015-12-14_NYG_MIA,2015,NA,2015-12-14,Regular Season,FALSE,MIA,NYG,24,31,L,NYG,7,55,FiveThirtyEight
2015_2015-12-17_TB_LA,2015,NA,2015-12-17,Regular Season,FALSE,LA,TB,31,23,W,LA,8,54,FiveThirtyEight
2015_2015-12-19_NYJ_DAL,2015,NA,2015-12-19,Regular Season,FALSE,DAL,NYJ,16,19,L,NYJ,3,35,FiveThirtyEight
2015_2015-12-20_KC_BAL,2015,NA,2015-12-20,Regular Season,FALSE,BAL,KC,14,34,L,KC,20,48,FiveThirtyEight
2015_2015-12-20_CAR_NYG,2015,NA,2015-12-20,Regular Season,FALSE,NYG,CAR,35,38,L,CAR,3,73,FiveThirtyEight
2015_2015-12-20_ATL_JAX,2015,NA,2015-12-20,Regular Season,FALSE,JAX,ATL,17,23,L,ATL,6,40,FiveThirtyEight
2015_2015-12-20_HOU_IND,2015,NA,2015-12-20,Regular Season,FALSE,IND,HOU,10,16,L,HOU,6,26,FiveThirtyEight
2015_2015-12-20_BUF_WAS,2015,NA,2015-12-20,Regular Season,FALSE,WAS,BUF,35,25,W,WAS,10,60,FiveThirtyEight
2015_2015-12-20_TEN_NE,2015,NA,2015-12-20,Regular Season,FALSE,NE,TEN,33,16,W,NE,17,49,FiveThirtyEight
2015_2015-12-20_CHI_MIN,2015,NA,2015-12-20,Regular Season,FALSE,MIN,CHI,38,17,W,MIN,21,55,FiveThirtyEight
2015_2015-12-20_CLE_SEA,2015,NA,2015-12-20,Regular Season,FALSE,SEA,CLE,30,13,W,SEA,17,43,FiveThirtyEight
2015_2015-12-20_GB_LV,2015,NA,2015-12-20,Regular Season,FALSE,LV,GB,20,30,L,GB,10,50,FiveThirtyEight
2015_2015-12-20_CIN_SF,2015,NA,2015-12-20,Regular Season,FALSE,SF,CIN,14,24,L,CIN,10,38,FiveThirtyEight
2015_2015-12-20_MIA_LAC,2015,NA,2015-12-20,Regular Season,FALSE,LAC,MIA,30,14,W,LAC,16,44,FiveThirtyEight
2015_2015-12-20_DEN_PIT,2015,NA,2015-12-20,Regular Season,FALSE,PIT,DEN,34,27,W,PIT,7,61,FiveThirtyEight
2015_2015-12-20_ARI_PHI,2015,NA,2015-12-20,Regular Season,FALSE,PHI,ARI,17,40,L,ARI,23,57,FiveThirtyEight
2015_2015-12-21_DET_NO,2015,NA,2015-12-21,Regular Season,FALSE,NO,DET,27,35,L,DET,8,62,FiveThirtyEight
2015_2015-12-24_LAC_LV,2015,NA,2015-12-24,Regular Season,FALSE,LV,LAC,23,20,W,LV,3,43,FiveThirtyEight
2015_2015-12-26_WAS_PHI,2015,NA,2015-12-26,Regular Season,FALSE,PHI,WAS,24,38,L,WAS,14,62,FiveThirtyEight
2015_2015-12-27_CAR_ATL,2015,NA,2015-12-27,Regular Season,FALSE,ATL,CAR,20,13,W,ATL,7,33,FiveThirtyEight
2015_2015-12-27_PIT_BAL,2015,NA,2015-12-27,Regular Season,FALSE,BAL,PIT,20,17,W,BAL,3,37,FiveThirtyEight
2015_2015-12-27_HOU_TEN,2015,NA,2015-12-27,Regular Season,FALSE,TEN,HOU,6,34,L,HOU,28,40,FiveThirtyEight
2015_2015-12-27_SF_DET,2015,NA,2015-12-27,Regular Season,FALSE,DET,SF,32,17,W,DET,15,49,FiveThirtyEight
2015_2015-12-27_IND_MIA,2015,NA,2015-12-27,Regular Season,FALSE,MIA,IND,12,18,L,IND,6,30,FiveThirtyEight
2015_2015-12-27_NE_NYJ,2015,NA,2015-12-27,Regular Season,FALSE,NYJ,NE,26,20,W,NYJ,6,46,FiveThirtyEight
2015_2015-12-27_CLE_KC,2015,NA,2015-12-27,Regular Season,FALSE,KC,CLE,17,13,W,KC,4,30,FiveThirtyEight
2015_2015-12-27_DAL_BUF,2015,NA,2015-12-27,Regular Season,FALSE,BUF,DAL,16,6,W,BUF,10,22,FiveThirtyEight
2015_2015-12-27_CHI_TB,2015,NA,2015-12-27,Regular Season,FALSE,TB,CHI,21,26,L,CHI,5,47,FiveThirtyEight
2015_2015-12-27_JAX_NO,2015,NA,2015-12-27,Regular Season,FALSE,NO,JAX,38,27,W,NO,11,65,FiveThirtyEight
2015_2015-12-27_GB_ARI,2015,NA,2015-12-27,Regular Season,FALSE,ARI,GB,38,8,W,ARI,30,46,FiveThirtyEight
2015_2015-12-27_LA_SEA,2015,NA,2015-12-27,Regular Season,FALSE,SEA,LA,17,23,L,LA,6,40,FiveThirtyEight
2015_2015-12-27_NYG_MIN,2015,NA,2015-12-27,Regular Season,FALSE,MIN,NYG,49,17,W,MIN,32,66,FiveThirtyEight
2015_2015-12-28_CIN_DEN,2015,NA,2015-12-28,Regular Season,FALSE,DEN,CIN,20,17,W,DEN,3,37,FiveThirtyEight
2015_2016-01-03_NYJ_BUF,2015,NA,2016-01-03,Regular Season,FALSE,BUF,NYJ,22,17,W,BUF,5,39,FiveThirtyEight
2015_2016-01-03_PIT_CLE,2015,NA,2016-01-03,Regular Season,FALSE,CLE,PIT,12,28,L,PIT,16,40,FiveThirtyEight
2015_2016-01-03_NO_ATL,2015,NA,2016-01-03,Regular Season,FALSE,ATL,NO,17,20,L,NO,3,37,FiveThirtyEight
2015_2016-01-03_PHI_NYG,2015,NA,2016-01-03,Regular Season,FALSE,NYG,PHI,30,35,L,PHI,5,65,FiveThirtyEight
2015_2016-01-03_WAS_DAL,2015,NA,2016-01-03,Regular Season,FALSE,DAL,WAS,23,34,L,WAS,11,57,FiveThirtyEight
2015_2016-01-03_BAL_CIN,2015,NA,2016-01-03,Regular Season,FALSE,CIN,BAL,24,16,W,CIN,8,40,FiveThirtyEight
2015_2016-01-03_NE_MIA,2015,NA,2016-01-03,Regular Season,FALSE,MIA,NE,20,10,W,MIA,10,30,FiveThirtyEight
2015_2016-01-03_JAX_HOU,2015,NA,2016-01-03,Regular Season,FALSE,HOU,JAX,30,6,W,HOU,24,36,FiveThirtyEight
2015_2016-01-03_DET_CHI,2015,NA,2016-01-03,Regular Season,FALSE,CHI,DET,20,24,L,DET,4,44,FiveThirtyEight
2015_2016-01-03_TEN_IND,2015,NA,2016-01-03,Regular Season,FALSE,IND,TEN,30,24,W,IND,6,54,FiveThirtyEight
2015_2016-01-03_LA_SF,2015,NA,2016-01-03,Regular Season,FALSE,SF,LA,19,16,W,SF,3,35,FiveThirtyEight
2015_2016-01-03_LV_KC,2015,NA,2016-01-03,Regular Season,FALSE,KC,LV,23,17,W,KC,6,40,FiveThirtyEight
2015_2016-01-03_SEA_ARI,2015,NA,2016-01-03,Regular Season,FALSE,ARI,SEA,6,36,L,SEA,30,42,FiveThirtyEight
2015_2016-01-03_LAC_DEN,2015,NA,2016-01-03,Regular Season,FALSE,DEN,LAC,27,20,W,DEN,7,47,FiveThirtyEight
2015_2016-01-03_TB_CAR,2015,NA,2016-01-03,Regular Season,FALSE,CAR,TB,38,10,W,CAR,28,48,FiveThirtyEight
2015_2016-01-03_MIN_GB,2015,NA,2016-01-03,Regular Season,FALSE,GB,MIN,13,20,L,MIN,7,33,FiveThirtyEight
2016_2016-09-08_CAR_DEN,2016,NA,2016-09-08,Regular Season,FALSE,DEN,CAR,21,20,W,DEN,1,41,FiveThirtyEight
2016_2016-09-11_LV_NO,2016,NA,2016-09-11,Regular Season,FALSE,NO,LV,34,35,L,LV,1,69,FiveThirtyEight
2016_2016-09-11_LAC_KC,2016,NA,2016-09-11,Regular Season,FALSE,KC,LAC,33,27,W,KC,6,60,FiveThirtyEight
2016_2016-09-11_MIN_TEN,2016,NA,2016-09-11,Regular Season,FALSE,TEN,MIN,16,25,L,MIN,9,41,FiveThirtyEight
2016_2016-09-11_GB_JAX,2016,NA,2016-09-11,Regular Season,FALSE,JAX,GB,23,27,L,GB,4,50,FiveThirtyEight
2016_2016-09-11_CIN_NYJ,2016,NA,2016-09-11,Regular Season,FALSE,NYJ,CIN,22,23,L,CIN,1,45,FiveThirtyEight
2016_2016-09-11_TB_ATL,2016,NA,2016-09-11,Regular Season,FALSE,ATL,TB,24,31,L,TB,7,55,FiveThirtyEight
2016_2016-09-11_CLE_PHI,2016,NA,2016-09-11,Regular Season,FALSE,PHI,CLE,29,10,W,PHI,19,39,FiveThirtyEight
2016_2016-09-11_CHI_HOU,2016,NA,2016-09-11,Regular Season,FALSE,HOU,CHI,23,14,W,HOU,9,37,FiveThirtyEight
2016_2016-09-11_BUF_BAL,2016,NA,2016-09-11,Regular Season,FALSE,BAL,BUF,13,7,W,BAL,6,20,FiveThirtyEight
2016_2016-09-11_MIA_SEA,2016,NA,2016-09-11,Regular Season,FALSE,SEA,MIA,12,10,W,SEA,2,22,FiveThirtyEight
2016_2016-09-11_DET_IND,2016,NA,2016-09-11,Regular Season,FALSE,IND,DET,35,39,L,DET,4,74,FiveThirtyEight
2016_2016-09-11_NYG_DAL,2016,NA,2016-09-11,Regular Season,FALSE,DAL,NYG,19,20,L,NYG,1,39,FiveThirtyEight
2016_2016-09-11_NE_ARI,2016,NA,2016-09-11,Regular Season,FALSE,ARI,NE,21,23,L,NE,2,44,FiveThirtyEight
2016_2016-09-12_PIT_WAS,2016,NA,2016-09-12,Regular Season,FALSE,WAS,PIT,16,38,L,PIT,22,54,FiveThirtyEight
2016_2016-09-12_LA_SF,2016,NA,2016-09-12,Regular Season,FALSE,SF,LA,28,0,W,SF,28,28,FiveThirtyEight
2016_2016-09-15_NYJ_BUF,2016,NA,2016-09-15,Regular Season,FALSE,BUF,NYJ,31,37,L,NYJ,6,68,FiveThirtyEight
2016_2016-09-18_NO_NYG,2016,NA,2016-09-18,Regular Season,FALSE,NYG,NO,16,13,W,NYG,3,29,FiveThirtyEight
2016_2016-09-18_BAL_CLE,2016,NA,2016-09-18,Regular Season,FALSE,CLE,BAL,20,25,L,BAL,5,45,FiveThirtyEight
2016_2016-09-18_MIA_NE,2016,NA,2016-09-18,Regular Season,FALSE,NE,MIA,31,24,W,NE,7,55,FiveThirtyEight
2016_2016-09-18_SF_CAR,2016,NA,2016-09-18,Regular Season,FALSE,CAR,SF,46,27,W,CAR,19,73,FiveThirtyEight
2016_2016-09-18_TEN_DET,2016,NA,2016-09-18,Regular Season,FALSE,DET,TEN,15,16,L,TEN,1,31,FiveThirtyEight
2016_2016-09-18_CIN_PIT,2016,NA,2016-09-18,Regular Season,FALSE,PIT,CIN,24,16,W,PIT,8,40,FiveThirtyEight
2016_2016-09-18_DAL_WAS,2016,NA,2016-09-18,Regular Season,FALSE,WAS,DAL,23,27,L,DAL,4,50,FiveThirtyEight
2016_2016-09-18_KC_HOU,2016,NA,2016-09-18,Regular Season,FALSE,HOU,KC,19,12,W,HOU,7,31,FiveThirtyEight
2016_2016-09-18_TB_ARI,2016,NA,2016-09-18,Regular Season,FALSE,ARI,TB,40,7,W,ARI,33,47,FiveThirtyEight
2016_2016-09-18_SEA_LA,2016,NA,2016-09-18,Regular Season,FALSE,LA,SEA,9,3,W,LA,6,12,FiveThirtyEight
2016_2016-09-18_ATL_LV,2016,NA,2016-09-18,Regular Season,FALSE,LV,ATL,28,35,L,ATL,7,63,FiveThirtyEight
2016_2016-09-18_IND_DEN,2016,NA,2016-09-18,Regular Season,FALSE,DEN,IND,34,20,W,DEN,14,54,FiveThirtyEight
2016_2016-09-18_JAX_LAC,2016,NA,2016-09-18,Regular Season,FALSE,LAC,JAX,38,14,W,LAC,24,52,FiveThirtyEight
2016_2016-09-18_GB_MIN,2016,NA,2016-09-18,Regular Season,FALSE,MIN,GB,17,14,W,MIN,3,31,FiveThirtyEight
2016_2016-09-19_PHI_CHI,2016,NA,2016-09-19,Regular Season,FALSE,CHI,PHI,14,29,L,PHI,15,43,FiveThirtyEight
2016_2016-09-22_HOU_NE,2016,NA,2016-09-22,Regular Season,FALSE,NE,HOU,27,0,W,NE,27,27,FiveThirtyEight
2016_2016-09-25_MIN_CAR,2016,NA,2016-09-25,Regular Season,FALSE,CAR,MIN,10,22,L,MIN,12,32,FiveThirtyEight
2016_2016-09-25_ARI_BUF,2016,NA,2016-09-25,Regular Season,FALSE,BUF,ARI,33,18,W,BUF,15,51,FiveThirtyEight
2016_2016-09-25_BAL_JAX,2016,NA,2016-09-25,Regular Season,FALSE,JAX,BAL,17,19,L,BAL,2,36,FiveThirtyEight
2016_2016-09-25_DET_GB,2016,NA,2016-09-25,Regular Season,FALSE,GB,DET,34,27,W,GB,7,61,FiveThirtyEight
2016_2016-09-25_WAS_NYG,2016,NA,2016-09-25,Regular Season,FALSE,NYG,WAS,27,29,L,WAS,2,56,FiveThirtyEight
2016_2016-09-25_CLE_MIA,2016,NA,2016-09-25,Regular Season,FALSE,MIA,CLE,30,24,W,MIA,6,54,FiveThirtyEight
2016_2016-09-25_DEN_CIN,2016,NA,2016-09-25,Regular Season,FALSE,CIN,DEN,17,29,L,DEN,12,46,FiveThirtyEight
2016_2016-09-25_LV_TEN,2016,NA,2016-09-25,Regular Season,FALSE,TEN,LV,10,17,L,LV,7,27,FiveThirtyEight
2016_2016-09-25_SF_SEA,2016,NA,2016-09-25,Regular Season,FALSE,SEA,SF,37,18,W,SEA,19,55,FiveThirtyEight
2016_2016-09-25_LA_TB,2016,NA,2016-09-25,Regular Season,FALSE,TB,LA,32,37,L,LA,5,69,FiveThirtyEight
2016_2016-09-25_PIT_PHI,2016,NA,2016-09-25,Regular Season,FALSE,PHI,PIT,34,3,W,PHI,31,37,FiveThirtyEight
2016_2016-09-25_NYJ_KC,2016,NA,2016-09-25,Regular Season,FALSE,KC,NYJ,24,3,W,KC,21,27,FiveThirtyEight
2016_2016-09-25_LAC_IND,2016,NA,2016-09-25,Regular Season,FALSE,IND,LAC,26,22,W,IND,4,48,FiveThirtyEight
2016_2016-09-25_CHI_DAL,2016,NA,2016-09-25,Regular Season,FALSE,DAL,CHI,31,17,W,DAL,14,48,FiveThirtyEight
2016_2016-09-26_ATL_NO,2016,NA,2016-09-26,Regular Season,FALSE,NO,ATL,32,45,L,ATL,13,77,FiveThirtyEight
2016_2016-09-29_MIA_CIN,2016,NA,2016-09-29,Regular Season,FALSE,CIN,MIA,22,7,W,CIN,15,29,FiveThirtyEight
2016_2016-10-02_IND_JAX,2016,NA,2016-10-02,Regular Season,TRUE,JAX,IND,30,27,W,JAX,3,57,FiveThirtyEight
2016_2016-10-02_CAR_ATL,2016,NA,2016-10-02,Regular Season,FALSE,ATL,CAR,48,33,W,ATL,15,81,FiveThirtyEight
2016_2016-10-02_CLE_WAS,2016,NA,2016-10-02,Regular Season,FALSE,WAS,CLE,31,20,W,WAS,11,51,FiveThirtyEight
2016_2016-10-02_BUF_NE,2016,NA,2016-10-02,Regular Season,FALSE,NE,BUF,0,16,L,BUF,16,16,FiveThirtyEight
2016_2016-10-02_LV_BAL,2016,NA,2016-10-02,Regular Season,FALSE,BAL,LV,27,28,L,LV,1,55,FiveThirtyEight
2016_2016-10-02_TEN_HOU,2016,NA,2016-10-02,Regular Season,FALSE,HOU,TEN,27,20,W,HOU,7,47,FiveThirtyEight
2016_2016-10-02_DET_CHI,2016,NA,2016-10-02,Regular Season,FALSE,CHI,DET,17,14,W,CHI,3,31,FiveThirtyEight
2016_2016-10-02_SEA_NYJ,2016,NA,2016-10-02,Regular Season,FALSE,NYJ,SEA,17,27,L,SEA,10,44,FiveThirtyEight
2016_2016-10-02_DEN_TB,2016,NA,2016-10-02,Regular Season,FALSE,TB,DEN,7,27,L,DEN,20,34,FiveThirtyEight
2016_2016-10-02_NO_LAC,2016,NA,2016-10-02,Regular Season,FALSE,LAC,NO,34,35,L,NO,1,69,FiveThirtyEight
2016_2016-10-02_DAL_SF,2016,NA,2016-10-02,Regular Season,FALSE,SF,DAL,17,24,L,DAL,7,41,FiveThirtyEight
2016_2016-10-02_LA_ARI,2016,NA,2016-10-02,Regular Season,FALSE,ARI,LA,13,17,L,LA,4,30,FiveThirtyEight
2016_2016-10-02_KC_PIT,2016,NA,2016-10-02,Regular Season,FALSE,PIT,KC,43,14,W,PIT,29,57,FiveThirtyEight
2016_2016-10-03_NYG_MIN,2016,NA,2016-10-03,Regular Season,FALSE,MIN,NYG,24,10,W,MIN,14,34,FiveThirtyEight
2016_2016-10-06_ARI_SF,2016,NA,2016-10-06,Regular Season,FALSE,SF,ARI,21,33,L,ARI,12,54,FiveThirtyEight
2016_2016-10-09_PHI_DET,2016,NA,2016-10-09,Regular Season,FALSE,DET,PHI,24,23,W,DET,1,47,FiveThirtyEight
2016_2016-10-09_NE_CLE,2016,NA,2016-10-09,Regular Season,FALSE,CLE,NE,13,33,L,NE,20,46,FiveThirtyEight
2016_2016-10-09_WAS_BAL,2016,NA,2016-10-09,Regular Season,FALSE,BAL,WAS,10,16,L,WAS,6,26,FiveThirtyEight
2016_2016-10-09_HOU_MIN,2016,NA,2016-10-09,Regular Season,FALSE,MIN,HOU,31,13,W,MIN,18,44,FiveThirtyEight
2016_2016-10-09_NYJ_PIT,2016,NA,2016-10-09,Regular Season,FALSE,PIT,NYJ,31,13,W,PIT,18,44,FiveThirtyEight
2016_2016-10-09_TEN_MIA,2016,NA,2016-10-09,Regular Season,FALSE,MIA,TEN,17,30,L,TEN,13,47,FiveThirtyEight
2016_2016-10-09_CHI_IND,2016,NA,2016-10-09,Regular Season,FALSE,IND,CHI,29,23,W,IND,6,52,FiveThirtyEight
2016_2016-10-09_ATL_DEN,2016,NA,2016-10-09,Regular Season,FALSE,DEN,ATL,16,23,L,ATL,7,39,FiveThirtyEight
2016_2016-10-09_LAC_LV,2016,NA,2016-10-09,Regular Season,FALSE,LV,LAC,34,31,W,LV,3,65,FiveThirtyEight
2016_2016-10-09_CIN_DAL,2016,NA,2016-10-09,Regular Season,FALSE,DAL,CIN,28,14,W,DAL,14,42,FiveThirtyEight
2016_2016-10-09_BUF_LA,2016,NA,2016-10-09,Regular Season,FALSE,LA,BUF,19,30,L,BUF,11,49,FiveThirtyEight
2016_2016-10-09_NYG_GB,2016,NA,2016-10-09,Regular Season,FALSE,GB,NYG,23,16,W,GB,7,39,FiveThirtyEight
2016_2016-10-10_TB_CAR,2016,NA,2016-10-10,Regular Season,FALSE,CAR,TB,14,17,L,TB,3,31,FiveThirtyEight
2016_2016-10-13_DEN_LAC,2016,NA,2016-10-13,Regular Season,FALSE,LAC,DEN,21,13,W,LAC,8,34,FiveThirtyEight
2016_2016-10-16_CAR_NO,2016,NA,2016-10-16,Regular Season,FALSE,NO,CAR,41,38,W,NO,3,79,FiveThirtyEight
2016_2016-10-16_SF_BUF,2016,NA,2016-10-16,Regular Season,FALSE,BUF,SF,45,16,W,BUF,29,61,FiveThirtyEight
2016_2016-10-16_LA_DET,2016,NA,2016-10-16,Regular Season,FALSE,DET,LA,31,28,W,DET,3,59,FiveThirtyEight
2016_2016-10-16_CLE_TEN,2016,NA,2016-10-16,Regular Season,FALSE,TEN,CLE,28,26,W,TEN,2,54,FiveThirtyEight
2016_2016-10-16_JAX_CHI,2016,NA,2016-10-16,Regular Season,FALSE,CHI,JAX,16,17,L,JAX,1,33,FiveThirtyEight
2016_2016-10-16_PHI_WAS,2016,NA,2016-10-16,Regular Season,FALSE,WAS,PHI,27,20,W,WAS,7,47,FiveThirtyEight
2016_2016-10-16_BAL_NYG,2016,NA,2016-10-16,Regular Season,FALSE,NYG,BAL,27,23,W,NYG,4,50,FiveThirtyEight
2016_2016-10-16_PIT_MIA,2016,NA,2016-10-16,Regular Season,FALSE,MIA,PIT,30,15,W,MIA,15,45,FiveThirtyEight
2016_2016-10-16_CIN_NE,2016,NA,2016-10-16,Regular Season,FALSE,NE,CIN,35,17,W,NE,18,52,FiveThirtyEight
2016_2016-10-16_KC_LV,2016,NA,2016-10-16,Regular Season,FALSE,LV,KC,10,26,L,KC,16,36,FiveThirtyEight
2016_2016-10-16_ATL_SEA,2016,NA,2016-10-16,Regular Season,FALSE,SEA,ATL,26,24,W,SEA,2,50,FiveThirtyEight
2016_2016-10-16_DAL_GB,2016,NA,2016-10-16,Regular Season,FALSE,GB,DAL,16,30,L,DAL,14,46,FiveThirtyEight
2016_2016-10-16_IND_HOU,2016,NA,2016-10-16,Regular Season,FALSE,HOU,IND,26,23,W,HOU,3,49,FiveThirtyEight
2016_2016-10-17_NYJ_ARI,2016,NA,2016-10-17,Regular Season,FALSE,ARI,NYJ,28,3,W,ARI,25,31,FiveThirtyEight
2016_2016-10-20_CHI_GB,2016,NA,2016-10-20,Regular Season,FALSE,GB,CHI,26,10,W,GB,16,36,FiveThirtyEight
2016_2016-10-23_NYG_LA,2016,NA,2016-10-23,Regular Season,TRUE,LA,NYG,10,17,L,NYG,7,27,FiveThirtyEight
2016_2016-10-23_MIN_PHI,2016,NA,2016-10-23,Regular Season,FALSE,PHI,MIN,21,10,W,PHI,11,31,FiveThirtyEight
2016_2016-10-23_BUF_MIA,2016,NA,2016-10-23,Regular Season,FALSE,MIA,BUF,28,25,W,MIA,3,53,FiveThirtyEight
2016_2016-10-23_IND_TEN,2016,NA,2016-10-23,Regular Season,FALSE,TEN,IND,26,34,L,IND,8,60,FiveThirtyEight
2016_2016-10-23_CLE_CIN,2016,NA,2016-10-23,Regular Season,FALSE,CIN,CLE,31,17,W,CIN,14,48,FiveThirtyEight
2016_2016-10-23_WAS_DET,2016,NA,2016-10-23,Regular Season,FALSE,DET,WAS,20,17,W,DET,3,37,FiveThirtyEight
2016_2016-10-23_NO_KC,2016,NA,2016-10-23,Regular Season,FALSE,KC,NO,27,21,W,KC,6,48,FiveThirtyEight
2016_2016-10-23_LV_JAX,2016,NA,2016-10-23,Regular Season,FALSE,JAX,LV,16,33,L,LV,17,49,FiveThirtyEight
2016_2016-10-23_BAL_NYJ,2016,NA,2016-10-23,Regular Season,FALSE,NYJ,BAL,24,16,W,NYJ,8,40,FiveThirtyEight
2016_2016-10-23_LAC_ATL,2016,NA,2016-10-23,Regular Season,FALSE,ATL,LAC,30,33,L,LAC,3,63,FiveThirtyEight
2016_2016-10-23_TB_SF,2016,NA,2016-10-23,Regular Season,FALSE,SF,TB,17,34,L,TB,17,51,FiveThirtyEight
2016_2016-10-23_NE_PIT,2016,NA,2016-10-23,Regular Season,FALSE,PIT,NE,16,27,L,NE,11,43,FiveThirtyEight
2016_2016-10-23_SEA_ARI,2016,NA,2016-10-23,Regular Season,FALSE,ARI,SEA,6,6,T,Tie,0,12,FiveThirtyEight
2016_2016-10-24_HOU_DEN,2016,NA,2016-10-24,Regular Season,FALSE,DEN,HOU,27,9,W,DEN,18,36,FiveThirtyEight
2016_2016-10-27_JAX_TEN,2016,NA,2016-10-27,Regular Season,FALSE,TEN,JAX,36,22,W,TEN,14,58,FiveThirtyEight
2016_2016-10-30_WAS_CIN,2016,NA,2016-10-30,Regular Season,TRUE,CIN,WAS,27,27,T,Tie,0,54,FiveThirtyEight
2016_2016-10-30_ARI_CAR,2016,NA,2016-10-30,Regular Season,FALSE,CAR,ARI,30,20,W,CAR,10,50,FiveThirtyEight
2016_2016-10-30_DET_HOU,2016,NA,2016-10-30,Regular Season,FALSE,HOU,DET,20,13,W,HOU,7,33,FiveThirtyEight
2016_2016-10-30_KC_IND,2016,NA,2016-10-30,Regular Season,FALSE,IND,KC,14,30,L,KC,16,44,FiveThirtyEight
2016_2016-10-30_NE_BUF,2016,NA,2016-10-30,Regular Season,FALSE,BUF,NE,25,41,L,NE,16,66,FiveThirtyEight
2016_2016-10-30_LV_TB,2016,NA,2016-10-30,Regular Season,FALSE,TB,LV,24,30,L,LV,6,54,FiveThirtyEight
2016_2016-10-30_SEA_NO,2016,NA,2016-10-30,Regular Season,FALSE,NO,SEA,25,20,W,NO,5,45,FiveThirtyEight
2016_2016-10-30_NYJ_CLE,2016,NA,2016-10-30,Regular Season,FALSE,CLE,NYJ,28,31,L,NYJ,3,59,FiveThirtyEight
2016_2016-10-30_LAC_DEN,2016,NA,2016-10-30,Regular Season,FALSE,DEN,LAC,27,19,W,DEN,8,46,FiveThirtyEight
2016_2016-10-30_GB_ATL,2016,NA,2016-10-30,Regular Season,FALSE,ATL,GB,33,32,W,ATL,1,65,FiveThirtyEight
2016_2016-10-30_PHI_DAL,2016,NA,2016-10-30,Regular Season,FALSE,DAL,PHI,29,23,W,DAL,6,52,FiveThirtyEight
2016_2016-10-31_MIN_CHI,2016,NA,2016-10-31,Regular Season,FALSE,CHI,MIN,20,10,W,CHI,10,30,FiveThirtyEight
2016_2016-11-03_ATL_TB,2016,NA,2016-11-03,Regular Season,FALSE,TB,ATL,28,43,L,ATL,15,71,FiveThirtyEight
2016_2016-11-06_PIT_BAL,2016,NA,2016-11-06,Regular Season,FALSE,BAL,PIT,21,14,W,BAL,7,35,FiveThirtyEight
2016_2016-11-06_JAX_KC,2016,NA,2016-11-06,Regular Season,FALSE,KC,JAX,19,14,W,KC,5,33,FiveThirtyEight
2016_2016-11-06_NYJ_MIA,2016,NA,2016-11-06,Regular Season,FALSE,MIA,NYJ,27,23,W,MIA,4,50,FiveThirtyEight
2016_2016-11-06_DET_MIN,2016,NA,2016-11-06,Regular Season,FALSE,MIN,DET,16,22,L,DET,6,38,FiveThirtyEight
2016_2016-11-06_DAL_CLE,2016,NA,2016-11-06,Regular Season,FALSE,CLE,DAL,10,35,L,DAL,25,45,FiveThirtyEight
2016_2016-11-06_PHI_NYG,2016,NA,2016-11-06,Regular Season,FALSE,NYG,PHI,28,23,W,NYG,5,51,FiveThirtyEight
2016_2016-11-06_NO_SF,2016,NA,2016-11-06,Regular Season,FALSE,SF,NO,23,41,L,NO,18,64,FiveThirtyEight
2016_2016-11-06_CAR_LA,2016,NA,2016-11-06,Regular Season,FALSE,LA,CAR,10,13,L,CAR,3,23,FiveThirtyEight
2016_2016-11-06_IND_GB,2016,NA,2016-11-06,Regular Season,FALSE,GB,IND,26,31,L,IND,5,57,FiveThirtyEight
2016_2016-11-06_TEN_LAC,2016,NA,2016-11-06,Regular Season,FALSE,LAC,TEN,43,35,W,LAC,8,78,FiveThirtyEight
2016_2016-11-06_DEN_LV,2016,NA,2016-11-06,Regular Season,FALSE,LV,DEN,30,20,W,LV,10,50,FiveThirtyEight
2016_2016-11-07_BUF_SEA,2016,NA,2016-11-07,Regular Season,FALSE,SEA,BUF,31,25,W,SEA,6,56,FiveThirtyEight
2016_2016-11-10_CLE_BAL,2016,NA,2016-11-10,Regular Season,FALSE,BAL,CLE,28,7,W,BAL,21,35,FiveThirtyEight
2016_2016-11-13_DEN_NO,2016,NA,2016-11-13,Regular Season,FALSE,NO,DEN,23,25,L,DEN,2,48,FiveThirtyEight
2016_2016-11-13_LA_NYJ,2016,NA,2016-11-13,Regular Season,FALSE,NYJ,LA,6,9,L,LA,3,15,FiveThirtyEight
2016_2016-11-13_GB_TEN,2016,NA,2016-11-13,Regular Season,FALSE,TEN,GB,47,25,W,TEN,22,72,FiveThirtyEight
2016_2016-11-13_ATL_PHI,2016,NA,2016-11-13,Regular Season,FALSE,PHI,ATL,24,15,W,PHI,9,39,FiveThirtyEight
2016_2016-11-13_CHI_TB,2016,NA,2016-11-13,Regular Season,FALSE,TB,CHI,36,10,W,TB,26,46,FiveThirtyEight
2016_2016-11-13_MIN_WAS,2016,NA,2016-11-13,Regular Season,FALSE,WAS,MIN,26,20,W,WAS,6,46,FiveThirtyEight
2016_2016-11-13_HOU_JAX,2016,NA,2016-11-13,Regular Season,FALSE,JAX,HOU,21,24,L,HOU,3,45,FiveThirtyEight
2016_2016-11-13_KC_CAR,2016,NA,2016-11-13,Regular Season,FALSE,CAR,KC,17,20,L,KC,3,37,FiveThirtyEight
2016_2016-11-13_MIA_LAC,2016,NA,2016-11-13,Regular Season,FALSE,LAC,MIA,24,31,L,MIA,7,55,FiveThirtyEight
2016_2016-11-13_SF_ARI,2016,NA,2016-11-13,Regular Season,FALSE,ARI,SF,23,20,W,ARI,3,43,FiveThirtyEight
2016_2016-11-13_DAL_PIT,2016,NA,2016-11-13,Regular Season,FALSE,PIT,DAL,30,35,L,DAL,5,65,FiveThirtyEight
2016_2016-11-13_SEA_NE,2016,NA,2016-11-13,Regular Season,FALSE,NE,SEA,24,31,L,SEA,7,55,FiveThirtyEight
2016_2016-11-14_CIN_NYG,2016,NA,2016-11-14,Regular Season,FALSE,NYG,CIN,21,20,W,NYG,1,41,FiveThirtyEight
2016_2016-11-17_NO_CAR,2016,NA,2016-11-17,Regular Season,FALSE,CAR,NO,23,20,W,CAR,3,43,FiveThirtyEight
2016_2016-11-20_PIT_CLE,2016,NA,2016-11-20,Regular Season,FALSE,CLE,PIT,9,24,L,PIT,15,33,FiveThirtyEight
2016_2016-11-20_BAL_DAL,2016,NA,2016-11-20,Regular Season,FALSE,DAL,BAL,27,17,W,DAL,10,44,FiveThirtyEight
2016_2016-11-20_TB_KC,2016,NA,2016-11-20,Regular Season,FALSE,KC,TB,17,19,L,TB,2,36,FiveThirtyEight
2016_2016-11-20_CHI_NYG,2016,NA,2016-11-20,Regular Season,FALSE,NYG,CHI,22,16,W,NYG,6,38,FiveThirtyEight
2016_2016-11-20_BUF_CIN,2016,NA,2016-11-20,Regular Season,FALSE,CIN,BUF,12,16,L,BUF,4,28,FiveThirtyEight
2016_2016-11-20_JAX_DET,2016,NA,2016-11-20,Regular Season,FALSE,DET,JAX,26,19,W,DET,7,45,FiveThirtyEight
2016_2016-11-20_ARI_MIN,2016,NA,2016-11-20,Regular Season,FALSE,MIN,ARI,30,24,W,MIN,6,54,FiveThirtyEight
2016_2016-11-20_TEN_IND,2016,NA,2016-11-20,Regular Season,FALSE,IND,TEN,24,17,W,IND,7,41,FiveThirtyEight
2016_2016-11-20_MIA_LA,2016,NA,2016-11-20,Regular Season,FALSE,LA,MIA,10,14,L,MIA,4,24,FiveThirtyEight
2016_2016-11-20_PHI_SEA,2016,NA,2016-11-20,Regular Season,FALSE,SEA,PHI,26,15,W,SEA,11,41,FiveThirtyEight
2016_2016-11-20_NE_SF,2016,NA,2016-11-20,Regular Season,FALSE,SF,NE,17,30,L,NE,13,47,FiveThirtyEight
2016_2016-11-20_GB_WAS,2016,NA,2016-11-20,Regular Season,FALSE,WAS,GB,42,24,W,WAS,18,66,FiveThirtyEight
2016_2016-11-21_HOU_LV,2016,NA,2016-11-21,Regular Season,TRUE,LV,HOU,27,20,W,LV,7,47,FiveThirtyEight
2016_2016-11-24_MIN_DET,2016,NA,2016-11-24,Regular Season,FALSE,DET,MIN,16,13,W,DET,3,29,FiveThirtyEight
2016_2016-11-24_WAS_DAL,2016,NA,2016-11-24,Regular Season,FALSE,DAL,WAS,31,26,W,DAL,5,57,FiveThirtyEight
2016_2016-11-24_PIT_IND,2016,NA,2016-11-24,Regular Season,FALSE,IND,PIT,7,28,L,PIT,21,35,FiveThirtyEight
2016_2016-11-27_SF_MIA,2016,NA,2016-11-27,Regular Season,FALSE,MIA,SF,31,24,W,MIA,7,55,FiveThirtyEight
2016_2016-11-27_ARI_ATL,2016,NA,2016-11-27,Regular Season,FALSE,ATL,ARI,38,19,W,ATL,19,57,FiveThirtyEight
2016_2016-11-27_TEN_CHI,2016,NA,2016-11-27,Regular Season,FALSE,CHI,TEN,21,27,L,TEN,6,48,FiveThirtyEight
2016_2016-11-27_LA_NO,2016,NA,2016-11-27,Regular Season,FALSE,NO,LA,49,21,W,NO,28,70,FiveThirtyEight
2016_2016-11-27_LAC_HOU,2016,NA,2016-11-27,Regular Season,FALSE,HOU,LAC,13,21,L,LAC,8,34,FiveThirtyEight
2016_2016-11-27_CIN_BAL,2016,NA,2016-11-27,Regular Season,FALSE,BAL,CIN,19,14,W,BAL,5,33,FiveThirtyEight
2016_2016-11-27_NYG_CLE,2016,NA,2016-11-27,Regular Season,FALSE,CLE,NYG,13,27,L,NYG,14,40,FiveThirtyEight
2016_2016-11-27_JAX_BUF,2016,NA,2016-11-27,Regular Season,FALSE,BUF,JAX,28,21,W,BUF,7,49,FiveThirtyEight
2016_2016-11-27_SEA_TB,2016,NA,2016-11-27,Regular Season,FALSE,TB,SEA,14,5,W,TB,9,19,FiveThirtyEight
2016_2016-11-27_CAR_LV,2016,NA,2016-11-27,Regular Season,FALSE,LV,CAR,35,32,W,LV,3,67,FiveThirtyEight
2016_2016-11-27_NE_NYJ,2016,NA,2016-11-27,Regular Season,FALSE,NYJ,NE,17,22,L,NE,5,39,FiveThirtyEight
2016_2016-11-27_KC_DEN,2016,NA,2016-11-27,Regular Season,FALSE,DEN,KC,27,30,L,KC,3,57,FiveThirtyEight
2016_2016-11-28_GB_PHI,2016,NA,2016-11-28,Regular Season,FALSE,PHI,GB,13,27,L,GB,14,40,FiveThirtyEight
2016_2016-12-01_DAL_MIN,2016,NA,2016-12-01,Regular Season,FALSE,MIN,DAL,15,17,L,DAL,2,32,FiveThirtyEight
2016_2016-12-04_PHI_CIN,2016,NA,2016-12-04,Regular Season,FALSE,CIN,PHI,32,14,W,CIN,18,46,FiveThirtyEight
2016_2016-12-04_SF_CHI,2016,NA,2016-12-04,Regular Season,FALSE,CHI,SF,26,6,W,CHI,20,32,FiveThirtyEight
2016_2016-12-04_MIA_BAL,2016,NA,2016-12-04,Regular Season,FALSE,BAL,MIA,38,6,W,BAL,32,44,FiveThirtyEight
2016_2016-12-04_HOU_GB,2016,NA,2016-12-04,Regular Season,FALSE,GB,HOU,21,13,W,GB,8,34,FiveThirtyEight
2016_2016-12-04_DET_NO,2016,NA,2016-12-04,Regular Season,FALSE,NO,DET,13,28,L,DET,15,41,FiveThirtyEight
2016_2016-12-04_LA_NE,2016,NA,2016-12-04,Regular Season,FALSE,NE,LA,26,10,W,NE,16,36,FiveThirtyEight
2016_2016-12-04_KC_ATL,2016,NA,2016-12-04,Regular Season,FALSE,ATL,KC,28,29,L,KC,1,57,FiveThirtyEight
2016_2016-12-04_DEN_JAX,2016,NA,2016-12-04,Regular Season,FALSE,JAX,DEN,10,20,L,DEN,10,30,FiveThirtyEight
2016_2016-12-04_BUF_LV,2016,NA,2016-12-04,Regular Season,FALSE,LV,BUF,38,24,W,LV,14,62,FiveThirtyEight
2016_2016-12-04_TB_LAC,2016,NA,2016-12-04,Regular Season,FALSE,LAC,TB,21,28,L,TB,7,49,FiveThirtyEight
2016_2016-12-04_WAS_ARI,2016,NA,2016-12-04,Regular Season,FALSE,ARI,WAS,31,23,W,ARI,8,54,FiveThirtyEight
2016_2016-12-04_NYG_PIT,2016,NA,2016-12-04,Regular Season,FALSE,PIT,NYG,24,14,W,PIT,10,38,FiveThirtyEight
2016_2016-12-04_CAR_SEA,2016,NA,2016-12-04,Regular Season,FALSE,SEA,CAR,40,7,W,SEA,33,47,FiveThirtyEight
2016_2016-12-05_IND_NYJ,2016,NA,2016-12-05,Regular Season,FALSE,NYJ,IND,10,41,L,IND,31,51,FiveThirtyEight
2016_2016-12-08_LV_KC,2016,NA,2016-12-08,Regular Season,FALSE,KC,LV,21,13,W,KC,8,34,FiveThirtyEight
2016_2016-12-11_HOU_IND,2016,NA,2016-12-11,Regular Season,FALSE,IND,HOU,17,22,L,HOU,5,39,FiveThirtyEight
2016_2016-12-11_DEN_TEN,2016,NA,2016-12-11,Regular Season,FALSE,TEN,DEN,13,10,W,TEN,3,23,FiveThirtyEight
2016_2016-12-11_LAC_CAR,2016,NA,2016-12-11,Regular Season,FALSE,CAR,LAC,28,16,W,CAR,12,44,FiveThirtyEight
2016_2016-12-11_MIN_JAX,2016,NA,2016-12-11,Regular Season,FALSE,JAX,MIN,16,25,L,MIN,9,41,FiveThirtyEight
2016_2016-12-11_WAS_PHI,2016,NA,2016-12-11,Regular Season,FALSE,PHI,WAS,22,27,L,WAS,5,49,FiveThirtyEight
2016_2016-12-11_PIT_BUF,2016,NA,2016-12-11,Regular Season,FALSE,BUF,PIT,20,27,L,PIT,7,47,FiveThirtyEight
2016_2016-12-11_CIN_CLE,2016,NA,2016-12-11,Regular Season,FALSE,CLE,CIN,10,23,L,CIN,13,33,FiveThirtyEight
2016_2016-12-11_ARI_MIA,2016,NA,2016-12-11,Regular Season,FALSE,MIA,ARI,26,23,W,MIA,3,49,FiveThirtyEight
2016_2016-12-11_CHI_DET,2016,NA,2016-12-11,Regular Season,FALSE,DET,CHI,20,17,W,DET,3,37,FiveThirtyEight
2016_2016-12-11_NYJ_SF,2016,NA,2016-12-11,Regular Season,FALSE,SF,NYJ,17,23,L,NYJ,6,40,FiveThirtyEight
2016_2016-12-11_NO_TB,2016,NA,2016-12-11,Regular Season,FALSE,TB,NO,16,11,W,TB,5,27,FiveThirtyEight
2016_2016-12-11_SEA_GB,2016,NA,2016-12-11,Regular Season,FALSE,GB,SEA,38,10,W,GB,28,48,FiveThirtyEight
2016_2016-12-11_ATL_LA,2016,NA,2016-12-11,Regular Season,FALSE,LA,ATL,14,42,L,ATL,28,56,FiveThirtyEight
2016_2016-12-11_DAL_NYG,2016,NA,2016-12-11,Regular Season,FALSE,NYG,DAL,10,7,W,NYG,3,17,FiveThirtyEight
2016_2016-12-12_BAL_NE,2016,NA,2016-12-12,Regular Season,FALSE,NE,BAL,30,23,W,NE,7,53,FiveThirtyEight
2016_2016-12-15_LA_SEA,2016,NA,2016-12-15,Regular Season,FALSE,SEA,LA,24,3,W,SEA,21,27,FiveThirtyEight
2016_2016-12-17_MIA_NYJ,2016,NA,2016-12-17,Regular Season,FALSE,NYJ,MIA,13,34,L,MIA,21,47,FiveThirtyEight
2016_2016-12-18_PIT_CIN,2016,NA,2016-12-18,Regular Season,FALSE,CIN,PIT,20,24,L,PIT,4,44,FiveThirtyEight
2016_2016-12-18_IND_MIN,2016,NA,2016-12-18,Regular Season,FALSE,MIN,IND,6,34,L,IND,28,40,FiveThirtyEight
2016_2016-12-18_DET_NYG,2016,NA,2016-12-18,Regular Season,FALSE,NYG,DET,17,6,W,NYG,11,23,FiveThirtyEight
2016_2016-12-18_TEN_KC,2016,NA,2016-12-18,Regular Season,FALSE,KC,TEN,17,19,L,TEN,2,36,FiveThirtyEight
2016_2016-12-18_JAX_HOU,2016,NA,2016-12-18,Regular Season,FALSE,HOU,JAX,21,20,W,HOU,1,41,FiveThirtyEight
2016_2016-12-18_CLE_BUF,2016,NA,2016-12-18,Regular Season,FALSE,BUF,CLE,33,13,W,BUF,20,46,FiveThirtyEight
2016_2016-12-18_PHI_BAL,2016,NA,2016-12-18,Regular Season,FALSE,BAL,PHI,27,26,W,BAL,1,53,FiveThirtyEight
2016_2016-12-18_GB_CHI,2016,NA,2016-12-18,Regular Season,FALSE,CHI,GB,27,30,L,GB,3,57,FiveThirtyEight
2016_2016-12-18_SF_ATL,2016,NA,2016-12-18,Regular Season,FALSE,ATL,SF,41,13,W,ATL,28,54,FiveThirtyEight
2016_2016-12-18_NO_ARI,2016,NA,2016-12-18,Regular Season,FALSE,ARI,NO,41,48,L,NO,7,89,FiveThirtyEight
2016_2016-12-18_NE_DEN,2016,NA,2016-12-18,Regular Season,FALSE,DEN,NE,3,16,L,NE,13,19,FiveThirtyEight
2016_2016-12-18_LV_LAC,2016,NA,2016-12-18,Regular Season,FALSE,LAC,LV,16,19,L,LV,3,35,FiveThirtyEight
2016_2016-12-18_TB_DAL,2016,NA,2016-12-18,Regular Season,FALSE,DAL,TB,26,20,W,DAL,6,46,FiveThirtyEight
2016_2016-12-19_CAR_WAS,2016,NA,2016-12-19,Regular Season,FALSE,WAS,CAR,15,26,L,CAR,11,41,FiveThirtyEight
2016_2016-12-22_NYG_PHI,2016,NA,2016-12-22,Regular Season,FALSE,PHI,NYG,24,19,W,PHI,5,43,FiveThirtyEight
2016_2016-12-24_WAS_CHI,2016,NA,2016-12-24,Regular Season,FALSE,CHI,WAS,21,41,L,WAS,20,62,FiveThirtyEight
2016_2016-12-24_NYJ_NE,2016,NA,2016-12-24,Regular Season,FALSE,NE,NYJ,41,3,W,NE,38,44,FiveThirtyEight
2016_2016-12-24_TEN_JAX,2016,NA,2016-12-24,Regular Season,FALSE,JAX,TEN,38,17,W,JAX,21,55,FiveThirtyEight
2016_2016-12-24_ATL_CAR,2016,NA,2016-12-24,Regular Season,FALSE,CAR,ATL,16,33,L,ATL,17,49,FiveThirtyEight
2016_2016-12-24_MIN_GB,2016,NA,2016-12-24,Regular Season,FALSE,GB,MIN,38,25,W,GB,13,63,FiveThirtyEight
2016_2016-12-24_MIA_BUF,2016,NA,2016-12-24,Regular Season,FALSE,BUF,MIA,31,34,L,MIA,3,65,FiveThirtyEight
2016_2016-12-24_LAC_CLE,2016,NA,2016-12-24,Regular Season,FALSE,CLE,LAC,20,17,W,CLE,3,37,FiveThirtyEight
2016_2016-12-24_IND_LV,2016,NA,2016-12-24,Regular Season,FALSE,LV,IND,33,25,W,LV,8,58,FiveThirtyEight
2016_2016-12-24_TB_NO,2016,NA,2016-12-24,Regular Season,FALSE,NO,TB,31,24,W,NO,7,55,FiveThirtyEight
2016_2016-12-24_SF_LA,2016,NA,2016-12-24,Regular Season,FALSE,LA,SF,21,22,L,SF,1,43,FiveThirtyEight
2016_2016-12-24_ARI_SEA,2016,NA,2016-12-24,Regular Season,FALSE,SEA,ARI,31,34,L,ARI,3,65,FiveThirtyEight
2016_2016-12-24_CIN_HOU,2016,NA,2016-12-24,Regular Season,FALSE,HOU,CIN,12,10,W,HOU,2,22,FiveThirtyEight
2016_2016-12-25_BAL_PIT,2016,NA,2016-12-25,Regular Season,FALSE,PIT,BAL,31,27,W,PIT,4,58,FiveThirtyEight
2016_2016-12-25_DEN_KC,2016,NA,2016-12-25,Regular Season,FALSE,KC,DEN,33,10,W,KC,23,43,FiveThirtyEight
2016_2016-12-26_DET_DAL,2016,NA,2016-12-26,Regular Season,FALSE,DAL,DET,42,21,W,DAL,21,63,FiveThirtyEight
2016_2017-01-01_NE_MIA,2016,NA,2017-01-01,Regular Season,FALSE,MIA,NE,14,35,L,NE,21,49,FiveThirtyEight
2016_2017-01-01_BAL_CIN,2016,NA,2017-01-01,Regular Season,FALSE,CIN,BAL,27,10,W,CIN,17,37,FiveThirtyEight
2016_2017-01-01_JAX_IND,2016,NA,2017-01-01,Regular Season,FALSE,IND,JAX,24,20,W,IND,4,44,FiveThirtyEight
2016_2017-01-01_CHI_MIN,2016,NA,2017-01-01,Regular Season,FALSE,MIN,CHI,38,10,W,MIN,28,48,FiveThirtyEight
2016_2017-01-01_HOU_TEN,2016,NA,2017-01-01,Regular Season,FALSE,TEN,HOU,24,17,W,TEN,7,41,FiveThirtyEight
2016_2017-01-01_CAR_TB,2016,NA,2017-01-01,Regular Season,FALSE,TB,CAR,17,16,W,TB,1,33,FiveThirtyEight
2016_2017-01-01_CLE_PIT,2016,NA,2017-01-01,Regular Season,FALSE,PIT,CLE,27,24,W,PIT,3,51,FiveThirtyEight
2016_2017-01-01_DAL_PHI,2016,NA,2017-01-01,Regular Season,FALSE,PHI,DAL,27,13,W,PHI,14,40,FiveThirtyEight
2016_2017-01-01_BUF_NYJ,2016,NA,2017-01-01,Regular Season,FALSE,NYJ,BUF,30,10,W,NYJ,20,40,FiveThirtyEight
2016_2017-01-01_SEA_SF,2016,NA,2017-01-01,Regular Season,FALSE,SF,SEA,23,25,L,SEA,2,48,FiveThirtyEight
2016_2017-01-01_NYG_WAS,2016,NA,2017-01-01,Regular Season,FALSE,WAS,NYG,10,19,L,NYG,9,29,FiveThirtyEight
2016_2017-01-01_LV_DEN,2016,NA,2017-01-01,Regular Season,FALSE,DEN,LV,24,6,W,DEN,18,30,FiveThirtyEight
2016_2017-01-01_NO_ATL,2016,NA,2017-01-01,Regular Season,FALSE,ATL,NO,38,32,W,ATL,6,70,FiveThirtyEight
2016_2017-01-01_KC_LAC,2016,NA,2017-01-01,Regular Season,FALSE,LAC,KC,27,37,L,KC,10,64,FiveThirtyEight
2016_2017-01-01_ARI_LA,2016,NA,2017-01-01,Regular Season,FALSE,LA,ARI,6,44,L,ARI,38,50,FiveThirtyEight
2016_2017-01-01_GB_DET,2016,NA,2017-01-01,Regular Season,FALSE,DET,GB,24,31,L,GB,7,55,FiveThirtyEight
2017_2017-09-07_KC_NE,2017,NA,2017-09-07,Regular Season,FALSE,NE,KC,27,42,L,KC,15,69,FiveThirtyEight
2017_2017-09-10_ARI_DET,2017,NA,2017-09-10,Regular Season,FALSE,DET,ARI,35,23,W,DET,12,58,FiveThirtyEight
2017_2017-09-10_PIT_CLE,2017,NA,2017-09-10,Regular Season,FALSE,CLE,PIT,18,21,L,PIT,3,39,FiveThirtyEight
2017_2017-09-10_ATL_CHI,2017,NA,2017-09-10,Regular Season,FALSE,CHI,ATL,17,23,L,ATL,6,40,FiveThirtyEight
2017_2017-09-10_BAL_CIN,2017,NA,2017-09-10,Regular Season,FALSE,CIN,BAL,0,20,L,BAL,20,20,FiveThirtyEight
2017_2017-09-10_NYJ_BUF,2017,NA,2017-09-10,Regular Season,FALSE,BUF,NYJ,21,12,W,BUF,9,33,FiveThirtyEight
2017_2017-09-10_LV_TEN,2017,NA,2017-09-10,Regular Season,FALSE,TEN,LV,16,26,L,LV,10,42,FiveThirtyEight
2017_2017-09-10_JAX_HOU,2017,NA,2017-09-10,Regular Season,FALSE,HOU,JAX,7,29,L,JAX,22,36,FiveThirtyEight
2017_2017-09-10_PHI_WAS,2017,NA,2017-09-10,Regular Season,FALSE,WAS,PHI,17,30,L,PHI,13,47,FiveThirtyEight
2017_2017-09-10_IND_LA,2017,NA,2017-09-10,Regular Season,FALSE,LA,IND,46,9,W,LA,37,55,FiveThirtyEight
2017_2017-09-10_SEA_GB,2017,NA,2017-09-10,Regular Season,FALSE,GB,SEA,17,9,W,GB,8,26,FiveThirtyEight
2017_2017-09-10_CAR_SF,2017,NA,2017-09-10,Regular Season,FALSE,SF,CAR,3,23,L,CAR,20,26,FiveThirtyEight
2017_2017-09-10_NYG_DAL,2017,NA,2017-09-10,Regular Season,FALSE,DAL,NYG,19,3,W,DAL,16,22,FiveThirtyEight
2017_2017-09-11_NO_MIN,2017,NA,2017-09-11,Regular Season,FALSE,MIN,NO,29,19,W,MIN,10,48,FiveThirtyEight
2017_2017-09-11_LAC_DEN,2017,NA,2017-09-11,Regular Season,FALSE,DEN,LAC,24,21,W,DEN,3,45,FiveThirtyEight
2017_2017-09-14_HOU_CIN,2017,NA,2017-09-14,Regular Season,FALSE,CIN,HOU,9,13,L,HOU,4,22,FiveThirtyEight
2017_2017-09-17_BUF_CAR,2017,NA,2017-09-17,Regular Season,FALSE,CAR,BUF,9,3,W,CAR,6,12,FiveThirtyEight
2017_2017-09-17_NE_NO,2017,NA,2017-09-17,Regular Season,FALSE,NO,NE,20,36,L,NE,16,56,FiveThirtyEight
2017_2017-09-17_TEN_JAX,2017,NA,2017-09-17,Regular Season,FALSE,JAX,TEN,16,37,L,TEN,21,53,FiveThirtyEight
2017_2017-09-17_MIN_PIT,2017,NA,2017-09-17,Regular Season,FALSE,PIT,MIN,26,9,W,PIT,17,35,FiveThirtyEight
2017_2017-09-17_CLE_BAL,2017,NA,2017-09-17,Regular Season,FALSE,BAL,CLE,24,10,W,BAL,14,34,FiveThirtyEight
2017_2017-09-17_ARI_IND,2017,NA,2017-09-17,Regular Season,FALSE,IND,ARI,13,16,L,ARI,3,29,FiveThirtyEight
2017_2017-09-17_PHI_KC,2017,NA,2017-09-17,Regular Season,FALSE,KC,PHI,27,20,W,KC,7,47,FiveThirtyEight
2017_2017-09-17_CHI_TB,2017,NA,2017-09-17,Regular Season,FALSE,TB,CHI,29,7,W,TB,22,36,FiveThirtyEight
2017_2017-09-17_NYJ_LV,2017,NA,2017-09-17,Regular Season,FALSE,LV,NYJ,45,20,W,LV,25,65,FiveThirtyEight
2017_2017-09-17_MIA_LAC,2017,NA,2017-09-17,Regular Season,FALSE,LAC,MIA,17,19,L,MIA,2,36,FiveThirtyEight
2017_2017-09-17_WAS_LA,2017,NA,2017-09-17,Regular Season,FALSE,LA,WAS,20,27,L,WAS,7,47,FiveThirtyEight
2017_2017-09-17_SF_SEA,2017,NA,2017-09-17,Regular Season,FALSE,SEA,SF,12,9,W,SEA,3,21,FiveThirtyEight
2017_2017-09-17_DAL_DEN,2017,NA,2017-09-17,Regular Season,FALSE,DEN,DAL,42,17,W,DEN,25,59,FiveThirtyEight
2017_2017-09-17_GB_ATL,2017,NA,2017-09-17,Regular Season,FALSE,ATL,GB,34,23,W,ATL,11,57,FiveThirtyEight
2017_2017-09-18_DET_NYG,2017,NA,2017-09-18,Regular Season,FALSE,NYG,DET,10,24,L,DET,14,34,FiveThirtyEight
2017_2017-09-21_LA_SF,2017,NA,2017-09-21,Regular Season,FALSE,SF,LA,39,41,L,LA,2,80,FiveThirtyEight
2017_2017-09-24_BAL_JAX,2017,NA,2017-09-24,Regular Season,TRUE,JAX,BAL,44,7,W,JAX,37,51,FiveThirtyEight
2017_2017-09-24_MIA_NYJ,2017,NA,2017-09-24,Regular Season,FALSE,NYJ,MIA,20,6,W,NYJ,14,26,FiveThirtyEight
2017_2017-09-24_TB_MIN,2017,NA,2017-09-24,Regular Season,FALSE,MIN,TB,34,17,W,MIN,17,51,FiveThirtyEight
2017_2017-09-24_CLE_IND,2017,NA,2017-09-24,Regular Season,FALSE,IND,CLE,31,28,W,IND,3,59,FiveThirtyEight
2017_2017-09-24_PIT_CHI,2017,NA,2017-09-24,Regular Season,FALSE,CHI,PIT,23,17,W,CHI,6,40,FiveThirtyEight
2017_2017-09-24_NO_CAR,2017,NA,2017-09-24,Regular Season,FALSE,CAR,NO,13,34,L,NO,21,47,FiveThirtyEight
2017_2017-09-24_DEN_BUF,2017,NA,2017-09-24,Regular Season,FALSE,BUF,DEN,26,16,W,BUF,10,42,FiveThirtyEight
2017_2017-09-24_HOU_NE,2017,NA,2017-09-24,Regular Season,FALSE,NE,HOU,36,33,W,NE,3,69,FiveThirtyEight
2017_2017-09-24_ATL_DET,2017,NA,2017-09-24,Regular Season,FALSE,DET,ATL,26,30,L,ATL,4,56,FiveThirtyEight
2017_2017-09-24_NYG_PHI,2017,NA,2017-09-24,Regular Season,FALSE,PHI,NYG,27,24,W,PHI,3,51,FiveThirtyEight
2017_2017-09-24_SEA_TEN,2017,NA,2017-09-24,Regular Season,FALSE,TEN,SEA,33,27,W,TEN,6,60,FiveThirtyEight
2017_2017-09-24_KC_LAC,2017,NA,2017-09-24,Regular Season,FALSE,LAC,KC,10,24,L,KC,14,34,FiveThirtyEight
2017_2017-09-24_CIN_GB,2017,NA,2017-09-24,Regular Season,FALSE,GB,CIN,27,24,W,GB,3,51,FiveThirtyEight
2017_2017-09-24_LV_WAS,2017,NA,2017-09-24,Regular Season,FALSE,WAS,LV,27,10,W,WAS,17,37,FiveThirtyEight
2017_2017-09-25_DAL_ARI,2017,NA,2017-09-25,Regular Season,FALSE,ARI,DAL,17,28,L,DAL,11,45,FiveThirtyEight
2017_2017-09-28_CHI_GB,2017,NA,2017-09-28,Regular Season,FALSE,GB,CHI,35,14,W,GB,21,49,FiveThirtyEight
2017_2017-10-01_NO_MIA,2017,NA,2017-10-01,Regular Season,TRUE,MIA,NO,0,20,L,NO,20,20,FiveThirtyEight
2017_2017-10-01_DET_MIN,2017,NA,2017-10-01,Regular Season,FALSE,MIN,DET,7,14,L,DET,7,21,FiveThirtyEight
2017_2017-10-01_JAX_NYJ,2017,NA,2017-10-01,Regular Season,FALSE,NYJ,JAX,23,20,W,NYJ,3,43,FiveThirtyEight
2017_2017-10-01_CAR_NE,2017,NA,2017-10-01,Regular Season,FALSE,NE,CAR,30,33,L,CAR,3,63,FiveThirtyEight
2017_2017-10-01_LA_DAL,2017,NA,2017-10-01,Regular Season,FALSE,DAL,LA,30,35,L,LA,5,65,FiveThirtyEight
2017_2017-10-01_CIN_CLE,2017,NA,2017-10-01,Regular Season,FALSE,CLE,CIN,7,31,L,CIN,24,38,FiveThirtyEight
2017_2017-10-01_PIT_BAL,2017,NA,2017-10-01,Regular Season,FALSE,BAL,PIT,9,26,L,PIT,17,35,FiveThirtyEight
2017_2017-10-01_BUF_ATL,2017,NA,2017-10-01,Regular Season,FALSE,ATL,BUF,17,23,L,BUF,6,40,FiveThirtyEight
2017_2017-10-01_TEN_HOU,2017,NA,2017-10-01,Regular Season,FALSE,HOU,TEN,57,14,W,HOU,43,71,FiveThirtyEight
2017_2017-10-01_NYG_TB,2017,NA,2017-10-01,Regular Season,FALSE,TB,NYG,25,23,W,TB,2,48,FiveThirtyEight
2017_2017-10-01_SF_ARI,2017,NA,2017-10-01,Regular Season,FALSE,ARI,SF,18,15,W,ARI,3,33,FiveThirtyEight
2017_2017-10-01_PHI_LAC,2017,NA,2017-10-01,Regular Season,FALSE,LAC,PHI,24,26,L,PHI,2,50,FiveThirtyEight
2017_2017-10-01_LV_DEN,2017,NA,2017-10-01,Regular Season,FALSE,DEN,LV,16,10,W,DEN,6,26,FiveThirtyEight
2017_2017-10-01_IND_SEA,2017,NA,2017-10-01,Regular Season,FALSE,SEA,IND,46,18,W,SEA,28,64,FiveThirtyEight
2017_2017-10-02_WAS_KC,2017,NA,2017-10-02,Regular Season,FALSE,KC,WAS,29,20,W,KC,9,49,FiveThirtyEight
2017_2017-10-05_NE_TB,2017,NA,2017-10-05,Regular Season,FALSE,TB,NE,14,19,L,NE,5,33,FiveThirtyEight
2017_2017-10-08_SF_IND,2017,NA,2017-10-08,Regular Season,FALSE,IND,SF,26,23,W,IND,3,49,FiveThirtyEight
2017_2017-10-08_TEN_MIA,2017,NA,2017-10-08,Regular Season,FALSE,MIA,TEN,16,10,W,MIA,6,26,FiveThirtyEight
2017_2017-10-08_ARI_PHI,2017,NA,2017-10-08,Regular Season,FALSE,PHI,ARI,34,7,W,PHI,27,41,FiveThirtyEight
2017_2017-10-08_LAC_NYG,2017,NA,2017-10-08,Regular Season,FALSE,NYG,LAC,22,27,L,LAC,5,49,FiveThirtyEight
2017_2017-10-08_NYJ_CLE,2017,NA,2017-10-08,Regular Season,FALSE,CLE,NYJ,14,17,L,NYJ,3,31,FiveThirtyEight
2017_2017-10-08_JAX_PIT,2017,NA,2017-10-08,Regular Season,FALSE,PIT,JAX,9,30,L,JAX,21,39,FiveThirtyEight
2017_2017-10-08_BUF_CIN,2017,NA,2017-10-08,Regular Season,FALSE,CIN,BUF,20,16,W,CIN,4,36,FiveThirtyEight
2017_2017-10-08_CAR_DET,2017,NA,2017-10-08,Regular Season,FALSE,DET,CAR,24,27,L,CAR,3,51,FiveThirtyEight
2017_2017-10-08_BAL_LV,2017,NA,2017-10-08,Regular Season,FALSE,LV,BAL,17,30,L,BAL,13,47,FiveThirtyEight
2017_2017-10-08_SEA_LA,2017,NA,2017-10-08,Regular Season,FALSE,LA,SEA,10,16,L,SEA,6,26,FiveThirtyEight
2017_2017-10-08_GB_DAL,2017,NA,2017-10-08,Regular Season,FALSE,DAL,GB,31,35,L,GB,4,66,FiveThirtyEight
2017_2017-10-08_KC_HOU,2017,NA,2017-10-08,Regular Season,FALSE,HOU,KC,34,42,L,KC,8,76,FiveThirtyEight
2017_2017-10-09_MIN_CHI,2017,NA,2017-10-09,Regular Season,FALSE,CHI,MIN,17,20,L,MIN,3,37,FiveThirtyEight
2017_2017-10-12_PHI_CAR,2017,NA,2017-10-12,Regular Season,FALSE,CAR,PHI,23,28,L,PHI,5,51,FiveThirtyEight
2017_2017-10-15_DET_NO,2017,NA,2017-10-15,Regular Season,FALSE,NO,DET,52,38,W,NO,14,90,FiveThirtyEight
2017_2017-10-15_NE_NYJ,2017,NA,2017-10-15,Regular Season,FALSE,NYJ,NE,17,24,L,NE,7,41,FiveThirtyEight
2017_2017-10-15_CLE_HOU,2017,NA,2017-10-15,Regular Season,FALSE,HOU,CLE,33,17,W,HOU,16,50,FiveThirtyEight
2017_2017-10-15_SF_WAS,2017,NA,2017-10-15,Regular Season,FALSE,WAS,SF,26,24,W,WAS,2,50,FiveThirtyEight
2017_2017-10-15_GB_MIN,2017,NA,2017-10-15,Regular Season,FALSE,MIN,GB,23,10,W,MIN,13,33,FiveThirtyEight
2017_2017-10-15_CHI_BAL,2017,NA,2017-10-15,Regular Season,FALSE,BAL,CHI,24,27,L,CHI,3,51,FiveThirtyEight
2017_2017-10-15_MIA_ATL,2017,NA,2017-10-15,Regular Season,FALSE,ATL,MIA,17,20,L,MIA,3,37,FiveThirtyEight
2017_2017-10-15_LA_JAX,2017,NA,2017-10-15,Regular Season,FALSE,JAX,LA,17,27,L,LA,10,44,FiveThirtyEight
2017_2017-10-15_TB_ARI,2017,NA,2017-10-15,Regular Season,FALSE,ARI,TB,38,33,W,ARI,5,71,FiveThirtyEight
2017_2017-10-15_LAC_LV,2017,NA,2017-10-15,Regular Season,FALSE,LV,LAC,16,17,L,LAC,1,33,FiveThirtyEight
2017_2017-10-15_PIT_KC,2017,NA,2017-10-15,Regular Season,FALSE,KC,PIT,13,19,L,PIT,6,32,FiveThirtyEight
2017_2017-10-15_NYG_DEN,2017,NA,2017-10-15,Regular Season,FALSE,DEN,NYG,10,23,L,NYG,13,33,FiveThirtyEight
2017_2017-10-16_IND_TEN,2017,NA,2017-10-16,Regular Season,FALSE,TEN,IND,36,22,W,TEN,14,58,FiveThirtyEight
2017_2017-10-19_KC_LV,2017,NA,2017-10-19,Regular Season,FALSE,LV,KC,31,30,W,LV,1,61,FiveThirtyEight
2017_2017-10-22_NYJ_MIA,2017,NA,2017-10-22,Regular Season,FALSE,MIA,NYJ,31,28,W,MIA,3,59,FiveThirtyEight
2017_2017-10-22_BAL_MIN,2017,NA,2017-10-22,Regular Season,FALSE,MIN,BAL,24,16,W,MIN,8,40,FiveThirtyEight
2017_2017-10-22_JAX_IND,2017,NA,2017-10-22,Regular Season,FALSE,IND,JAX,0,27,L,JAX,27,27,FiveThirtyEight
2017_2017-10-22_NO_GB,2017,NA,2017-10-22,Regular Season,FALSE,GB,NO,17,26,L,NO,9,43,FiveThirtyEight
2017_2017-10-22_TEN_CLE,2017,NA,2017-10-22,Regular Season,FALSE,CLE,TEN,9,12,L,TEN,3,21,FiveThirtyEight
2017_2017-10-22_TB_BUF,2017,NA,2017-10-22,Regular Season,FALSE,BUF,TB,30,27,W,BUF,3,57,FiveThirtyEight
2017_2017-10-22_ARI_LA,2017,NA,2017-10-22,Regular Season,TRUE,LA,ARI,33,0,W,LA,33,33,FiveThirtyEight
2017_2017-10-22_CAR_CHI,2017,NA,2017-10-22,Regular Season,FALSE,CHI,CAR,17,3,W,CHI,14,20,FiveThirtyEight
2017_2017-10-22_DAL_SF,2017,NA,2017-10-22,Regular Season,FALSE,SF,DAL,10,40,L,DAL,30,50,FiveThirtyEight
2017_2017-10-22_CIN_PIT,2017,NA,2017-10-22,Regular Season,FALSE,PIT,CIN,29,14,W,PIT,15,43,FiveThirtyEight
2017_2017-10-22_DEN_LAC,2017,NA,2017-10-22,Regular Season,FALSE,LAC,DEN,21,0,W,LAC,21,21,FiveThirtyEight
2017_2017-10-22_SEA_NYG,2017,NA,2017-10-22,Regular Season,FALSE,NYG,SEA,7,24,L,SEA,17,31,FiveThirtyEight
2017_2017-10-22_ATL_NE,2017,NA,2017-10-22,Regular Season,FALSE,NE,ATL,23,7,W,NE,16,30,FiveThirtyEight
2017_2017-10-23_WAS_PHI,2017,NA,2017-10-23,Regular Season,FALSE,PHI,WAS,34,24,W,PHI,10,58,FiveThirtyEight
2017_2017-10-26_MIA_BAL,2017,NA,2017-10-26,Regular Season,FALSE,BAL,MIA,40,0,W,BAL,40,40,FiveThirtyEight
2017_2017-10-29_MIN_CLE,2017,NA,2017-10-29,Regular Season,TRUE,CLE,MIN,16,33,L,MIN,17,49,FiveThirtyEight
2017_2017-10-29_LV_BUF,2017,NA,2017-10-29,Regular Season,FALSE,BUF,LV,34,14,W,BUF,20,48,FiveThirtyEight
2017_2017-10-29_IND_CIN,2017,NA,2017-10-29,Regular Season,FALSE,CIN,IND,24,23,W,CIN,1,47,FiveThirtyEight
2017_2017-10-29_CHI_NO,2017,NA,2017-10-29,Regular Season,FALSE,NO,CHI,20,12,W,NO,8,32,FiveThirtyEight
2017_2017-10-29_SF_PHI,2017,NA,2017-10-29,Regular Season,FALSE,PHI,SF,33,10,W,PHI,23,43,FiveThirtyEight
2017_2017-10-29_ATL_NYJ,2017,NA,2017-10-29,Regular Season,FALSE,NYJ,ATL,20,25,L,ATL,5,45,FiveThirtyEight
2017_2017-10-29_LAC_NE,2017,NA,2017-10-29,Regular Season,FALSE,NE,LAC,21,13,W,NE,8,34,FiveThirtyEight
2017_2017-10-29_CAR_TB,2017,NA,2017-10-29,Regular Season,FALSE,TB,CAR,3,17,L,CAR,14,20,FiveThirtyEight
2017_2017-10-29_HOU_SEA,2017,NA,2017-10-29,Regular Season,FALSE,SEA,HOU,41,38,W,SEA,3,79,FiveThirtyEight
2017_2017-10-29_DAL_WAS,2017,NA,2017-10-29,Regular Season,FALSE,WAS,DAL,19,33,L,DAL,14,52,FiveThirtyEight
2017_2017-10-29_PIT_DET,2017,NA,2017-10-29,Regular Season,FALSE,DET,PIT,15,20,L,PIT,5,35,FiveThirtyEight
2017_2017-10-30_DEN_KC,2017,NA,2017-10-30,Regular Season,FALSE,KC,DEN,29,19,W,KC,10,48,FiveThirtyEight
2017_2017-11-02_BUF_NYJ,2017,NA,2017-11-02,Regular Season,FALSE,NYJ,BUF,34,21,W,NYJ,13,55,FiveThirtyEight
2017_2017-11-05_LA_NYG,2017,NA,2017-11-05,Regular Season,FALSE,NYG,LA,17,51,L,LA,34,68,FiveThirtyEight
2017_2017-11-05_IND_HOU,2017,NA,2017-11-05,Regular Season,FALSE,HOU,IND,14,20,L,IND,6,34,FiveThirtyEight
2017_2017-11-05_CIN_JAX,2017,NA,2017-11-05,Regular Season,FALSE,JAX,CIN,23,7,W,JAX,16,30,FiveThirtyEight
2017_2017-11-05_BAL_TEN,2017,NA,2017-11-05,Regular Season,FALSE,TEN,BAL,23,20,W,TEN,3,43,FiveThirtyEight
2017_2017-11-05_DEN_PHI,2017,NA,2017-11-05,Regular Season,FALSE,PHI,DEN,51,23,W,PHI,28,74,FiveThirtyEight
2017_2017-11-05_TB_NO,2017,NA,2017-11-05,Regular Season,FALSE,NO,TB,30,10,W,NO,20,40,FiveThirtyEight
2017_2017-11-05_ATL_CAR,2017,NA,2017-11-05,Regular Season,FALSE,CAR,ATL,20,17,W,CAR,3,37,FiveThirtyEight
2017_2017-11-05_ARI_SF,2017,NA,2017-11-05,Regular Season,FALSE,SF,ARI,10,20,L,ARI,10,30,FiveThirtyEight
2017_2017-11-05_WAS_SEA,2017,NA,2017-11-05,Regular Season,FALSE,SEA,WAS,14,17,L,WAS,3,31,FiveThirtyEight
2017_2017-11-05_KC_DAL,2017,NA,2017-11-05,Regular Season,FALSE,DAL,KC,28,17,W,DAL,11,45,FiveThirtyEight
2017_2017-11-05_LV_MIA,2017,NA,2017-11-05,Regular Season,FALSE,MIA,LV,24,27,L,LV,3,51,FiveThirtyEight
2017_2017-11-06_DET_GB,2017,NA,2017-11-06,Regular Season,FALSE,GB,DET,17,30,L,DET,13,47,FiveThirtyEight
2017_2017-11-09_SEA_ARI,2017,NA,2017-11-09,Regular Season,FALSE,ARI,SEA,16,22,L,SEA,6,38,FiveThirtyEight
2017_2017-11-12_GB_CHI,2017,NA,2017-11-12,Regular Season,FALSE,CHI,GB,16,23,L,GB,7,39,FiveThirtyEight
2017_2017-11-12_NYJ_TB,2017,NA,2017-11-12,Regular Season,FALSE,TB,NYJ,15,10,W,TB,5,25,FiveThirtyEight
2017_2017-11-12_MIN_WAS,2017,NA,2017-11-12,Regular Season,FALSE,WAS,MIN,30,38,L,MIN,8,68,FiveThirtyEight
2017_2017-11-12_CIN_TEN,2017,NA,2017-11-12,Regular Season,FALSE,TEN,CIN,24,20,W,TEN,4,44,FiveThirtyEight
2017_2017-11-12_LAC_JAX,2017,NA,2017-11-12,Regular Season,FALSE,JAX,LAC,20,17,W,JAX,3,37,FiveThirtyEight
2017_2017-11-12_PIT_IND,2017,NA,2017-11-12,Regular Season,FALSE,IND,PIT,17,20,L,PIT,3,37,FiveThirtyEight
2017_2017-11-12_CLE_DET,2017,NA,2017-11-12,Regular Season,FALSE,DET,CLE,38,24,W,DET,14,62,FiveThirtyEight
2017_2017-11-12_NO_BUF,2017,NA,2017-11-12,Regular Season,FALSE,BUF,NO,10,47,L,NO,37,57,FiveThirtyEight
2017_2017-11-12_HOU_LA,2017,NA,2017-11-12,Regular Season,FALSE,LA,HOU,33,7,W,LA,26,40,FiveThirtyEight
2017_2017-11-12_DAL_ATL,2017,NA,2017-11-12,Regular Season,FALSE,ATL,DAL,27,7,W,ATL,20,34,FiveThirtyEight
2017_2017-11-12_NYG_SF,2017,NA,2017-11-12,Regular Season,FALSE,SF,NYG,31,21,W,SF,10,52,FiveThirtyEight
2017_2017-11-12_NE_DEN,2017,NA,2017-11-12,Regular Season,FALSE,DEN,NE,16,41,L,NE,25,57,FiveThirtyEight
2017_2017-11-13_MIA_CAR,2017,NA,2017-11-13,Regular Season,FALSE,CAR,MIA,45,21,W,CAR,24,66,FiveThirtyEight
2017_2017-11-16_TEN_PIT,2017,NA,2017-11-16,Regular Season,FALSE,PIT,TEN,40,17,W,PIT,23,57,FiveThirtyEight
2017_2017-11-19_WAS_NO,2017,NA,2017-11-19,Regular Season,FALSE,NO,WAS,34,31,W,NO,3,65,FiveThirtyEight
2017_2017-11-19_TB_MIA,2017,NA,2017-11-19,Regular Season,FALSE,MIA,TB,20,30,L,TB,10,50,FiveThirtyEight
2017_2017-11-19_DET_CHI,2017,NA,2017-11-19,Regular Season,FALSE,CHI,DET,24,27,L,DET,3,51,FiveThirtyEight
2017_2017-11-19_BAL_GB,2017,NA,2017-11-19,Regular Season,FALSE,GB,BAL,0,23,L,BAL,23,23,FiveThirtyEight
2017_2017-11-19_JAX_CLE,2017,NA,2017-11-19,Regular Season,FALSE,CLE,JAX,7,19,L,JAX,12,26,FiveThirtyEight
2017_2017-11-19_ARI_HOU,2017,NA,2017-11-19,Regular Season,FALSE,HOU,ARI,31,21,W,HOU,10,52,FiveThirtyEight
2017_2017-11-19_LA_MIN,2017,NA,2017-11-19,Regular Season,FALSE,MIN,LA,24,7,W,MIN,17,31,FiveThirtyEight
2017_2017-11-19_KC_NYG,2017,NA,2017-11-19,Regular Season,FALSE,NYG,KC,12,9,W,NYG,3,21,FiveThirtyEight
2017_2017-11-19_BUF_LAC,2017,NA,2017-11-19,Regular Season,FALSE,LAC,BUF,54,24,W,LAC,30,78,FiveThirtyEight
2017_2017-11-19_CIN_DEN,2017,NA,2017-11-19,Regular Season,FALSE,DEN,CIN,17,20,L,CIN,3,37,FiveThirtyEight
2017_2017-11-19_NE_LV,2017,NA,2017-11-19,Regular Season,TRUE,LV,NE,8,33,L,NE,25,41,FiveThirtyEight
2017_2017-11-19_PHI_DAL,2017,NA,2017-11-19,Regular Season,FALSE,DAL,PHI,9,37,L,PHI,28,46,FiveThirtyEight
2017_2017-11-20_ATL_SEA,2017,NA,2017-11-20,Regular Season,FALSE,SEA,ATL,31,34,L,ATL,3,65,FiveThirtyEight
2017_2017-11-23_MIN_DET,2017,NA,2017-11-23,Regular Season,FALSE,DET,MIN,23,30,L,MIN,7,53,FiveThirtyEight
2017_2017-11-23_LAC_DAL,2017,NA,2017-11-23,Regular Season,FALSE,DAL,LAC,6,28,L,LAC,22,34,FiveThirtyEight
2017_2017-11-23_NYG_WAS,2017,NA,2017-11-23,Regular Season,FALSE,WAS,NYG,20,10,W,WAS,10,30,FiveThirtyEight
2017_2017-11-26_CAR_NYJ,2017,NA,2017-11-26,Regular Season,FALSE,NYJ,CAR,27,35,L,CAR,8,62,FiveThirtyEight
2017_2017-11-26_MIA_NE,2017,NA,2017-11-26,Regular Season,FALSE,NE,MIA,35,17,W,NE,18,52,FiveThirtyEight
2017_2017-11-26_CLE_CIN,2017,NA,2017-11-26,Regular Season,FALSE,CIN,CLE,30,16,W,CIN,14,46,FiveThirtyEight
2017_2017-11-26_TB_ATL,2017,NA,2017-11-26,Regular Season,FALSE,ATL,TB,34,20,W,ATL,14,54,FiveThirtyEight
2017_2017-11-26_TEN_IND,2017,NA,2017-11-26,Regular Season,FALSE,IND,TEN,16,20,L,TEN,4,36,FiveThirtyEight
2017_2017-11-26_BUF_KC,2017,NA,2017-11-26,Regular Season,FALSE,KC,BUF,10,16,L,BUF,6,26,FiveThirtyEight
2017_2017-11-26_CHI_PHI,2017,NA,2017-11-26,Regular Season,FALSE,PHI,CHI,31,3,W,PHI,28,34,FiveThirtyEight
2017_2017-11-26_SEA_SF,2017,NA,2017-11-26,Regular Season,FALSE,SF,SEA,13,24,L,SEA,11,37,FiveThirtyEight
2017_2017-11-26_NO_LA,2017,NA,2017-11-26,Regular Season,FALSE,LA,NO,26,20,W,LA,6,46,FiveThirtyEight
2017_2017-11-26_JAX_ARI,2017,NA,2017-11-26,Regular Season,FALSE,ARI,JAX,27,24,W,ARI,3,51,FiveThirtyEight
2017_2017-11-26_DEN_LV,2017,NA,2017-11-26,Regular Season,FALSE,LV,DEN,21,14,W,LV,7,35,FiveThirtyEight
2017_2017-11-26_GB_PIT,2017,NA,2017-11-26,Regular Season,FALSE,PIT,GB,31,28,W,PIT,3,59,FiveThirtyEight
2017_2017-11-27_HOU_BAL,2017,NA,2017-11-27,Regular Season,FALSE,BAL,HOU,23,16,W,BAL,7,39,FiveThirtyEight
2017_2017-11-30_WAS_DAL,2017,NA,2017-11-30,Regular Season,FALSE,DAL,WAS,38,14,W,DAL,24,52,FiveThirtyEight
2017_2017-12-03_KC_NYJ,2017,NA,2017-12-03,Regular Season,FALSE,NYJ,KC,38,31,W,NYJ,7,69,FiveThirtyEight
2017_2017-12-03_HOU_TEN,2017,NA,2017-12-03,Regular Season,FALSE,TEN,HOU,24,13,W,TEN,11,37,FiveThirtyEight
2017_2017-12-03_TB_GB,2017,NA,2017-12-03,Regular Season,FALSE,GB,TB,26,20,W,GB,6,46,FiveThirtyEight
2017_2017-12-03_SF_CHI,2017,NA,2017-12-03,Regular Season,FALSE,CHI,SF,14,15,L,SF,1,29,FiveThirtyEight
2017_2017-12-03_NE_BUF,2017,NA,2017-12-03,Regular Season,FALSE,BUF,NE,3,23,L,NE,20,26,FiveThirtyEight
2017_2017-12-03_DET_BAL,2017,NA,2017-12-03,Regular Season,FALSE,BAL,DET,44,20,W,BAL,24,64,FiveThirtyEight
2017_2017-12-03_MIN_ATL,2017,NA,2017-12-03,Regular Season,FALSE,ATL,MIN,9,14,L,MIN,5,23,FiveThirtyEight
2017_2017-12-03_DEN_MIA,2017,NA,2017-12-03,Regular Season,FALSE,MIA,DEN,35,9,W,MIA,26,44,FiveThirtyEight
2017_2017-12-03_IND_JAX,2017,NA,2017-12-03,Regular Season,FALSE,JAX,IND,30,10,W,JAX,20,40,FiveThirtyEight
2017_2017-12-03_CLE_LAC,2017,NA,2017-12-03,Regular Season,FALSE,LAC,CLE,19,10,W,LAC,9,29,FiveThirtyEight
2017_2017-12-03_NYG_LV,2017,NA,2017-12-03,Regular Season,FALSE,LV,NYG,24,17,W,LV,7,41,FiveThirtyEight
2017_2017-12-03_LA_ARI,2017,NA,2017-12-03,Regular Season,FALSE,ARI,LA,16,32,L,LA,16,48,FiveThirtyEight
2017_2017-12-03_CAR_NO,2017,NA,2017-12-03,Regular Season,FALSE,NO,CAR,31,21,W,NO,10,52,FiveThirtyEight
2017_2017-12-03_PHI_SEA,2017,NA,2017-12-03,Regular Season,FALSE,SEA,PHI,24,10,W,SEA,14,34,FiveThirtyEight
2017_2017-12-04_PIT_CIN,2017,NA,2017-12-04,Regular Season,FALSE,CIN,PIT,20,23,L,PIT,3,43,FiveThirtyEight
2017_2017-12-07_NO_ATL,2017,NA,2017-12-07,Regular Season,FALSE,ATL,NO,20,17,W,ATL,3,37,FiveThirtyEight
2017_2017-12-10_MIN_CAR,2017,NA,2017-12-10,Regular Season,FALSE,CAR,MIN,31,24,W,CAR,7,55,FiveThirtyEight
2017_2017-12-10_LV_KC,2017,NA,2017-12-10,Regular Season,FALSE,KC,LV,26,15,W,KC,11,41,FiveThirtyEight
2017_2017-12-10_SF_HOU,2017,NA,2017-12-10,Regular Season,FALSE,HOU,SF,16,26,L,SF,10,42,FiveThirtyEight
2017_2017-12-10_GB_CLE,2017,NA,2017-12-10,Regular Season,FALSE,CLE,GB,21,27,L,GB,6,48,FiveThirtyEight
2017_2017-12-10_CHI_CIN,2017,NA,2017-12-10,Regular Season,FALSE,CIN,CHI,7,33,L,CHI,26,40,FiveThirtyEight
2017_2017-12-10_IND_BUF,2017,NA,2017-12-10,Regular Season,FALSE,BUF,IND,13,7,W,BUF,6,20,FiveThirtyEight
2017_2017-12-10_DET_TB,2017,NA,2017-12-10,Regular Season,FALSE,TB,DET,21,24,L,DET,3,45,FiveThirtyEight
2017_2017-12-10_DAL_NYG,2017,NA,2017-12-10,Regular Season,FALSE,NYG,DAL,10,30,L,DAL,20,40,FiveThirtyEight
2017_2017-12-10_NYJ_DEN,2017,NA,2017-12-10,Regular Season,FALSE,DEN,NYJ,23,0,W,DEN,23,23,FiveThirtyEight
2017_2017-12-10_WAS_LAC,2017,NA,2017-12-10,Regular Season,FALSE,LAC,WAS,30,13,W,LAC,17,43,FiveThirtyEight
2017_2017-12-10_TEN_ARI,2017,NA,2017-12-10,Regular Season,FALSE,ARI,TEN,12,7,W,ARI,5,19,FiveThirtyEight
2017_2017-12-10_SEA_JAX,2017,NA,2017-12-10,Regular Season,FALSE,JAX,SEA,30,24,W,JAX,6,54,FiveThirtyEight
2017_2017-12-10_PHI_LA,2017,NA,2017-12-10,Regular Season,FALSE,LA,PHI,35,43,L,PHI,8,78,FiveThirtyEight
2017_2017-12-10_BAL_PIT,2017,NA,2017-12-10,Regular Season,FALSE,PIT,BAL,39,38,W,PIT,1,77,FiveThirtyEight
2017_2017-12-11_NE_MIA,2017,NA,2017-12-11,Regular Season,FALSE,MIA,NE,27,20,W,MIA,7,47,FiveThirtyEight
2017_2017-12-14_DEN_IND,2017,NA,2017-12-14,Regular Season,FALSE,IND,DEN,13,25,L,DEN,12,38,FiveThirtyEight
2017_2017-12-16_CHI_DET,2017,NA,2017-12-16,Regular Season,FALSE,DET,CHI,20,10,W,DET,10,30,FiveThirtyEight
2017_2017-12-16_LAC_KC,2017,NA,2017-12-16,Regular Season,FALSE,KC,LAC,30,13,W,KC,17,43,FiveThirtyEight
2017_2017-12-17_MIA_BUF,2017,NA,2017-12-17,Regular Season,FALSE,BUF,MIA,24,16,W,BUF,8,40,FiveThirtyEight
2017_2017-12-17_GB_CAR,2017,NA,2017-12-17,Regular Season,FALSE,CAR,GB,31,24,W,CAR,7,55,FiveThirtyEight
2017_2017-12-17_BAL_CLE,2017,NA,2017-12-17,Regular Season,FALSE,CLE,BAL,10,27,L,BAL,17,37,FiveThirtyEight
2017_2017-12-17_HOU_JAX,2017,NA,2017-12-17,Regular Season,FALSE,JAX,HOU,45,7,W,JAX,38,52,FiveThirtyEight
2017_2017-12-17_CIN_MIN,2017,NA,2017-12-17,Regular Season,FALSE,MIN,CIN,34,7,W,MIN,27,41,FiveThirtyEight
2017_2017-12-17_NYJ_NO,2017,NA,2017-12-17,Regular Season,FALSE,NO,NYJ,31,19,W,NO,12,50,FiveThirtyEight
2017_2017-12-17_PHI_NYG,2017,NA,2017-12-17,Regular Season,FALSE,NYG,PHI,29,34,L,PHI,5,63,FiveThirtyEight
2017_2017-12-17_ARI_WAS,2017,NA,2017-12-17,Regular Season,FALSE,WAS,ARI,20,15,W,WAS,5,35,FiveThirtyEight
2017_2017-12-17_LA_SEA,2017,NA,2017-12-17,Regular Season,FALSE,SEA,LA,7,42,L,LA,35,49,FiveThirtyEight
2017_2017-12-17_TEN_SF,2017,NA,2017-12-17,Regular Season,FALSE,SF,TEN,25,23,W,SF,2,48,FiveThirtyEight
2017_2017-12-17_NE_PIT,2017,NA,2017-12-17,Regular Season,FALSE,PIT,NE,24,27,L,NE,3,51,FiveThirtyEight
2017_2017-12-17_DAL_LV,2017,NA,2017-12-17,Regular Season,FALSE,LV,DAL,17,20,L,DAL,3,37,FiveThirtyEight
2017_2017-12-18_ATL_TB,2017,NA,2017-12-18,Regular Season,FALSE,TB,ATL,21,24,L,ATL,3,45,FiveThirtyEight
2017_2017-12-23_IND_BAL,2017,NA,2017-12-23,Regular Season,FALSE,BAL,IND,23,16,W,BAL,7,39,FiveThirtyEight
2017_2017-12-23_MIN_GB,2017,NA,2017-12-23,Regular Season,FALSE,GB,MIN,0,16,L,MIN,16,16,FiveThirtyEight
2017_2017-12-24_MIA_KC,2017,NA,2017-12-24,Regular Season,FALSE,KC,MIA,29,13,W,KC,16,42,FiveThirtyEight
2017_2017-12-24_DET_CIN,2017,NA,2017-12-24,Regular Season,FALSE,CIN,DET,26,17,W,CIN,9,43,FiveThirtyEight
2017_2017-12-24_CLE_CHI,2017,NA,2017-12-24,Regular Season,FALSE,CHI,CLE,20,3,W,CHI,17,23,FiveThirtyEight
2017_2017-12-24_TB_CAR,2017,NA,2017-12-24,Regular Season,FALSE,CAR,TB,22,19,W,CAR,3,41,FiveThirtyEight
2017_2017-12-24_DEN_WAS,2017,NA,2017-12-24,Regular Season,FALSE,WAS,DEN,27,11,W,WAS,16,38,FiveThirtyEight
2017_2017-12-24_LA_TEN,2017,NA,2017-12-24,Regular Season,FALSE,TEN,LA,23,27,L,LA,4,50,FiveThirtyEight
2017_2017-12-24_LAC_NYJ,2017,NA,2017-12-24,Regular Season,FALSE,NYJ,LAC,7,14,L,LAC,7,21,FiveThirtyEight
2017_2017-12-24_ATL_NO,2017,NA,2017-12-24,Regular Season,FALSE,NO,ATL,23,13,W,NO,10,36,FiveThirtyEight
2017_2017-12-24_BUF_NE,2017,NA,2017-12-24,Regular Season,FALSE,NE,BUF,37,16,W,NE,21,53,FiveThirtyEight
2017_2017-12-24_JAX_SF,2017,NA,2017-12-24,Regular Season,FALSE,SF,JAX,44,33,W,SF,11,77,FiveThirtyEight
2017_2017-12-24_NYG_ARI,2017,NA,2017-12-24,Regular Season,FALSE,ARI,NYG,23,0,W,ARI,23,23,FiveThirtyEight
2017_2017-12-24_SEA_DAL,2017,NA,2017-12-24,Regular Season,FALSE,DAL,SEA,12,21,L,SEA,9,33,FiveThirtyEight
2017_2017-12-25_PIT_HOU,2017,NA,2017-12-25,Regular Season,FALSE,HOU,PIT,6,34,L,PIT,28,40,FiveThirtyEight
2017_2017-12-25_LV_PHI,2017,NA,2017-12-25,Regular Season,FALSE,PHI,LV,19,10,W,PHI,9,29,FiveThirtyEight
2017_2017-12-31_WAS_NYG,2017,NA,2017-12-31,Regular Season,FALSE,NYG,WAS,18,10,W,NYG,8,28,FiveThirtyEight
2017_2017-12-31_DAL_PHI,2017,NA,2017-12-31,Regular Season,FALSE,PHI,DAL,0,6,L,DAL,6,6,FiveThirtyEight
2017_2017-12-31_CLE_PIT,2017,NA,2017-12-31,Regular Season,FALSE,PIT,CLE,28,24,W,PIT,4,52,FiveThirtyEight
2017_2017-12-31_HOU_IND,2017,NA,2017-12-31,Regular Season,FALSE,IND,HOU,22,13,W,IND,9,35,FiveThirtyEight
2017_2017-12-31_CHI_MIN,2017,NA,2017-12-31,Regular Season,FALSE,MIN,CHI,23,10,W,MIN,13,33,FiveThirtyEight
2017_2017-12-31_GB_DET,2017,NA,2017-12-31,Regular Season,FALSE,DET,GB,35,11,W,DET,24,46,FiveThirtyEight
2017_2017-12-31_NYJ_NE,2017,NA,2017-12-31,Regular Season,FALSE,NE,NYJ,26,6,W,NE,20,32,FiveThirtyEight
2017_2017-12-31_NO_TB,2017,NA,2017-12-31,Regular Season,FALSE,TB,NO,31,24,W,TB,7,55,FiveThirtyEight
2017_2017-12-31_CAR_ATL,2017,NA,2017-12-31,Regular Season,FALSE,ATL,CAR,22,10,W,ATL,12,32,FiveThirtyEight
2017_2017-12-31_CIN_BAL,2017,NA,2017-12-31,Regular Season,FALSE,BAL,CIN,27,31,L,CIN,4,58,FiveThirtyEight
2017_2017-12-31_BUF_MIA,2017,NA,2017-12-31,Regular Season,FALSE,MIA,BUF,16,22,L,BUF,6,38,FiveThirtyEight
2017_2017-12-31_JAX_TEN,2017,NA,2017-12-31,Regular Season,FALSE,TEN,JAX,15,10,W,TEN,5,25,FiveThirtyEight
2017_2017-12-31_KC_DEN,2017,NA,2017-12-31,Regular Season,FALSE,DEN,KC,24,27,L,KC,3,51,FiveThirtyEight
2017_2017-12-31_LV_LAC,2017,NA,2017-12-31,Regular Season,FALSE,LAC,LV,30,10,W,LAC,20,40,FiveThirtyEight
2017_2017-12-31_SF_LA,2017,NA,2017-12-31,Regular Season,FALSE,LA,SF,13,34,L,SF,21,47,FiveThirtyEight
2017_2017-12-31_ARI_SEA,2017,NA,2017-12-31,Regular Season,FALSE,SEA,ARI,24,26,L,ARI,2,50,FiveThirtyEight
2018_2018-09-06_ATL_PHI,2018,NA,2018-09-06,Regular Season,FALSE,PHI,ATL,18,12,W,PHI,6,30,FiveThirtyEight
2018_2018-09-09_TEN_MIA,2018,NA,2018-09-09,Regular Season,FALSE,MIA,TEN,27,20,W,MIA,7,47,FiveThirtyEight
2018_2018-09-09_HOU_NE,2018,NA,2018-09-09,Regular Season,FALSE,NE,HOU,27,20,W,NE,7,47,FiveThirtyEight
2018_2018-09-09_TB_NO,2018,NA,2018-09-09,Regular Season,FALSE,NO,TB,40,48,L,TB,8,88,FiveThirtyEight
2018_2018-09-09_SF_MIN,2018,NA,2018-09-09,Regular Season,FALSE,MIN,SF,24,16,W,MIN,8,40,FiveThirtyEight
2018_2018-09-09_PIT_CLE,2018,NA,2018-09-09,Regular Season,FALSE,CLE,PIT,21,21,T,Tie,0,42,FiveThirtyEight
2018_2018-09-09_JAX_NYG,2018,NA,2018-09-09,Regular Season,FALSE,NYG,JAX,15,20,L,JAX,5,35,FiveThirtyEight
2018_2018-09-09_CIN_IND,2018,NA,2018-09-09,Regular Season,FALSE,IND,CIN,23,34,L,CIN,11,57,FiveThirtyEight
2018_2018-09-09_BUF_BAL,2018,NA,2018-09-09,Regular Season,FALSE,BAL,BUF,47,3,W,BAL,44,50,FiveThirtyEight
2018_2018-09-09_KC_LAC,2018,NA,2018-09-09,Regular Season,FALSE,LAC,KC,28,38,L,KC,10,66,FiveThirtyEight
2018_2018-09-09_DAL_CAR,2018,NA,2018-09-09,Regular Season,FALSE,CAR,DAL,16,8,W,CAR,8,24,FiveThirtyEight
2018_2018-09-09_WAS_ARI,2018,NA,2018-09-09,Regular Season,FALSE,ARI,WAS,6,24,L,WAS,18,30,FiveThirtyEight
2018_2018-09-09_SEA_DEN,2018,NA,2018-09-09,Regular Season,FALSE,DEN,SEA,27,24,W,DEN,3,51,FiveThirtyEight
2018_2018-09-09_CHI_GB,2018,NA,2018-09-09,Regular Season,FALSE,GB,CHI,24,23,W,GB,1,47,FiveThirtyEight
2018_2018-09-10_NYJ_DET,2018,NA,2018-09-10,Regular Season,FALSE,DET,NYJ,17,48,L,NYJ,31,65,FiveThirtyEight
2018_2018-09-10_LA_LV,2018,NA,2018-09-10,Regular Season,FALSE,LV,LA,13,33,L,LA,20,46,FiveThirtyEight
2018_2018-09-13_BAL_CIN,2018,NA,2018-09-13,Regular Season,FALSE,CIN,BAL,34,23,W,CIN,11,57,FiveThirtyEight
2018_2018-09-16_HOU_TEN,2018,NA,2018-09-16,Regular Season,FALSE,TEN,HOU,20,17,W,TEN,3,37,FiveThirtyEight
2018_2018-09-16_CAR_ATL,2018,NA,2018-09-16,Regular Season,FALSE,ATL,CAR,31,24,W,ATL,7,55,FiveThirtyEight
2018_2018-09-16_IND_WAS,2018,NA,2018-09-16,Regular Season,FALSE,WAS,IND,9,21,L,IND,12,30,FiveThirtyEight
2018_2018-09-16_PHI_TB,2018,NA,2018-09-16,Regular Season,FALSE,TB,PHI,27,21,W,TB,6,48,FiveThirtyEight
2018_2018-09-16_KC_PIT,2018,NA,2018-09-16,Regular Season,FALSE,PIT,KC,37,42,L,KC,5,79,FiveThirtyEight
2018_2018-09-16_LAC_BUF,2018,NA,2018-09-16,Regular Season,FALSE,BUF,LAC,20,31,L,LAC,11,51,FiveThirtyEight
2018_2018-09-16_MIN_GB,2018,NA,2018-09-16,Regular Season,FALSE,GB,MIN,29,29,T,Tie,0,58,FiveThirtyEight
2018_2018-09-16_CLE_NO,2018,NA,2018-09-16,Regular Season,FALSE,NO,CLE,21,18,W,NO,3,39,FiveThirtyEight
2018_2018-09-16_MIA_NYJ,2018,NA,2018-09-16,Regular Season,FALSE,NYJ,MIA,12,20,L,MIA,8,32,FiveThirtyEight
2018_2018-09-16_DET_SF,2018,NA,2018-09-16,Regular Season,FALSE,SF,DET,30,27,W,SF,3,57,FiveThirtyEight
2018_2018-09-16_ARI_LA,2018,NA,2018-09-16,Regular Season,FALSE,LA,ARI,34,0,W,LA,34,34,FiveThirtyEight
2018_2018-09-16_NE_JAX,2018,NA,2018-09-16,Regular Season,FALSE,JAX,NE,31,20,W,JAX,11,51,FiveThirtyEight
2018_2018-09-16_LV_DEN,2018,NA,2018-09-16,Regular Season,FALSE,DEN,LV,20,19,W,DEN,1,39,FiveThirtyEight
2018_2018-09-16_NYG_DAL,2018,NA,2018-09-16,Regular Season,FALSE,DAL,NYG,20,13,W,DAL,7,33,FiveThirtyEight
2018_2018-09-17_SEA_CHI,2018,NA,2018-09-17,Regular Season,FALSE,CHI,SEA,24,17,W,CHI,7,41,FiveThirtyEight
2018_2018-09-20_NYJ_CLE,2018,NA,2018-09-20,Regular Season,FALSE,CLE,NYJ,21,17,W,CLE,4,38,FiveThirtyEight
2018_2018-09-23_DEN_BAL,2018,NA,2018-09-23,Regular Season,FALSE,BAL,DEN,27,14,W,BAL,13,41,FiveThirtyEight
2018_2018-09-23_NO_ATL,2018,NA,2018-09-23,Regular Season,FALSE,ATL,NO,37,43,L,NO,6,80,FiveThirtyEight
2018_2018-09-23_GB_WAS,2018,NA,2018-09-23,Regular Season,FALSE,WAS,GB,31,17,W,WAS,14,48,FiveThirtyEight
2018_2018-09-23_IND_PHI,2018,NA,2018-09-23,Regular Season,FALSE,PHI,IND,20,16,W,PHI,4,36,FiveThirtyEight
2018_2018-09-23_BUF_MIN,2018,NA,2018-09-23,Regular Season,FALSE,MIN,BUF,6,27,L,BUF,21,33,FiveThirtyEight
2018_2018-09-23_LV_MIA,2018,NA,2018-09-23,Regular Season,FALSE,MIA,LV,28,20,W,MIA,8,48,FiveThirtyEight
2018_2018-09-23_NYG_HOU,2018,NA,2018-09-23,Regular Season,FALSE,HOU,NYG,22,27,L,NYG,5,49,FiveThirtyEight
2018_2018-09-23_TEN_JAX,2018,NA,2018-09-23,Regular Season,FALSE,JAX,TEN,6,9,L,TEN,3,15,FiveThirtyEight
2018_2018-09-23_SF_KC,2018,NA,2018-09-23,Regular Season,FALSE,KC,SF,38,27,W,KC,11,65,FiveThirtyEight
2018_2018-09-23_CIN_CAR,2018,NA,2018-09-23,Regular Season,FALSE,CAR,CIN,31,21,W,CAR,10,52,FiveThirtyEight
2018_2018-09-23_LAC_LA,2018,NA,2018-09-23,Regular Season,FALSE,LA,LAC,35,23,W,LA,12,58,FiveThirtyEight
2018_2018-09-23_DAL_SEA,2018,NA,2018-09-23,Regular Season,FALSE,SEA,DAL,24,13,W,SEA,11,37,FiveThirtyEight
2018_2018-09-23_CHI_ARI,2018,NA,2018-09-23,Regular Season,FALSE,ARI,CHI,14,16,L,CHI,2,30,FiveThirtyEight
2018_2018-09-23_NE_DET,2018,NA,2018-09-23,Regular Season,FALSE,DET,NE,26,10,W,DET,16,36,FiveThirtyEight
2018_2018-09-24_PIT_TB,2018,NA,2018-09-24,Regular Season,FALSE,TB,PIT,27,30,L,PIT,3,57,FiveThirtyEight
2018_2018-09-27_MIN_LA,2018,NA,2018-09-27,Regular Season,FALSE,LA,MIN,38,31,W,LA,7,69,FiveThirtyEight
2018_2018-09-30_TB_CHI,2018,NA,2018-09-30,Regular Season,FALSE,CHI,TB,48,10,W,CHI,38,58,FiveThirtyEight
2018_2018-09-30_HOU_IND,2018,NA,2018-09-30,Regular Season,FALSE,IND,HOU,34,37,L,HOU,3,71,FiveThirtyEight
2018_2018-09-30_BUF_GB,2018,NA,2018-09-30,Regular Season,FALSE,GB,BUF,22,0,W,GB,22,22,FiveThirtyEight
2018_2018-09-30_DET_DAL,2018,NA,2018-09-30,Regular Season,FALSE,DAL,DET,26,24,W,DAL,2,50,FiveThirtyEight
2018_2018-09-30_PHI_TEN,2018,NA,2018-09-30,Regular Season,FALSE,TEN,PHI,26,23,W,TEN,3,49,FiveThirtyEight
2018_2018-09-30_MIA_NE,2018,NA,2018-09-30,Regular Season,FALSE,NE,MIA,38,7,W,NE,31,45,FiveThirtyEight
2018_2018-09-30_CIN_ATL,2018,NA,2018-09-30,Regular Season,FALSE,ATL,CIN,36,37,L,CIN,1,73,FiveThirtyEight
2018_2018-09-30_NYJ_JAX,2018,NA,2018-09-30,Regular Season,FALSE,JAX,NYJ,31,12,W,JAX,19,43,FiveThirtyEight
2018_2018-09-30_CLE_LV,2018,NA,2018-09-30,Regular Season,FALSE,LV,CLE,45,42,W,LV,3,87,FiveThirtyEight
2018_2018-09-30_SEA_ARI,2018,NA,2018-09-30,Regular Season,FALSE,ARI,SEA,17,20,L,SEA,3,37,FiveThirtyEight
2018_2018-09-30_NO_NYG,2018,NA,2018-09-30,Regular Season,FALSE,NYG,NO,18,33,L,NO,15,51,FiveThirtyEight
2018_2018-09-30_SF_LAC,2018,NA,2018-09-30,Regular Season,FALSE,LAC,SF,29,27,W,LAC,2,56,FiveThirtyEight
2018_2018-09-30_BAL_PIT,2018,NA,2018-09-30,Regular Season,FALSE,PIT,BAL,14,26,L,BAL,12,40,FiveThirtyEight
2018_2018-10-01_KC_DEN,2018,NA,2018-10-01,Regular Season,FALSE,DEN,KC,23,27,L,KC,4,50,FiveThirtyEight
2018_2018-10-04_IND_NE,2018,NA,2018-10-04,Regular Season,FALSE,NE,IND,38,24,W,NE,14,62,FiveThirtyEight
2018_2018-10-07_JAX_KC,2018,NA,2018-10-07,Regular Season,FALSE,KC,JAX,30,14,W,KC,16,44,FiveThirtyEight
2018_2018-10-07_GB_DET,2018,NA,2018-10-07,Regular Season,FALSE,DET,GB,31,23,W,DET,8,54,FiveThirtyEight
2018_2018-10-07_BAL_CLE,2018,NA,2018-10-07,Regular Season,FALSE,CLE,BAL,12,9,W,CLE,3,21,FiveThirtyEight
2018_2018-10-07_NYG_CAR,2018,NA,2018-10-07,Regular Season,FALSE,CAR,NYG,33,31,W,CAR,2,64,FiveThirtyEight
2018_2018-10-07_MIA_CIN,2018,NA,2018-10-07,Regular Season,FALSE,CIN,MIA,27,17,W,CIN,10,44,FiveThirtyEight
2018_2018-10-07_DEN_NYJ,2018,NA,2018-10-07,Regular Season,FALSE,NYJ,DEN,34,16,W,NYJ,18,50,FiveThirtyEight
2018_2018-10-07_ATL_PIT,2018,NA,2018-10-07,Regular Season,FALSE,PIT,ATL,41,17,W,PIT,24,58,FiveThirtyEight
2018_2018-10-07_TEN_BUF,2018,NA,2018-10-07,Regular Season,FALSE,BUF,TEN,13,12,W,BUF,1,25,FiveThirtyEight
2018_2018-10-07_LV_LAC,2018,NA,2018-10-07,Regular Season,FALSE,LAC,LV,26,10,W,LAC,16,36,FiveThirtyEight
2018_2018-10-07_ARI_SF,2018,NA,2018-10-07,Regular Season,FALSE,SF,ARI,18,28,L,ARI,10,46,FiveThirtyEight
2018_2018-10-07_LA_SEA,2018,NA,2018-10-07,Regular Season,FALSE,SEA,LA,31,33,L,LA,2,64,FiveThirtyEight
2018_2018-10-07_MIN_PHI,2018,NA,2018-10-07,Regular Season,FALSE,PHI,MIN,21,23,L,MIN,2,44,FiveThirtyEight
2018_2018-10-07_DAL_HOU,2018,NA,2018-10-07,Regular Season,FALSE,HOU,DAL,19,16,W,HOU,3,35,FiveThirtyEight
2018_2018-10-08_WAS_NO,2018,NA,2018-10-08,Regular Season,FALSE,NO,WAS,43,19,W,NO,24,62,FiveThirtyEight
2018_2018-10-11_PHI_NYG,2018,NA,2018-10-11,Regular Season,FALSE,NYG,PHI,13,34,L,PHI,21,47,FiveThirtyEight
2018_2018-10-14_TB_ATL,2018,NA,2018-10-14,Regular Season,FALSE,ATL,TB,34,29,W,ATL,5,63,FiveThirtyEight
2018_2018-10-14_CAR_WAS,2018,NA,2018-10-14,Regular Season,FALSE,WAS,CAR,23,17,W,WAS,6,40,FiveThirtyEight
2018_2018-10-14_SEA_LV,2018,NA,2018-10-14,Regular Season,TRUE,LV,SEA,3,27,L,SEA,24,30,FiveThirtyEight
2018_2018-10-14_IND_NYJ,2018,NA,2018-10-14,Regular Season,FALSE,NYJ,IND,42,34,W,NYJ,8,76,FiveThirtyEight
2018_2018-10-14_ARI_MIN,2018,NA,2018-10-14,Regular Season,FALSE,MIN,ARI,27,17,W,MIN,10,44,FiveThirtyEight
2018_2018-10-14_PIT_CIN,2018,NA,2018-10-14,Regular Season,FALSE,CIN,PIT,21,28,L,PIT,7,49,FiveThirtyEight
2018_2018-10-14_BUF_HOU,2018,NA,2018-10-14,Regular Season,FALSE,HOU,BUF,20,13,W,HOU,7,33,FiveThirtyEight
2018_2018-10-14_CHI_MIA,2018,NA,2018-10-14,Regular Season,FALSE,MIA,CHI,31,28,W,MIA,3,59,FiveThirtyEight
2018_2018-10-14_LAC_CLE,2018,NA,2018-10-14,Regular Season,FALSE,CLE,LAC,14,38,L,LAC,24,52,FiveThirtyEight
2018_2018-10-14_LA_DEN,2018,NA,2018-10-14,Regular Season,FALSE,DEN,LA,20,23,L,LA,3,43,FiveThirtyEight
2018_2018-10-14_BAL_TEN,2018,NA,2018-10-14,Regular Season,FALSE,TEN,BAL,0,21,L,BAL,21,21,FiveThirtyEight
2018_2018-10-14_JAX_DAL,2018,NA,2018-10-14,Regular Season,FALSE,DAL,JAX,40,7,W,DAL,33,47,FiveThirtyEight
2018_2018-10-14_KC_NE,2018,NA,2018-10-14,Regular Season,FALSE,NE,KC,43,40,W,NE,3,83,FiveThirtyEight
2018_2018-10-15_SF_GB,2018,NA,2018-10-15,Regular Season,FALSE,GB,SF,33,30,W,GB,3,63,FiveThirtyEight
2018_2018-10-18_DEN_ARI,2018,NA,2018-10-18,Regular Season,FALSE,ARI,DEN,10,45,L,DEN,35,55,FiveThirtyEight
2018_2018-10-21_TEN_LAC,2018,NA,2018-10-21,Regular Season,TRUE,LAC,TEN,20,19,W,LAC,1,39,FiveThirtyEight
2018_2018-10-21_BUF_IND,2018,NA,2018-10-21,Regular Season,FALSE,IND,BUF,37,5,W,IND,32,42,FiveThirtyEight
2018_2018-10-21_NE_CHI,2018,NA,2018-10-21,Regular Season,FALSE,CHI,NE,31,38,L,NE,7,69,FiveThirtyEight
2018_2018-10-21_MIN_NYJ,2018,NA,2018-10-21,Regular Season,FALSE,NYJ,MIN,17,37,L,MIN,20,54,FiveThirtyEight
2018_2018-10-21_CAR_PHI,2018,NA,2018-10-21,Regular Season,FALSE,PHI,CAR,17,21,L,CAR,4,38,FiveThirtyEight
2018_2018-10-21_DET_MIA,2018,NA,2018-10-21,Regular Season,FALSE,MIA,DET,21,32,L,DET,11,53,FiveThirtyEight
2018_2018-10-21_CLE_TB,2018,NA,2018-10-21,Regular Season,FALSE,TB,CLE,26,23,W,TB,3,49,FiveThirtyEight
2018_2018-10-21_HOU_JAX,2018,NA,2018-10-21,Regular Season,FALSE,JAX,HOU,7,20,L,HOU,13,27,FiveThirtyEight
2018_2018-10-21_NO_BAL,2018,NA,2018-10-21,Regular Season,FALSE,BAL,NO,23,24,L,NO,1,47,FiveThirtyEight
2018_2018-10-21_LA_SF,2018,NA,2018-10-21,Regular Season,FALSE,SF,LA,10,39,L,LA,29,49,FiveThirtyEight
2018_2018-10-21_DAL_WAS,2018,NA,2018-10-21,Regular Season,FALSE,WAS,DAL,20,17,W,WAS,3,37,FiveThirtyEight
2018_2018-10-21_CIN_KC,2018,NA,2018-10-21,Regular Season,FALSE,KC,CIN,45,10,W,KC,35,55,FiveThirtyEight
2018_2018-10-22_NYG_ATL,2018,NA,2018-10-22,Regular Season,FALSE,ATL,NYG,23,20,W,ATL,3,43,FiveThirtyEight
2018_2018-10-25_MIA_HOU,2018,NA,2018-10-25,Regular Season,FALSE,HOU,MIA,42,23,W,HOU,19,65,FiveThirtyEight
2018_2018-10-28_PHI_JAX,2018,NA,2018-10-28,Regular Season,TRUE,JAX,PHI,18,24,L,PHI,6,42,FiveThirtyEight
2018_2018-10-28_SEA_DET,2018,NA,2018-10-28,Regular Season,FALSE,DET,SEA,14,28,L,SEA,14,42,FiveThirtyEight
2018_2018-10-28_TB_CIN,2018,NA,2018-10-28,Regular Season,FALSE,CIN,TB,37,34,W,CIN,3,71,FiveThirtyEight
2018_2018-10-28_BAL_CAR,2018,NA,2018-10-28,Regular Season,FALSE,CAR,BAL,36,21,W,CAR,15,57,FiveThirtyEight
2018_2018-10-28_CLE_PIT,2018,NA,2018-10-28,Regular Season,FALSE,PIT,CLE,33,18,W,PIT,15,51,FiveThirtyEight
2018_2018-10-28_WAS_NYG,2018,NA,2018-10-28,Regular Season,FALSE,NYG,WAS,13,20,L,WAS,7,33,FiveThirtyEight
2018_2018-10-28_NYJ_CHI,2018,NA,2018-10-28,Regular Season,FALSE,CHI,NYJ,24,10,W,CHI,14,34,FiveThirtyEight
2018_2018-10-28_DEN_KC,2018,NA,2018-10-28,Regular Season,FALSE,KC,DEN,30,23,W,KC,7,53,FiveThirtyEight
2018_2018-10-28_IND_LV,2018,NA,2018-10-28,Regular Season,FALSE,LV,IND,28,42,L,IND,14,70,FiveThirtyEight
2018_2018-10-28_GB_LA,2018,NA,2018-10-28,Regular Season,FALSE,LA,GB,29,27,W,LA,2,56,FiveThirtyEight
2018_2018-10-28_SF_ARI,2018,NA,2018-10-28,Regular Season,FALSE,ARI,SF,18,15,W,ARI,3,33,FiveThirtyEight
2018_2018-10-28_NO_MIN,2018,NA,2018-10-28,Regular Season,FALSE,MIN,NO,20,30,L,NO,10,50,FiveThirtyEight
2018_2018-10-29_NE_BUF,2018,NA,2018-10-29,Regular Season,FALSE,BUF,NE,6,25,L,NE,19,31,FiveThirtyEight
2018_2018-11-01_LV_SF,2018,NA,2018-11-01,Regular Season,FALSE,SF,LV,34,3,W,SF,31,37,FiveThirtyEight
2018_2018-11-04_DET_MIN,2018,NA,2018-11-04,Regular Season,FALSE,MIN,DET,24,9,W,MIN,15,33,FiveThirtyEight
2018_2018-11-04_NYJ_MIA,2018,NA,2018-11-04,Regular Season,FALSE,MIA,NYJ,13,6,W,MIA,7,19,FiveThirtyEight
2018_2018-11-04_KC_CLE,2018,NA,2018-11-04,Regular Season,FALSE,CLE,KC,21,37,L,KC,16,58,FiveThirtyEight
2018_2018-11-04_TB_CAR,2018,NA,2018-11-04,Regular Season,FALSE,CAR,TB,42,28,W,CAR,14,70,FiveThirtyEight
2018_2018-11-04_CHI_BUF,2018,NA,2018-11-04,Regular Season,FALSE,BUF,CHI,9,41,L,CHI,32,50,FiveThirtyEight
2018_2018-11-04_PIT_BAL,2018,NA,2018-11-04,Regular Season,FALSE,BAL,PIT,16,23,L,PIT,7,39,FiveThirtyEight
2018_2018-11-04_ATL_WAS,2018,NA,2018-11-04,Regular Season,FALSE,WAS,ATL,14,38,L,ATL,24,52,FiveThirtyEight
2018_2018-11-04_HOU_DEN,2018,NA,2018-11-04,Regular Season,FALSE,DEN,HOU,17,19,L,HOU,2,36,FiveThirtyEight
2018_2018-11-04_LAC_SEA,2018,NA,2018-11-04,Regular Season,FALSE,SEA,LAC,17,25,L,LAC,8,42,FiveThirtyEight
2018_2018-11-04_LA_NO,2018,NA,2018-11-04,Regular Season,FALSE,NO,LA,45,35,W,NO,10,80,FiveThirtyEight
2018_2018-11-04_GB_NE,2018,NA,2018-11-04,Regular Season,FALSE,NE,GB,31,17,W,NE,14,48,FiveThirtyEight
2018_2018-11-05_TEN_DAL,2018,NA,2018-11-05,Regular Season,FALSE,DAL,TEN,14,28,L,TEN,14,42,FiveThirtyEight
2018_2018-11-08_CAR_PIT,2018,NA,2018-11-08,Regular Season,FALSE,PIT,CAR,52,21,W,PIT,31,73,FiveThirtyEight
2018_2018-11-11_NO_CIN,2018,NA,2018-11-11,Regular Season,FALSE,CIN,NO,14,51,L,NO,37,65,FiveThirtyEight
2018_2018-11-11_ARI_KC,2018,NA,2018-11-11,Regular Season,FALSE,KC,ARI,26,14,W,KC,12,40,FiveThirtyEight
2018_2018-11-11_WAS_TB,2018,NA,2018-11-11,Regular Season,FALSE,TB,WAS,3,16,L,WAS,13,19,FiveThirtyEight
2018_2018-11-11_BUF_NYJ,2018,NA,2018-11-11,Regular Season,FALSE,NYJ,BUF,10,41,L,BUF,31,51,FiveThirtyEight
2018_2018-11-11_DET_CHI,2018,NA,2018-11-11,Regular Season,FALSE,CHI,DET,34,22,W,CHI,12,56,FiveThirtyEight
2018_2018-11-11_NE_TEN,2018,NA,2018-11-11,Regular Season,FALSE,TEN,NE,34,10,W,TEN,24,44,FiveThirtyEight
2018_2018-11-11_JAX_IND,2018,NA,2018-11-11,Regular Season,FALSE,IND,JAX,29,26,W,IND,3,55,FiveThirtyEight
2018_2018-11-11_ATL_CLE,2018,NA,2018-11-11,Regular Season,FALSE,CLE,ATL,28,16,W,CLE,12,44,FiveThirtyEight
2018_2018-11-11_LAC_LV,2018,NA,2018-11-11,Regular Season,FALSE,LV,LAC,6,20,L,LAC,14,26,FiveThirtyEight
2018_2018-11-11_MIA_GB,2018,NA,2018-11-11,Regular Season,FALSE,GB,MIA,31,12,W,GB,19,43,FiveThirtyEight
2018_2018-11-11_SEA_LA,2018,NA,2018-11-11,Regular Season,FALSE,LA,SEA,36,31,W,LA,5,67,FiveThirtyEight
2018_2018-11-11_DAL_PHI,2018,NA,2018-11-11,Regular Season,FALSE,PHI,DAL,20,27,L,DAL,7,47,FiveThirtyEight
2018_2018-11-12_NYG_SF,2018,NA,2018-11-12,Regular Season,FALSE,SF,NYG,23,27,L,NYG,4,50,FiveThirtyEight
2018_2018-11-15_GB_SEA,2018,NA,2018-11-15,Regular Season,FALSE,SEA,GB,27,24,W,SEA,3,51,FiveThirtyEight
2018_2018-11-18_CIN_BAL,2018,NA,2018-11-18,Regular Season,FALSE,BAL,CIN,24,21,W,BAL,3,45,FiveThirtyEight
2018_2018-11-18_PIT_JAX,2018,NA,2018-11-18,Regular Season,FALSE,JAX,PIT,16,20,L,PIT,4,36,FiveThirtyEight
2018_2018-11-18_CAR_DET,2018,NA,2018-11-18,Regular Season,FALSE,DET,CAR,20,19,W,DET,1,39,FiveThirtyEight
2018_2018-11-18_DAL_ATL,2018,NA,2018-11-18,Regular Season,FALSE,ATL,DAL,19,22,L,DAL,3,41,FiveThirtyEight
2018_2018-11-18_TB_NYG,2018,NA,2018-11-18,Regular Season,FALSE,NYG,TB,38,35,W,NYG,3,73,FiveThirtyEight
2018_2018-11-18_HOU_WAS,2018,NA,2018-11-18,Regular Season,FALSE,WAS,HOU,21,23,L,HOU,2,44,FiveThirtyEight
2018_2018-11-18_TEN_IND,2018,NA,2018-11-18,Regular Season,FALSE,IND,TEN,38,10,W,IND,28,48,FiveThirtyEight
2018_2018-11-18_DEN_LAC,2018,NA,2018-11-18,Regular Season,FALSE,LAC,DEN,22,23,L,DEN,1,45,FiveThirtyEight
2018_2018-11-18_LV_ARI,2018,NA,2018-11-18,Regular Season,FALSE,ARI,LV,21,23,L,LV,2,44,FiveThirtyEight
2018_2018-11-18_PHI_NO,2018,NA,2018-11-18,Regular Season,FALSE,NO,PHI,48,7,W,NO,41,55,FiveThirtyEight
2018_2018-11-18_MIN_CHI,2018,NA,2018-11-18,Regular Season,FALSE,CHI,MIN,25,20,W,CHI,5,45,FiveThirtyEight
2018_2018-11-19_KC_LA,2018,NA,2018-11-19,Regular Season,FALSE,LA,KC,54,51,W,LA,3,105,FiveThirtyEight
2018_2018-11-22_CHI_DET,2018,NA,2018-11-22,Regular Season,FALSE,DET,CHI,16,23,L,CHI,7,39,FiveThirtyEight
2018_2018-11-22_WAS_DAL,2018,NA,2018-11-22,Regular Season,FALSE,DAL,WAS,31,23,W,DAL,8,54,FiveThirtyEight
2018_2018-11-22_ATL_NO,2018,NA,2018-11-22,Regular Season,FALSE,NO,ATL,31,17,W,NO,14,48,FiveThirtyEight
2018_2018-11-25_NYG_PHI,2018,NA,2018-11-25,Regular Season,FALSE,PHI,NYG,25,22,W,PHI,3,47,FiveThirtyEight
2018_2018-11-25_SF_TB,2018,NA,2018-11-25,Regular Season,FALSE,TB,SF,27,9,W,TB,18,36,FiveThirtyEight
2018_2018-11-25_NE_NYJ,2018,NA,2018-11-25,Regular Season,FALSE,NYJ,NE,13,27,L,NE,14,40,FiveThirtyEight
2018_2018-11-25_LV_BAL,2018,NA,2018-11-25,Regular Season,FALSE,BAL,LV,34,17,W,BAL,17,51,FiveThirtyEight
2018_2018-11-25_SEA_CAR,2018,NA,2018-11-25,Regular Season,FALSE,CAR,SEA,27,30,L,SEA,3,57,FiveThirtyEight
2018_2018-11-25_CLE_CIN,2018,NA,2018-11-25,Regular Season,FALSE,CIN,CLE,20,35,L,CLE,15,55,FiveThirtyEight
2018_2018-11-25_JAX_BUF,2018,NA,2018-11-25,Regular Season,FALSE,BUF,JAX,24,21,W,BUF,3,45,FiveThirtyEight
2018_2018-11-25_ARI_LAC,2018,NA,2018-11-25,Regular Season,FALSE,LAC,ARI,45,10,W,LAC,35,55,FiveThirtyEight
2018_2018-11-25_PIT_DEN,2018,NA,2018-11-25,Regular Season,FALSE,DEN,PIT,24,17,W,DEN,7,41,FiveThirtyEight
2018_2018-11-25_MIA_IND,2018,NA,2018-11-25,Regular Season,FALSE,IND,MIA,27,24,W,IND,3,51,FiveThirtyEight
2018_2018-11-25_GB_MIN,2018,NA,2018-11-25,Regular Season,FALSE,MIN,GB,24,17,W,MIN,7,41,FiveThirtyEight
2018_2018-11-26_TEN_HOU,2018,NA,2018-11-26,Regular Season,FALSE,HOU,TEN,34,17,W,HOU,17,51,FiveThirtyEight
2018_2018-11-29_NO_DAL,2018,NA,2018-11-29,Regular Season,FALSE,DAL,NO,13,10,W,DAL,3,23,FiveThirtyEight
2018_2018-12-02_IND_JAX,2018,NA,2018-12-02,Regular Season,FALSE,JAX,IND,6,0,W,JAX,6,6,FiveThirtyEight
2018_2018-12-02_ARI_GB,2018,NA,2018-12-02,Regular Season,FALSE,GB,ARI,17,20,L,ARI,3,37,FiveThirtyEight
2018_2018-12-02_CLE_HOU,2018,NA,2018-12-02,Regular Season,FALSE,HOU,CLE,29,13,W,HOU,16,42,FiveThirtyEight
2018_2018-12-02_CAR_TB,2018,NA,2018-12-02,Regular Season,FALSE,TB,CAR,24,17,W,TB,7,41,FiveThirtyEight
2018_2018-12-02_CHI_NYG,2018,NA,2018-12-02,Regular Season,FALSE,NYG,CHI,30,27,W,NYG,3,57,FiveThirtyEight
2018_2018-12-02_DEN_CIN,2018,NA,2018-12-02,Regular Season,FALSE,CIN,DEN,10,24,L,DEN,14,34,FiveThirtyEight
2018_2018-12-02_LA_DET,2018,NA,2018-12-02,Regular Season,FALSE,DET,LA,16,30,L,LA,14,46,FiveThirtyEight
2018_2018-12-02_BUF_MIA,2018,NA,2018-12-02,Regular Season,FALSE,MIA,BUF,21,17,W,MIA,4,38,FiveThirtyEight
2018_2018-12-02_BAL_ATL,2018,NA,2018-12-02,Regular Season,FALSE,ATL,BAL,16,26,L,BAL,10,42,FiveThirtyEight
2018_2018-12-02_NYJ_TEN,2018,NA,2018-12-02,Regular Season,FALSE,TEN,NYJ,26,22,W,TEN,4,48,FiveThirtyEight
2018_2018-12-02_KC_LV,2018,NA,2018-12-02,Regular Season,FALSE,LV,KC,33,40,L,KC,7,73,FiveThirtyEight
2018_2018-12-02_MIN_NE,2018,NA,2018-12-02,Regular Season,FALSE,NE,MIN,24,10,W,NE,14,34,FiveThirtyEight
2018_2018-12-02_SF_SEA,2018,NA,2018-12-02,Regular Season,FALSE,SEA,SF,43,16,W,SEA,27,59,FiveThirtyEight
2018_2018-12-02_LAC_PIT,2018,NA,2018-12-02,Regular Season,FALSE,PIT,LAC,30,33,L,LAC,3,63,FiveThirtyEight
2018_2018-12-03_WAS_PHI,2018,NA,2018-12-03,Regular Season,FALSE,PHI,WAS,28,13,W,PHI,15,41,FiveThirtyEight
2018_2018-12-06_JAX_TEN,2018,NA,2018-12-06,Regular Season,FALSE,TEN,JAX,30,9,W,TEN,21,39,FiveThirtyEight
2018_2018-12-09_BAL_KC,2018,NA,2018-12-09,Regular Season,FALSE,KC,BAL,27,24,W,KC,3,51,FiveThirtyEight
2018_2018-12-09_ATL_GB,2018,NA,2018-12-09,Regular Season,FALSE,GB,ATL,34,20,W,GB,14,54,FiveThirtyEight
2018_2018-12-09_CAR_CLE,2018,NA,2018-12-09,Regular Season,FALSE,CLE,CAR,26,20,W,CLE,6,46,FiveThirtyEight
2018_2018-12-09_IND_HOU,2018,NA,2018-12-09,Regular Season,FALSE,HOU,IND,21,24,L,IND,3,45,FiveThirtyEight
2018_2018-12-09_NE_MIA,2018,NA,2018-12-09,Regular Season,FALSE,MIA,NE,34,33,W,MIA,1,67,FiveThirtyEight
2018_2018-12-09_NO_TB,2018,NA,2018-12-09,Regular Season,FALSE,TB,NO,14,28,L,NO,14,42,FiveThirtyEight
2018_2018-12-09_NYG_WAS,2018,NA,2018-12-09,Regular Season,FALSE,WAS,NYG,16,40,L,NYG,24,56,FiveThirtyEight
2018_2018-12-09_NYJ_BUF,2018,NA,2018-12-09,Regular Season,FALSE,BUF,NYJ,23,27,L,NYJ,4,50,FiveThirtyEight
2018_2018-12-09_DEN_SF,2018,NA,2018-12-09,Regular Season,FALSE,SF,DEN,20,14,W,SF,6,34,FiveThirtyEight
2018_2018-12-09_CIN_LAC,2018,NA,2018-12-09,Regular Season,FALSE,LAC,CIN,26,21,W,LAC,5,47,FiveThirtyEight
2018_2018-12-09_PHI_DAL,2018,NA,2018-12-09,Regular Season,FALSE,DAL,PHI,29,23,W,DAL,6,52,FiveThirtyEight
2018_2018-12-09_PIT_LV,2018,NA,2018-12-09,Regular Season,FALSE,LV,PIT,24,21,W,LV,3,45,FiveThirtyEight
2018_2018-12-09_DET_ARI,2018,NA,2018-12-09,Regular Season,FALSE,ARI,DET,3,17,L,DET,14,20,FiveThirtyEight
2018_2018-12-09_LA_CHI,2018,NA,2018-12-09,Regular Season,FALSE,CHI,LA,15,6,W,CHI,9,21,FiveThirtyEight
2018_2018-12-10_MIN_SEA,2018,NA,2018-12-10,Regular Season,FALSE,SEA,MIN,21,7,W,SEA,14,28,FiveThirtyEight
2018_2018-12-13_LAC_KC,2018,NA,2018-12-13,Regular Season,FALSE,KC,LAC,28,29,L,LAC,1,57,FiveThirtyEight
2018_2018-12-15_HOU_NYJ,2018,NA,2018-12-15,Regular Season,FALSE,NYJ,HOU,22,29,L,HOU,7,51,FiveThirtyEight
2018_2018-12-15_CLE_DEN,2018,NA,2018-12-15,Regular Season,FALSE,DEN,CLE,16,17,L,CLE,1,33,FiveThirtyEight
2018_2018-12-16_DET_BUF,2018,NA,2018-12-16,Regular Season,FALSE,BUF,DET,14,13,W,BUF,1,27,FiveThirtyEight
2018_2018-12-16_GB_CHI,2018,NA,2018-12-16,Regular Season,FALSE,CHI,GB,24,17,W,CHI,7,41,FiveThirtyEight
2018_2018-12-16_LV_CIN,2018,NA,2018-12-16,Regular Season,FALSE,CIN,LV,30,16,W,CIN,14,46,FiveThirtyEight
2018_2018-12-16_TEN_NYG,2018,NA,2018-12-16,Regular Season,FALSE,NYG,TEN,0,17,L,TEN,17,17,FiveThirtyEight
2018_2018-12-16_MIA_MIN,2018,NA,2018-12-16,Regular Season,FALSE,MIN,MIA,41,17,W,MIN,24,58,FiveThirtyEight
2018_2018-12-16_WAS_JAX,2018,NA,2018-12-16,Regular Season,FALSE,JAX,WAS,13,16,L,WAS,3,29,FiveThirtyEight
2018_2018-12-16_TB_BAL,2018,NA,2018-12-16,Regular Season,FALSE,BAL,TB,20,12,W,BAL,8,32,FiveThirtyEight
2018_2018-12-16_DAL_IND,2018,NA,2018-12-16,Regular Season,FALSE,IND,DAL,23,0,W,IND,23,23,FiveThirtyEight
2018_2018-12-16_ARI_ATL,2018,NA,2018-12-16,Regular Season,FALSE,ATL,ARI,40,14,W,ATL,26,54,FiveThirtyEight
2018_2018-12-16_SEA_SF,2018,NA,2018-12-16,Regular Season,FALSE,SF,SEA,26,23,W,SF,3,49,FiveThirtyEight
2018_2018-12-16_NE_PIT,2018,NA,2018-12-16,Regular Season,FALSE,PIT,NE,17,10,W,PIT,7,27,FiveThirtyEight
2018_2018-12-16_PHI_LA,2018,NA,2018-12-16,Regular Season,FALSE,LA,PHI,23,30,L,PHI,7,53,FiveThirtyEight
2018_2018-12-17_NO_CAR,2018,NA,2018-12-17,Regular Season,FALSE,CAR,NO,9,12,L,NO,3,21,FiveThirtyEight
2018_2018-12-22_WAS_TEN,2018,NA,2018-12-22,Regular Season,FALSE,TEN,WAS,25,16,W,TEN,9,41,FiveThirtyEight
2018_2018-12-22_BAL_LAC,2018,NA,2018-12-22,Regular Season,FALSE,LAC,BAL,10,22,L,BAL,12,32,FiveThirtyEight
2018_2018-12-23_JAX_MIA,2018,NA,2018-12-23,Regular Season,FALSE,MIA,JAX,7,17,L,JAX,10,24,FiveThirtyEight
2018_2018-12-23_HOU_PHI,2018,NA,2018-12-23,Regular Season,FALSE,PHI,HOU,32,30,W,PHI,2,62,FiveThirtyEight
2018_2018-12-23_GB_NYJ,2018,NA,2018-12-23,Regular Season,FALSE,NYJ,GB,38,44,L,GB,6,82,FiveThirtyEight
2018_2018-12-23_NYG_IND,2018,NA,2018-12-23,Regular Season,FALSE,IND,NYG,28,27,W,IND,1,55,FiveThirtyEight
2018_2018-12-23_BUF_NE,2018,NA,2018-12-23,Regular Season,FALSE,NE,BUF,24,12,W,NE,12,36,FiveThirtyEight
2018_2018-12-23_ATL_CAR,2018,NA,2018-12-23,Regular Season,FALSE,CAR,ATL,10,24,L,ATL,14,34,FiveThirtyEight
2018_2018-12-23_TB_DAL,2018,NA,2018-12-23,Regular Season,FALSE,DAL,TB,27,20,W,DAL,7,47,FiveThirtyEight
2018_2018-12-23_CIN_CLE,2018,NA,2018-12-23,Regular Season,FALSE,CLE,CIN,26,18,W,CLE,8,44,FiveThirtyEight
2018_2018-12-23_MIN_DET,2018,NA,2018-12-23,Regular Season,FALSE,DET,MIN,9,27,L,MIN,18,36,FiveThirtyEight
2018_2018-12-23_CHI_SF,2018,NA,2018-12-23,Regular Season,FALSE,SF,CHI,9,14,L,CHI,5,23,FiveThirtyEight
2018_2018-12-23_LA_ARI,2018,NA,2018-12-23,Regular Season,FALSE,ARI,LA,9,31,L,LA,22,40,FiveThirtyEight
2018_2018-12-23_PIT_NO,2018,NA,2018-12-23,Regular Season,FALSE,NO,PIT,31,28,W,NO,3,59,FiveThirtyEight
2018_2018-12-23_KC_SEA,2018,NA,2018-12-23,Regular Season,FALSE,SEA,KC,38,31,W,SEA,7,69,FiveThirtyEight
2018_2018-12-24_DEN_LV,2018,NA,2018-12-24,Regular Season,FALSE,LV,DEN,27,14,W,LV,13,41,FiveThirtyEight
2018_2018-12-30_MIA_BUF,2018,NA,2018-12-30,Regular Season,FALSE,BUF,MIA,42,17,W,BUF,25,59,FiveThirtyEight
2018_2018-12-30_NYJ_NE,2018,NA,2018-12-30,Regular Season,FALSE,NE,NYJ,38,3,W,NE,35,41,FiveThirtyEight
2018_2018-12-30_DET_GB,2018,NA,2018-12-30,Regular Season,FALSE,GB,DET,0,31,L,DET,31,31,FiveThirtyEight
2018_2018-12-30_JAX_HOU,2018,NA,2018-12-30,Regular Season,FALSE,HOU,JAX,20,3,W,HOU,17,23,FiveThirtyEight
2018_2018-12-30_ATL_TB,2018,NA,2018-12-30,Regular Season,FALSE,TB,ATL,32,34,L,ATL,2,66,FiveThirtyEight
2018_2018-12-30_DAL_NYG,2018,NA,2018-12-30,Regular Season,FALSE,NYG,DAL,35,36,L,DAL,1,71,FiveThirtyEight
2018_2018-12-30_CAR_NO,2018,NA,2018-12-30,Regular Season,FALSE,NO,CAR,14,33,L,CAR,19,47,FiveThirtyEight
2018_2018-12-30_PHI_WAS,2018,NA,2018-12-30,Regular Season,FALSE,WAS,PHI,0,24,L,PHI,24,24,FiveThirtyEight
2018_2018-12-30_ARI_SEA,2018,NA,2018-12-30,Regular Season,FALSE,SEA,ARI,27,24,W,SEA,3,51,FiveThirtyEight
2018_2018-12-30_SF_LA,2018,NA,2018-12-30,Regular Season,FALSE,LA,SF,48,32,W,LA,16,80,FiveThirtyEight
2018_2018-12-30_LV_KC,2018,NA,2018-12-30,Regular Season,FALSE,KC,LV,35,3,W,KC,32,38,FiveThirtyEight
2018_2018-12-30_LAC_DEN,2018,NA,2018-12-30,Regular Season,FALSE,DEN,LAC,9,23,L,LAC,14,32,FiveThirtyEight
2018_2018-12-30_CHI_MIN,2018,NA,2018-12-30,Regular Season,FALSE,MIN,CHI,10,24,L,CHI,14,34,FiveThirtyEight
2018_2018-12-30_CLE_BAL,2018,NA,2018-12-30,Regular Season,FALSE,BAL,CLE,26,24,W,BAL,2,50,FiveThirtyEight
2018_2018-12-30_CIN_PIT,2018,NA,2018-12-30,Regular Season,FALSE,PIT,CIN,16,13,W,PIT,3,29,FiveThirtyEight
2018_2018-12-30_IND_TEN,2018,NA,2018-12-30,Regular Season,FALSE,TEN,IND,17,33,L,IND,16,50,FiveThirtyEight
2019_2019-09-05_GB_CHI,2019,NA,2019-09-05,Regular Season,FALSE,CHI,GB,3,10,L,GB,7,13,FiveThirtyEight
2019_2019-09-08_BUF_NYJ,2019,NA,2019-09-08,Regular Season,FALSE,NYJ,BUF,16,17,L,BUF,1,33,FiveThirtyEight
2019_2019-09-08_BAL_MIA,2019,NA,2019-09-08,Regular Season,FALSE,MIA,BAL,10,59,L,BAL,49,69,FiveThirtyEight
2019_2019-09-08_ATL_MIN,2019,NA,2019-09-08,Regular Season,FALSE,MIN,ATL,28,12,W,MIN,16,40,FiveThirtyEight
2019_2019-09-08_TEN_CLE,2019,NA,2019-09-08,Regular Season,FALSE,CLE,TEN,13,43,L,TEN,30,56,FiveThirtyEight
2019_2019-09-08_WAS_PHI,2019,NA,2019-09-08,Regular Season,FALSE,PHI,WAS,32,27,W,PHI,5,59,FiveThirtyEight
2019_2019-09-08_LA_CAR,2019,NA,2019-09-08,Regular Season,FALSE,CAR,LA,27,30,L,LA,3,57,FiveThirtyEight
2019_2019-09-08_KC_JAX,2019,NA,2019-09-08,Regular Season,FALSE,JAX,KC,26,40,L,KC,14,66,FiveThirtyEight
2019_2019-09-08_CIN_SEA,2019,NA,2019-09-08,Regular Season,FALSE,SEA,CIN,21,20,W,SEA,1,41,FiveThirtyEight
2019_2019-09-08_IND_LAC,2019,NA,2019-09-08,Regular Season,FALSE,LAC,IND,30,24,W,LAC,6,54,FiveThirtyEight
2019_2019-09-08_NYG_DAL,2019,NA,2019-09-08,Regular Season,FALSE,DAL,NYG,35,17,W,DAL,18,52,FiveThirtyEight
2019_2019-09-08_SF_TB,2019,NA,2019-09-08,Regular Season,FALSE,TB,SF,17,31,L,SF,14,48,FiveThirtyEight
2019_2019-09-08_DET_ARI,2019,NA,2019-09-08,Regular Season,FALSE,ARI,DET,27,27,T,Tie,0,54,FiveThirtyEight
2019_2019-09-08_PIT_NE,2019,NA,2019-09-08,Regular Season,FALSE,NE,PIT,33,3,W,NE,30,36,FiveThirtyEight
2019_2019-09-09_HOU_NO,2019,NA,2019-09-09,Regular Season,FALSE,NO,HOU,30,28,W,NO,2,58,FiveThirtyEight
2019_2019-09-09_DEN_LV,2019,NA,2019-09-09,Regular Season,FALSE,LV,DEN,24,16,W,LV,8,40,FiveThirtyEight
2019_2019-09-12_TB_CAR,2019,NA,2019-09-12,Regular Season,FALSE,CAR,TB,14,20,L,TB,6,34,FiveThirtyEight
2019_2019-09-15_ARI_BAL,2019,NA,2019-09-15,Regular Season,FALSE,BAL,ARI,23,17,W,BAL,6,40,FiveThirtyEight
2019_2019-09-15_DAL_WAS,2019,NA,2019-09-15,Regular Season,FALSE,WAS,DAL,21,31,L,DAL,10,52,FiveThirtyEight
2019_2019-09-15_IND_TEN,2019,NA,2019-09-15,Regular Season,FALSE,TEN,IND,17,19,L,IND,2,36,FiveThirtyEight
2019_2019-09-15_SF_CIN,2019,NA,2019-09-15,Regular Season,FALSE,CIN,SF,17,41,L,SF,24,58,FiveThirtyEight
2019_2019-09-15_SEA_PIT,2019,NA,2019-09-15,Regular Season,FALSE,PIT,SEA,26,28,L,SEA,2,54,FiveThirtyEight
2019_2019-09-15_MIN_GB,2019,NA,2019-09-15,Regular Season,FALSE,GB,MIN,21,16,W,GB,5,37,FiveThirtyEight
2019_2019-09-15_LAC_DET,2019,NA,2019-09-15,Regular Season,FALSE,DET,LAC,13,10,W,DET,3,23,FiveThirtyEight
2019_2019-09-15_JAX_HOU,2019,NA,2019-09-15,Regular Season,FALSE,HOU,JAX,13,12,W,HOU,1,25,FiveThirtyEight
2019_2019-09-15_BUF_NYG,2019,NA,2019-09-15,Regular Season,FALSE,NYG,BUF,14,28,L,BUF,14,42,FiveThirtyEight
2019_2019-09-15_NE_MIA,2019,NA,2019-09-15,Regular Season,FALSE,MIA,NE,0,43,L,NE,43,43,FiveThirtyEight
2019_2019-09-15_KC_LV,2019,NA,2019-09-15,Regular Season,FALSE,LV,KC,10,28,L,KC,18,38,FiveThirtyEight
2019_2019-09-15_CHI_DEN,2019,NA,2019-09-15,Regular Season,FALSE,DEN,CHI,14,16,L,CHI,2,30,FiveThirtyEight
2019_2019-09-15_NO_LA,2019,NA,2019-09-15,Regular Season,FALSE,LA,NO,27,9,W,LA,18,36,FiveThirtyEight
2019_2019-09-15_PHI_ATL,2019,NA,2019-09-15,Regular Season,FALSE,ATL,PHI,24,20,W,ATL,4,44,FiveThirtyEight
2019_2019-09-16_CLE_NYJ,2019,NA,2019-09-16,Regular Season,FALSE,NYJ,CLE,3,23,L,CLE,20,26,FiveThirtyEight
2019_2019-09-19_TEN_JAX,2019,NA,2019-09-19,Regular Season,FALSE,JAX,TEN,20,7,W,JAX,13,27,FiveThirtyEight
2019_2019-09-22_CIN_BUF,2019,NA,2019-09-22,Regular Season,FALSE,BUF,CIN,21,17,W,BUF,4,38,FiveThirtyEight
2019_2019-09-22_MIA_DAL,2019,NA,2019-09-22,Regular Season,FALSE,DAL,MIA,31,6,W,DAL,25,37,FiveThirtyEight
2019_2019-09-22_LV_MIN,2019,NA,2019-09-22,Regular Season,FALSE,MIN,LV,34,14,W,MIN,20,48,FiveThirtyEight
2019_2019-09-22_ATL_IND,2019,NA,2019-09-22,Regular Season,FALSE,IND,ATL,27,24,W,IND,3,51,FiveThirtyEight
2019_2019-09-22_DEN_GB,2019,NA,2019-09-22,Regular Season,FALSE,GB,DEN,27,16,W,GB,11,43,FiveThirtyEight
2019_2019-09-22_BAL_KC,2019,NA,2019-09-22,Regular Season,FALSE,KC,BAL,33,28,W,KC,5,61,FiveThirtyEight
2019_2019-09-22_DET_PHI,2019,NA,2019-09-22,Regular Season,FALSE,PHI,DET,24,27,L,DET,3,51,FiveThirtyEight
2019_2019-09-22_NYJ_NE,2019,NA,2019-09-22,Regular Season,FALSE,NE,NYJ,30,14,W,NE,16,44,FiveThirtyEight
2019_2019-09-22_NYG_TB,2019,NA,2019-09-22,Regular Season,FALSE,TB,NYG,31,32,L,NYG,1,63,FiveThirtyEight
2019_2019-09-22_CAR_ARI,2019,NA,2019-09-22,Regular Season,FALSE,ARI,CAR,20,38,L,CAR,18,58,FiveThirtyEight
2019_2019-09-22_PIT_SF,2019,NA,2019-09-22,Regular Season,FALSE,SF,PIT,24,20,W,SF,4,44,FiveThirtyEight
2019_2019-09-22_NO_SEA,2019,NA,2019-09-22,Regular Season,FALSE,SEA,NO,27,33,L,NO,6,60,FiveThirtyEight
2019_2019-09-22_HOU_LAC,2019,NA,2019-09-22,Regular Season,FALSE,LAC,HOU,20,27,L,HOU,7,47,FiveThirtyEight
2019_2019-09-22_LA_CLE,2019,NA,2019-09-22,Regular Season,FALSE,CLE,LA,13,20,L,LA,7,33,FiveThirtyEight
2019_2019-09-23_CHI_WAS,2019,NA,2019-09-23,Regular Season,FALSE,WAS,CHI,15,31,L,CHI,16,46,FiveThirtyEight
2019_2019-09-26_PHI_GB,2019,NA,2019-09-26,Regular Season,FALSE,GB,PHI,27,34,L,PHI,7,61,FiveThirtyEight
2019_2019-09-29_TEN_ATL,2019,NA,2019-09-29,Regular Season,FALSE,ATL,TEN,10,24,L,TEN,14,34,FiveThirtyEight
2019_2019-09-29_WAS_NYG,2019,NA,2019-09-29,Regular Season,FALSE,NYG,WAS,24,3,W,NYG,21,27,FiveThirtyEight
2019_2019-09-29_NE_BUF,2019,NA,2019-09-29,Regular Season,FALSE,BUF,NE,10,16,L,NE,6,26,FiveThirtyEight
2019_2019-09-29_LV_IND,2019,NA,2019-09-29,Regular Season,FALSE,IND,LV,24,31,L,LV,7,55,FiveThirtyEight
2019_2019-09-29_CAR_HOU,2019,NA,2019-09-29,Regular Season,FALSE,HOU,CAR,10,16,L,CAR,6,26,FiveThirtyEight
2019_2019-09-29_LAC_MIA,2019,NA,2019-09-29,Regular Season,FALSE,MIA,LAC,10,30,L,LAC,20,40,FiveThirtyEight
2019_2019-09-29_CLE_BAL,2019,NA,2019-09-29,Regular Season,FALSE,BAL,CLE,25,40,L,CLE,15,65,FiveThirtyEight
2019_2019-09-29_KC_DET,2019,NA,2019-09-29,Regular Season,FALSE,DET,KC,30,34,L,KC,4,64,FiveThirtyEight
2019_2019-09-29_TB_LA,2019,NA,2019-09-29,Regular Season,FALSE,LA,TB,40,55,L,TB,15,95,FiveThirtyEight
2019_2019-09-29_SEA_ARI,2019,NA,2019-09-29,Regular Season,FALSE,ARI,SEA,10,27,L,SEA,17,37,FiveThirtyEight
2019_2019-09-29_MIN_CHI,2019,NA,2019-09-29,Regular Season,FALSE,CHI,MIN,16,6,W,CHI,10,22,FiveThirtyEight
2019_2019-09-29_JAX_DEN,2019,NA,2019-09-29,Regular Season,FALSE,DEN,JAX,24,26,L,JAX,2,50,FiveThirtyEight
2019_2019-09-29_DAL_NO,2019,NA,2019-09-29,Regular Season,FALSE,NO,DAL,12,10,W,NO,2,22,FiveThirtyEight
2019_2019-09-30_CIN_PIT,2019,NA,2019-09-30,Regular Season,FALSE,PIT,CIN,27,3,W,PIT,24,30,FiveThirtyEight
2019_2019-10-03_LA_SEA,2019,NA,2019-10-03,Regular Season,FALSE,SEA,LA,30,29,W,SEA,1,59,FiveThirtyEight
2019_2019-10-06_ATL_HOU,2019,NA,2019-10-06,Regular Season,FALSE,HOU,ATL,53,32,W,HOU,21,85,FiveThirtyEight
2019_2019-10-06_MIN_NYG,2019,NA,2019-10-06,Regular Season,FALSE,NYG,MIN,10,28,L,MIN,18,38,FiveThirtyEight
2019_2019-10-06_BUF_TEN,2019,NA,2019-10-06,Regular Season,FALSE,TEN,BUF,7,14,L,BUF,7,21,FiveThirtyEight
2019_2019-10-06_CHI_LV,2019,NA,2019-10-06,Regular Season,TRUE,LV,CHI,24,21,W,LV,3,45,FiveThirtyEight
2019_2019-10-06_BAL_PIT,2019,NA,2019-10-06,Regular Season,FALSE,PIT,BAL,23,26,L,BAL,3,49,FiveThirtyEight
2019_2019-10-06_NYJ_PHI,2019,NA,2019-10-06,Regular Season,FALSE,PHI,NYJ,31,6,W,PHI,25,37,FiveThirtyEight
2019_2019-10-06_NE_WAS,2019,NA,2019-10-06,Regular Season,FALSE,WAS,NE,7,33,L,NE,26,40,FiveThirtyEight
2019_2019-10-06_TB_NO,2019,NA,2019-10-06,Regular Season,FALSE,NO,TB,31,24,W,NO,7,55,FiveThirtyEight
2019_2019-10-06_ARI_CIN,2019,NA,2019-10-06,Regular Season,FALSE,CIN,ARI,23,26,L,ARI,3,49,FiveThirtyEight
2019_2019-10-06_JAX_CAR,2019,NA,2019-10-06,Regular Season,FALSE,CAR,JAX,34,27,W,CAR,7,61,FiveThirtyEight
2019_2019-10-06_DEN_LAC,2019,NA,2019-10-06,Regular Season,FALSE,LAC,DEN,13,20,L,DEN,7,33,FiveThirtyEight
2019_2019-10-06_GB_DAL,2019,NA,2019-10-06,Regular Season,FALSE,DAL,GB,24,34,L,GB,10,58,FiveThirtyEight
2019_2019-10-06_IND_KC,2019,NA,2019-10-06,Regular Season,FALSE,KC,IND,13,19,L,IND,6,32,FiveThirtyEight
2019_2019-10-07_CLE_SF,2019,NA,2019-10-07,Regular Season,FALSE,SF,CLE,31,3,W,SF,28,34,FiveThirtyEight
2019_2019-10-10_NYG_NE,2019,NA,2019-10-10,Regular Season,FALSE,NE,NYG,35,14,W,NE,21,49,FiveThirtyEight
2019_2019-10-13_CAR_TB,2019,NA,2019-10-13,Regular Season,TRUE,TB,CAR,26,37,L,CAR,11,63,FiveThirtyEight
2019_2019-10-13_HOU_KC,2019,NA,2019-10-13,Regular Season,FALSE,KC,HOU,24,31,L,HOU,7,55,FiveThirtyEight
2019_2019-10-13_CIN_BAL,2019,NA,2019-10-13,Regular Season,FALSE,BAL,CIN,23,17,W,BAL,6,40,FiveThirtyEight
2019_2019-10-13_SEA_CLE,2019,NA,2019-10-13,Regular Season,FALSE,CLE,SEA,28,32,L,SEA,4,60,FiveThirtyEight
2019_2019-10-13_NO_JAX,2019,NA,2019-10-13,Regular Season,FALSE,JAX,NO,6,13,L,NO,7,19,FiveThirtyEight
2019_2019-10-13_PHI_MIN,2019,NA,2019-10-13,Regular Season,FALSE,MIN,PHI,38,20,W,MIN,18,58,FiveThirtyEight
2019_2019-10-13_WAS_MIA,2019,NA,2019-10-13,Regular Season,FALSE,MIA,WAS,16,17,L,WAS,1,33,FiveThirtyEight
2019_2019-10-13_ATL_ARI,2019,NA,2019-10-13,Regular Season,FALSE,ARI,ATL,34,33,W,ARI,1,67,FiveThirtyEight
2019_2019-10-13_SF_LA,2019,NA,2019-10-13,Regular Season,FALSE,LA,SF,7,20,L,SF,13,27,FiveThirtyEight
2019_2019-10-13_TEN_DEN,2019,NA,2019-10-13,Regular Season,FALSE,DEN,TEN,16,0,W,DEN,16,16,FiveThirtyEight
2019_2019-10-13_DAL_NYJ,2019,NA,2019-10-13,Regular Season,FALSE,NYJ,DAL,24,22,W,NYJ,2,46,FiveThirtyEight
2019_2019-10-13_PIT_LAC,2019,NA,2019-10-13,Regular Season,FALSE,LAC,PIT,17,24,L,PIT,7,41,FiveThirtyEight
2019_2019-10-14_DET_GB,2019,NA,2019-10-14,Regular Season,FALSE,GB,DET,23,22,W,GB,1,45,FiveThirtyEight
2019_2019-10-17_KC_DEN,2019,NA,2019-10-17,Regular Season,FALSE,DEN,KC,6,30,L,KC,24,36,FiveThirtyEight
2019_2019-10-20_SF_WAS,2019,NA,2019-10-20,Regular Season,FALSE,WAS,SF,0,9,L,SF,9,9,FiveThirtyEight
2019_2019-10-20_MIN_DET,2019,NA,2019-10-20,Regular Season,FALSE,DET,MIN,30,42,L,MIN,12,72,FiveThirtyEight
2019_2019-10-20_HOU_IND,2019,NA,2019-10-20,Regular Season,FALSE,IND,HOU,30,23,W,IND,7,53,FiveThirtyEight
2019_2019-10-20_ARI_NYG,2019,NA,2019-10-20,Regular Season,FALSE,NYG,ARI,21,27,L,ARI,6,48,FiveThirtyEight
2019_2019-10-20_JAX_CIN,2019,NA,2019-10-20,Regular Season,FALSE,CIN,JAX,17,27,L,JAX,10,44,FiveThirtyEight
2019_2019-10-20_LV_GB,2019,NA,2019-10-20,Regular Season,FALSE,GB,LV,42,24,W,GB,18,66,FiveThirtyEight
2019_2019-10-20_LA_ATL,2019,NA,2019-10-20,Regular Season,FALSE,ATL,LA,10,37,L,LA,27,47,FiveThirtyEight
2019_2019-10-20_MIA_BUF,2019,NA,2019-10-20,Regular Season,FALSE,BUF,MIA,31,21,W,BUF,10,52,FiveThirtyEight
2019_2019-10-20_LAC_TEN,2019,NA,2019-10-20,Regular Season,FALSE,TEN,LAC,23,20,W,TEN,3,43,FiveThirtyEight
2019_2019-10-20_NO_CHI,2019,NA,2019-10-20,Regular Season,FALSE,CHI,NO,25,36,L,NO,11,61,FiveThirtyEight
2019_2019-10-20_BAL_SEA,2019,NA,2019-10-20,Regular Season,FALSE,SEA,BAL,16,30,L,BAL,14,46,FiveThirtyEight
2019_2019-10-20_PHI_DAL,2019,NA,2019-10-20,Regular Season,FALSE,DAL,PHI,37,10,W,DAL,27,47,FiveThirtyEight
2019_2019-10-21_NE_NYJ,2019,NA,2019-10-21,Regular Season,FALSE,NYJ,NE,0,33,L,NE,33,33,FiveThirtyEight
2019_2019-10-24_WAS_MIN,2019,NA,2019-10-24,Regular Season,FALSE,MIN,WAS,19,9,W,MIN,10,28,FiveThirtyEight
2019_2019-10-27_LAC_CHI,2019,NA,2019-10-27,Regular Season,FALSE,CHI,LAC,16,17,L,LAC,1,33,FiveThirtyEight
2019_2019-10-27_CIN_LA,2019,NA,2019-10-27,Regular Season,TRUE,LA,CIN,24,10,W,LA,14,34,FiveThirtyEight
2019_2019-10-27_PHI_BUF,2019,NA,2019-10-27,Regular Season,FALSE,BUF,PHI,13,31,L,PHI,18,44,FiveThirtyEight
2019_2019-10-27_TB_TEN,2019,NA,2019-10-27,Regular Season,FALSE,TEN,TB,27,23,W,TEN,4,50,FiveThirtyEight
2019_2019-10-27_SEA_ATL,2019,NA,2019-10-27,Regular Season,FALSE,ATL,SEA,20,27,L,SEA,7,47,FiveThirtyEight
2019_2019-10-27_NYJ_JAX,2019,NA,2019-10-27,Regular Season,FALSE,JAX,NYJ,29,15,W,JAX,14,44,FiveThirtyEight
2019_2019-10-27_NYG_DET,2019,NA,2019-10-27,Regular Season,FALSE,DET,NYG,31,26,W,DET,5,57,FiveThirtyEight
2019_2019-10-27_ARI_NO,2019,NA,2019-10-27,Regular Season,FALSE,NO,ARI,31,9,W,NO,22,40,FiveThirtyEight
2019_2019-10-27_DEN_IND,2019,NA,2019-10-27,Regular Season,FALSE,IND,DEN,15,13,W,IND,2,28,FiveThirtyEight
2019_2019-10-27_CAR_SF,2019,NA,2019-10-27,Regular Season,FALSE,SF,CAR,51,13,W,SF,38,64,FiveThirtyEight
2019_2019-10-27_LV_HOU,2019,NA,2019-10-27,Regular Season,FALSE,HOU,LV,27,24,W,HOU,3,51,FiveThirtyEight
2019_2019-10-27_CLE_NE,2019,NA,2019-10-27,Regular Season,FALSE,NE,CLE,27,13,W,NE,14,40,FiveThirtyEight
2019_2019-10-27_GB_KC,2019,NA,2019-10-27,Regular Season,FALSE,KC,GB,24,31,L,GB,7,55,FiveThirtyEight
2019_2019-10-28_MIA_PIT,2019,NA,2019-10-28,Regular Season,FALSE,PIT,MIA,27,14,W,PIT,13,41,FiveThirtyEight
2019_2019-10-31_SF_ARI,2019,NA,2019-10-31,Regular Season,FALSE,ARI,SF,25,28,L,SF,3,53,FiveThirtyEight
2019_2019-11-03_HOU_JAX,2019,NA,2019-11-03,Regular Season,TRUE,JAX,HOU,3,26,L,HOU,23,29,FiveThirtyEight
2019_2019-11-03_IND_PIT,2019,NA,2019-11-03,Regular Season,FALSE,PIT,IND,26,24,W,PIT,2,50,FiveThirtyEight
2019_2019-11-03_WAS_BUF,2019,NA,2019-11-03,Regular Season,FALSE,BUF,WAS,24,9,W,BUF,15,33,FiveThirtyEight
2019_2019-11-03_MIN_KC,2019,NA,2019-11-03,Regular Season,FALSE,KC,MIN,26,23,W,KC,3,49,FiveThirtyEight
2019_2019-11-03_CHI_PHI,2019,NA,2019-11-03,Regular Season,FALSE,PHI,CHI,22,14,W,PHI,8,36,FiveThirtyEight
2019_2019-11-03_NYJ_MIA,2019,NA,2019-11-03,Regular Season,FALSE,MIA,NYJ,26,18,W,MIA,8,44,FiveThirtyEight
2019_2019-11-03_TEN_CAR,2019,NA,2019-11-03,Regular Season,FALSE,CAR,TEN,30,20,W,CAR,10,50,FiveThirtyEight
2019_2019-11-03_TB_SEA,2019,NA,2019-11-03,Regular Season,FALSE,SEA,TB,40,34,W,SEA,6,74,FiveThirtyEight
2019_2019-11-03_DET_LV,2019,NA,2019-11-03,Regular Season,FALSE,LV,DET,31,24,W,LV,7,55,FiveThirtyEight
2019_2019-11-03_GB_LAC,2019,NA,2019-11-03,Regular Season,FALSE,LAC,GB,26,11,W,LAC,15,37,FiveThirtyEight
2019_2019-11-03_CLE_DEN,2019,NA,2019-11-03,Regular Season,FALSE,DEN,CLE,24,19,W,DEN,5,43,FiveThirtyEight
2019_2019-11-03_NE_BAL,2019,NA,2019-11-03,Regular Season,FALSE,BAL,NE,37,20,W,BAL,17,57,FiveThirtyEight
2019_2019-11-04_DAL_NYG,2019,NA,2019-11-04,Regular Season,FALSE,NYG,DAL,18,37,L,DAL,19,55,FiveThirtyEight
2019_2019-11-07_LAC_LV,2019,NA,2019-11-07,Regular Season,FALSE,LV,LAC,26,24,W,LV,2,50,FiveThirtyEight
2019_2019-11-10_NYG_NYJ,2019,NA,2019-11-10,Regular Season,FALSE,NYJ,NYG,34,27,W,NYJ,7,61,FiveThirtyEight
2019_2019-11-10_ARI_TB,2019,NA,2019-11-10,Regular Season,FALSE,TB,ARI,30,27,W,TB,3,57,FiveThirtyEight
2019_2019-11-10_DET_CHI,2019,NA,2019-11-10,Regular Season,FALSE,CHI,DET,20,13,W,CHI,7,33,FiveThirtyEight
2019_2019-11-10_KC_TEN,2019,NA,2019-11-10,Regular Season,FALSE,TEN,KC,35,32,W,TEN,3,67,FiveThirtyEight
2019_2019-11-10_BUF_CLE,2019,NA,2019-11-10,Regular Season,FALSE,CLE,BUF,19,16,W,CLE,3,35,FiveThirtyEight
2019_2019-11-10_ATL_NO,2019,NA,2019-11-10,Regular Season,FALSE,NO,ATL,9,26,L,ATL,17,35,FiveThirtyEight
2019_2019-11-10_BAL_CIN,2019,NA,2019-11-10,Regular Season,FALSE,CIN,BAL,13,49,L,BAL,36,62,FiveThirtyEight
2019_2019-11-10_MIA_IND,2019,NA,2019-11-10,Regular Season,FALSE,IND,MIA,12,16,L,MIA,4,28,FiveThirtyEight
2019_2019-11-10_CAR_GB,2019,NA,2019-11-10,Regular Season,FALSE,GB,CAR,24,16,W,GB,8,40,FiveThirtyEight
2019_2019-11-10_LA_PIT,2019,NA,2019-11-10,Regular Season,FALSE,PIT,LA,17,12,W,PIT,5,29,FiveThirtyEight
2019_2019-11-10_MIN_DAL,2019,NA,2019-11-10,Regular Season,FALSE,DAL,MIN,24,28,L,MIN,4,52,FiveThirtyEight
2019_2019-11-11_SEA_SF,2019,NA,2019-11-11,Regular Season,FALSE,SF,SEA,24,27,L,SEA,3,51,FiveThirtyEight
2019_2019-11-14_PIT_CLE,2019,NA,2019-11-14,Regular Season,FALSE,CLE,PIT,21,7,W,CLE,14,28,FiveThirtyEight
2019_2019-11-17_DAL_DET,2019,NA,2019-11-17,Regular Season,FALSE,DET,DAL,27,35,L,DAL,8,62,FiveThirtyEight
2019_2019-11-17_HOU_BAL,2019,NA,2019-11-17,Regular Season,FALSE,BAL,HOU,41,7,W,BAL,34,48,FiveThirtyEight
2019_2019-11-17_JAX_IND,2019,NA,2019-11-17,Regular Season,FALSE,IND,JAX,33,13,W,IND,20,46,FiveThirtyEight
2019_2019-11-17_ATL_CAR,2019,NA,2019-11-17,Regular Season,FALSE,CAR,ATL,3,29,L,ATL,26,32,FiveThirtyEight
2019_2019-11-17_NO_TB,2019,NA,2019-11-17,Regular Season,FALSE,TB,NO,17,34,L,NO,17,51,FiveThirtyEight
2019_2019-11-17_BUF_MIA,2019,NA,2019-11-17,Regular Season,FALSE,MIA,BUF,20,37,L,BUF,17,57,FiveThirtyEight
2019_2019-11-17_DEN_MIN,2019,NA,2019-11-17,Regular Season,FALSE,MIN,DEN,27,23,W,MIN,4,50,FiveThirtyEight
2019_2019-11-17_NYJ_WAS,2019,NA,2019-11-17,Regular Season,FALSE,WAS,NYJ,17,34,L,NYJ,17,51,FiveThirtyEight
2019_2019-11-17_ARI_SF,2019,NA,2019-11-17,Regular Season,FALSE,SF,ARI,36,26,W,SF,10,62,FiveThirtyEight
2019_2019-11-17_NE_PHI,2019,NA,2019-11-17,Regular Season,FALSE,PHI,NE,10,17,L,NE,7,27,FiveThirtyEight
2019_2019-11-17_CIN_LV,2019,NA,2019-11-17,Regular Season,FALSE,LV,CIN,17,10,W,LV,7,27,FiveThirtyEight
2019_2019-11-17_CHI_LA,2019,NA,2019-11-17,Regular Season,FALSE,LA,CHI,17,7,W,LA,10,24,FiveThirtyEight
2019_2019-11-18_KC_LAC,2019,NA,2019-11-18,Regular Season,TRUE,LAC,KC,17,24,L,KC,7,41,FiveThirtyEight
2019_2019-11-21_IND_HOU,2019,NA,2019-11-21,Regular Season,FALSE,HOU,IND,20,17,W,HOU,3,37,FiveThirtyEight
2019_2019-11-24_SEA_PHI,2019,NA,2019-11-24,Regular Season,FALSE,PHI,SEA,9,17,L,SEA,8,26,FiveThirtyEight
2019_2019-11-24_MIA_CLE,2019,NA,2019-11-24,Regular Season,FALSE,CLE,MIA,41,24,W,CLE,17,65,FiveThirtyEight
2019_2019-11-24_DET_WAS,2019,NA,2019-11-24,Regular Season,FALSE,WAS,DET,19,16,W,WAS,3,35,FiveThirtyEight
2019_2019-11-24_NYG_CHI,2019,NA,2019-11-24,Regular Season,FALSE,CHI,NYG,19,14,W,CHI,5,33,FiveThirtyEight
2019_2019-11-24_DEN_BUF,2019,NA,2019-11-24,Regular Season,FALSE,BUF,DEN,20,3,W,BUF,17,23,FiveThirtyEight
2019_2019-11-24_PIT_CIN,2019,NA,2019-11-24,Regular Season,FALSE,CIN,PIT,10,16,L,PIT,6,26,FiveThirtyEight
2019_2019-11-24_CAR_NO,2019,NA,2019-11-24,Regular Season,FALSE,NO,CAR,34,31,W,NO,3,65,FiveThirtyEight
2019_2019-11-24_LV_NYJ,2019,NA,2019-11-24,Regular Season,FALSE,NYJ,LV,34,3,W,NYJ,31,37,FiveThirtyEight
2019_2019-11-24_TB_ATL,2019,NA,2019-11-24,Regular Season,FALSE,ATL,TB,22,35,L,TB,13,57,FiveThirtyEight
2019_2019-11-24_JAX_TEN,2019,NA,2019-11-24,Regular Season,FALSE,TEN,JAX,42,20,W,TEN,22,62,FiveThirtyEight
2019_2019-11-24_DAL_NE,2019,NA,2019-11-24,Regular Season,FALSE,NE,DAL,13,9,W,NE,4,22,FiveThirtyEight
2019_2019-11-24_GB_SF,2019,NA,2019-11-24,Regular Season,FALSE,SF,GB,37,8,W,SF,29,45,FiveThirtyEight
2019_2019-11-25_BAL_LA,2019,NA,2019-11-25,Regular Season,FALSE,LA,BAL,6,45,L,BAL,39,51,FiveThirtyEight
2019_2019-11-28_CHI_DET,2019,NA,2019-11-28,Regular Season,FALSE,DET,CHI,20,24,L,CHI,4,44,FiveThirtyEight
2019_2019-11-28_BUF_DAL,2019,NA,2019-11-28,Regular Season,FALSE,DAL,BUF,15,26,L,BUF,11,41,FiveThirtyEight
2019_2019-11-28_NO_ATL,2019,NA,2019-11-28,Regular Season,FALSE,ATL,NO,18,26,L,NO,8,44,FiveThirtyEight
2019_2019-12-01_GB_NYG,2019,NA,2019-12-01,Regular Season,FALSE,NYG,GB,13,31,L,GB,18,44,FiveThirtyEight
2019_2019-12-01_NYJ_CIN,2019,NA,2019-12-01,Regular Season,FALSE,CIN,NYJ,22,6,W,CIN,16,28,FiveThirtyEight
2019_2019-12-01_TEN_IND,2019,NA,2019-12-01,Regular Season,FALSE,IND,TEN,17,31,L,TEN,14,48,FiveThirtyEight
2019_2019-12-01_TB_JAX,2019,NA,2019-12-01,Regular Season,FALSE,JAX,TB,11,28,L,TB,17,39,FiveThirtyEight
2019_2019-12-01_CLE_PIT,2019,NA,2019-12-01,Regular Season,FALSE,PIT,CLE,20,13,W,PIT,7,33,FiveThirtyEight
2019_2019-12-01_SF_BAL,2019,NA,2019-12-01,Regular Season,FALSE,BAL,SF,20,17,W,BAL,3,37,FiveThirtyEight
2019_2019-12-01_WAS_CAR,2019,NA,2019-12-01,Regular Season,FALSE,CAR,WAS,21,29,L,WAS,8,50,FiveThirtyEight
2019_2019-12-01_PHI_MIA,2019,NA,2019-12-01,Regular Season,FALSE,MIA,PHI,37,31,W,MIA,6,68,FiveThirtyEight
2019_2019-12-01_LA_ARI,2019,NA,2019-12-01,Regular Season,FALSE,ARI,LA,7,34,L,LA,27,41,FiveThirtyEight
2019_2019-12-01_LV_KC,2019,NA,2019-12-01,Regular Season,FALSE,KC,LV,40,9,W,KC,31,49,FiveThirtyEight
2019_2019-12-01_LAC_DEN,2019,NA,2019-12-01,Regular Season,FALSE,DEN,LAC,23,20,W,DEN,3,43,FiveThirtyEight
2019_2019-12-01_NE_HOU,2019,NA,2019-12-01,Regular Season,FALSE,HOU,NE,28,22,W,HOU,6,50,FiveThirtyEight
2019_2019-12-02_MIN_SEA,2019,NA,2019-12-02,Regular Season,FALSE,SEA,MIN,37,30,W,SEA,7,67,FiveThirtyEight
2019_2019-12-05_DAL_CHI,2019,NA,2019-12-05,Regular Season,FALSE,CHI,DAL,31,24,W,CHI,7,55,FiveThirtyEight
2019_2019-12-08_CAR_ATL,2019,NA,2019-12-08,Regular Season,FALSE,ATL,CAR,40,20,W,ATL,20,60,FiveThirtyEight
2019_2019-12-08_CIN_CLE,2019,NA,2019-12-08,Regular Season,FALSE,CLE,CIN,27,19,W,CLE,8,46,FiveThirtyEight
2019_2019-12-08_BAL_BUF,2019,NA,2019-12-08,Regular Season,FALSE,BUF,BAL,17,24,L,BAL,7,41,FiveThirtyEight
2019_2019-12-08_DEN_HOU,2019,NA,2019-12-08,Regular Season,FALSE,HOU,DEN,24,38,L,DEN,14,62,FiveThirtyEight
2019_2019-12-08_DET_MIN,2019,NA,2019-12-08,Regular Season,FALSE,MIN,DET,20,7,W,MIN,13,27,FiveThirtyEight
2019_2019-12-08_SF_NO,2019,NA,2019-12-08,Regular Season,FALSE,NO,SF,46,48,L,SF,2,94,FiveThirtyEight
2019_2019-12-08_IND_TB,2019,NA,2019-12-08,Regular Season,FALSE,TB,IND,38,35,W,TB,3,73,FiveThirtyEight
2019_2019-12-08_WAS_GB,2019,NA,2019-12-08,Regular Season,FALSE,GB,WAS,20,15,W,GB,5,35,FiveThirtyEight
2019_2019-12-08_MIA_NYJ,2019,NA,2019-12-08,Regular Season,FALSE,NYJ,MIA,22,21,W,NYJ,1,43,FiveThirtyEight
2019_2019-12-08_LAC_JAX,2019,NA,2019-12-08,Regular Season,FALSE,JAX,LAC,10,45,L,LAC,35,55,FiveThirtyEight
2019_2019-12-08_KC_NE,2019,NA,2019-12-08,Regular Season,FALSE,NE,KC,16,23,L,KC,7,39,FiveThirtyEight
2019_2019-12-08_PIT_ARI,2019,NA,2019-12-08,Regular Season,FALSE,ARI,PIT,17,23,L,PIT,6,40,FiveThirtyEight
2019_2019-12-08_TEN_LV,2019,NA,2019-12-08,Regular Season,FALSE,LV,TEN,21,42,L,TEN,21,63,FiveThirtyEight
2019_2019-12-08_SEA_LA,2019,NA,2019-12-08,Regular Season,FALSE,LA,SEA,28,12,W,LA,16,40,FiveThirtyEight
2019_2019-12-09_NYG_PHI,2019,NA,2019-12-09,Regular Season,FALSE,PHI,NYG,23,17,W,PHI,6,40,FiveThirtyEight
2019_2019-12-12_NYJ_BAL,2019,NA,2019-12-12,Regular Season,FALSE,BAL,NYJ,42,21,W,BAL,21,63,FiveThirtyEight
2019_2019-12-15_CHI_GB,2019,NA,2019-12-15,Regular Season,FALSE,GB,CHI,21,13,W,GB,8,34,FiveThirtyEight
2019_2019-12-15_DEN_KC,2019,NA,2019-12-15,Regular Season,FALSE,KC,DEN,23,3,W,KC,20,26,FiveThirtyEight
2019_2019-12-15_SEA_CAR,2019,NA,2019-12-15,Regular Season,FALSE,CAR,SEA,24,30,L,SEA,6,54,FiveThirtyEight
2019_2019-12-15_TB_DET,2019,NA,2019-12-15,Regular Season,FALSE,DET,TB,17,38,L,TB,21,55,FiveThirtyEight
2019_2019-12-15_PHI_WAS,2019,NA,2019-12-15,Regular Season,FALSE,WAS,PHI,27,37,L,PHI,10,64,FiveThirtyEight
2019_2019-12-15_MIA_NYG,2019,NA,2019-12-15,Regular Season,FALSE,NYG,MIA,36,20,W,NYG,16,56,FiveThirtyEight
2019_2019-12-15_HOU_TEN,2019,NA,2019-12-15,Regular Season,FALSE,TEN,HOU,21,24,L,HOU,3,45,FiveThirtyEight
2019_2019-12-15_NE_CIN,2019,NA,2019-12-15,Regular Season,FALSE,CIN,NE,13,34,L,NE,21,47,FiveThirtyEight
2019_2019-12-15_MIN_LAC,2019,NA,2019-12-15,Regular Season,FALSE,LAC,MIN,10,39,L,MIN,29,49,FiveThirtyEight
2019_2019-12-15_JAX_LV,2019,NA,2019-12-15,Regular Season,FALSE,LV,JAX,16,20,L,JAX,4,36,FiveThirtyEight
2019_2019-12-15_CLE_ARI,2019,NA,2019-12-15,Regular Season,FALSE,ARI,CLE,38,24,W,ARI,14,62,FiveThirtyEight
2019_2019-12-15_ATL_SF,2019,NA,2019-12-15,Regular Season,FALSE,SF,ATL,22,29,L,ATL,7,51,FiveThirtyEight
2019_2019-12-15_LA_DAL,2019,NA,2019-12-15,Regular Season,FALSE,DAL,LA,44,21,W,DAL,23,65,FiveThirtyEight
2019_2019-12-15_BUF_PIT,2019,NA,2019-12-15,Regular Season,FALSE,PIT,BUF,10,17,L,BUF,7,27,FiveThirtyEight
2019_2019-12-16_IND_NO,2019,NA,2019-12-16,Regular Season,FALSE,NO,IND,34,7,W,NO,27,41,FiveThirtyEight
2019_2019-12-21_HOU_TB,2019,NA,2019-12-21,Regular Season,FALSE,TB,HOU,20,23,L,HOU,3,43,FiveThirtyEight
2019_2019-12-21_BUF_NE,2019,NA,2019-12-21,Regular Season,FALSE,NE,BUF,24,17,W,NE,7,41,FiveThirtyEight
2019_2019-12-21_LA_SF,2019,NA,2019-12-21,Regular Season,FALSE,SF,LA,34,31,W,SF,3,65,FiveThirtyEight
2019_2019-12-22_NYG_WAS,2019,NA,2019-12-22,Regular Season,FALSE,WAS,NYG,35,41,L,NYG,6,76,FiveThirtyEight
2019_2019-12-22_NO_TEN,2019,NA,2019-12-22,Regular Season,FALSE,TEN,NO,28,38,L,NO,10,66,FiveThirtyEight
2019_2019-12-22_CAR_IND,2019,NA,2019-12-22,Regular Season,FALSE,IND,CAR,38,6,W,IND,32,44,FiveThirtyEight
2019_2019-12-22_PIT_NYJ,2019,NA,2019-12-22,Regular Season,FALSE,NYJ,PIT,16,10,W,NYJ,6,26,FiveThirtyEight
2019_2019-12-22_JAX_ATL,2019,NA,2019-12-22,Regular Season,FALSE,ATL,JAX,24,12,W,ATL,12,36,FiveThirtyEight
2019_2019-12-22_BAL_CLE,2019,NA,2019-12-22,Regular Season,FALSE,CLE,BAL,15,31,L,BAL,16,46,FiveThirtyEight
2019_2019-12-22_CIN_MIA,2019,NA,2019-12-22,Regular Season,FALSE,MIA,CIN,38,35,W,MIA,3,73,FiveThirtyEight
2019_2019-12-22_LV_LAC,2019,NA,2019-12-22,Regular Season,FALSE,LAC,LV,17,24,L,LV,7,41,FiveThirtyEight
2019_2019-12-22_DET_DEN,2019,NA,2019-12-22,Regular Season,FALSE,DEN,DET,27,17,W,DEN,10,44,FiveThirtyEight
2019_2019-12-22_ARI_SEA,2019,NA,2019-12-22,Regular Season,FALSE,SEA,ARI,13,27,L,ARI,14,40,FiveThirtyEight
2019_2019-12-22_DAL_PHI,2019,NA,2019-12-22,Regular Season,FALSE,PHI,DAL,17,9,W,PHI,8,26,FiveThirtyEight
2019_2019-12-22_KC_CHI,2019,NA,2019-12-22,Regular Season,FALSE,CHI,KC,3,26,L,KC,23,29,FiveThirtyEight
2019_2019-12-23_GB_MIN,2019,NA,2019-12-23,Regular Season,FALSE,MIN,GB,10,23,L,GB,13,33,FiveThirtyEight
2019_2019-12-29_MIA_NE,2019,NA,2019-12-29,Regular Season,FALSE,NE,MIA,24,27,L,MIA,3,51,FiveThirtyEight
2019_2019-12-29_GB_DET,2019,NA,2019-12-29,Regular Season,FALSE,DET,GB,20,23,L,GB,3,43,FiveThirtyEight
2019_2019-12-29_ATL_TB,2019,NA,2019-12-29,Regular Season,FALSE,TB,ATL,22,28,L,ATL,6,50,FiveThirtyEight
2019_2019-12-29_CHI_MIN,2019,NA,2019-12-29,Regular Season,FALSE,MIN,CHI,19,21,L,CHI,2,40,FiveThirtyEight
2019_2019-12-29_NO_CAR,2019,NA,2019-12-29,Regular Season,FALSE,CAR,NO,10,42,L,NO,32,52,FiveThirtyEight
2019_2019-12-29_LAC_KC,2019,NA,2019-12-29,Regular Season,FALSE,KC,LAC,31,21,W,KC,10,52,FiveThirtyEight
2019_2019-12-29_CLE_CIN,2019,NA,2019-12-29,Regular Season,FALSE,CIN,CLE,33,23,W,CIN,10,56,FiveThirtyEight
2019_2019-12-29_NYJ_BUF,2019,NA,2019-12-29,Regular Season,FALSE,BUF,NYJ,6,13,L,NYJ,7,19,FiveThirtyEight
2019_2019-12-29_LV_DEN,2019,NA,2019-12-29,Regular Season,FALSE,DEN,LV,16,15,W,DEN,1,31,FiveThirtyEight
2019_2019-12-29_IND_JAX,2019,NA,2019-12-29,Regular Season,FALSE,JAX,IND,38,20,W,JAX,18,58,FiveThirtyEight
2019_2019-12-29_PIT_BAL,2019,NA,2019-12-29,Regular Season,FALSE,BAL,PIT,28,10,W,BAL,18,38,FiveThirtyEight
2019_2019-12-29_ARI_LA,2019,NA,2019-12-29,Regular Season,FALSE,LA,ARI,31,24,W,LA,7,55,FiveThirtyEight
2019_2019-12-29_WAS_DAL,2019,NA,2019-12-29,Regular Season,FALSE,DAL,WAS,47,16,W,DAL,31,63,FiveThirtyEight
2019_2019-12-29_PHI_NYG,2019,NA,2019-12-29,Regular Season,FALSE,NYG,PHI,17,34,L,PHI,17,51,FiveThirtyEight
2019_2019-12-29_TEN_HOU,2019,NA,2019-12-29,Regular Season,FALSE,HOU,TEN,14,35,L,TEN,21,49,FiveThirtyEight
2019_2019-12-29_SF_SEA,2019,NA,2019-12-29,Regular Season,FALSE,SEA,SF,21,26,L,SF,5,47,FiveThirtyEight
2020_2020-09-10_HOU_KC,2020,NA,2020-09-10,Regular Season,FALSE,KC,HOU,34,20,W,KC,14,54,FiveThirtyEight
2020_2020-09-13_SEA_ATL,2020,NA,2020-09-13,Regular Season,FALSE,ATL,SEA,25,38,L,SEA,13,63,FiveThirtyEight
2020_2020-09-13_CLE_BAL,2020,NA,2020-09-13,Regular Season,FALSE,BAL,CLE,38,6,W,BAL,32,44,FiveThirtyEight
2020_2020-09-13_LV_CAR,2020,NA,2020-09-13,Regular Season,FALSE,CAR,LV,30,34,L,LV,4,64,FiveThirtyEight
2020_2020-09-13_IND_JAX,2020,NA,2020-09-13,Regular Season,FALSE,JAX,IND,27,20,W,JAX,7,47,FiveThirtyEight
2020_2020-09-13_MIA_NE,2020,NA,2020-09-13,Regular Season,FALSE,NE,MIA,21,11,W,NE,10,32,FiveThirtyEight
2020_2020-09-13_NYJ_BUF,2020,NA,2020-09-13,Regular Season,FALSE,BUF,NYJ,27,17,W,BUF,10,44,FiveThirtyEight
2020_2020-09-13_GB_MIN,2020,NA,2020-09-13,Regular Season,FALSE,MIN,GB,34,43,L,GB,9,77,FiveThirtyEight
2020_2020-09-13_PHI_WAS,2020,NA,2020-09-13,Regular Season,FALSE,WAS,PHI,27,17,W,WAS,10,44,FiveThirtyEight
2020_2020-09-13_CHI_DET,2020,NA,2020-09-13,Regular Season,FALSE,DET,CHI,23,27,L,CHI,4,50,FiveThirtyEight
2020_2020-09-13_LAC_CIN,2020,NA,2020-09-13,Regular Season,FALSE,CIN,LAC,13,16,L,LAC,3,29,FiveThirtyEight
2020_2020-09-13_ARI_SF,2020,NA,2020-09-13,Regular Season,FALSE,SF,ARI,20,24,L,ARI,4,44,FiveThirtyEight
2020_2020-09-13_TB_NO,2020,NA,2020-09-13,Regular Season,FALSE,NO,TB,34,23,W,NO,11,57,FiveThirtyEight
2020_2020-09-13_DAL_LA,2020,NA,2020-09-13,Regular Season,FALSE,LA,DAL,20,17,W,LA,3,37,FiveThirtyEight
2020_2020-09-14_PIT_NYG,2020,NA,2020-09-14,Regular Season,FALSE,NYG,PIT,16,26,L,PIT,10,42,FiveThirtyEight
2020_2020-09-14_TEN_DEN,2020,NA,2020-09-14,Regular Season,FALSE,DEN,TEN,14,16,L,TEN,2,30,FiveThirtyEight
2020_2020-09-17_CIN_CLE,2020,NA,2020-09-17,Regular Season,FALSE,CLE,CIN,35,30,W,CLE,5,65,FiveThirtyEight
2020_2020-09-20_BUF_MIA,2020,NA,2020-09-20,Regular Season,FALSE,MIA,BUF,28,31,L,BUF,3,59,FiveThirtyEight
2020_2020-09-20_SF_NYJ,2020,NA,2020-09-20,Regular Season,FALSE,NYJ,SF,13,31,L,SF,18,44,FiveThirtyEight
2020_2020-09-20_JAX_TEN,2020,NA,2020-09-20,Regular Season,FALSE,TEN,JAX,33,30,W,TEN,3,63,FiveThirtyEight
2020_2020-09-20_MIN_IND,2020,NA,2020-09-20,Regular Season,FALSE,IND,MIN,28,11,W,IND,17,39,FiveThirtyEight
2020_2020-09-20_NYG_CHI,2020,NA,2020-09-20,Regular Season,FALSE,CHI,NYG,17,13,W,CHI,4,30,FiveThirtyEight
2020_2020-09-20_DET_GB,2020,NA,2020-09-20,Regular Season,FALSE,GB,DET,42,21,W,GB,21,63,FiveThirtyEight
2020_2020-09-20_LA_PHI,2020,NA,2020-09-20,Regular Season,FALSE,PHI,LA,19,37,L,LA,18,56,FiveThirtyEight
2020_2020-09-20_DEN_PIT,2020,NA,2020-09-20,Regular Season,FALSE,PIT,DEN,26,21,W,PIT,5,47,FiveThirtyEight
2020_2020-09-20_CAR_TB,2020,NA,2020-09-20,Regular Season,FALSE,TB,CAR,31,17,W,TB,14,48,FiveThirtyEight
2020_2020-09-20_ATL_DAL,2020,NA,2020-09-20,Regular Season,FALSE,DAL,ATL,40,39,W,DAL,1,79,FiveThirtyEight
2020_2020-09-20_WAS_ARI,2020,NA,2020-09-20,Regular Season,FALSE,ARI,WAS,30,15,W,ARI,15,45,FiveThirtyEight
2020_2020-09-20_KC_LAC,2020,NA,2020-09-20,Regular Season,FALSE,LAC,KC,20,23,L,KC,3,43,FiveThirtyEight
2020_2020-09-20_BAL_HOU,2020,NA,2020-09-20,Regular Season,FALSE,HOU,BAL,16,33,L,BAL,17,49,FiveThirtyEight
2020_2020-09-20_NE_SEA,2020,NA,2020-09-20,Regular Season,FALSE,SEA,NE,35,30,W,SEA,5,65,FiveThirtyEight
2020_2020-09-21_NO_LV,2020,NA,2020-09-21,Regular Season,FALSE,LV,NO,34,24,W,LV,10,58,FiveThirtyEight
2020_2020-09-24_MIA_JAX,2020,NA,2020-09-24,Regular Season,FALSE,JAX,MIA,13,31,L,MIA,18,44,FiveThirtyEight
2020_2020-09-27_LV_NE,2020,NA,2020-09-27,Regular Season,FALSE,NE,LV,36,20,W,NE,16,56,FiveThirtyEight
2020_2020-09-27_CIN_PHI,2020,NA,2020-09-27,Regular Season,FALSE,PHI,CIN,23,23,T,Tie,0,46,FiveThirtyEight
2020_2020-09-27_LA_BUF,2020,NA,2020-09-27,Regular Season,FALSE,BUF,LA,35,32,W,BUF,3,67,FiveThirtyEight
2020_2020-09-27_HOU_PIT,2020,NA,2020-09-27,Regular Season,FALSE,PIT,HOU,28,21,W,PIT,7,49,FiveThirtyEight
2020_2020-09-27_CHI_ATL,2020,NA,2020-09-27,Regular Season,FALSE,ATL,CHI,26,30,L,CHI,4,56,FiveThirtyEight
2020_2020-09-27_TEN_MIN,2020,NA,2020-09-27,Regular Season,FALSE,MIN,TEN,30,31,L,TEN,1,61,FiveThirtyEight
2020_2020-09-27_SF_NYG,2020,NA,2020-09-27,Regular Season,FALSE,NYG,SF,9,36,L,SF,27,45,FiveThirtyEight
2020_2020-09-27_WAS_CLE,2020,NA,2020-09-27,Regular Season,FALSE,CLE,WAS,34,20,W,CLE,14,54,FiveThirtyEight
2020_2020-09-27_CAR_LAC,2020,NA,2020-09-27,Regular Season,FALSE,LAC,CAR,16,21,L,CAR,5,37,FiveThirtyEight
2020_2020-09-27_NYJ_IND,2020,NA,2020-09-27,Regular Season,FALSE,IND,NYJ,36,7,W,IND,29,43,FiveThirtyEight
2020_2020-09-27_DAL_SEA,2020,NA,2020-09-27,Regular Season,FALSE,SEA,DAL,38,31,W,SEA,7,69,FiveThirtyEight
2020_2020-09-27_TB_DEN,2020,NA,2020-09-27,Regular Season,FALSE,DEN,TB,10,28,L,TB,18,38,FiveThirtyEight
2020_2020-09-27_DET_ARI,2020,NA,2020-09-27,Regular Season,FALSE,ARI,DET,23,26,L,DET,3,49,FiveThirtyEight
2020_2020-09-27_GB_NO,2020,NA,2020-09-27,Regular Season,FALSE,NO,GB,30,37,L,GB,7,67,FiveThirtyEight
2020_2020-09-28_KC_BAL,2020,NA,2020-09-28,Regular Season,FALSE,BAL,KC,20,34,L,KC,14,54,FiveThirtyEight
2020_2020-10-01_DEN_NYJ,2020,NA,2020-10-01,Regular Season,FALSE,NYJ,DEN,28,37,L,DEN,9,65,FiveThirtyEight
2020_2020-10-04_LAC_TB,2020,NA,2020-10-04,Regular Season,FALSE,TB,LAC,38,31,W,TB,7,69,FiveThirtyEight
2020_2020-10-04_SEA_MIA,2020,NA,2020-10-04,Regular Season,FALSE,MIA,SEA,23,31,L,SEA,8,54,FiveThirtyEight
2020_2020-10-04_JAX_CIN,2020,NA,2020-10-04,Regular Season,FALSE,CIN,JAX,33,25,W,CIN,8,58,FiveThirtyEight
2020_2020-10-04_BAL_WAS,2020,NA,2020-10-04,Regular Season,FALSE,WAS,BAL,17,31,L,BAL,14,48,FiveThirtyEight
2020_2020-10-04_ARI_CAR,2020,NA,2020-10-04,Regular Season,FALSE,CAR,ARI,31,21,W,CAR,10,52,FiveThirtyEight
2020_2020-10-04_NO_DET,2020,NA,2020-10-04,Regular Season,FALSE,DET,NO,29,35,L,NO,6,64,FiveThirtyEight
2020_2020-10-04_MIN_HOU,2020,NA,2020-10-04,Regular Season,FALSE,HOU,MIN,23,31,L,MIN,8,54,FiveThirtyEight
2020_2020-10-04_CLE_DAL,2020,NA,2020-10-04,Regular Season,FALSE,DAL,CLE,38,49,L,CLE,11,87,FiveThirtyEight
2020_2020-10-04_NYG_LA,2020,NA,2020-10-04,Regular Season,FALSE,LA,NYG,17,9,W,LA,8,26,FiveThirtyEight
2020_2020-10-04_IND_CHI,2020,NA,2020-10-04,Regular Season,FALSE,CHI,IND,11,19,L,IND,8,30,FiveThirtyEight
2020_2020-10-04_BUF_LV,2020,NA,2020-10-04,Regular Season,FALSE,LV,BUF,23,30,L,BUF,7,53,FiveThirtyEight
2020_2020-10-04_PHI_SF,2020,NA,2020-10-04,Regular Season,FALSE,SF,PHI,20,25,L,PHI,5,45,FiveThirtyEight
2020_2020-10-05_NE_KC,2020,NA,2020-10-05,Regular Season,FALSE,KC,NE,26,10,W,KC,16,36,FiveThirtyEight
2020_2020-10-05_ATL_GB,2020,NA,2020-10-05,Regular Season,FALSE,GB,ATL,30,16,W,GB,14,46,FiveThirtyEight
2020_2020-10-08_TB_CHI,2020,NA,2020-10-08,Regular Season,FALSE,CHI,TB,20,19,W,CHI,1,39,FiveThirtyEight
2020_2020-10-11_LA_WAS,2020,NA,2020-10-11,Regular Season,FALSE,WAS,LA,10,30,L,LA,20,40,FiveThirtyEight
2020_2020-10-11_CIN_BAL,2020,NA,2020-10-11,Regular Season,FALSE,BAL,CIN,27,3,W,BAL,24,30,FiveThirtyEight
2020_2020-10-11_PHI_PIT,2020,NA,2020-10-11,Regular Season,FALSE,PIT,PHI,38,29,W,PIT,9,67,FiveThirtyEight
2020_2020-10-11_JAX_HOU,2020,NA,2020-10-11,Regular Season,FALSE,HOU,JAX,30,14,W,HOU,16,44,FiveThirtyEight
2020_2020-10-11_LV_KC,2020,NA,2020-10-11,Regular Season,FALSE,KC,LV,32,40,L,LV,8,72,FiveThirtyEight
2020_2020-10-11_CAR_ATL,2020,NA,2020-10-11,Regular Season,FALSE,ATL,CAR,16,23,L,CAR,7,39,FiveThirtyEight
2020_2020-10-11_ARI_NYJ,2020,NA,2020-10-11,Regular Season,FALSE,NYJ,ARI,10,30,L,ARI,20,40,FiveThirtyEight
2020_2020-10-11_MIA_SF,2020,NA,2020-10-11,Regular Season,FALSE,SF,MIA,17,43,L,MIA,26,60,FiveThirtyEight
2020_2020-10-11_NYG_DAL,2020,NA,2020-10-11,Regular Season,FALSE,DAL,NYG,37,34,W,DAL,3,71,FiveThirtyEight
2020_2020-10-11_IND_CLE,2020,NA,2020-10-11,Regular Season,FALSE,CLE,IND,32,23,W,CLE,9,55,FiveThirtyEight
2020_2020-10-11_MIN_SEA,2020,NA,2020-10-11,Regular Season,FALSE,SEA,MIN,27,26,W,SEA,1,53,FiveThirtyEight
2020_2020-10-12_LAC_NO,2020,NA,2020-10-12,Regular Season,FALSE,NO,LAC,30,27,W,NO,3,57,FiveThirtyEight
2020_2020-10-13_BUF_TEN,2020,NA,2020-10-13,Regular Season,FALSE,TEN,BUF,42,16,W,TEN,26,58,FiveThirtyEight
2020_2020-10-18_ATL_MIN,2020,NA,2020-10-18,Regular Season,FALSE,MIN,ATL,23,40,L,ATL,17,63,FiveThirtyEight
2020_2020-10-18_CLE_PIT,2020,NA,2020-10-18,Regular Season,FALSE,PIT,CLE,38,7,W,PIT,31,45,FiveThirtyEight
2020_2020-10-18_WAS_NYG,2020,NA,2020-10-18,Regular Season,FALSE,NYG,WAS,20,19,W,NYG,1,39,FiveThirtyEight
2020_2020-10-18_HOU_TEN,2020,NA,2020-10-18,Regular Season,FALSE,TEN,HOU,42,36,W,TEN,6,78,FiveThirtyEight
2020_2020-10-18_DEN_NE,2020,NA,2020-10-18,Regular Season,FALSE,NE,DEN,12,18,L,DEN,6,30,FiveThirtyEight
2020_2020-10-18_BAL_PHI,2020,NA,2020-10-18,Regular Season,FALSE,PHI,BAL,28,30,L,BAL,2,58,FiveThirtyEight
2020_2020-10-18_CHI_CAR,2020,NA,2020-10-18,Regular Season,FALSE,CAR,CHI,16,23,L,CHI,7,39,FiveThirtyEight
2020_2020-10-18_CIN_IND,2020,NA,2020-10-18,Regular Season,FALSE,IND,CIN,31,27,W,IND,4,58,FiveThirtyEight
2020_2020-10-18_DET_JAX,2020,NA,2020-10-18,Regular Season,FALSE,JAX,DET,16,34,L,DET,18,50,FiveThirtyEight
2020_2020-10-18_NYJ_MIA,2020,NA,2020-10-18,Regular Season,FALSE,MIA,NYJ,24,0,W,MIA,24,24,FiveThirtyEight
2020_2020-10-18_GB_TB,2020,NA,2020-10-18,Regular Season,FALSE,TB,GB,38,10,W,TB,28,48,FiveThirtyEight
2020_2020-10-18_LA_SF,2020,NA,2020-10-18,Regular Season,FALSE,SF,LA,24,16,W,SF,8,40,FiveThirtyEight
2020_2020-10-19_KC_BUF,2020,NA,2020-10-19,Regular Season,FALSE,BUF,KC,17,26,L,KC,9,43,FiveThirtyEight
2020_2020-10-19_ARI_DAL,2020,NA,2020-10-19,Regular Season,FALSE,DAL,ARI,10,38,L,ARI,28,48,FiveThirtyEight
2020_2020-10-22_NYG_PHI,2020,NA,2020-10-22,Regular Season,FALSE,PHI,NYG,22,21,W,PHI,1,43,FiveThirtyEight
2020_2020-10-25_GB_HOU,2020,NA,2020-10-25,Regular Season,FALSE,HOU,GB,20,35,L,GB,15,55,FiveThirtyEight
2020_2020-10-25_DAL_WAS,2020,NA,2020-10-25,Regular Season,FALSE,WAS,DAL,25,3,W,WAS,22,28,FiveThirtyEight
2020_2020-10-25_CAR_NO,2020,NA,2020-10-25,Regular Season,FALSE,NO,CAR,27,24,W,NO,3,51,FiveThirtyEight
2020_2020-10-25_PIT_TEN,2020,NA,2020-10-25,Regular Season,FALSE,TEN,PIT,24,27,L,PIT,3,51,FiveThirtyEight
2020_2020-10-25_CLE_CIN,2020,NA,2020-10-25,Regular Season,FALSE,CIN,CLE,34,37,L,CLE,3,71,FiveThirtyEight
2020_2020-10-25_BUF_NYJ,2020,NA,2020-10-25,Regular Season,FALSE,NYJ,BUF,10,18,L,BUF,8,28,FiveThirtyEight
2020_2020-10-25_DET_ATL,2020,NA,2020-10-25,Regular Season,FALSE,ATL,DET,22,23,L,DET,1,45,FiveThirtyEight
2020_2020-10-25_TB_LV,2020,NA,2020-10-25,Regular Season,FALSE,LV,TB,20,45,L,TB,25,65,FiveThirtyEight
2020_2020-10-25_JAX_LAC,2020,NA,2020-10-25,Regular Season,FALSE,LAC,JAX,39,29,W,LAC,10,68,FiveThirtyEight
2020_2020-10-25_KC_DEN,2020,NA,2020-10-25,Regular Season,FALSE,DEN,KC,16,43,L,KC,27,59,FiveThirtyEight
2020_2020-10-25_SF_NE,2020,NA,2020-10-25,Regular Season,FALSE,NE,SF,6,33,L,SF,27,39,FiveThirtyEight
2020_2020-10-25_SEA_ARI,2020,NA,2020-10-25,Regular Season,FALSE,ARI,SEA,37,34,W,ARI,3,71,FiveThirtyEight
2020_2020-10-26_CHI_LA,2020,NA,2020-10-26,Regular Season,FALSE,LA,CHI,24,10,W,LA,14,34,FiveThirtyEight
2020_2020-10-29_ATL_CAR,2020,NA,2020-10-29,Regular Season,FALSE,CAR,ATL,17,25,L,ATL,8,42,FiveThirtyEight
2020_2020-11-01_LA_MIA,2020,NA,2020-11-01,Regular Season,FALSE,MIA,LA,28,17,W,MIA,11,45,FiveThirtyEight
2020_2020-11-01_PIT_BAL,2020,NA,2020-11-01,Regular Season,FALSE,BAL,PIT,24,28,L,PIT,4,52,FiveThirtyEight
2020_2020-11-01_LV_CLE,2020,NA,2020-11-01,Regular Season,FALSE,CLE,LV,6,16,L,LV,10,22,FiveThirtyEight
2020_2020-11-01_NYJ_KC,2020,NA,2020-11-01,Regular Season,FALSE,KC,NYJ,35,9,W,KC,26,44,FiveThirtyEight
2020_2020-11-01_MIN_GB,2020,NA,2020-11-01,Regular Season,FALSE,GB,MIN,22,28,L,MIN,6,50,FiveThirtyEight
2020_2020-11-01_IND_DET,2020,NA,2020-11-01,Regular Season,FALSE,DET,IND,21,41,L,IND,20,62,FiveThirtyEight
2020_2020-11-01_NE_BUF,2020,NA,2020-11-01,Regular Season,FALSE,BUF,NE,24,21,W,BUF,3,45,FiveThirtyEight
2020_2020-11-01_TEN_CIN,2020,NA,2020-11-01,Regular Season,FALSE,CIN,TEN,31,20,W,CIN,11,51,FiveThirtyEight
2020_2020-11-01_LAC_DEN,2020,NA,2020-11-01,Regular Season,FALSE,DEN,LAC,31,30,W,DEN,1,61,FiveThirtyEight
2020_2020-11-01_NO_CHI,2020,NA,2020-11-01,Regular Season,FALSE,CHI,NO,23,26,L,NO,3,49,FiveThirtyEight
2020_2020-11-01_SF_SEA,2020,NA,2020-11-01,Regular Season,FALSE,SEA,SF,37,27,W,SEA,10,64,FiveThirtyEight
2020_2020-11-01_DAL_PHI,2020,NA,2020-11-01,Regular Season,FALSE,PHI,DAL,23,9,W,PHI,14,32,FiveThirtyEight
2020_2020-11-02_TB_NYG,2020,NA,2020-11-02,Regular Season,FALSE,NYG,TB,23,25,L,TB,2,48,FiveThirtyEight
2020_2020-11-05_GB_SF,2020,NA,2020-11-05,Regular Season,FALSE,SF,GB,17,34,L,GB,17,51,FiveThirtyEight
2020_2020-11-08_CHI_TEN,2020,NA,2020-11-08,Regular Season,FALSE,TEN,CHI,24,17,W,TEN,7,41,FiveThirtyEight
2020_2020-11-08_HOU_JAX,2020,NA,2020-11-08,Regular Season,FALSE,JAX,HOU,25,27,L,HOU,2,52,FiveThirtyEight
2020_2020-11-08_CAR_KC,2020,NA,2020-11-08,Regular Season,FALSE,KC,CAR,33,31,W,KC,2,64,FiveThirtyEight
2020_2020-11-08_SEA_BUF,2020,NA,2020-11-08,Regular Season,FALSE,BUF,SEA,44,34,W,BUF,10,78,FiveThirtyEight
2020_2020-11-08_NYG_WAS,2020,NA,2020-11-08,Regular Season,FALSE,WAS,NYG,20,23,L,NYG,3,43,FiveThirtyEight
2020_2020-11-08_DEN_ATL,2020,NA,2020-11-08,Regular Season,FALSE,ATL,DEN,34,27,W,ATL,7,61,FiveThirtyEight
2020_2020-11-08_BAL_IND,2020,NA,2020-11-08,Regular Season,FALSE,IND,BAL,10,24,L,BAL,14,34,FiveThirtyEight
2020_2020-11-08_DET_MIN,2020,NA,2020-11-08,Regular Season,FALSE,MIN,DET,34,20,W,MIN,14,54,FiveThirtyEight
2020_2020-11-08_LV_LAC,2020,NA,2020-11-08,Regular Season,FALSE,LAC,LV,26,31,L,LV,5,57,FiveThirtyEight
2020_2020-11-08_PIT_DAL,2020,NA,2020-11-08,Regular Season,FALSE,DAL,PIT,19,24,L,PIT,5,43,FiveThirtyEight
2020_2020-11-08_MIA_ARI,2020,NA,2020-11-08,Regular Season,FALSE,ARI,MIA,31,34,L,MIA,3,65,FiveThirtyEight
2020_2020-11-08_NO_TB,2020,NA,2020-11-08,Regular Season,FALSE,TB,NO,3,38,L,NO,35,41,FiveThirtyEight
2020_2020-11-09_NE_NYJ,2020,NA,2020-11-09,Regular Season,FALSE,NYJ,NE,27,30,L,NE,3,57,FiveThirtyEight
2020_2020-11-12_IND_TEN,2020,NA,2020-11-12,Regular Season,FALSE,TEN,IND,17,34,L,IND,17,51,FiveThirtyEight
2020_2020-11-15_JAX_GB,2020,NA,2020-11-15,Regular Season,FALSE,GB,JAX,24,20,W,GB,4,44,FiveThirtyEight
2020_2020-11-15_HOU_CLE,2020,NA,2020-11-15,Regular Season,FALSE,CLE,HOU,10,7,W,CLE,3,17,FiveThirtyEight
2020_2020-11-15_PHI_NYG,2020,NA,2020-11-15,Regular Season,FALSE,NYG,PHI,27,17,W,NYG,10,44,FiveThirtyEight
2020_2020-11-15_WAS_DET,2020,NA,2020-11-15,Regular Season,FALSE,DET,WAS,30,27,W,DET,3,57,FiveThirtyEight
2020_2020-11-15_TB_CAR,2020,NA,2020-11-15,Regular Season,FALSE,CAR,TB,23,46,L,TB,23,69,FiveThirtyEight
2020_2020-11-15_DEN_LV,2020,NA,2020-11-15,Regular Season,FALSE,LV,DEN,37,12,W,LV,25,49,FiveThirtyEight
2020_2020-11-15_BUF_ARI,2020,NA,2020-11-15,Regular Season,FALSE,ARI,BUF,32,30,W,ARI,2,62,FiveThirtyEight
2020_2020-11-15_LAC_MIA,2020,NA,2020-11-15,Regular Season,FALSE,MIA,LAC,29,21,W,MIA,8,50,FiveThirtyEight
2020_2020-11-15_SEA_LA,2020,NA,2020-11-15,Regular Season,FALSE,LA,SEA,23,16,W,LA,7,39,FiveThirtyEight
2020_2020-11-15_SF_NO,2020,NA,2020-11-15,Regular Season,FALSE,NO,SF,27,13,W,NO,14,40,FiveThirtyEight
2020_2020-11-15_CIN_PIT,2020,NA,2020-11-15,Regular Season,FALSE,PIT,CIN,36,10,W,PIT,26,46,FiveThirtyEight
2020_2020-11-15_BAL_NE,2020,NA,2020-11-15,Regular Season,FALSE,NE,BAL,23,17,W,NE,6,40,FiveThirtyEight
2020_2020-11-16_MIN_CHI,2020,NA,2020-11-16,Regular Season,FALSE,CHI,MIN,13,19,L,MIN,6,32,FiveThirtyEight
2020_2020-11-19_ARI_SEA,2020,NA,2020-11-19,Regular Season,FALSE,SEA,ARI,28,21,W,SEA,7,49,FiveThirtyEight
2020_2020-11-22_ATL_NO,2020,NA,2020-11-22,Regular Season,FALSE,NO,ATL,24,9,W,NO,15,33,FiveThirtyEight
2020_2020-11-22_CIN_WAS,2020,NA,2020-11-22,Regular Season,FALSE,WAS,CIN,20,9,W,WAS,11,29,FiveThirtyEight
2020_2020-11-22_DET_CAR,2020,NA,2020-11-22,Regular Season,FALSE,CAR,DET,20,0,W,CAR,20,20,FiveThirtyEight
2020_2020-11-22_PIT_JAX,2020,NA,2020-11-22,Regular Season,FALSE,JAX,PIT,3,27,L,PIT,24,30,FiveThirtyEight
2020_2020-11-22_TEN_BAL,2020,NA,2020-11-22,Regular Season,FALSE,BAL,TEN,24,30,L,TEN,6,54,FiveThirtyEight
2020_2020-11-22_NE_HOU,2020,NA,2020-11-22,Regular Season,FALSE,HOU,NE,27,20,W,HOU,7,47,FiveThirtyEight
2020_2020-11-22_PHI_CLE,2020,NA,2020-11-22,Regular Season,FALSE,CLE,PHI,22,17,W,CLE,5,39,FiveThirtyEight
2020_2020-11-22_NYJ_LAC,2020,NA,2020-11-22,Regular Season,FALSE,LAC,NYJ,34,28,W,LAC,6,62,FiveThirtyEight
2020_2020-11-22_MIA_DEN,2020,NA,2020-11-22,Regular Season,FALSE,DEN,MIA,20,13,W,DEN,7,33,FiveThirtyEight
2020_2020-11-22_DAL_MIN,2020,NA,2020-11-22,Regular Season,FALSE,MIN,DAL,28,31,L,DAL,3,59,FiveThirtyEight
2020_2020-11-22_GB_IND,2020,NA,2020-11-22,Regular Season,FALSE,IND,GB,34,31,W,IND,3,65,FiveThirtyEight
2020_2020-11-22_KC_LV,2020,NA,2020-11-22,Regular Season,FALSE,LV,KC,31,35,L,KC,4,66,FiveThirtyEight
2020_2020-11-23_LA_TB,2020,NA,2020-11-23,Regular Season,FALSE,TB,LA,24,27,L,LA,3,51,FiveThirtyEight
2020_2020-11-26_HOU_DET,2020,NA,2020-11-26,Regular Season,FALSE,DET,HOU,25,41,L,HOU,16,66,FiveThirtyEight
2020_2020-11-26_WAS_DAL,2020,NA,2020-11-26,Regular Season,FALSE,DAL,WAS,16,41,L,WAS,25,57,FiveThirtyEight
2020_2020-11-29_NYG_CIN,2020,NA,2020-11-29,Regular Season,FALSE,CIN,NYG,17,19,L,NYG,2,36,FiveThirtyEight
2020_2020-11-29_MIA_NYJ,2020,NA,2020-11-29,Regular Season,FALSE,NYJ,MIA,3,20,L,MIA,17,23,FiveThirtyEight
2020_2020-11-29_LAC_BUF,2020,NA,2020-11-29,Regular Season,FALSE,BUF,LAC,27,17,W,BUF,10,44,FiveThirtyEight
2020_2020-11-29_ARI_NE,2020,NA,2020-11-29,Regular Season,FALSE,NE,ARI,20,17,W,NE,3,37,FiveThirtyEight
2020_2020-11-29_LV_ATL,2020,NA,2020-11-29,Regular Season,FALSE,ATL,LV,43,6,W,ATL,37,49,FiveThirtyEight
2020_2020-11-29_CLE_JAX,2020,NA,2020-11-29,Regular Season,FALSE,JAX,CLE,25,27,L,CLE,2,52,FiveThirtyEight
2020_2020-11-29_TEN_IND,2020,NA,2020-11-29,Regular Season,FALSE,IND,TEN,26,45,L,TEN,19,71,FiveThirtyEight
2020_2020-11-29_CAR_MIN,2020,NA,2020-11-29,Regular Season,FALSE,MIN,CAR,28,27,W,MIN,1,55,FiveThirtyEight
2020_2020-11-29_NO_DEN,2020,NA,2020-11-29,Regular Season,FALSE,DEN,NO,3,31,L,NO,28,34,FiveThirtyEight
2020_2020-11-29_SF_LA,2020,NA,2020-11-29,Regular Season,FALSE,LA,SF,20,23,L,SF,3,43,FiveThirtyEight
2020_2020-11-29_KC_TB,2020,NA,2020-11-29,Regular Season,FALSE,TB,KC,24,27,L,KC,3,51,FiveThirtyEight
2020_2020-11-29_CHI_GB,2020,NA,2020-11-29,Regular Season,FALSE,GB,CHI,41,25,W,GB,16,66,FiveThirtyEight
2020_2020-11-30_SEA_PHI,2020,NA,2020-11-30,Regular Season,FALSE,PHI,SEA,17,23,L,SEA,6,40,FiveThirtyEight
2020_2020-12-02_BAL_PIT,2020,NA,2020-12-02,Regular Season,FALSE,PIT,BAL,19,14,W,PIT,5,33,FiveThirtyEight
2020_2020-12-06_JAX_MIN,2020,NA,2020-12-06,Regular Season,FALSE,MIN,JAX,27,24,W,MIN,3,51,FiveThirtyEight
2020_2020-12-06_DET_CHI,2020,NA,2020-12-06,Regular Season,FALSE,CHI,DET,30,34,L,DET,4,64,FiveThirtyEight
2020_2020-12-06_CLE_TEN,2020,NA,2020-12-06,Regular Season,FALSE,TEN,CLE,35,41,L,CLE,6,76,FiveThirtyEight
2020_2020-12-06_LV_NYJ,2020,NA,2020-12-06,Regular Season,FALSE,NYJ,LV,28,31,L,LV,3,59,FiveThirtyEight
2020_2020-12-06_CIN_MIA,2020,NA,2020-12-06,Regular Season,FALSE,MIA,CIN,19,7,W,MIA,12,26,FiveThirtyEight
2020_2020-12-06_NO_ATL,2020,NA,2020-12-06,Regular Season,FALSE,ATL,NO,16,21,L,NO,5,37,FiveThirtyEight
2020_2020-12-06_IND_HOU,2020,NA,2020-12-06,Regular Season,FALSE,HOU,IND,20,26,L,IND,6,46,FiveThirtyEight
2020_2020-12-06_NYG_SEA,2020,NA,2020-12-06,Regular Season,FALSE,SEA,NYG,12,17,L,NYG,5,29,FiveThirtyEight
2020_2020-12-06_LA_ARI,2020,NA,2020-12-06,Regular Season,FALSE,ARI,LA,28,38,L,LA,10,66,FiveThirtyEight
2020_2020-12-06_NE_LAC,2020,NA,2020-12-06,Regular Season,FALSE,LAC,NE,0,45,L,NE,45,45,FiveThirtyEight
2020_2020-12-06_PHI_GB,2020,NA,2020-12-06,Regular Season,FALSE,GB,PHI,30,16,W,GB,14,46,FiveThirtyEight
2020_2020-12-06_DEN_KC,2020,NA,2020-12-06,Regular Season,FALSE,KC,DEN,22,16,W,KC,6,38,FiveThirtyEight
2020_2020-12-07_WAS_PIT,2020,NA,2020-12-07,Regular Season,FALSE,PIT,WAS,17,23,L,WAS,6,40,FiveThirtyEight
2020_2020-12-07_BUF_SF,2020,NA,2020-12-07,Regular Season,FALSE,SF,BUF,24,34,L,BUF,10,58,FiveThirtyEight
2020_2020-12-08_DAL_BAL,2020,NA,2020-12-08,Regular Season,FALSE,BAL,DAL,34,17,W,BAL,17,51,FiveThirtyEight
2020_2020-12-10_NE_LA,2020,NA,2020-12-10,Regular Season,FALSE,LA,NE,24,3,W,LA,21,27,FiveThirtyEight
2020_2020-12-13_KC_MIA,2020,NA,2020-12-13,Regular Season,FALSE,MIA,KC,27,33,L,KC,6,60,FiveThirtyEight
2020_2020-12-13_DAL_CIN,2020,NA,2020-12-13,Regular Season,FALSE,CIN,DAL,7,30,L,DAL,23,37,FiveThirtyEight
2020_2020-12-13_HOU_CHI,2020,NA,2020-12-13,Regular Season,FALSE,CHI,HOU,36,7,W,CHI,29,43,FiveThirtyEight
2020_2020-12-13_TEN_JAX,2020,NA,2020-12-13,Regular Season,FALSE,JAX,TEN,10,31,L,TEN,21,41,FiveThirtyEight
2020_2020-12-13_ARI_NYG,2020,NA,2020-12-13,Regular Season,FALSE,NYG,ARI,7,26,L,ARI,19,33,FiveThirtyEight
2020_2020-12-13_DEN_CAR,2020,NA,2020-12-13,Regular Season,FALSE,CAR,DEN,27,32,L,DEN,5,59,FiveThirtyEight
2020_2020-12-13_MIN_TB,2020,NA,2020-12-13,Regular Season,FALSE,TB,MIN,26,14,W,TB,12,40,FiveThirtyEight
2020_2020-12-13_IND_LV,2020,NA,2020-12-13,Regular Season,FALSE,LV,IND,27,44,L,IND,17,71,FiveThirtyEight
2020_2020-12-13_NYJ_SEA,2020,NA,2020-12-13,Regular Season,FALSE,SEA,NYJ,40,3,W,SEA,37,43,FiveThirtyEight
2020_2020-12-13_ATL_LAC,2020,NA,2020-12-13,Regular Season,FALSE,LAC,ATL,20,17,W,LAC,3,37,FiveThirtyEight
2020_2020-12-13_WAS_SF,2020,NA,2020-12-13,Regular Season,FALSE,SF,WAS,15,23,L,WAS,8,38,FiveThirtyEight
2020_2020-12-13_NO_PHI,2020,NA,2020-12-13,Regular Season,FALSE,PHI,NO,24,21,W,PHI,3,45,FiveThirtyEight
2020_2020-12-13_GB_DET,2020,NA,2020-12-13,Regular Season,FALSE,DET,GB,24,31,L,GB,7,55,FiveThirtyEight
2020_2020-12-13_PIT_BUF,2020,NA,2020-12-13,Regular Season,FALSE,BUF,PIT,26,15,W,BUF,11,41,FiveThirtyEight
2020_2020-12-14_BAL_CLE,2020,NA,2020-12-14,Regular Season,FALSE,CLE,BAL,42,47,L,BAL,5,89,FiveThirtyEight
2020_2020-12-17_LAC_LV,2020,NA,2020-12-17,Regular Season,FALSE,LV,LAC,27,30,L,LAC,3,57,FiveThirtyEight
2020_2020-12-19_BUF_DEN,2020,NA,2020-12-19,Regular Season,FALSE,DEN,BUF,19,48,L,BUF,29,67,FiveThirtyEight
2020_2020-12-19_CAR_GB,2020,NA,2020-12-19,Regular Season,FALSE,GB,CAR,24,16,W,GB,8,40,FiveThirtyEight
2020_2020-12-20_JAX_BAL,2020,NA,2020-12-20,Regular Season,FALSE,BAL,JAX,40,14,W,BAL,26,54,FiveThirtyEight
2020_2020-12-20_HOU_IND,2020,NA,2020-12-20,Regular Season,FALSE,IND,HOU,27,20,W,IND,7,47,FiveThirtyEight
2020_2020-12-20_SF_DAL,2020,NA,2020-12-20,Regular Season,FALSE,DAL,SF,41,33,W,DAL,8,74,FiveThirtyEight
2020_2020-12-20_SEA_WAS,2020,NA,2020-12-20,Regular Season,FALSE,WAS,SEA,15,20,L,SEA,5,35,FiveThirtyEight
2020_2020-12-20_DET_TEN,2020,NA,2020-12-20,Regular Season,FALSE,TEN,DET,46,25,W,TEN,21,71,FiveThirtyEight
2020_2020-12-20_NE_MIA,2020,NA,2020-12-20,Regular Season,FALSE,MIA,NE,22,12,W,MIA,10,34,FiveThirtyEight
2020_2020-12-20_CHI_MIN,2020,NA,2020-12-20,Regular Season,FALSE,MIN,CHI,27,33,L,CHI,6,60,FiveThirtyEight
2020_2020-12-20_TB_ATL,2020,NA,2020-12-20,Regular Season,FALSE,ATL,TB,27,31,L,TB,4,58,FiveThirtyEight
2020_2020-12-20_NYJ_LA,2020,NA,2020-12-20,Regular Season,FALSE,LA,NYJ,20,23,L,NYJ,3,43,FiveThirtyEight
2020_2020-12-20_PHI_ARI,2020,NA,2020-12-20,Regular Season,FALSE,ARI,PHI,33,26,W,ARI,7,59,FiveThirtyEight
2020_2020-12-20_KC_NO,2020,NA,2020-12-20,Regular Season,FALSE,NO,KC,29,32,L,KC,3,61,FiveThirtyEight
2020_2020-12-20_CLE_NYG,2020,NA,2020-12-20,Regular Season,FALSE,NYG,CLE,6,20,L,CLE,14,26,FiveThirtyEight
2020_2020-12-21_PIT_CIN,2020,NA,2020-12-21,Regular Season,FALSE,CIN,PIT,27,17,W,CIN,10,44,FiveThirtyEight
2020_2020-12-25_MIN_NO,2020,NA,2020-12-25,Regular Season,FALSE,NO,MIN,52,33,W,NO,19,85,FiveThirtyEight
2020_2020-12-26_TB_DET,2020,NA,2020-12-26,Regular Season,FALSE,DET,TB,7,47,L,TB,40,54,FiveThirtyEight
2020_2020-12-26_SF_ARI,2020,NA,2020-12-26,Regular Season,FALSE,ARI,SF,12,20,L,SF,8,32,FiveThirtyEight
2020_2020-12-26_MIA_LV,2020,NA,2020-12-26,Regular Season,FALSE,LV,MIA,25,26,L,MIA,1,51,FiveThirtyEight
2020_2020-12-27_CIN_HOU,2020,NA,2020-12-27,Regular Season,FALSE,HOU,CIN,31,37,L,CIN,6,68,FiveThirtyEight
2020_2020-12-27_IND_PIT,2020,NA,2020-12-27,Regular Season,FALSE,PIT,IND,28,24,W,PIT,4,52,FiveThirtyEight
2020_2020-12-27_ATL_KC,2020,NA,2020-12-27,Regular Season,FALSE,KC,ATL,17,14,W,KC,3,31,FiveThirtyEight
2020_2020-12-27_CHI_JAX,2020,NA,2020-12-27,Regular Season,FALSE,JAX,CHI,17,41,L,CHI,24,58,FiveThirtyEight
2020_2020-12-27_NYG_BAL,2020,NA,2020-12-27,Regular Season,FALSE,BAL,NYG,27,13,W,BAL,14,40,FiveThirtyEight
2020_2020-12-27_CLE_NYJ,2020,NA,2020-12-27,Regular Season,FALSE,NYJ,CLE,23,16,W,NYJ,7,39,FiveThirtyEight
2020_2020-12-27_DEN_LAC,2020,NA,2020-12-27,Regular Season,FALSE,LAC,DEN,19,16,W,LAC,3,35,FiveThirtyEight
2020_2020-12-27_CAR_WAS,2020,NA,2020-12-27,Regular Season,FALSE,WAS,CAR,13,20,L,CAR,7,33,FiveThirtyEight
2020_2020-12-27_PHI_DAL,2020,NA,2020-12-27,Regular Season,FALSE,DAL,PHI,37,17,W,DAL,20,54,FiveThirtyEight
2020_2020-12-27_LA_SEA,2020,NA,2020-12-27,Regular Season,FALSE,SEA,LA,20,9,W,SEA,11,29,FiveThirtyEight
2020_2020-12-27_TEN_GB,2020,NA,2020-12-27,Regular Season,FALSE,GB,TEN,40,14,W,GB,26,54,FiveThirtyEight
2020_2020-12-28_BUF_NE,2020,NA,2020-12-28,Regular Season,FALSE,NE,BUF,9,38,L,BUF,29,47,FiveThirtyEight
2020_2021-01-03_BAL_CIN,2020,NA,2021-01-03,Regular Season,FALSE,CIN,BAL,3,38,L,BAL,35,41,FiveThirtyEight
2020_2021-01-03_MIN_DET,2020,NA,2021-01-03,Regular Season,FALSE,DET,MIN,35,37,L,MIN,2,72,FiveThirtyEight
2020_2021-01-03_DAL_NYG,2020,NA,2021-01-03,Regular Season,FALSE,NYG,DAL,23,19,W,NYG,4,42,FiveThirtyEight
2020_2021-01-03_NYJ_NE,2020,NA,2021-01-03,Regular Season,FALSE,NE,NYJ,28,14,W,NE,14,42,FiveThirtyEight
2020_2021-01-03_MIA_BUF,2020,NA,2021-01-03,Regular Season,FALSE,BUF,MIA,56,26,W,BUF,30,82,FiveThirtyEight
2020_2021-01-03_PIT_CLE,2020,NA,2021-01-03,Regular Season,FALSE,CLE,PIT,24,22,W,CLE,2,46,FiveThirtyEight
2020_2021-01-03_ATL_TB,2020,NA,2021-01-03,Regular Season,FALSE,TB,ATL,44,27,W,TB,17,71,FiveThirtyEight
2020_2021-01-03_LV_DEN,2020,NA,2021-01-03,Regular Season,FALSE,DEN,LV,31,32,L,LV,1,63,FiveThirtyEight
2020_2021-01-03_GB_CHI,2020,NA,2021-01-03,Regular Season,FALSE,CHI,GB,16,35,L,GB,19,51,FiveThirtyEight
2020_2021-01-03_LAC_KC,2020,NA,2021-01-03,Regular Season,FALSE,KC,LAC,21,38,L,LAC,17,59,FiveThirtyEight
2020_2021-01-03_JAX_IND,2020,NA,2021-01-03,Regular Season,FALSE,IND,JAX,28,14,W,IND,14,42,FiveThirtyEight
2020_2021-01-03_ARI_LA,2020,NA,2021-01-03,Regular Season,FALSE,LA,ARI,18,7,W,LA,11,25,FiveThirtyEight
2020_2021-01-03_NO_CAR,2020,NA,2021-01-03,Regular Season,FALSE,CAR,NO,7,33,L,NO,26,40,FiveThirtyEight
2020_2021-01-03_TEN_HOU,2020,NA,2021-01-03,Regular Season,FALSE,HOU,TEN,38,41,L,TEN,3,79,FiveThirtyEight
2020_2021-01-03_SEA_SF,2020,NA,2021-01-03,Regular Season,FALSE,SF,SEA,23,26,L,SEA,3,49,FiveThirtyEight
2020_2021-01-03_WAS_PHI,2020,NA,2021-01-03,Regular Season,FALSE,PHI,WAS,14,20,L,WAS,6,34,FiveThirtyEight
2021_2021-09-09_DAL_TB,2021,1,2021-09-09,Regular Season,FALSE,TB,DAL,31,29,W,TB,2,60,nflverse
2021_2021-09-12_PHI_ATL,2021,1,2021-09-12,Regular Season,FALSE,ATL,PHI,6,32,L,PHI,26,38,nflverse
2021_2021-09-12_PIT_BUF,2021,1,2021-09-12,Regular Season,FALSE,BUF,PIT,16,23,L,PIT,7,39,nflverse
2021_2021-09-12_NYJ_CAR,2021,1,2021-09-12,Regular Season,FALSE,CAR,NYJ,19,14,W,CAR,5,33,nflverse
2021_2021-09-12_MIN_CIN,2021,1,2021-09-12,Regular Season,FALSE,CIN,MIN,27,24,W,CIN,3,51,nflverse
2021_2021-09-12_SF_DET,2021,1,2021-09-12,Regular Season,FALSE,DET,SF,33,41,L,SF,8,74,nflverse
2021_2021-09-12_JAX_HOU,2021,1,2021-09-12,Regular Season,FALSE,HOU,JAX,37,21,W,HOU,16,58,nflverse
2021_2021-09-12_SEA_IND,2021,1,2021-09-12,Regular Season,FALSE,IND,SEA,16,28,L,SEA,12,44,nflverse
2021_2021-09-12_ARI_TEN,2021,1,2021-09-12,Regular Season,FALSE,TEN,ARI,13,38,L,ARI,25,51,nflverse
2021_2021-09-12_LAC_WAS,2021,1,2021-09-12,Regular Season,FALSE,WAS,LAC,16,20,L,LAC,4,36,nflverse
2021_2021-09-12_CLE_KC,2021,1,2021-09-12,Regular Season,FALSE,KC,CLE,33,29,W,KC,4,62,nflverse
2021_2021-09-12_MIA_NE,2021,1,2021-09-12,Regular Season,FALSE,NE,MIA,16,17,L,MIA,1,33,nflverse
2021_2021-09-12_GB_NO,2021,1,2021-09-12,Regular Season,TRUE,NO,GB,38,3,W,NO,35,41,nflverse
2021_2021-09-12_DEN_NYG,2021,1,2021-09-12,Regular Season,FALSE,NYG,DEN,13,27,L,DEN,14,40,nflverse
2021_2021-09-12_CHI_LA,2021,1,2021-09-12,Regular Season,FALSE,LA,CHI,34,14,W,LA,20,48,nflverse
2021_2021-09-13_BAL_LV,2021,1,2021-09-13,Regular Season,FALSE,LV,BAL,33,27,W,LV,6,60,nflverse
2021_2021-09-16_NYG_WAS,2021,2,2021-09-16,Regular Season,FALSE,WAS,NYG,30,29,W,WAS,1,59,nflverse
2021_2021-09-19_NO_CAR,2021,2,2021-09-19,Regular Season,FALSE,CAR,NO,26,7,W,CAR,19,33,nflverse
2021_2021-09-19_CIN_CHI,2021,2,2021-09-19,Regular Season,FALSE,CHI,CIN,20,17,W,CHI,3,37,nflverse
2021_2021-09-19_HOU_CLE,2021,2,2021-09-19,Regular Season,FALSE,CLE,HOU,31,21,W,CLE,10,52,nflverse
2021_2021-09-19_LA_IND,2021,2,2021-09-19,Regular Season,FALSE,IND,LA,24,27,L,LA,3,51,nflverse
2021_2021-09-19_DEN_JAX,2021,2,2021-09-19,Regular Season,FALSE,JAX,DEN,13,23,L,DEN,10,36,nflverse
2021_2021-09-19_BUF_MIA,2021,2,2021-09-19,Regular Season,FALSE,MIA,BUF,0,35,L,BUF,35,35,nflverse
2021_2021-09-19_NE_NYJ,2021,2,2021-09-19,Regular Season,FALSE,NYJ,NE,6,25,L,NE,19,31,nflverse
2021_2021-09-19_SF_PHI,2021,2,2021-09-19,Regular Season,FALSE,PHI,SF,11,17,L,SF,6,28,nflverse
2021_2021-09-19_LV_PIT,2021,2,2021-09-19,Regular Season,FALSE,PIT,LV,17,26,L,LV,9,43,nflverse
2021_2021-09-19_MIN_ARI,2021,2,2021-09-19,Regular Season,FALSE,ARI,MIN,34,33,W,ARI,1,67,nflverse
2021_2021-09-19_ATL_TB,2021,2,2021-09-19,Regular Season,FALSE,TB,ATL,48,25,W,TB,23,73,nflverse
2021_2021-09-19_DAL_LAC,2021,2,2021-09-19,Regular Season,FALSE,LAC,DAL,17,20,L,DAL,3,37,nflverse
2021_2021-09-19_TEN_SEA,2021,2,2021-09-19,Regular Season,FALSE,SEA,TEN,30,33,L,TEN,3,63,nflverse
2021_2021-09-19_KC_BAL,2021,2,2021-09-19,Regular Season,FALSE,BAL,KC,36,35,W,BAL,1,71,nflverse
2021_2021-09-20_DET_GB,2021,2,2021-09-20,Regular Season,FALSE,GB,DET,35,17,W,GB,18,52,nflverse
2021_2021-09-23_CAR_HOU,2021,3,2021-09-23,Regular Season,FALSE,HOU,CAR,9,24,L,CAR,15,33,nflverse
2021_2021-09-26_WAS_BUF,2021,3,2021-09-26,Regular Season,FALSE,BUF,WAS,43,21,W,BUF,22,64,nflverse
2021_2021-09-26_CHI_CLE,2021,3,2021-09-26,Regular Season,FALSE,CLE,CHI,26,6,W,CLE,20,32,nflverse
2021_2021-09-26_BAL_DET,2021,3,2021-09-26,Regular Season,FALSE,DET,BAL,17,19,L,BAL,2,36,nflverse
2021_2021-09-26_ARI_JAX,2021,3,2021-09-26,Regular Season,FALSE,JAX,ARI,19,31,L,ARI,12,50,nflverse
2021_2021-09-26_LAC_KC,2021,3,2021-09-26,Regular Season,FALSE,KC,LAC,24,30,L,LAC,6,54,nflverse
2021_2021-09-26_NO_NE,2021,3,2021-09-26,Regular Season,FALSE,NE,NO,13,28,L,NO,15,41,nflverse
2021_2021-09-26_ATL_NYG,2021,3,2021-09-26,Regular Season,FALSE,NYG,ATL,14,17,L,ATL,3,31,nflverse
2021_2021-09-26_CIN_PIT,2021,3,2021-09-26,Regular Season,FALSE,PIT,CIN,10,24,L,CIN,14,34,nflverse
2021_2021-09-26_IND_TEN,2021,3,2021-09-26,Regular Season,FALSE,TEN,IND,25,16,W,TEN,9,41,nflverse
2021_2021-09-26_NYJ_DEN,2021,3,2021-09-26,Regular Season,FALSE,DEN,NYJ,26,0,W,DEN,26,26,nflverse
2021_2021-09-26_MIA_LV,2021,3,2021-09-26,Regular Season,FALSE,LV,MIA,31,28,W,LV,3,59,nflverse
2021_2021-09-26_TB_LA,2021,3,2021-09-26,Regular Season,FALSE,LA,TB,34,24,W,LA,10,58,nflverse
2021_2021-09-26_SEA_MIN,2021,3,2021-09-26,Regular Season,FALSE,MIN,SEA,30,17,W,MIN,13,47,nflverse
2021_2021-09-26_GB_SF,2021,3,2021-09-26,Regular Season,FALSE,SF,GB,28,30,L,GB,2,58,nflverse
2021_2021-09-27_PHI_DAL,2021,3,2021-09-27,Regular Season,FALSE,DAL,PHI,41,21,W,DAL,20,62,nflverse
2021_2021-09-30_JAX_CIN,2021,4,2021-09-30,Regular Season,FALSE,CIN,JAX,24,21,W,CIN,3,45,nflverse
2021_2021-10-03_WAS_ATL,2021,4,2021-10-03,Regular Season,FALSE,ATL,WAS,30,34,L,WAS,4,64,nflverse
2021_2021-10-03_HOU_BUF,2021,4,2021-10-03,Regular Season,FALSE,BUF,HOU,40,0,W,BUF,40,40,nflverse
2021_2021-10-03_DET_CHI,2021,4,2021-10-03,Regular Season,FALSE,CHI,DET,24,14,W,CHI,10,38,nflverse
2021_2021-10-03_CAR_DAL,2021,4,2021-10-03,Regular Season,FALSE,DAL,CAR,36,28,W,DAL,8,64,nflverse
2021_2021-10-03_IND_MIA,2021,4,2021-10-03,Regular Season,FALSE,MIA,IND,17,27,L,IND,10,44,nflverse
2021_2021-10-03_CLE_MIN,2021,4,2021-10-03,Regular Season,FALSE,MIN,CLE,7,14,L,CLE,7,21,nflverse
2021_2021-10-03_NYG_NO,2021,4,2021-10-03,Regular Season,FALSE,NO,NYG,21,27,L,NYG,6,48,nflverse
2021_2021-10-03_TEN_NYJ,2021,4,2021-10-03,Regular Season,FALSE,NYJ,TEN,27,24,W,NYJ,3,51,nflverse
2021_2021-10-03_KC_PHI,2021,4,2021-10-03,Regular Season,FALSE,PHI,KC,30,42,L,KC,12,72,nflverse
2021_2021-10-03_ARI_LA,2021,4,2021-10-03,Regular Season,FALSE,LA,ARI,20,37,L,ARI,17,57,nflverse
2021_2021-10-03_SEA_SF,2021,4,2021-10-03,Regular Season,FALSE,SF,SEA,21,28,L,SEA,7,49,nflverse
2021_2021-10-03_BAL_DEN,2021,4,2021-10-03,Regular Season,FALSE,DEN,BAL,7,23,L,BAL,16,30,nflverse
2021_2021-10-03_PIT_GB,2021,4,2021-10-03,Regular Season,FALSE,GB,PIT,27,17,W,GB,10,44,nflverse
2021_2021-10-03_TB_NE,2021,4,2021-10-03,Regular Season,FALSE,NE,TB,17,19,L,TB,2,36,nflverse
2021_2021-10-04_LV_LAC,2021,4,2021-10-04,Regular Season,FALSE,LAC,LV,28,14,W,LAC,14,42,nflverse
2021_2021-10-07_LA_SEA,2021,5,2021-10-07,Regular Season,FALSE,SEA,LA,17,26,L,LA,9,43,nflverse
2021_2021-10-10_NYJ_ATL,2021,5,2021-10-10,Regular Season,TRUE,ATL,NYJ,27,20,W,ATL,7,47,nflverse
2021_2021-10-10_PHI_CAR,2021,5,2021-10-10,Regular Season,FALSE,CAR,PHI,18,21,L,PHI,3,39,nflverse
2021_2021-10-10_GB_CIN,2021,5,2021-10-10,Regular Season,FALSE,CIN,GB,22,25,L,GB,3,47,nflverse
2021_2021-10-10_NE_HOU,2021,5,2021-10-10,Regular Season,FALSE,HOU,NE,22,25,L,NE,3,47,nflverse
2021_2021-10-10_TEN_JAX,2021,5,2021-10-10,Regular Season,FALSE,JAX,TEN,19,37,L,TEN,18,56,nflverse
2021_2021-10-10_DET_MIN,2021,5,2021-10-10,Regular Season,FALSE,MIN,DET,19,17,W,MIN,2,36,nflverse
2021_2021-10-10_DEN_PIT,2021,5,2021-10-10,Regular Season,FALSE,PIT,DEN,27,19,W,PIT,8,46,nflverse
2021_2021-10-10_MIA_TB,2021,5,2021-10-10,Regular Season,FALSE,TB,MIA,45,17,W,TB,28,62,nflverse
2021_2021-10-10_NO_WAS,2021,5,2021-10-10,Regular Season,FALSE,WAS,NO,22,33,L,NO,11,55,nflverse
2021_2021-10-10_CLE_LAC,2021,5,2021-10-10,Regular Season,FALSE,LAC,CLE,47,42,W,LAC,5,89,nflverse
2021_2021-10-10_CHI_LV,2021,5,2021-10-10,Regular Season,FALSE,LV,CHI,9,20,L,CHI,11,29,nflverse
2021_2021-10-10_SF_ARI,2021,5,2021-10-10,Regular Season,FALSE,ARI,SF,17,10,W,ARI,7,27,nflverse
2021_2021-10-10_NYG_DAL,2021,5,2021-10-10,Regular Season,FALSE,DAL,NYG,44,20,W,DAL,24,64,nflverse
2021_2021-10-10_BUF_KC,2021,5,2021-10-10,Regular Season,FALSE,KC,BUF,20,38,L,BUF,18,58,nflverse
2021_2021-10-11_IND_BAL,2021,5,2021-10-11,Regular Season,FALSE,BAL,IND,31,25,W,BAL,6,56,nflverse
2021_2021-10-14_TB_PHI,2021,6,2021-10-14,Regular Season,FALSE,PHI,TB,22,28,L,TB,6,50,nflverse
2021_2021-10-17_MIA_JAX,2021,6,2021-10-17,Regular Season,TRUE,JAX,MIA,23,20,W,JAX,3,43,nflverse
2021_2021-10-17_LAC_BAL,2021,6,2021-10-17,Regular Season,FALSE,BAL,LAC,34,6,W,BAL,28,40,nflverse
2021_2021-10-17_MIN_CAR,2021,6,2021-10-17,Regular Season,FALSE,CAR,MIN,28,34,L,MIN,6,62,nflverse
2021_2021-10-17_GB_CHI,2021,6,2021-10-17,Regular Season,FALSE,CHI,GB,14,24,L,GB,10,38,nflverse
2021_2021-10-17_CIN_DET,2021,6,2021-10-17,Regular Season,FALSE,DET,CIN,11,34,L,CIN,23,45,nflverse
2021_2021-10-17_HOU_IND,2021,6,2021-10-17,Regular Season,FALSE,IND,HOU,31,3,W,IND,28,34,nflverse
2021_2021-10-17_LA_NYG,2021,6,2021-10-17,Regular Season,FALSE,NYG,LA,11,38,L,LA,27,49,nflverse
2021_2021-10-17_KC_WAS,2021,6,2021-10-17,Regular Season,FALSE,WAS,KC,13,31,L,KC,18,44,nflverse
2021_2021-10-17_ARI_CLE,2021,6,2021-10-17,Regular Season,FALSE,CLE,ARI,14,37,L,ARI,23,51,nflverse
2021_2021-10-17_LV_DEN,2021,6,2021-10-17,Regular Season,FALSE,DEN,LV,24,34,L,LV,10,58,nflverse
2021_2021-10-17_DAL_NE,2021,6,2021-10-17,Regular Season,FALSE,NE,DAL,29,35,L,DAL,6,64,nflverse
2021_2021-10-17_SEA_PIT,2021,6,2021-10-17,Regular Season,FALSE,PIT,SEA,23,20,W,PIT,3,43,nflverse
2021_2021-10-18_BUF_TEN,2021,6,2021-10-18,Regular Season,FALSE,TEN,BUF,34,31,W,TEN,3,65,nflverse
2021_2021-10-21_DEN_CLE,2021,7,2021-10-21,Regular Season,FALSE,CLE,DEN,17,14,W,CLE,3,31,nflverse
2021_2021-10-24_CIN_BAL,2021,7,2021-10-24,Regular Season,FALSE,BAL,CIN,17,41,L,CIN,24,58,nflverse
2021_2021-10-24_WAS_GB,2021,7,2021-10-24,Regular Season,FALSE,GB,WAS,24,10,W,GB,14,34,nflverse
2021_2021-10-24_ATL_MIA,2021,7,2021-10-24,Regular Season,FALSE,MIA,ATL,28,30,L,ATL,2,58,nflverse
2021_2021-10-24_NYJ_NE,2021,7,2021-10-24,Regular Season,FALSE,NE,NYJ,54,13,W,NE,41,67,nflverse
2021_2021-10-24_CAR_NYG,2021,7,2021-10-24,Regular Season,FALSE,NYG,CAR,25,3,W,NYG,22,28,nflverse
2021_2021-10-24_KC_TEN,2021,7,2021-10-24,Regular Season,FALSE,TEN,KC,27,3,W,TEN,24,30,nflverse
2021_2021-10-24_DET_LA,2021,7,2021-10-24,Regular Season,FALSE,LA,DET,28,19,W,LA,9,47,nflverse
2021_2021-10-24_PHI_LV,2021,7,2021-10-24,Regular Season,FALSE,LV,PHI,33,22,W,LV,11,55,nflverse
2021_2021-10-24_HOU_ARI,2021,7,2021-10-24,Regular Season,FALSE,ARI,HOU,31,5,W,ARI,26,36,nflverse
2021_2021-10-24_CHI_TB,2021,7,2021-10-24,Regular Season,FALSE,TB,CHI,38,3,W,TB,35,41,nflverse
2021_2021-10-24_IND_SF,2021,7,2021-10-24,Regular Season,FALSE,SF,IND,18,30,L,IND,12,48,nflverse
2021_2021-10-25_NO_SEA,2021,7,2021-10-25,Regular Season,FALSE,SEA,NO,10,13,L,NO,3,23,nflverse
2021_2021-10-28_GB_ARI,2021,8,2021-10-28,Regular Season,FALSE,ARI,GB,21,24,L,GB,3,45,nflverse
2021_2021-10-31_CAR_ATL,2021,8,2021-10-31,Regular Season,FALSE,ATL,CAR,13,19,L,CAR,6,32,nflverse
2021_2021-10-31_MIA_BUF,2021,8,2021-10-31,Regular Season,FALSE,BUF,MIA,26,11,W,BUF,15,37,nflverse
2021_2021-10-31_SF_CHI,2021,8,2021-10-31,Regular Season,FALSE,CHI,SF,22,33,L,SF,11,55,nflverse
2021_2021-10-31_PIT_CLE,2021,8,2021-10-31,Regular Season,FALSE,CLE,PIT,10,15,L,PIT,5,25,nflverse
2021_2021-10-31_PHI_DET,2021,8,2021-10-31,Regular Season,FALSE,DET,PHI,6,44,L,PHI,38,50,nflverse
2021_2021-10-31_LA_HOU,2021,8,2021-10-31,Regular Season,FALSE,HOU,LA,22,38,L,LA,16,60,nflverse
2021_2021-10-31_TEN_IND,2021,8,2021-10-31,Regular Season,FALSE,IND,TEN,31,34,L,TEN,3,65,nflverse
2021_2021-10-31_CIN_NYJ,2021,8,2021-10-31,Regular Season,FALSE,NYJ,CIN,34,31,W,NYJ,3,65,nflverse
2021_2021-10-31_NE_LAC,2021,8,2021-10-31,Regular Season,FALSE,LAC,NE,24,27,L,NE,3,51,nflverse
2021_2021-10-31_JAX_SEA,2021,8,2021-10-31,Regular Season,FALSE,SEA,JAX,31,7,W,SEA,24,38,nflverse
2021_2021-10-31_WAS_DEN,2021,8,2021-10-31,Regular Season,FALSE,DEN,WAS,17,10,W,DEN,7,27,nflverse
2021_2021-10-31_TB_NO,2021,8,2021-10-31,Regular Season,FALSE,NO,TB,36,27,W,NO,9,63,nflverse
2021_2021-10-31_DAL_MIN,2021,8,2021-10-31,Regular Season,FALSE,MIN,DAL,16,20,L,DAL,4,36,nflverse
2021_2021-11-01_NYG_KC,2021,8,2021-11-01,Regular Season,FALSE,KC,NYG,20,17,W,KC,3,37,nflverse
2021_2021-11-04_NYJ_IND,2021,9,2021-11-04,Regular Season,FALSE,IND,NYJ,45,30,W,IND,15,75,nflverse
2021_2021-11-07_MIN_BAL,2021,9,2021-11-07,Regular Season,FALSE,BAL,MIN,34,31,W,BAL,3,65,nflverse
2021_2021-11-07_NE_CAR,2021,9,2021-11-07,Regular Season,FALSE,CAR,NE,6,24,L,NE,18,30,nflverse
2021_2021-11-07_CLE_CIN,2021,9,2021-11-07,Regular Season,FALSE,CIN,CLE,16,41,L,CLE,25,57,nflverse
2021_2021-11-07_DEN_DAL,2021,9,2021-11-07,Regular Season,FALSE,DAL,DEN,16,30,L,DEN,14,46,nflverse
2021_2021-11-07_BUF_JAX,2021,9,2021-11-07,Regular Season,FALSE,JAX,BUF,9,6,W,JAX,3,15,nflverse
2021_2021-11-07_HOU_MIA,2021,9,2021-11-07,Regular Season,FALSE,MIA,HOU,17,9,W,MIA,8,26,nflverse
2021_2021-11-07_ATL_NO,2021,9,2021-11-07,Regular Season,FALSE,NO,ATL,25,27,L,ATL,2,52,nflverse
2021_2021-11-07_LV_NYG,2021,9,2021-11-07,Regular Season,FALSE,NYG,LV,23,16,W,NYG,7,39,nflverse
2021_2021-11-07_LAC_PHI,2021,9,2021-11-07,Regular Season,FALSE,PHI,LAC,24,27,L,LAC,3,51,nflverse
2021_2021-11-07_GB_KC,2021,9,2021-11-07,Regular Season,FALSE,KC,GB,13,7,W,KC,6,20,nflverse
2021_2021-11-07_ARI_SF,2021,9,2021-11-07,Regular Season,FALSE,SF,ARI,17,31,L,ARI,14,48,nflverse
2021_2021-11-07_TEN_LA,2021,9,2021-11-07,Regular Season,FALSE,LA,TEN,16,28,L,TEN,12,44,nflverse
2021_2021-11-08_CHI_PIT,2021,9,2021-11-08,Regular Season,FALSE,PIT,CHI,29,27,W,PIT,2,56,nflverse
2021_2021-11-11_BAL_MIA,2021,10,2021-11-11,Regular Season,FALSE,MIA,BAL,22,10,W,MIA,12,32,nflverse
2021_2021-11-14_ATL_DAL,2021,10,2021-11-14,Regular Season,FALSE,DAL,ATL,43,3,W,DAL,40,46,nflverse
2021_2021-11-14_JAX_IND,2021,10,2021-11-14,Regular Season,FALSE,IND,JAX,23,17,W,IND,6,40,nflverse
2021_2021-11-14_CLE_NE,2021,10,2021-11-14,Regular Season,FALSE,NE,CLE,45,7,W,NE,38,52,nflverse
2021_2021-11-14_BUF_NYJ,2021,10,2021-11-14,Regular Season,FALSE,NYJ,BUF,17,45,L,BUF,28,62,nflverse
2021_2021-11-14_DET_PIT,2021,10,2021-11-14,Regular Season,FALSE,PIT,DET,16,16,T,Tie,0,32,nflverse
2021_2021-11-14_NO_TEN,2021,10,2021-11-14,Regular Season,FALSE,TEN,NO,23,21,W,TEN,2,44,nflverse
2021_2021-11-14_TB_WAS,2021,10,2021-11-14,Regular Season,FALSE,WAS,TB,29,19,W,WAS,10,48,nflverse
2021_2021-11-14_CAR_ARI,2021,10,2021-11-14,Regular Season,FALSE,ARI,CAR,10,34,L,CAR,24,44,nflverse
2021_2021-11-14_MIN_LAC,2021,10,2021-11-14,Regular Season,FALSE,LAC,MIN,20,27,L,MIN,7,47,nflverse
2021_2021-11-14_PHI_DEN,2021,10,2021-11-14,Regular Season,FALSE,DEN,PHI,13,30,L,PHI,17,43,nflverse
2021_2021-11-14_SEA_GB,2021,10,2021-11-14,Regular Season,FALSE,GB,SEA,17,0,W,GB,17,17,nflverse
2021_2021-11-14_KC_LV,2021,10,2021-11-14,Regular Season,FALSE,LV,KC,14,41,L,KC,27,55,nflverse
2021_2021-11-15_LA_SF,2021,10,2021-11-15,Regular Season,FALSE,SF,LA,31,10,W,SF,21,41,nflverse
2021_2021-11-18_NE_ATL,2021,11,2021-11-18,Regular Season,FALSE,ATL,NE,0,25,L,NE,25,25,nflverse
2021_2021-11-21_IND_BUF,2021,11,2021-11-21,Regular Season,FALSE,BUF,IND,15,41,L,IND,26,56,nflverse
2021_2021-11-21_WAS_CAR,2021,11,2021-11-21,Regular Season,FALSE,CAR,WAS,21,27,L,WAS,6,48,nflverse
2021_2021-11-21_BAL_CHI,2021,11,2021-11-21,Regular Season,FALSE,CHI,BAL,13,16,L,BAL,3,29,nflverse
2021_2021-11-21_DET_CLE,2021,11,2021-11-21,Regular Season,FALSE,CLE,DET,13,10,W,CLE,3,23,nflverse
2021_2021-11-21_SF_JAX,2021,11,2021-11-21,Regular Season,FALSE,JAX,SF,10,30,L,SF,20,40,nflverse
2021_2021-11-21_GB_MIN,2021,11,2021-11-21,Regular Season,FALSE,MIN,GB,34,31,W,MIN,3,65,nflverse
2021_2021-11-21_MIA_NYJ,2021,11,2021-11-21,Regular Season,FALSE,NYJ,MIA,17,24,L,MIA,7,41,nflverse
2021_2021-11-21_NO_PHI,2021,11,2021-11-21,Regular Season,FALSE,PHI,NO,40,29,W,PHI,11,69,nflverse
2021_2021-11-21_HOU_TEN,2021,11,2021-11-21,Regular Season,FALSE,TEN,HOU,13,22,L,HOU,9,35,nflverse
2021_2021-11-21_CIN_LV,2021,11,2021-11-21,Regular Season,FALSE,LV,CIN,13,32,L,CIN,19,45,nflverse
2021_2021-11-21_DAL_KC,2021,11,2021-11-21,Regular Season,FALSE,KC,DAL,19,9,W,KC,10,28,nflverse
2021_2021-11-21_ARI_SEA,2021,11,2021-11-21,Regular Season,FALSE,SEA,ARI,13,23,L,ARI,10,36,nflverse
2021_2021-11-21_PIT_LAC,2021,11,2021-11-21,Regular Season,FALSE,LAC,PIT,41,37,W,LAC,4,78,nflverse
2021_2021-11-22_NYG_TB,2021,11,2021-11-22,Regular Season,FALSE,TB,NYG,30,10,W,TB,20,40,nflverse
2021_2021-11-25_CHI_DET,2021,12,2021-11-25,Regular Season,FALSE,DET,CHI,14,16,L,CHI,2,30,nflverse
2021_2021-11-25_LV_DAL,2021,12,2021-11-25,Regular Season,FALSE,DAL,LV,33,36,L,LV,3,69,nflverse
2021_2021-11-25_BUF_NO,2021,12,2021-11-25,Regular Season,FALSE,NO,BUF,6,31,L,BUF,25,37,nflverse
2021_2021-11-28_PIT_CIN,2021,12,2021-11-28,Regular Season,FALSE,CIN,PIT,41,10,W,CIN,31,51,nflverse
2021_2021-11-28_NYJ_HOU,2021,12,2021-11-28,Regular Season,FALSE,HOU,NYJ,14,21,L,NYJ,7,35,nflverse
2021_2021-11-28_TB_IND,2021,12,2021-11-28,Regular Season,FALSE,IND,TB,31,38,L,TB,7,69,nflverse
2021_2021-11-28_ATL_JAX,2021,12,2021-11-28,Regular Season,FALSE,JAX,ATL,14,21,L,ATL,7,35,nflverse
2021_2021-11-28_CAR_MIA,2021,12,2021-11-28,Regular Season,FALSE,MIA,CAR,33,10,W,MIA,23,43,nflverse
2021_2021-11-28_TEN_NE,2021,12,2021-11-28,Regular Season,FALSE,NE,TEN,36,13,W,NE,23,49,nflverse
2021_2021-11-28_PHI_NYG,2021,12,2021-11-28,Regular Season,FALSE,NYG,PHI,13,7,W,NYG,6,20,nflverse
2021_2021-11-28_LAC_DEN,2021,12,2021-11-28,Regular Season,FALSE,DEN,LAC,28,13,W,DEN,15,41,nflverse
2021_2021-11-28_LA_GB,2021,12,2021-11-28,Regular Season,FALSE,GB,LA,36,28,W,GB,8,64,nflverse
2021_2021-11-28_MIN_SF,2021,12,2021-11-28,Regular Season,FALSE,SF,MIN,34,26,W,SF,8,60,nflverse
2021_2021-11-28_CLE_BAL,2021,12,2021-11-28,Regular Season,FALSE,BAL,CLE,16,10,W,BAL,6,26,nflverse
2021_2021-11-29_SEA_WAS,2021,12,2021-11-29,Regular Season,FALSE,WAS,SEA,17,15,W,WAS,2,32,nflverse
2021_2021-12-02_DAL_NO,2021,13,2021-12-02,Regular Season,FALSE,NO,DAL,17,27,L,DAL,10,44,nflverse
2021_2021-12-05_TB_ATL,2021,13,2021-12-05,Regular Season,FALSE,ATL,TB,17,30,L,TB,13,47,nflverse
2021_2021-12-05_ARI_CHI,2021,13,2021-12-05,Regular Season,FALSE,CHI,ARI,22,33,L,ARI,11,55,nflverse
2021_2021-12-05_LAC_CIN,2021,13,2021-12-05,Regular Season,FALSE,CIN,LAC,22,41,L,LAC,19,63,nflverse
2021_2021-12-05_MIN_DET,2021,13,2021-12-05,Regular Season,FALSE,DET,MIN,29,27,W,DET,2,56,nflverse
2021_2021-12-05_IND_HOU,2021,13,2021-12-05,Regular Season,FALSE,HOU,IND,0,31,L,IND,31,31,nflverse
2021_2021-12-05_NYG_MIA,2021,13,2021-12-05,Regular Season,FALSE,MIA,NYG,20,9,W,MIA,11,29,nflverse
2021_2021-12-05_PHI_NYJ,2021,13,2021-12-05,Regular Season,FALSE,NYJ,PHI,18,33,L,PHI,15,51,nflverse
2021_2021-12-05_JAX_LA,2021,13,2021-12-05,Regular Season,FALSE,LA,JAX,37,7,W,LA,30,44,nflverse
2021_2021-12-05_WAS_LV,2021,13,2021-12-05,Regular Season,FALSE,LV,WAS,15,17,L,WAS,2,32,nflverse
2021_2021-12-05_BAL_PIT,2021,13,2021-12-05,Regular Season,FALSE,PIT,BAL,20,19,W,PIT,1,39,nflverse
2021_2021-12-05_SF_SEA,2021,13,2021-12-05,Regular Season,FALSE,SEA,SF,30,23,W,SEA,7,53,nflverse
2021_2021-12-05_DEN_KC,2021,13,2021-12-05,Regular Season,FALSE,KC,DEN,22,9,W,KC,13,31,nflverse
2021_2021-12-06_NE_BUF,2021,13,2021-12-06,Regular Season,FALSE,BUF,NE,10,14,L,NE,4,24,nflverse
2021_2021-12-09_PIT_MIN,2021,14,2021-12-09,Regular Season,FALSE,MIN,PIT,36,28,W,MIN,8,64,nflverse
2021_2021-12-12_ATL_CAR,2021,14,2021-12-12,Regular Season,FALSE,CAR,ATL,21,29,L,ATL,8,50,nflverse
2021_2021-12-12_BAL_CLE,2021,14,2021-12-12,Regular Season,FALSE,CLE,BAL,24,22,W,CLE,2,46,nflverse
2021_2021-12-12_SEA_HOU,2021,14,2021-12-12,Regular Season,FALSE,HOU,SEA,13,33,L,SEA,20,46,nflverse
2021_2021-12-12_LV_KC,2021,14,2021-12-12,Regular Season,FALSE,KC,LV,48,9,W,KC,39,57,nflverse
2021_2021-12-12_NO_NYJ,2021,14,2021-12-12,Regular Season,FALSE,NYJ,NO,9,30,L,NO,21,39,nflverse
2021_2021-12-12_JAX_TEN,2021,14,2021-12-12,Regular Season,FALSE,TEN,JAX,20,0,W,TEN,20,20,nflverse
2021_2021-12-12_DAL_WAS,2021,14,2021-12-12,Regular Season,FALSE,WAS,DAL,20,27,L,DAL,7,47,nflverse
2021_2021-12-12_DET_DEN,2021,14,2021-12-12,Regular Season,FALSE,DEN,DET,38,10,W,DEN,28,48,nflverse
2021_2021-12-12_NYG_LAC,2021,14,2021-12-12,Regular Season,FALSE,LAC,NYG,37,21,W,LAC,16,58,nflverse
2021_2021-12-12_SF_CIN,2021,14,2021-12-12,Regular Season,FALSE,CIN,SF,23,26,L,SF,3,49,nflverse
2021_2021-12-12_BUF_TB,2021,14,2021-12-12,Regular Season,FALSE,TB,BUF,33,27,W,TB,6,60,nflverse
2021_2021-12-12_CHI_GB,2021,14,2021-12-12,Regular Season,FALSE,GB,CHI,45,30,W,GB,15,75,nflverse
2021_2021-12-13_LA_ARI,2021,14,2021-12-13,Regular Season,FALSE,ARI,LA,23,30,L,LA,7,53,nflverse
2021_2021-12-16_KC_LAC,2021,15,2021-12-16,Regular Season,FALSE,LAC,KC,28,34,L,KC,6,62,nflverse
2021_2021-12-18_NE_IND,2021,15,2021-12-18,Regular Season,FALSE,IND,NE,27,17,W,IND,10,44,nflverse
2021_2021-12-19_CAR_BUF,2021,15,2021-12-19,Regular Season,FALSE,BUF,CAR,31,14,W,BUF,17,45,nflverse
2021_2021-12-19_ARI_DET,2021,15,2021-12-19,Regular Season,FALSE,DET,ARI,30,12,W,DET,18,42,nflverse
2021_2021-12-19_HOU_JAX,2021,15,2021-12-19,Regular Season,FALSE,JAX,HOU,16,30,L,HOU,14,46,nflverse
2021_2021-12-19_NYJ_MIA,2021,15,2021-12-19,Regular Season,FALSE,MIA,NYJ,31,24,W,MIA,7,55,nflverse
2021_2021-12-19_DAL_NYG,2021,15,2021-12-19,Regular Season,FALSE,NYG,DAL,6,21,L,DAL,15,27,nflverse
2021_2021-12-19_TEN_PIT,2021,15,2021-12-19,Regular Season,FALSE,PIT,TEN,19,13,W,PIT,6,32,nflverse
2021_2021-12-19_CIN_DEN,2021,15,2021-12-19,Regular Season,FALSE,DEN,CIN,10,15,L,CIN,5,25,nflverse
2021_2021-12-19_ATL_SF,2021,15,2021-12-19,Regular Season,FALSE,SF,ATL,31,13,W,SF,18,44,nflverse
2021_2021-12-19_GB_BAL,2021,15,2021-12-19,Regular Season,FALSE,BAL,GB,30,31,L,GB,1,61,nflverse
2021_2021-12-19_NO_TB,2021,15,2021-12-19,Regular Season,FALSE,TB,NO,0,9,L,NO,9,9,nflverse
2021_2021-12-20_LV_CLE,2021,15,2021-12-20,Regular Season,FALSE,CLE,LV,14,16,L,LV,2,30,nflverse
2021_2021-12-20_MIN_CHI,2021,15,2021-12-20,Regular Season,FALSE,CHI,MIN,9,17,L,MIN,8,26,nflverse
2021_2021-12-21_SEA_LA,2021,15,2021-12-21,Regular Season,FALSE,LA,SEA,20,10,W,LA,10,30,nflverse
2021_2021-12-21_WAS_PHI,2021,15,2021-12-21,Regular Season,FALSE,PHI,WAS,27,17,W,PHI,10,44,nflverse
2021_2021-12-23_SF_TEN,2021,16,2021-12-23,Regular Season,FALSE,TEN,SF,20,17,W,TEN,3,37,nflverse
2021_2021-12-25_CLE_GB,2021,16,2021-12-25,Regular Season,FALSE,GB,CLE,24,22,W,GB,2,46,nflverse
2021_2021-12-25_IND_ARI,2021,16,2021-12-25,Regular Season,FALSE,ARI,IND,16,22,L,IND,6,38,nflverse
2021_2021-12-26_DET_ATL,2021,16,2021-12-26,Regular Season,FALSE,ATL,DET,20,16,W,ATL,4,36,nflverse
2021_2021-12-26_TB_CAR,2021,16,2021-12-26,Regular Season,FALSE,CAR,TB,6,32,L,TB,26,38,nflverse
2021_2021-12-26_BAL_CIN,2021,16,2021-12-26,Regular Season,FALSE,CIN,BAL,41,21,W,CIN,20,62,nflverse
2021_2021-12-26_LAC_HOU,2021,16,2021-12-26,Regular Season,FALSE,HOU,LAC,41,29,W,HOU,12,70,nflverse
2021_2021-12-26_LA_MIN,2021,16,2021-12-26,Regular Season,FALSE,MIN,LA,23,30,L,LA,7,53,nflverse
2021_2021-12-26_BUF_NE,2021,16,2021-12-26,Regular Season,FALSE,NE,BUF,21,33,L,BUF,12,54,nflverse
2021_2021-12-26_JAX_NYJ,2021,16,2021-12-26,Regular Season,FALSE,NYJ,JAX,26,21,W,NYJ,5,47,nflverse
2021_2021-12-26_NYG_PHI,2021,16,2021-12-26,Regular Season,FALSE,PHI,NYG,34,10,W,PHI,24,44,nflverse
2021_2021-12-26_CHI_SEA,2021,16,2021-12-26,Regular Season,FALSE,SEA,CHI,24,25,L,CHI,1,49,nflverse
2021_2021-12-26_PIT_KC,2021,16,2021-12-26,Regular Season,FALSE,KC,PIT,36,10,W,KC,26,46,nflverse
2021_2021-12-26_DEN_LV,2021,16,2021-12-26,Regular Season,FALSE,LV,DEN,17,13,W,LV,4,30,nflverse
2021_2021-12-26_WAS_DAL,2021,16,2021-12-26,Regular Season,FALSE,DAL,WAS,56,14,W,DAL,42,70,nflverse
2021_2021-12-27_MIA_NO,2021,16,2021-12-27,Regular Season,FALSE,NO,MIA,3,20,L,MIA,17,23,nflverse
2021_2022-01-02_LA_BAL,2021,17,2022-01-02,Regular Season,FALSE,BAL,LA,19,20,L,LA,1,39,nflverse
2021_2022-01-02_ATL_BUF,2021,17,2022-01-02,Regular Season,FALSE,BUF,ATL,29,15,W,BUF,14,44,nflverse
2021_2022-01-02_NYG_CHI,2021,17,2022-01-02,Regular Season,FALSE,CHI,NYG,29,3,W,CHI,26,32,nflverse
2021_2022-01-02_KC_CIN,2021,17,2022-01-02,Regular Season,FALSE,CIN,KC,34,31,W,CIN,3,65,nflverse
2021_2022-01-02_LV_IND,2021,17,2022-01-02,Regular Season,FALSE,IND,LV,20,23,L,LV,3,43,nflverse
2021_2022-01-02_JAX_NE,2021,17,2022-01-02,Regular Season,FALSE,NE,JAX,50,10,W,NE,40,60,nflverse
2021_2022-01-02_TB_NYJ,2021,17,2022-01-02,Regular Season,FALSE,NYJ,TB,24,28,L,TB,4,52,nflverse
2021_2022-01-02_MIA_TEN,2021,17,2022-01-02,Regular Season,FALSE,TEN,MIA,34,3,W,TEN,31,37,nflverse
2021_2022-01-02_PHI_WAS,2021,17,2022-01-02,Regular Season,FALSE,WAS,PHI,16,20,L,PHI,4,36,nflverse
2021_2022-01-02_DEN_LAC,2021,17,2022-01-02,Regular Season,FALSE,LAC,DEN,34,13,W,LAC,21,47,nflverse
2021_2022-01-02_HOU_SF,2021,17,2022-01-02,Regular Season,FALSE,SF,HOU,23,7,W,SF,16,30,nflverse
2021_2022-01-02_ARI_DAL,2021,17,2022-01-02,Regular Season,FALSE,DAL,ARI,22,25,L,ARI,3,47,nflverse
2021_2022-01-02_CAR_NO,2021,17,2022-01-02,Regular Season,FALSE,NO,CAR,18,10,W,NO,8,28,nflverse
2021_2022-01-02_DET_SEA,2021,17,2022-01-02,Regular Season,FALSE,SEA,DET,51,29,W,SEA,22,80,nflverse
2021_2022-01-02_MIN_GB,2021,17,2022-01-02,Regular Season,FALSE,GB,MIN,37,10,W,GB,27,47,nflverse
2021_2022-01-03_CLE_PIT,2021,17,2022-01-03,Regular Season,FALSE,PIT,CLE,26,14,W,PIT,12,40,nflverse
2021_2022-01-08_KC_DEN,2021,18,2022-01-08,Regular Season,FALSE,DEN,KC,24,28,L,KC,4,52,nflverse
2021_2022-01-08_DAL_PHI,2021,18,2022-01-08,Regular Season,FALSE,PHI,DAL,26,51,L,DAL,25,77,nflverse
2021_2022-01-09_PIT_BAL,2021,18,2022-01-09,Regular Season,FALSE,BAL,PIT,13,16,L,PIT,3,29,nflverse
2021_2022-01-09_CIN_CLE,2021,18,2022-01-09,Regular Season,FALSE,CLE,CIN,21,16,W,CLE,5,37,nflverse
2021_2022-01-09_GB_DET,2021,18,2022-01-09,Regular Season,FALSE,DET,GB,37,30,W,DET,7,67,nflverse
2021_2022-01-09_TEN_HOU,2021,18,2022-01-09,Regular Season,FALSE,HOU,TEN,25,28,L,TEN,3,53,nflverse
2021_2022-01-09_IND_JAX,2021,18,2022-01-09,Regular Season,FALSE,JAX,IND,26,11,W,JAX,15,37,nflverse
2021_2022-01-09_CHI_MIN,2021,18,2022-01-09,Regular Season,FALSE,MIN,CHI,31,17,W,MIN,14,48,nflverse
2021_2022-01-09_WAS_NYG,2021,18,2022-01-09,Regular Season,FALSE,NYG,WAS,7,22,L,WAS,15,29,nflverse
2021_2022-01-09_SEA_ARI,2021,18,2022-01-09,Regular Season,FALSE,ARI,SEA,30,38,L,SEA,8,68,nflverse
2021_2022-01-09_NO_ATL,2021,18,2022-01-09,Regular Season,FALSE,ATL,NO,20,30,L,NO,10,50,nflverse
2021_2022-01-09_NYJ_BUF,2021,18,2022-01-09,Regular Season,FALSE,BUF,NYJ,27,10,W,BUF,17,37,nflverse
2021_2022-01-09_SF_LA,2021,18,2022-01-09,Regular Season,FALSE,LA,SF,24,27,L,SF,3,51,nflverse
2021_2022-01-09_NE_MIA,2021,18,2022-01-09,Regular Season,FALSE,MIA,NE,33,24,W,MIA,9,57,nflverse
2021_2022-01-09_CAR_TB,2021,18,2022-01-09,Regular Season,FALSE,TB,CAR,41,17,W,TB,24,58,nflverse
2021_2022-01-09_LAC_LV,2021,18,2022-01-09,Regular Season,FALSE,LV,LAC,35,32,W,LV,3,67,nflverse
2022_2022-09-08_BUF_LA,2022,1,2022-09-08,Regular Season,FALSE,LA,BUF,10,31,L,BUF,21,41,nflverse
2022_2022-09-11_NO_ATL,2022,1,2022-09-11,Regular Season,FALSE,ATL,NO,26,27,L,NO,1,53,nflverse
2022_2022-09-11_CLE_CAR,2022,1,2022-09-11,Regular Season,FALSE,CAR,CLE,24,26,L,CLE,2,50,nflverse
2022_2022-09-11_SF_CHI,2022,1,2022-09-11,Regular Season,FALSE,CHI,SF,19,10,W,CHI,9,29,nflverse
2022_2022-09-11_PIT_CIN,2022,1,2022-09-11,Regular Season,FALSE,CIN,PIT,20,23,L,PIT,3,43,nflverse
2022_2022-09-11_PHI_DET,2022,1,2022-09-11,Regular Season,FALSE,DET,PHI,35,38,L,PHI,3,73,nflverse
2022_2022-09-11_IND_HOU,2022,1,2022-09-11,Regular Season,FALSE,HOU,IND,20,20,T,Tie,0,40,nflverse
2022_2022-09-11_NE_MIA,2022,1,2022-09-11,Regular Season,FALSE,MIA,NE,20,7,W,MIA,13,27,nflverse
2022_2022-09-11_BAL_NYJ,2022,1,2022-09-11,Regular Season,FALSE,NYJ,BAL,9,24,L,BAL,15,33,nflverse
2022_2022-09-11_JAX_WAS,2022,1,2022-09-11,Regular Season,FALSE,WAS,JAX,28,22,W,WAS,6,50,nflverse
2022_2022-09-11_KC_ARI,2022,1,2022-09-11,Regular Season,FALSE,ARI,KC,21,44,L,KC,23,65,nflverse
2022_2022-09-11_LV_LAC,2022,1,2022-09-11,Regular Season,FALSE,LAC,LV,24,19,W,LAC,5,43,nflverse
2022_2022-09-11_GB_MIN,2022,1,2022-09-11,Regular Season,FALSE,MIN,GB,23,7,W,MIN,16,30,nflverse
2022_2022-09-11_NYG_TEN,2022,1,2022-09-11,Regular Season,FALSE,TEN,NYG,20,21,L,NYG,1,41,nflverse
2022_2022-09-11_TB_DAL,2022,1,2022-09-11,Regular Season,FALSE,DAL,TB,3,19,L,TB,16,22,nflverse
2022_2022-09-12_DEN_SEA,2022,1,2022-09-12,Regular Season,FALSE,SEA,DEN,17,16,W,SEA,1,33,nflverse
2022_2022-09-15_LAC_KC,2022,2,2022-09-15,Regular Season,FALSE,KC,LAC,27,24,W,KC,3,51,nflverse
2022_2022-09-18_MIA_BAL,2022,2,2022-09-18,Regular Season,FALSE,BAL,MIA,38,42,L,MIA,4,80,nflverse
2022_2022-09-18_NYJ_CLE,2022,2,2022-09-18,Regular Season,FALSE,CLE,NYJ,30,31,L,NYJ,1,61,nflverse
2022_2022-09-18_WAS_DET,2022,2,2022-09-18,Regular Season,FALSE,DET,WAS,36,27,W,DET,9,63,nflverse
2022_2022-09-18_IND_JAX,2022,2,2022-09-18,Regular Season,FALSE,JAX,IND,24,0,W,JAX,24,24,nflverse
2022_2022-09-18_TB_NO,2022,2,2022-09-18,Regular Season,FALSE,NO,TB,10,20,L,TB,10,30,nflverse
2022_2022-09-18_CAR_NYG,2022,2,2022-09-18,Regular Season,FALSE,NYG,CAR,19,16,W,NYG,3,35,nflverse
2022_2022-09-18_NE_PIT,2022,2,2022-09-18,Regular Season,FALSE,PIT,NE,14,17,L,NE,3,31,nflverse
2022_2022-09-18_ATL_LA,2022,2,2022-09-18,Regular Season,FALSE,LA,ATL,31,27,W,LA,4,58,nflverse
2022_2022-09-18_SEA_SF,2022,2,2022-09-18,Regular Season,FALSE,SF,SEA,27,7,W,SF,20,34,nflverse
2022_2022-09-18_CIN_DAL,2022,2,2022-09-18,Regular Season,FALSE,DAL,CIN,20,17,W,DAL,3,37,nflverse
2022_2022-09-18_HOU_DEN,2022,2,2022-09-18,Regular Season,FALSE,DEN,HOU,16,9,W,DEN,7,25,nflverse
2022_2022-09-18_ARI_LV,2022,2,2022-09-18,Regular Season,FALSE,LV,ARI,23,29,L,ARI,6,52,nflverse
2022_2022-09-18_CHI_GB,2022,2,2022-09-18,Regular Season,FALSE,GB,CHI,27,10,W,GB,17,37,nflverse
2022_2022-09-19_TEN_BUF,2022,2,2022-09-19,Regular Season,FALSE,BUF,TEN,41,7,W,BUF,34,48,nflverse
2022_2022-09-19_MIN_PHI,2022,2,2022-09-19,Regular Season,FALSE,PHI,MIN,24,7,W,PHI,17,31,nflverse
2022_2022-09-22_PIT_CLE,2022,3,2022-09-22,Regular Season,FALSE,CLE,PIT,29,17,W,CLE,12,46,nflverse
2022_2022-09-25_NO_CAR,2022,3,2022-09-25,Regular Season,FALSE,CAR,NO,22,14,W,CAR,8,36,nflverse
2022_2022-09-25_HOU_CHI,2022,3,2022-09-25,Regular Season,FALSE,CHI,HOU,23,20,W,CHI,3,43,nflverse
2022_2022-09-25_KC_IND,2022,3,2022-09-25,Regular Season,FALSE,IND,KC,20,17,W,IND,3,37,nflverse
2022_2022-09-25_BUF_MIA,2022,3,2022-09-25,Regular Season,FALSE,MIA,BUF,21,19,W,MIA,2,40,nflverse
2022_2022-09-25_DET_MIN,2022,3,2022-09-25,Regular Season,FALSE,MIN,DET,28,24,W,MIN,4,52,nflverse
2022_2022-09-25_BAL_NE,2022,3,2022-09-25,Regular Season,FALSE,NE,BAL,26,37,L,BAL,11,63,nflverse
2022_2022-09-25_CIN_NYJ,2022,3,2022-09-25,Regular Season,FALSE,NYJ,CIN,12,27,L,CIN,15,39,nflverse
2022_2022-09-25_LV_TEN,2022,3,2022-09-25,Regular Season,FALSE,TEN,LV,24,22,W,TEN,2,46,nflverse
2022_2022-09-25_PHI_WAS,2022,3,2022-09-25,Regular Season,FALSE,WAS,PHI,8,24,L,PHI,16,32,nflverse
2022_2022-09-25_JAX_LAC,2022,3,2022-09-25,Regular Season,FALSE,LAC,JAX,10,38,L,JAX,28,48,nflverse
2022_2022-09-25_LA_ARI,2022,3,2022-09-25,Regular Season,FALSE,ARI,LA,12,20,L,LA,8,32,nflverse
2022_2022-09-25_ATL_SEA,2022,3,2022-09-25,Regular Season,FALSE,SEA,ATL,23,27,L,ATL,4,50,nflverse
2022_2022-09-25_GB_TB,2022,3,2022-09-25,Regular Season,FALSE,TB,GB,12,14,L,GB,2,26,nflverse
2022_2022-09-25_SF_DEN,2022,3,2022-09-25,Regular Season,FALSE,DEN,SF,11,10,W,DEN,1,21,nflverse
2022_2022-09-26_DAL_NYG,2022,3,2022-09-26,Regular Season,FALSE,NYG,DAL,16,23,L,DAL,7,39,nflverse
2022_2022-09-29_MIA_CIN,2022,4,2022-09-29,Regular Season,FALSE,CIN,MIA,27,15,W,CIN,12,42,nflverse
2022_2022-10-02_MIN_NO,2022,4,2022-10-02,Regular Season,TRUE,NO,MIN,25,28,L,MIN,3,53,nflverse
2022_2022-10-02_CLE_ATL,2022,4,2022-10-02,Regular Season,FALSE,ATL,CLE,23,20,W,ATL,3,43,nflverse
2022_2022-10-02_BUF_BAL,2022,4,2022-10-02,Regular Season,FALSE,BAL,BUF,20,23,L,BUF,3,43,nflverse
2022_2022-10-02_WAS_DAL,2022,4,2022-10-02,Regular Season,FALSE,DAL,WAS,25,10,W,DAL,15,35,nflverse
2022_2022-10-02_SEA_DET,2022,4,2022-10-02,Regular Season,FALSE,DET,SEA,45,48,L,SEA,3,93,nflverse
2022_2022-10-02_LAC_HOU,2022,4,2022-10-02,Regular Season,FALSE,HOU,LAC,24,34,L,LAC,10,58,nflverse
2022_2022-10-02_TEN_IND,2022,4,2022-10-02,Regular Season,FALSE,IND,TEN,17,24,L,TEN,7,41,nflverse
2022_2022-10-02_CHI_NYG,2022,4,2022-10-02,Regular Season,FALSE,NYG,CHI,20,12,W,NYG,8,32,nflverse
2022_2022-10-02_JAX_PHI,2022,4,2022-10-02,Regular Season,FALSE,PHI,JAX,29,21,W,PHI,8,50,nflverse
2022_2022-10-02_NYJ_PIT,2022,4,2022-10-02,Regular Season,FALSE,PIT,NYJ,20,24,L,NYJ,4,44,nflverse
2022_2022-10-02_ARI_CAR,2022,4,2022-10-02,Regular Season,FALSE,CAR,ARI,16,26,L,ARI,10,42,nflverse
2022_2022-10-02_NE_GB,2022,4,2022-10-02,Regular Season,FALSE,GB,NE,27,24,W,GB,3,51,nflverse
2022_2022-10-02_DEN_LV,2022,4,2022-10-02,Regular Season,FALSE,LV,DEN,32,23,W,LV,9,55,nflverse
2022_2022-10-02_KC_TB,2022,4,2022-10-02,Regular Season,FALSE,TB,KC,31,41,L,KC,10,72,nflverse
2022_2022-10-03_LA_SF,2022,4,2022-10-03,Regular Season,FALSE,SF,LA,24,9,W,SF,15,33,nflverse
2022_2022-10-06_IND_DEN,2022,5,2022-10-06,Regular Season,FALSE,DEN,IND,9,12,L,IND,3,21,nflverse
2022_2022-10-09_NYG_GB,2022,5,2022-10-09,Regular Season,TRUE,GB,NYG,22,27,L,NYG,5,49,nflverse
2022_2022-10-09_PIT_BUF,2022,5,2022-10-09,Regular Season,FALSE,BUF,PIT,38,3,W,BUF,35,41,nflverse
2022_2022-10-09_LAC_CLE,2022,5,2022-10-09,Regular Season,FALSE,CLE,LAC,28,30,L,LAC,2,58,nflverse
2022_2022-10-09_HOU_JAX,2022,5,2022-10-09,Regular Season,FALSE,JAX,HOU,6,13,L,HOU,7,19,nflverse
2022_2022-10-09_CHI_MIN,2022,5,2022-10-09,Regular Season,FALSE,MIN,CHI,29,22,W,MIN,7,51,nflverse
2022_2022-10-09_DET_NE,2022,5,2022-10-09,Regular Season,FALSE,NE,DET,29,0,W,NE,29,29,nflverse
2022_2022-10-09_SEA_NO,2022,5,2022-10-09,Regular Season,FALSE,NO,SEA,39,32,W,NO,7,71,nflverse
2022_2022-10-09_MIA_NYJ,2022,5,2022-10-09,Regular Season,FALSE,NYJ,MIA,40,17,W,NYJ,23,57,nflverse
2022_2022-10-09_ATL_TB,2022,5,2022-10-09,Regular Season,FALSE,TB,ATL,21,15,W,TB,6,36,nflverse
2022_2022-10-09_TEN_WAS,2022,5,2022-10-09,Regular Season,FALSE,WAS,TEN,17,21,L,TEN,4,38,nflverse
2022_2022-10-09_SF_CAR,2022,5,2022-10-09,Regular Season,FALSE,CAR,SF,15,37,L,SF,22,52,nflverse
2022_2022-10-09_PHI_ARI,2022,5,2022-10-09,Regular Season,FALSE,ARI,PHI,17,20,L,PHI,3,37,nflverse
2022_2022-10-09_DAL_LA,2022,5,2022-10-09,Regular Season,FALSE,LA,DAL,10,22,L,DAL,12,32,nflverse
2022_2022-10-09_CIN_BAL,2022,5,2022-10-09,Regular Season,FALSE,BAL,CIN,19,17,W,BAL,2,36,nflverse
2022_2022-10-10_LV_KC,2022,5,2022-10-10,Regular Season,FALSE,KC,LV,30,29,W,KC,1,59,nflverse
2022_2022-10-13_WAS_CHI,2022,6,2022-10-13,Regular Season,FALSE,CHI,WAS,7,12,L,WAS,5,19,nflverse
2022_2022-10-16_SF_ATL,2022,6,2022-10-16,Regular Season,FALSE,ATL,SF,28,14,W,ATL,14,42,nflverse
2022_2022-10-16_NE_CLE,2022,6,2022-10-16,Regular Season,FALSE,CLE,NE,15,38,L,NE,23,53,nflverse
2022_2022-10-16_NYJ_GB,2022,6,2022-10-16,Regular Season,FALSE,GB,NYJ,10,27,L,NYJ,17,37,nflverse
2022_2022-10-16_JAX_IND,2022,6,2022-10-16,Regular Season,FALSE,IND,JAX,34,27,W,IND,7,61,nflverse
2022_2022-10-16_MIN_MIA,2022,6,2022-10-16,Regular Season,FALSE,MIA,MIN,16,24,L,MIN,8,40,nflverse
2022_2022-10-16_CIN_NO,2022,6,2022-10-16,Regular Season,FALSE,NO,CIN,26,30,L,CIN,4,56,nflverse
2022_2022-10-16_BAL_NYG,2022,6,2022-10-16,Regular Season,FALSE,NYG,BAL,24,20,W,NYG,4,44,nflverse
2022_2022-10-16_TB_PIT,2022,6,2022-10-16,Regular Season,FALSE,PIT,TB,20,18,W,PIT,2,38,nflverse
2022_2022-10-16_CAR_LA,2022,6,2022-10-16,Regular Season,FALSE,LA,CAR,24,10,W,LA,14,34,nflverse
2022_2022-10-16_ARI_SEA,2022,6,2022-10-16,Regular Season,FALSE,SEA,ARI,19,9,W,SEA,10,28,nflverse
2022_2022-10-16_BUF_KC,2022,6,2022-10-16,Regular Season,FALSE,KC,BUF,20,24,L,BUF,4,44,nflverse
2022_2022-10-16_DAL_PHI,2022,6,2022-10-16,Regular Season,FALSE,PHI,DAL,26,17,W,PHI,9,43,nflverse
2022_2022-10-17_DEN_LAC,2022,6,2022-10-17,Regular Season,FALSE,LAC,DEN,19,16,W,LAC,3,35,nflverse
2022_2022-10-20_NO_ARI,2022,7,2022-10-20,Regular Season,FALSE,ARI,NO,42,34,W,ARI,8,76,nflverse
2022_2022-10-23_CLE_BAL,2022,7,2022-10-23,Regular Season,FALSE,BAL,CLE,23,20,W,BAL,3,43,nflverse
2022_2022-10-23_TB_CAR,2022,7,2022-10-23,Regular Season,FALSE,CAR,TB,21,3,W,CAR,18,24,nflverse
2022_2022-10-23_ATL_CIN,2022,7,2022-10-23,Regular Season,FALSE,CIN,ATL,35,17,W,CIN,18,52,nflverse
2022_2022-10-23_DET_DAL,2022,7,2022-10-23,Regular Season,FALSE,DAL,DET,24,6,W,DAL,18,30,nflverse
2022_2022-10-23_NYG_JAX,2022,7,2022-10-23,Regular Season,FALSE,JAX,NYG,17,23,L,NYG,6,40,nflverse
2022_2022-10-23_IND_TEN,2022,7,2022-10-23,Regular Season,FALSE,TEN,IND,19,10,W,TEN,9,29,nflverse
2022_2022-10-23_GB_WAS,2022,7,2022-10-23,Regular Season,FALSE,WAS,GB,23,21,W,WAS,2,44,nflverse
2022_2022-10-23_NYJ_DEN,2022,7,2022-10-23,Regular Season,FALSE,DEN,NYJ,9,16,L,NYJ,7,25,nflverse
2022_2022-10-23_HOU_LV,2022,7,2022-10-23,Regular Season,FALSE,LV,HOU,38,20,W,LV,18,58,nflverse
2022_2022-10-23_SEA_LAC,2022,7,2022-10-23,Regular Season,FALSE,LAC,SEA,23,37,L,SEA,14,60,nflverse
2022_2022-10-23_KC_SF,2022,7,2022-10-23,Regular Season,FALSE,SF,KC,23,44,L,KC,21,67,nflverse
2022_2022-10-23_PIT_MIA,2022,7,2022-10-23,Regular Season,FALSE,MIA,PIT,16,10,W,MIA,6,26,nflverse
2022_2022-10-24_CHI_NE,2022,7,2022-10-24,Regular Season,FALSE,NE,CHI,14,33,L,CHI,19,47,nflverse
2022_2022-10-27_BAL_TB,2022,8,2022-10-27,Regular Season,FALSE,TB,BAL,22,27,L,BAL,5,49,nflverse
2022_2022-10-30_DEN_JAX,2022,8,2022-10-30,Regular Season,TRUE,JAX,DEN,17,21,L,DEN,4,38,nflverse
2022_2022-10-30_CAR_ATL,2022,8,2022-10-30,Regular Season,FALSE,ATL,CAR,37,34,W,ATL,3,71,nflverse
2022_2022-10-30_CHI_DAL,2022,8,2022-10-30,Regular Season,FALSE,DAL,CHI,49,29,W,DAL,20,78,nflverse
2022_2022-10-30_MIA_DET,2022,8,2022-10-30,Regular Season,FALSE,DET,MIA,27,31,L,MIA,4,58,nflverse
2022_2022-10-30_ARI_MIN,2022,8,2022-10-30,Regular Season,FALSE,MIN,ARI,34,26,W,MIN,8,60,nflverse
2022_2022-10-30_LV_NO,2022,8,2022-10-30,Regular Season,FALSE,NO,LV,24,0,W,NO,24,24,nflverse
2022_2022-10-30_NE_NYJ,2022,8,2022-10-30,Regular Season,FALSE,NYJ,NE,17,22,L,NE,5,39,nflverse
2022_2022-10-30_PIT_PHI,2022,8,2022-10-30,Regular Season,FALSE,PHI,PIT,35,13,W,PHI,22,48,nflverse
2022_2022-10-30_TEN_HOU,2022,8,2022-10-30,Regular Season,FALSE,HOU,TEN,10,17,L,TEN,7,27,nflverse
2022_2022-10-30_WAS_IND,2022,8,2022-10-30,Regular Season,FALSE,IND,WAS,16,17,L,WAS,1,33,nflverse
2022_2022-10-30_SF_LA,2022,8,2022-10-30,Regular Season,FALSE,LA,SF,14,31,L,SF,17,45,nflverse
2022_2022-10-30_NYG_SEA,2022,8,2022-10-30,Regular Season,FALSE,SEA,NYG,27,13,W,SEA,14,40,nflverse
2022_2022-10-30_GB_BUF,2022,8,2022-10-30,Regular Season,FALSE,BUF,GB,27,17,W,BUF,10,44,nflverse
2022_2022-10-31_CIN_CLE,2022,8,2022-10-31,Regular Season,FALSE,CLE,CIN,32,13,W,CLE,19,45,nflverse
2022_2022-11-03_PHI_HOU,2022,9,2022-11-03,Regular Season,FALSE,HOU,PHI,17,29,L,PHI,12,46,nflverse
2022_2022-11-06_LAC_ATL,2022,9,2022-11-06,Regular Season,FALSE,ATL,LAC,17,20,L,LAC,3,37,nflverse
2022_2022-11-06_MIA_CHI,2022,9,2022-11-06,Regular Season,FALSE,CHI,MIA,32,35,L,MIA,3,67,nflverse
2022_2022-11-06_CAR_CIN,2022,9,2022-11-06,Regular Season,FALSE,CIN,CAR,42,21,W,CIN,21,63,nflverse
2022_2022-11-06_GB_DET,2022,9,2022-11-06,Regular Season,FALSE,DET,GB,15,9,W,DET,6,24,nflverse
2022_2022-11-06_LV_JAX,2022,9,2022-11-06,Regular Season,FALSE,JAX,LV,27,20,W,JAX,7,47,nflverse
2022_2022-11-06_IND_NE,2022,9,2022-11-06,Regular Season,FALSE,NE,IND,26,3,W,NE,23,29,nflverse
2022_2022-11-06_BUF_NYJ,2022,9,2022-11-06,Regular Season,FALSE,NYJ,BUF,20,17,W,NYJ,3,37,nflverse
2022_2022-11-06_MIN_WAS,2022,9,2022-11-06,Regular Season,FALSE,WAS,MIN,17,20,L,MIN,3,37,nflverse
2022_2022-11-06_SEA_ARI,2022,9,2022-11-06,Regular Season,FALSE,ARI,SEA,21,31,L,SEA,10,52,nflverse
2022_2022-11-06_LA_TB,2022,9,2022-11-06,Regular Season,FALSE,TB,LA,16,13,W,TB,3,29,nflverse
2022_2022-11-06_TEN_KC,2022,9,2022-11-06,Regular Season,FALSE,KC,TEN,20,17,W,KC,3,37,nflverse
2022_2022-11-07_BAL_NO,2022,9,2022-11-07,Regular Season,FALSE,NO,BAL,13,27,L,BAL,14,40,nflverse
2022_2022-11-10_ATL_CAR,2022,10,2022-11-10,Regular Season,FALSE,CAR,ATL,25,15,W,CAR,10,40,nflverse
2022_2022-11-13_SEA_TB,2022,10,2022-11-13,Regular Season,TRUE,TB,SEA,21,16,W,TB,5,37,nflverse
2022_2022-11-13_MIN_BUF,2022,10,2022-11-13,Regular Season,FALSE,BUF,MIN,30,33,L,MIN,3,63,nflverse
2022_2022-11-13_DET_CHI,2022,10,2022-11-13,Regular Season,FALSE,CHI,DET,30,31,L,DET,1,61,nflverse
2022_2022-11-13_JAX_KC,2022,10,2022-11-13,Regular Season,FALSE,KC,JAX,27,17,W,KC,10,44,nflverse
2022_2022-11-13_CLE_MIA,2022,10,2022-11-13,Regular Season,FALSE,MIA,CLE,39,17,W,MIA,22,56,nflverse
2022_2022-11-13_HOU_NYG,2022,10,2022-11-13,Regular Season,FALSE,NYG,HOU,24,16,W,NYG,8,40,nflverse
2022_2022-11-13_NO_PIT,2022,10,2022-11-13,Regular Season,FALSE,PIT,NO,20,10,W,PIT,10,30,nflverse
2022_2022-11-13_DEN_TEN,2022,10,2022-11-13,Regular Season,FALSE,TEN,DEN,17,10,W,TEN,7,27,nflverse
2022_2022-11-13_IND_LV,2022,10,2022-11-13,Regular Season,FALSE,LV,IND,20,25,L,IND,5,45,nflverse
2022_2022-11-13_DAL_GB,2022,10,2022-11-13,Regular Season,FALSE,GB,DAL,31,28,W,GB,3,59,nflverse
2022_2022-11-13_ARI_LA,2022,10,2022-11-13,Regular Season,FALSE,LA,ARI,17,27,L,ARI,10,44,nflverse
2022_2022-11-13_LAC_SF,2022,10,2022-11-13,Regular Season,FALSE,SF,LAC,22,16,W,SF,6,38,nflverse
2022_2022-11-14_WAS_PHI,2022,10,2022-11-14,Regular Season,FALSE,PHI,WAS,21,32,L,WAS,11,53,nflverse
2022_2022-11-17_TEN_GB,2022,11,2022-11-17,Regular Season,FALSE,GB,TEN,17,27,L,TEN,10,44,nflverse
2022_2022-11-20_CHI_ATL,2022,11,2022-11-20,Regular Season,FALSE,ATL,CHI,27,24,W,ATL,3,51,nflverse
2022_2022-11-20_CAR_BAL,2022,11,2022-11-20,Regular Season,FALSE,BAL,CAR,13,3,W,BAL,10,16,nflverse
2022_2022-11-20_CLE_BUF,2022,11,2022-11-20,Regular Season,TRUE,BUF,CLE,31,23,W,BUF,8,54,nflverse
2022_2022-11-20_WAS_HOU,2022,11,2022-11-20,Regular Season,FALSE,HOU,WAS,10,23,L,WAS,13,33,nflverse
2022_2022-11-20_PHI_IND,2022,11,2022-11-20,Regular Season,FALSE,IND,PHI,16,17,L,PHI,1,33,nflverse
2022_2022-11-20_NYJ_NE,2022,11,2022-11-20,Regular Season,FALSE,NE,NYJ,10,3,W,NE,7,13,nflverse
2022_2022-11-20_LA_NO,2022,11,2022-11-20,Regular Season,FALSE,NO,LA,27,20,W,NO,7,47,nflverse
2022_2022-11-20_DET_NYG,2022,11,2022-11-20,Regular Season,FALSE,NYG,DET,18,31,L,DET,13,49,nflverse
2022_2022-11-20_LV_DEN,2022,11,2022-11-20,Regular Season,FALSE,DEN,LV,16,22,L,LV,6,38,nflverse
2022_2022-11-20_DAL_MIN,2022,11,2022-11-20,Regular Season,FALSE,MIN,DAL,3,40,L,DAL,37,43,nflverse
2022_2022-11-20_CIN_PIT,2022,11,2022-11-20,Regular Season,FALSE,PIT,CIN,30,37,L,CIN,7,67,nflverse
2022_2022-11-20_KC_LAC,2022,11,2022-11-20,Regular Season,FALSE,LAC,KC,27,30,L,KC,3,57,nflverse
2022_2022-11-21_SF_ARI,2022,11,2022-11-21,Regular Season,TRUE,ARI,SF,10,38,L,SF,28,48,nflverse
2022_2022-11-24_BUF_DET,2022,12,2022-11-24,Regular Season,FALSE,DET,BUF,25,28,L,BUF,3,53,nflverse
2022_2022-11-24_NYG_DAL,2022,12,2022-11-24,Regular Season,FALSE,DAL,NYG,28,20,W,DAL,8,48,nflverse
2022_2022-11-24_NE_MIN,2022,12,2022-11-24,Regular Season,FALSE,MIN,NE,33,26,W,MIN,7,59,nflverse
2022_2022-11-27_DEN_CAR,2022,12,2022-11-27,Regular Season,FALSE,CAR,DEN,23,10,W,CAR,13,33,nflverse
2022_2022-11-27_TB_CLE,2022,12,2022-11-27,Regular Season,FALSE,CLE,TB,23,17,W,CLE,6,40,nflverse
2022_2022-11-27_BAL_JAX,2022,12,2022-11-27,Regular Season,FALSE,JAX,BAL,28,27,W,JAX,1,55,nflverse
2022_2022-11-27_HOU_MIA,2022,12,2022-11-27,Regular Season,FALSE,MIA,HOU,30,15,W,MIA,15,45,nflverse
2022_2022-11-27_CHI_NYJ,2022,12,2022-11-27,Regular Season,FALSE,NYJ,CHI,31,10,W,NYJ,21,41,nflverse
2022_2022-11-27_CIN_TEN,2022,12,2022-11-27,Regular Season,FALSE,TEN,CIN,16,20,L,CIN,4,36,nflverse
2022_2022-11-27_ATL_WAS,2022,12,2022-11-27,Regular Season,FALSE,WAS,ATL,19,13,W,WAS,6,32,nflverse
2022_2022-11-27_LAC_ARI,2022,12,2022-11-27,Regular Season,FALSE,ARI,LAC,24,25,L,LAC,1,49,nflverse
2022_2022-11-27_LV_SEA,2022,12,2022-11-27,Regular Season,FALSE,SEA,LV,34,40,L,LV,6,74,nflverse
2022_2022-11-27_LA_KC,2022,12,2022-11-27,Regular Season,FALSE,KC,LA,26,10,W,KC,16,36,nflverse
2022_2022-11-27_NO_SF,2022,12,2022-11-27,Regular Season,FALSE,SF,NO,13,0,W,SF,13,13,nflverse
2022_2022-11-27_GB_PHI,2022,12,2022-11-27,Regular Season,FALSE,PHI,GB,40,33,W,PHI,7,73,nflverse
2022_2022-11-28_PIT_IND,2022,12,2022-11-28,Regular Season,FALSE,IND,PIT,17,24,L,PIT,7,41,nflverse
2022_2022-12-01_BUF_NE,2022,13,2022-12-01,Regular Season,FALSE,NE,BUF,10,24,L,BUF,14,34,nflverse
2022_2022-12-04_PIT_ATL,2022,13,2022-12-04,Regular Season,FALSE,ATL,PIT,16,19,L,PIT,3,35,nflverse
2022_2022-12-04_DEN_BAL,2022,13,2022-12-04,Regular Season,FALSE,BAL,DEN,10,9,W,BAL,1,19,nflverse
2022_2022-12-04_GB_CHI,2022,13,2022-12-04,Regular Season,FALSE,CHI,GB,19,28,L,GB,9,47,nflverse
2022_2022-12-04_JAX_DET,2022,13,2022-12-04,Regular Season,FALSE,DET,JAX,40,14,W,DET,26,54,nflverse
2022_2022-12-04_CLE_HOU,2022,13,2022-12-04,Regular Season,FALSE,HOU,CLE,14,27,L,CLE,13,41,nflverse
2022_2022-12-04_NYJ_MIN,2022,13,2022-12-04,Regular Season,FALSE,MIN,NYJ,27,22,W,MIN,5,49,nflverse
2022_2022-12-04_WAS_NYG,2022,13,2022-12-04,Regular Season,FALSE,NYG,WAS,20,20,T,Tie,0,40,nflverse
2022_2022-12-04_TEN_PHI,2022,13,2022-12-04,Regular Season,FALSE,PHI,TEN,35,10,W,PHI,25,45,nflverse
2022_2022-12-04_SEA_LA,2022,13,2022-12-04,Regular Season,FALSE,LA,SEA,23,27,L,SEA,4,50,nflverse
2022_2022-12-04_MIA_SF,2022,13,2022-12-04,Regular Season,FALSE,SF,MIA,33,17,W,SF,16,50,nflverse
2022_2022-12-04_KC_CIN,2022,13,2022-12-04,Regular Season,FALSE,CIN,KC,27,24,W,CIN,3,51,nflverse
2022_2022-12-04_LAC_LV,2022,13,2022-12-04,Regular Season,FALSE,LV,LAC,27,20,W,LV,7,47,nflverse
2022_2022-12-04_IND_DAL,2022,13,2022-12-04,Regular Season,FALSE,DAL,IND,54,19,W,DAL,35,73,nflverse
2022_2022-12-05_NO_TB,2022,13,2022-12-05,Regular Season,FALSE,TB,NO,17,16,W,TB,1,33,nflverse
2022_2022-12-08_LV_LA,2022,14,2022-12-08,Regular Season,FALSE,LA,LV,17,16,W,LA,1,33,nflverse
2022_2022-12-11_NYJ_BUF,2022,14,2022-12-11,Regular Season,FALSE,BUF,NYJ,20,12,W,BUF,8,32,nflverse
2022_2022-12-11_CLE_CIN,2022,14,2022-12-11,Regular Season,FALSE,CIN,CLE,23,10,W,CIN,13,33,nflverse
2022_2022-12-11_HOU_DAL,2022,14,2022-12-11,Regular Season,FALSE,DAL,HOU,27,23,W,DAL,4,50,nflverse
2022_2022-12-11_MIN_DET,2022,14,2022-12-11,Regular Season,FALSE,DET,MIN,34,23,W,DET,11,57,nflverse
2022_2022-12-11_PHI_NYG,2022,14,2022-12-11,Regular Season,FALSE,NYG,PHI,22,48,L,PHI,26,70,nflverse
2022_2022-12-11_BAL_PIT,2022,14,2022-12-11,Regular Season,FALSE,PIT,BAL,14,16,L,BAL,2,30,nflverse
2022_2022-12-11_JAX_TEN,2022,14,2022-12-11,Regular Season,FALSE,TEN,JAX,22,36,L,JAX,14,58,nflverse
2022_2022-12-11_KC_DEN,2022,14,2022-12-11,Regular Season,FALSE,DEN,KC,28,34,L,KC,6,62,nflverse
2022_2022-12-11_CAR_SEA,2022,14,2022-12-11,Regular Season,FALSE,SEA,CAR,24,30,L,CAR,6,54,nflverse
2022_2022-12-11_TB_SF,2022,14,2022-12-11,Regular Season,FALSE,SF,TB,35,7,W,SF,28,42,nflverse
2022_2022-12-11_MIA_LAC,2022,14,2022-12-11,Regular Season,FALSE,LAC,MIA,23,17,W,LAC,6,40,nflverse
2022_2022-12-12_NE_ARI,2022,14,2022-12-12,Regular Season,FALSE,ARI,NE,13,27,L,NE,14,40,nflverse
2022_2022-12-15_SF_SEA,2022,15,2022-12-15,Regular Season,FALSE,SEA,SF,13,21,L,SF,8,34,nflverse
2022_2022-12-17_IND_MIN,2022,15,2022-12-17,Regular Season,FALSE,MIN,IND,39,36,W,MIN,3,75,nflverse
2022_2022-12-17_BAL_CLE,2022,15,2022-12-17,Regular Season,FALSE,CLE,BAL,13,3,W,CLE,10,16,nflverse
2022_2022-12-17_MIA_BUF,2022,15,2022-12-17,Regular Season,FALSE,BUF,MIA,32,29,W,BUF,3,61,nflverse
2022_2022-12-18_PIT_CAR,2022,15,2022-12-18,Regular Season,FALSE,CAR,PIT,16,24,L,PIT,8,40,nflverse
2022_2022-12-18_PHI_CHI,2022,15,2022-12-18,Regular Season,FALSE,CHI,PHI,20,25,L,PHI,5,45,nflverse
2022_2022-12-18_KC_HOU,2022,15,2022-12-18,Regular Season,FALSE,HOU,KC,24,30,L,KC,6,54,nflverse
2022_2022-12-18_DAL_JAX,2022,15,2022-12-18,Regular Season,FALSE,JAX,DAL,40,34,W,JAX,6,74,nflverse
2022_2022-12-18_ATL_NO,2022,15,2022-12-18,Regular Season,FALSE,NO,ATL,21,18,W,NO,3,39,nflverse
2022_2022-12-18_DET_NYJ,2022,15,2022-12-18,Regular Season,FALSE,NYJ,DET,17,20,L,DET,3,37,nflverse
2022_2022-12-18_ARI_DEN,2022,15,2022-12-18,Regular Season,FALSE,DEN,ARI,24,15,W,DEN,9,39,nflverse
2022_2022-12-18_NE_LV,2022,15,2022-12-18,Regular Season,FALSE,LV,NE,30,24,W,LV,6,54,nflverse
2022_2022-12-18_TEN_LAC,2022,15,2022-12-18,Regular Season,FALSE,LAC,TEN,17,14,W,LAC,3,31,nflverse
2022_2022-12-18_CIN_TB,2022,15,2022-12-18,Regular Season,FALSE,TB,CIN,23,34,L,CIN,11,57,nflverse
2022_2022-12-18_NYG_WAS,2022,15,2022-12-18,Regular Season,FALSE,WAS,NYG,12,20,L,NYG,8,32,nflverse
2022_2022-12-19_LA_GB,2022,15,2022-12-19,Regular Season,FALSE,GB,LA,24,12,W,GB,12,36,nflverse
2022_2022-12-22_JAX_NYJ,2022,16,2022-12-22,Regular Season,FALSE,NYJ,JAX,3,19,L,JAX,16,22,nflverse
2022_2022-12-24_ATL_BAL,2022,16,2022-12-24,Regular Season,FALSE,BAL,ATL,17,9,W,BAL,8,26,nflverse
2022_2022-12-24_DET_CAR,2022,16,2022-12-24,Regular Season,FALSE,CAR,DET,37,23,W,CAR,14,60,nflverse
2022_2022-12-24_BUF_CHI,2022,16,2022-12-24,Regular Season,FALSE,CHI,BUF,13,35,L,BUF,22,48,nflverse
2022_2022-12-24_NO_CLE,2022,16,2022-12-24,Regular Season,FALSE,CLE,NO,10,17,L,NO,7,27,nflverse
2022_2022-12-24_SEA_KC,2022,16,2022-12-24,Regular Season,FALSE,KC,SEA,24,10,W,KC,14,34,nflverse
2022_2022-12-24_NYG_MIN,2022,16,2022-12-24,Regular Season,FALSE,MIN,NYG,27,24,W,MIN,3,51,nflverse
2022_2022-12-24_CIN_NE,2022,16,2022-12-24,Regular Season,FALSE,NE,CIN,18,22,L,CIN,4,40,nflverse
2022_2022-12-24_HOU_TEN,2022,16,2022-12-24,Regular Season,FALSE,TEN,HOU,14,19,L,HOU,5,33,nflverse
2022_2022-12-24_WAS_SF,2022,16,2022-12-24,Regular Season,FALSE,SF,WAS,37,20,W,SF,17,57,nflverse
2022_2022-12-24_PHI_DAL,2022,16,2022-12-24,Regular Season,FALSE,DAL,PHI,40,34,W,DAL,6,74,nflverse
2022_2022-12-24_LV_PIT,2022,16,2022-12-24,Regular Season,FALSE,PIT,LV,13,10,W,PIT,3,23,nflverse
2022_2022-12-25_GB_MIA,2022,16,2022-12-25,Regular Season,FALSE,MIA,GB,20,26,L,GB,6,46,nflverse
2022_2022-12-25_DEN_LA,2022,16,2022-12-25,Regular Season,FALSE,LA,DEN,51,14,W,LA,37,65,nflverse
2022_2022-12-25_TB_ARI,2022,16,2022-12-25,Regular Season,FALSE,ARI,TB,16,19,L,TB,3,35,nflverse
2022_2022-12-26_LAC_IND,2022,16,2022-12-26,Regular Season,FALSE,IND,LAC,3,20,L,LAC,17,23,nflverse
2022_2022-12-29_DAL_TEN,2022,17,2022-12-29,Regular Season,FALSE,TEN,DAL,13,27,L,DAL,14,40,nflverse
2022_2023-01-01_ARI_ATL,2022,17,2023-01-01,Regular Season,FALSE,ATL,ARI,20,19,W,ATL,1,39,nflverse
2022_2023-01-01_CHI_DET,2022,17,2023-01-01,Regular Season,FALSE,DET,CHI,41,10,W,DET,31,51,nflverse
2022_2023-01-01_JAX_HOU,2022,17,2023-01-01,Regular Season,FALSE,HOU,JAX,3,31,L,JAX,28,34,nflverse
2022_2023-01-01_DEN_KC,2022,17,2023-01-01,Regular Season,FALSE,KC,DEN,27,24,W,KC,3,51,nflverse
2022_2023-01-01_MIA_NE,2022,17,2023-01-01,Regular Season,FALSE,NE,MIA,23,21,W,NE,2,44,nflverse
2022_2023-01-01_IND_NYG,2022,17,2023-01-01,Regular Season,FALSE,NYG,IND,38,10,W,NYG,28,48,nflverse
2022_2023-01-01_NO_PHI,2022,17,2023-01-01,Regular Season,FALSE,PHI,NO,10,20,L,NO,10,30,nflverse
2022_2023-01-01_CAR_TB,2022,17,2023-01-01,Regular Season,FALSE,TB,CAR,30,24,W,TB,6,54,nflverse
2022_2023-01-01_CLE_WAS,2022,17,2023-01-01,Regular Season,FALSE,WAS,CLE,10,24,L,CLE,14,34,nflverse
2022_2023-01-01_SF_LV,2022,17,2023-01-01,Regular Season,FALSE,LV,SF,34,37,L,SF,3,71,nflverse
2022_2023-01-01_NYJ_SEA,2022,17,2023-01-01,Regular Season,FALSE,SEA,NYJ,23,6,W,SEA,17,29,nflverse
2022_2023-01-01_MIN_GB,2022,17,2023-01-01,Regular Season,FALSE,GB,MIN,41,17,W,GB,24,58,nflverse
2022_2023-01-01_LA_LAC,2022,17,2023-01-01,Regular Season,FALSE,LAC,LA,31,10,W,LAC,21,41,nflverse
2022_2023-01-01_PIT_BAL,2022,17,2023-01-01,Regular Season,FALSE,BAL,PIT,13,16,L,PIT,3,29,nflverse
2022_2023-01-07_KC_LV,2022,18,2023-01-07,Regular Season,FALSE,LV,KC,13,31,L,KC,18,44,nflverse
2022_2023-01-07_TEN_JAX,2022,18,2023-01-07,Regular Season,FALSE,JAX,TEN,20,16,W,JAX,4,36,nflverse
2022_2023-01-08_TB_ATL,2022,18,2023-01-08,Regular Season,FALSE,ATL,TB,30,17,W,ATL,13,47,nflverse
2022_2023-01-08_NE_BUF,2022,18,2023-01-08,Regular Season,FALSE,BUF,NE,35,23,W,BUF,12,58,nflverse
2022_2023-01-08_MIN_CHI,2022,18,2023-01-08,Regular Season,FALSE,CHI,MIN,13,29,L,MIN,16,42,nflverse
2022_2023-01-08_BAL_CIN,2022,18,2023-01-08,Regular Season,FALSE,CIN,BAL,27,16,W,CIN,11,43,nflverse
2022_2023-01-08_HOU_IND,2022,18,2023-01-08,Regular Season,FALSE,IND,HOU,31,32,L,HOU,1,63,nflverse
2022_2023-01-08_NYJ_MIA,2022,18,2023-01-08,Regular Season,FALSE,MIA,NYJ,11,6,W,MIA,5,17,nflverse
2022_2023-01-08_CAR_NO,2022,18,2023-01-08,Regular Season,FALSE,NO,CAR,7,10,L,CAR,3,17,nflverse
2022_2023-01-08_CLE_PIT,2022,18,2023-01-08,Regular Season,FALSE,PIT,CLE,28,14,W,PIT,14,42,nflverse
2022_2023-01-08_LAC_DEN,2022,18,2023-01-08,Regular Season,FALSE,DEN,LAC,31,28,W,DEN,3,59,nflverse
2022_2023-01-08_NYG_PHI,2022,18,2023-01-08,Regular Season,FALSE,PHI,NYG,22,16,W,PHI,6,38,nflverse
2022_2023-01-08_LA_SEA,2022,18,2023-01-08,Regular Season,FALSE,SEA,LA,19,16,W,SEA,3,35,nflverse
2022_2023-01-08_ARI_SF,2022,18,2023-01-08,Regular Season,FALSE,SF,ARI,38,13,W,SF,25,51,nflverse
2022_2023-01-08_DAL_WAS,2022,18,2023-01-08,Regular Season,FALSE,WAS,DAL,26,6,W,WAS,20,32,nflverse
2022_2023-01-08_DET_GB,2022,18,2023-01-08,Regular Season,FALSE,GB,DET,16,20,L,DET,4,36,nflverse
2023_2023-09-07_DET_KC,2023,1,2023-09-07,Regular Season,FALSE,KC,DET,20,21,L,DET,1,41,nflverse
2023_2023-09-10_CAR_ATL,2023,1,2023-09-10,Regular Season,FALSE,ATL,CAR,24,10,W,ATL,14,34,nflverse
2023_2023-09-10_HOU_BAL,2023,1,2023-09-10,Regular Season,FALSE,BAL,HOU,25,9,W,BAL,16,34,nflverse
2023_2023-09-10_CIN_CLE,2023,1,2023-09-10,Regular Season,FALSE,CLE,CIN,24,3,W,CLE,21,27,nflverse
2023_2023-09-10_JAX_IND,2023,1,2023-09-10,Regular Season,FALSE,IND,JAX,21,31,L,JAX,10,52,nflverse
2023_2023-09-10_TB_MIN,2023,1,2023-09-10,Regular Season,FALSE,MIN,TB,17,20,L,TB,3,37,nflverse
2023_2023-09-10_TEN_NO,2023,1,2023-09-10,Regular Season,FALSE,NO,TEN,16,15,W,NO,1,31,nflverse
2023_2023-09-10_SF_PIT,2023,1,2023-09-10,Regular Season,FALSE,PIT,SF,7,30,L,SF,23,37,nflverse
2023_2023-09-10_ARI_WAS,2023,1,2023-09-10,Regular Season,FALSE,WAS,ARI,20,16,W,WAS,4,36,nflverse
2023_2023-09-10_GB_CHI,2023,1,2023-09-10,Regular Season,FALSE,CHI,GB,20,38,L,GB,18,58,nflverse
2023_2023-09-10_LV_DEN,2023,1,2023-09-10,Regular Season,FALSE,DEN,LV,16,17,L,LV,1,33,nflverse
2023_2023-09-10_MIA_LAC,2023,1,2023-09-10,Regular Season,FALSE,LAC,MIA,34,36,L,MIA,2,70,nflverse
2023_2023-09-10_PHI_NE,2023,1,2023-09-10,Regular Season,FALSE,NE,PHI,20,25,L,PHI,5,45,nflverse
2023_2023-09-10_LA_SEA,2023,1,2023-09-10,Regular Season,FALSE,SEA,LA,13,30,L,LA,17,43,nflverse
2023_2023-09-10_DAL_NYG,2023,1,2023-09-10,Regular Season,FALSE,NYG,DAL,0,40,L,DAL,40,40,nflverse
2023_2023-09-11_BUF_NYJ,2023,1,2023-09-11,Regular Season,FALSE,NYJ,BUF,22,16,W,NYJ,6,38,nflverse
2023_2023-09-14_MIN_PHI,2023,2,2023-09-14,Regular Season,FALSE,PHI,MIN,34,28,W,PHI,6,62,nflverse
2023_2023-09-17_GB_ATL,2023,2,2023-09-17,Regular Season,FALSE,ATL,GB,25,24,W,ATL,1,49,nflverse
2023_2023-09-17_LV_BUF,2023,2,2023-09-17,Regular Season,FALSE,BUF,LV,38,10,W,BUF,28,48,nflverse
2023_2023-09-17_BAL_CIN,2023,2,2023-09-17,Regular Season,FALSE,CIN,BAL,24,27,L,BAL,3,51,nflverse
2023_2023-09-17_SEA_DET,2023,2,2023-09-17,Regular Season,FALSE,DET,SEA,31,37,L,SEA,6,68,nflverse
2023_2023-09-17_IND_HOU,2023,2,2023-09-17,Regular Season,FALSE,HOU,IND,20,31,L,IND,11,51,nflverse
2023_2023-09-17_KC_JAX,2023,2,2023-09-17,Regular Season,FALSE,JAX,KC,9,17,L,KC,8,26,nflverse
2023_2023-09-17_CHI_TB,2023,2,2023-09-17,Regular Season,FALSE,TB,CHI,27,17,W,TB,10,44,nflverse
2023_2023-09-17_LAC_TEN,2023,2,2023-09-17,Regular Season,FALSE,TEN,LAC,27,24,W,TEN,3,51,nflverse
2023_2023-09-17_NYG_ARI,2023,2,2023-09-17,Regular Season,FALSE,ARI,NYG,28,31,L,NYG,3,59,nflverse
2023_2023-09-17_SF_LA,2023,2,2023-09-17,Regular Season,FALSE,LA,SF,23,30,L,SF,7,53,nflverse
2023_2023-09-17_NYJ_DAL,2023,2,2023-09-17,Regular Season,FALSE,DAL,NYJ,30,10,W,DAL,20,40,nflverse
2023_2023-09-17_WAS_DEN,2023,2,2023-09-17,Regular Season,FALSE,DEN,WAS,33,35,L,WAS,2,68,nflverse
2023_2023-09-17_MIA_NE,2023,2,2023-09-17,Regular Season,FALSE,NE,MIA,17,24,L,MIA,7,41,nflverse
2023_2023-09-18_NO_CAR,2023,2,2023-09-18,Regular Season,FALSE,CAR,NO,17,20,L,NO,3,37,nflverse
2023_2023-09-18_CLE_PIT,2023,2,2023-09-18,Regular Season,FALSE,PIT,CLE,26,22,W,PIT,4,48,nflverse
2023_2023-09-21_NYG_SF,2023,3,2023-09-21,Regular Season,FALSE,SF,NYG,30,12,W,SF,18,42,nflverse
2023_2023-09-24_IND_BAL,2023,3,2023-09-24,Regular Season,FALSE,BAL,IND,19,22,L,IND,3,41,nflverse
2023_2023-09-24_TEN_CLE,2023,3,2023-09-24,Regular Season,FALSE,CLE,TEN,27,3,W,CLE,24,30,nflverse
2023_2023-09-24_ATL_DET,2023,3,2023-09-24,Regular Season,FALSE,DET,ATL,20,6,W,DET,14,26,nflverse
2023_2023-09-24_NO_GB,2023,3,2023-09-24,Regular Season,FALSE,GB,NO,18,17,W,GB,1,35,nflverse
2023_2023-09-24_HOU_JAX,2023,3,2023-09-24,Regular Season,FALSE,JAX,HOU,17,37,L,HOU,20,54,nflverse
2023_2023-09-24_DEN_MIA,2023,3,2023-09-24,Regular Season,FALSE,MIA,DEN,70,20,W,MIA,50,90,nflverse
2023_2023-09-24_LAC_MIN,2023,3,2023-09-24,Regular Season,FALSE,MIN,LAC,24,28,L,LAC,4,52,nflverse
2023_2023-09-24_NE_NYJ,2023,3,2023-09-24,Regular Season,FALSE,NYJ,NE,10,15,L,NE,5,25,nflverse
2023_2023-09-24_BUF_WAS,2023,3,2023-09-24,Regular Season,FALSE,WAS,BUF,3,37,L,BUF,34,40,nflverse
2023_2023-09-24_CAR_SEA,2023,3,2023-09-24,Regular Season,FALSE,SEA,CAR,37,27,W,SEA,10,64,nflverse
2023_2023-09-24_DAL_ARI,2023,3,2023-09-24,Regular Season,FALSE,ARI,DAL,28,16,W,ARI,12,44,nflverse
2023_2023-09-24_CHI_KC,2023,3,2023-09-24,Regular Season,FALSE,KC,CHI,41,10,W,KC,31,51,nflverse
2023_2023-09-24_PIT_LV,2023,3,2023-09-24,Regular Season,FALSE,LV,PIT,18,23,L,PIT,5,41,nflverse
2023_2023-09-25_PHI_TB,2023,3,2023-09-25,Regular Season,FALSE,TB,PHI,11,25,L,PHI,14,36,nflverse
2023_2023-09-25_LA_CIN,2023,3,2023-09-25,Regular Season,FALSE,CIN,LA,19,16,W,CIN,3,35,nflverse
2023_2023-09-28_DET_GB,2023,4,2023-09-28,Regular Season,FALSE,GB,DET,20,34,L,DET,14,54,nflverse
2023_2023-10-01_ATL_JAX,2023,4,2023-10-01,Regular Season,TRUE,JAX,ATL,23,7,W,JAX,16,30,nflverse
2023_2023-10-01_MIA_BUF,2023,4,2023-10-01,Regular Season,FALSE,BUF,MIA,48,20,W,BUF,28,68,nflverse
2023_2023-10-01_MIN_CAR,2023,4,2023-10-01,Regular Season,FALSE,CAR,MIN,13,21,L,MIN,8,34,nflverse
2023_2023-10-01_DEN_CHI,2023,4,2023-10-01,Regular Season,FALSE,CHI,DEN,28,31,L,DEN,3,59,nflverse
2023_2023-10-01_BAL_CLE,2023,4,2023-10-01,Regular Season,FALSE,CLE,BAL,3,28,L,BAL,25,31,nflverse
2023_2023-10-01_PIT_HOU,2023,4,2023-10-01,Regular Season,FALSE,HOU,PIT,30,6,W,HOU,24,36,nflverse
2023_2023-10-01_LA_IND,2023,4,2023-10-01,Regular Season,FALSE,IND,LA,23,29,L,LA,6,52,nflverse
2023_2023-10-01_TB_NO,2023,4,2023-10-01,Regular Season,FALSE,NO,TB,9,26,L,TB,17,35,nflverse
2023_2023-10-01_WAS_PHI,2023,4,2023-10-01,Regular Season,FALSE,PHI,WAS,34,31,W,PHI,3,65,nflverse
2023_2023-10-01_CIN_TEN,2023,4,2023-10-01,Regular Season,FALSE,TEN,CIN,27,3,W,TEN,24,30,nflverse
2023_2023-10-01_LV_LAC,2023,4,2023-10-01,Regular Season,FALSE,LAC,LV,24,17,W,LAC,7,41,nflverse
2023_2023-10-01_NE_DAL,2023,4,2023-10-01,Regular Season,FALSE,DAL,NE,38,3,W,DAL,35,41,nflverse
2023_2023-10-01_ARI_SF,2023,4,2023-10-01,Regular Season,FALSE,SF,ARI,35,16,W,SF,19,51,nflverse
2023_2023-10-01_KC_NYJ,2023,4,2023-10-01,Regular Season,FALSE,NYJ,KC,20,23,L,KC,3,43,nflverse
2023_2023-10-02_SEA_NYG,2023,4,2023-10-02,Regular Season,FALSE,NYG,SEA,3,24,L,SEA,21,27,nflverse
2023_2023-10-05_CHI_WAS,2023,5,2023-10-05,Regular Season,FALSE,WAS,CHI,20,40,L,CHI,20,60,nflverse
2023_2023-10-08_JAX_BUF,2023,5,2023-10-08,Regular Season,TRUE,BUF,JAX,20,25,L,JAX,5,45,nflverse
2023_2023-10-08_HOU_ATL,2023,5,2023-10-08,Regular Season,FALSE,ATL,HOU,21,19,W,ATL,2,40,nflverse
2023_2023-10-08_CAR_DET,2023,5,2023-10-08,Regular Season,FALSE,DET,CAR,42,24,W,DET,18,66,nflverse
2023_2023-10-08_TEN_IND,2023,5,2023-10-08,Regular Season,FALSE,IND,TEN,23,16,W,IND,7,39,nflverse
2023_2023-10-08_NYG_MIA,2023,5,2023-10-08,Regular Season,FALSE,MIA,NYG,31,16,W,MIA,15,47,nflverse
2023_2023-10-08_NO_NE,2023,5,2023-10-08,Regular Season,FALSE,NE,NO,0,34,L,NO,34,34,nflverse
2023_2023-10-08_BAL_PIT,2023,5,2023-10-08,Regular Season,FALSE,PIT,BAL,17,10,W,PIT,7,27,nflverse
2023_2023-10-08_CIN_ARI,2023,5,2023-10-08,Regular Season,FALSE,ARI,CIN,20,34,L,CIN,14,54,nflverse
2023_2023-10-08_PHI_LA,2023,5,2023-10-08,Regular Season,FALSE,LA,PHI,14,23,L,PHI,9,37,nflverse
2023_2023-10-08_NYJ_DEN,2023,5,2023-10-08,Regular Season,FALSE,DEN,NYJ,21,31,L,NYJ,10,52,nflverse
2023_2023-10-08_KC_MIN,2023,5,2023-10-08,Regular Season,FALSE,MIN,KC,20,27,L,KC,7,47,nflverse
2023_2023-10-08_DAL_SF,2023,5,2023-10-08,Regular Season,FALSE,SF,DAL,42,10,W,SF,32,52,nflverse
2023_2023-10-09_GB_LV,2023,5,2023-10-09,Regular Season,FALSE,LV,GB,17,13,W,LV,4,30,nflverse
2023_2023-10-12_DEN_KC,2023,6,2023-10-12,Regular Season,FALSE,KC,DEN,19,8,W,KC,11,27,nflverse
2023_2023-10-15_BAL_TEN,2023,6,2023-10-15,Regular Season,TRUE,TEN,BAL,16,24,L,BAL,8,40,nflverse
2023_2023-10-15_WAS_ATL,2023,6,2023-10-15,Regular Season,FALSE,ATL,WAS,16,24,L,WAS,8,40,nflverse
2023_2023-10-15_MIN_CHI,2023,6,2023-10-15,Regular Season,FALSE,CHI,MIN,13,19,L,MIN,6,32,nflverse
2023_2023-10-15_SEA_CIN,2023,6,2023-10-15,Regular Season,FALSE,CIN,SEA,17,13,W,CIN,4,30,nflverse
2023_2023-10-15_SF_CLE,2023,6,2023-10-15,Regular Season,FALSE,CLE,SF,19,17,W,CLE,2,36,nflverse
2023_2023-10-15_NO_HOU,2023,6,2023-10-15,Regular Season,FALSE,HOU,NO,20,13,W,HOU,7,33,nflverse
2023_2023-10-15_IND_JAX,2023,6,2023-10-15,Regular Season,FALSE,JAX,IND,37,20,W,JAX,17,57,nflverse
2023_2023-10-15_CAR_MIA,2023,6,2023-10-15,Regular Season,FALSE,MIA,CAR,42,21,W,MIA,21,63,nflverse
2023_2023-10-15_NE_LV,2023,6,2023-10-15,Regular Season,FALSE,LV,NE,21,17,W,LV,4,38,nflverse
2023_2023-10-15_ARI_LA,2023,6,2023-10-15,Regular Season,FALSE,LA,ARI,26,9,W,LA,17,35,nflverse
2023_2023-10-15_PHI_NYJ,2023,6,2023-10-15,Regular Season,FALSE,NYJ,PHI,20,14,W,NYJ,6,34,nflverse
2023_2023-10-15_DET_TB,2023,6,2023-10-15,Regular Season,FALSE,TB,DET,6,20,L,DET,14,26,nflverse
2023_2023-10-15_NYG_BUF,2023,6,2023-10-15,Regular Season,FALSE,BUF,NYG,14,9,W,BUF,5,23,nflverse
2023_2023-10-16_DAL_LAC,2023,6,2023-10-16,Regular Season,FALSE,LAC,DAL,17,20,L,DAL,3,37,nflverse
2023_2023-10-19_JAX_NO,2023,7,2023-10-19,Regular Season,FALSE,NO,JAX,24,31,L,JAX,7,55,nflverse
2023_2023-10-22_DET_BAL,2023,7,2023-10-22,Regular Season,FALSE,BAL,DET,38,6,W,BAL,32,44,nflverse
2023_2023-10-22_LV_CHI,2023,7,2023-10-22,Regular Season,FALSE,CHI,LV,30,12,W,CHI,18,42,nflverse
2023_2023-10-22_CLE_IND,2023,7,2023-10-22,Regular Season,FALSE,IND,CLE,38,39,L,CLE,1,77,nflverse
2023_2023-10-22_BUF_NE,2023,7,2023-10-22,Regular Season,FALSE,NE,BUF,29,25,W,NE,4,54,nflverse
2023_2023-10-22_WAS_NYG,2023,7,2023-10-22,Regular Season,FALSE,NYG,WAS,14,7,W,NYG,7,21,nflverse
2023_2023-10-22_ATL_TB,2023,7,2023-10-22,Regular Season,FALSE,TB,ATL,13,16,L,ATL,3,29,nflverse
2023_2023-10-22_PIT_LA,2023,7,2023-10-22,Regular Season,FALSE,LA,PIT,17,24,L,PIT,7,41,nflverse
2023_2023-10-22_ARI_SEA,2023,7,2023-10-22,Regular Season,FALSE,SEA,ARI,20,10,W,SEA,10,30,nflverse
2023_2023-10-22_GB_DEN,2023,7,2023-10-22,Regular Season,FALSE,DEN,GB,19,17,W,DEN,2,36,nflverse
2023_2023-10-22_LAC_KC,2023,7,2023-10-22,Regular Season,FALSE,KC,LAC,31,17,W,KC,14,48,nflverse
2023_2023-10-22_MIA_PHI,2023,7,2023-10-22,Regular Season,FALSE,PHI,MIA,31,17,W,PHI,14,48,nflverse
2023_2023-10-23_SF_MIN,2023,7,2023-10-23,Regular Season,FALSE,MIN,SF,22,17,W,MIN,5,39,nflverse
2023_2023-10-26_TB_BUF,2023,8,2023-10-26,Regular Season,FALSE,BUF,TB,24,18,W,BUF,6,42,nflverse
2023_2023-10-29_HOU_CAR,2023,8,2023-10-29,Regular Season,FALSE,CAR,HOU,15,13,W,CAR,2,28,nflverse
2023_2023-10-29_LA_DAL,2023,8,2023-10-29,Regular Season,FALSE,DAL,LA,43,20,W,DAL,23,63,nflverse
2023_2023-10-29_MIN_GB,2023,8,2023-10-29,Regular Season,FALSE,GB,MIN,10,24,L,MIN,14,34,nflverse
2023_2023-10-29_NO_IND,2023,8,2023-10-29,Regular Season,FALSE,IND,NO,27,38,L,NO,11,65,nflverse
2023_2023-10-29_NE_MIA,2023,8,2023-10-29,Regular Season,FALSE,MIA,NE,31,17,W,MIA,14,48,nflverse
2023_2023-10-29_NYJ_NYG,2023,8,2023-10-29,Regular Season,FALSE,NYG,NYJ,10,13,L,NYJ,3,23,nflverse
2023_2023-10-29_JAX_PIT,2023,8,2023-10-29,Regular Season,FALSE,PIT,JAX,10,20,L,JAX,10,30,nflverse
2023_2023-10-29_ATL_TEN,2023,8,2023-10-29,Regular Season,FALSE,TEN,ATL,28,23,W,TEN,5,51,nflverse
2023_2023-10-29_PHI_WAS,2023,8,2023-10-29,Regular Season,FALSE,WAS,PHI,31,38,L,PHI,7,69,nflverse
2023_2023-10-29_CLE_SEA,2023,8,2023-10-29,Regular Season,FALSE,SEA,CLE,24,20,W,SEA,4,44,nflverse
2023_2023-10-29_BAL_ARI,2023,8,2023-10-29,Regular Season,FALSE,ARI,BAL,24,31,L,BAL,7,55,nflverse
2023_2023-10-29_KC_DEN,2023,8,2023-10-29,Regular Season,FALSE,DEN,KC,24,9,W,DEN,15,33,nflverse
2023_2023-10-29_CIN_SF,2023,8,2023-10-29,Regular Season,FALSE,SF,CIN,17,31,L,CIN,14,48,nflverse
2023_2023-10-29_CHI_LAC,2023,8,2023-10-29,Regular Season,FALSE,LAC,CHI,30,13,W,LAC,17,43,nflverse
2023_2023-10-30_LV_DET,2023,8,2023-10-30,Regular Season,FALSE,DET,LV,26,14,W,DET,12,40,nflverse
2023_2023-11-02_TEN_PIT,2023,9,2023-11-02,Regular Season,FALSE,PIT,TEN,20,16,W,PIT,4,36,nflverse
2023_2023-11-05_MIA_KC,2023,9,2023-11-05,Regular Season,TRUE,KC,MIA,21,14,W,KC,7,35,nflverse
2023_2023-11-05_MIN_ATL,2023,9,2023-11-05,Regular Season,FALSE,ATL,MIN,28,31,L,MIN,3,59,nflverse
2023_2023-11-05_SEA_BAL,2023,9,2023-11-05,Regular Season,FALSE,BAL,SEA,37,3,W,BAL,34,40,nflverse
2023_2023-11-05_ARI_CLE,2023,9,2023-11-05,Regular Season,FALSE,CLE,ARI,27,0,W,CLE,27,27,nflverse
2023_2023-11-05_LA_GB,2023,9,2023-11-05,Regular Season,FALSE,GB,LA,20,3,W,GB,17,23,nflverse
2023_2023-11-05_TB_HOU,2023,9,2023-11-05,Regular Season,FALSE,HOU,TB,39,37,W,HOU,2,76,nflverse
2023_2023-11-05_WAS_NE,2023,9,2023-11-05,Regular Season,FALSE,NE,WAS,17,20,L,WAS,3,37,nflverse
2023_2023-11-05_CHI_NO,2023,9,2023-11-05,Regular Season,FALSE,NO,CHI,24,17,W,NO,7,41,nflverse
2023_2023-11-05_IND_CAR,2023,9,2023-11-05,Regular Season,FALSE,CAR,IND,13,27,L,IND,14,40,nflverse
2023_2023-11-05_NYG_LV,2023,9,2023-11-05,Regular Season,FALSE,LV,NYG,30,6,W,LV,24,36,nflverse
2023_2023-11-05_DAL_PHI,2023,9,2023-11-05,Regular Season,FALSE,PHI,DAL,28,23,W,PHI,5,51,nflverse
2023_2023-11-05_BUF_CIN,2023,9,2023-11-05,Regular Season,FALSE,CIN,BUF,24,18,W,CIN,6,42,nflverse
2023_2023-11-06_LAC_NYJ,2023,9,2023-11-06,Regular Season,FALSE,NYJ,LAC,6,27,L,LAC,21,33,nflverse
2023_2023-11-09_CAR_CHI,2023,10,2023-11-09,Regular Season,FALSE,CHI,CAR,16,13,W,CHI,3,29,nflverse
2023_2023-11-12_IND_NE,2023,10,2023-11-12,Regular Season,TRUE,NE,IND,6,10,L,IND,4,16,nflverse
2023_2023-11-12_CLE_BAL,2023,10,2023-11-12,Regular Season,FALSE,BAL,CLE,31,33,L,CLE,2,64,nflverse
2023_2023-11-12_HOU_CIN,2023,10,2023-11-12,Regular Season,FALSE,CIN,HOU,27,30,L,HOU,3,57,nflverse
2023_2023-11-12_SF_JAX,2023,10,2023-11-12,Regular Season,FALSE,JAX,SF,3,34,L,SF,31,37,nflverse
2023_2023-11-12_NO_MIN,2023,10,2023-11-12,Regular Season,FALSE,MIN,NO,27,19,W,MIN,8,46,nflverse
2023_2023-11-12_GB_PIT,2023,10,2023-11-12,Regular Season,FALSE,PIT,GB,23,19,W,PIT,4,42,nflverse
2023_2023-11-12_TEN_TB,2023,10,2023-11-12,Regular Season,FALSE,TB,TEN,20,6,W,TB,14,26,nflverse
2023_2023-11-12_ATL_ARI,2023,10,2023-11-12,Regular Season,FALSE,ARI,ATL,25,23,W,ARI,2,48,nflverse
2023_2023-11-12_DET_LAC,2023,10,2023-11-12,Regular Season,FALSE,LAC,DET,38,41,L,DET,3,79,nflverse
2023_2023-11-12_NYG_DAL,2023,10,2023-11-12,Regular Season,FALSE,DAL,NYG,49,17,W,DAL,32,66,nflverse
2023_2023-11-12_WAS_SEA,2023,10,2023-11-12,Regular Season,FALSE,SEA,WAS,29,26,W,SEA,3,55,nflverse
2023_2023-11-12_NYJ_LV,2023,10,2023-11-12,Regular Season,FALSE,LV,NYJ,16,12,W,LV,4,28,nflverse
2023_2023-11-13_DEN_BUF,2023,10,2023-11-13,Regular Season,FALSE,BUF,DEN,22,24,L,DEN,2,46,nflverse
2023_2023-11-16_CIN_BAL,2023,11,2023-11-16,Regular Season,FALSE,BAL,CIN,34,20,W,BAL,14,54,nflverse
2023_2023-11-19_DAL_CAR,2023,11,2023-11-19,Regular Season,FALSE,CAR,DAL,10,33,L,DAL,23,43,nflverse
2023_2023-11-19_PIT_CLE,2023,11,2023-11-19,Regular Season,FALSE,CLE,PIT,13,10,W,CLE,3,23,nflverse
2023_2023-11-19_CHI_DET,2023,11,2023-11-19,Regular Season,FALSE,DET,CHI,31,26,W,DET,5,57,nflverse
2023_2023-11-19_LAC_GB,2023,11,2023-11-19,Regular Season,FALSE,GB,LAC,23,20,W,GB,3,43,nflverse
2023_2023-11-19_ARI_HOU,2023,11,2023-11-19,Regular Season,FALSE,HOU,ARI,21,16,W,HOU,5,37,nflverse
2023_2023-11-19_TEN_JAX,2023,11,2023-11-19,Regular Season,FALSE,JAX,TEN,34,14,W,JAX,20,48,nflverse
2023_2023-11-19_LV_MIA,2023,11,2023-11-19,Regular Season,FALSE,MIA,LV,20,13,W,MIA,7,33,nflverse
2023_2023-11-19_NYG_WAS,2023,11,2023-11-19,Regular Season,FALSE,WAS,NYG,19,31,L,NYG,12,50,nflverse
2023_2023-11-19_TB_SF,2023,11,2023-11-19,Regular Season,FALSE,SF,TB,27,14,W,SF,13,41,nflverse
2023_2023-11-19_NYJ_BUF,2023,11,2023-11-19,Regular Season,FALSE,BUF,NYJ,32,6,W,BUF,26,38,nflverse
2023_2023-11-19_SEA_LA,2023,11,2023-11-19,Regular Season,FALSE,LA,SEA,17,16,W,LA,1,33,nflverse
2023_2023-11-19_MIN_DEN,2023,11,2023-11-19,Regular Season,FALSE,DEN,MIN,21,20,W,DEN,1,41,nflverse
2023_2023-11-20_PHI_KC,2023,11,2023-11-20,Regular Season,FALSE,KC,PHI,17,21,L,PHI,4,38,nflverse
2023_2023-11-23_GB_DET,2023,12,2023-11-23,Regular Season,FALSE,DET,GB,22,29,L,GB,7,51,nflverse
2023_2023-11-23_WAS_DAL,2023,12,2023-11-23,Regular Season,FALSE,DAL,WAS,45,10,W,DAL,35,55,nflverse
2023_2023-11-23_SF_SEA,2023,12,2023-11-23,Regular Season,FALSE,SEA,SF,13,31,L,SF,18,44,nflverse
2023_2023-11-24_MIA_NYJ,2023,12,2023-11-24,Regular Season,FALSE,NYJ,MIA,13,34,L,MIA,21,47,nflverse
2023_2023-11-26_NO_ATL,2023,12,2023-11-26,Regular Season,FALSE,ATL,NO,24,15,W,ATL,9,39,nflverse
2023_2023-11-26_PIT_CIN,2023,12,2023-11-26,Regular Season,FALSE,CIN,PIT,10,16,L,PIT,6,26,nflverse
2023_2023-11-26_JAX_HOU,2023,12,2023-11-26,Regular Season,FALSE,HOU,JAX,21,24,L,JAX,3,45,nflverse
2023_2023-11-26_TB_IND,2023,12,2023-11-26,Regular Season,FALSE,IND,TB,27,20,W,IND,7,47,nflverse
2023_2023-11-26_NE_NYG,2023,12,2023-11-26,Regular Season,FALSE,NYG,NE,10,7,W,NYG,3,17,nflverse
2023_2023-11-26_CAR_TEN,2023,12,2023-11-26,Regular Season,FALSE,TEN,CAR,17,10,W,TEN,7,27,nflverse
2023_2023-11-26_LA_ARI,2023,12,2023-11-26,Regular Season,FALSE,ARI,LA,14,37,L,LA,23,51,nflverse
2023_2023-11-26_CLE_DEN,2023,12,2023-11-26,Regular Season,FALSE,DEN,CLE,29,12,W,DEN,17,41,nflverse
2023_2023-11-26_KC_LV,2023,12,2023-11-26,Regular Season,FALSE,LV,KC,17,31,L,KC,14,48,nflverse
2023_2023-11-26_BUF_PHI,2023,12,2023-11-26,Regular Season,FALSE,PHI,BUF,37,34,W,PHI,3,71,nflverse
2023_2023-11-26_BAL_LAC,2023,12,2023-11-26,Regular Season,FALSE,LAC,BAL,10,20,L,BAL,10,30,nflverse
2023_2023-11-27_CHI_MIN,2023,12,2023-11-27,Regular Season,FALSE,MIN,CHI,10,12,L,CHI,2,22,nflverse
2023_2023-11-30_SEA_DAL,2023,13,2023-11-30,Regular Season,FALSE,DAL,SEA,41,35,W,DAL,6,76,nflverse
2023_2023-12-03_DEN_HOU,2023,13,2023-12-03,Regular Season,FALSE,HOU,DEN,22,17,W,HOU,5,39,nflverse
2023_2023-12-03_LAC_NE,2023,13,2023-12-03,Regular Season,FALSE,NE,LAC,0,6,L,LAC,6,6,nflverse
2023_2023-12-03_DET_NO,2023,13,2023-12-03,Regular Season,FALSE,NO,DET,28,33,L,DET,5,61,nflverse
2023_2023-12-03_ATL_NYJ,2023,13,2023-12-03,Regular Season,FALSE,NYJ,ATL,8,13,L,ATL,5,21,nflverse
2023_2023-12-03_ARI_PIT,2023,13,2023-12-03,Regular Season,FALSE,PIT,ARI,10,24,L,ARI,14,34,nflverse
2023_2023-12-03_IND_TEN,2023,13,2023-12-03,Regular Season,FALSE,TEN,IND,28,31,L,IND,3,59,nflverse
2023_2023-12-03_MIA_WAS,2023,13,2023-12-03,Regular Season,FALSE,WAS,MIA,15,45,L,MIA,30,60,nflverse
2023_2023-12-03_CAR_TB,2023,13,2023-12-03,Regular Season,FALSE,TB,CAR,21,18,W,TB,3,39,nflverse
2023_2023-12-03_CLE_LA,2023,13,2023-12-03,Regular Season,FALSE,LA,CLE,36,19,W,LA,17,55,nflverse
2023_2023-12-03_SF_PHI,2023,13,2023-12-03,Regular Season,FALSE,PHI,SF,19,42,L,SF,23,61,nflverse
2023_2023-12-03_KC_GB,2023,13,2023-12-03,Regular Season,FALSE,GB,KC,27,19,W,GB,8,46,nflverse
2023_2023-12-04_CIN_JAX,2023,13,2023-12-04,Regular Season,FALSE,JAX,CIN,31,34,L,CIN,3,65,nflverse
2023_2023-12-07_NE_PIT,2023,14,2023-12-07,Regular Season,FALSE,PIT,NE,18,21,L,NE,3,39,nflverse
2023_2023-12-10_TB_ATL,2023,14,2023-12-10,Regular Season,FALSE,ATL,TB,25,29,L,TB,4,54,nflverse
2023_2023-12-10_LA_BAL,2023,14,2023-12-10,Regular Season,FALSE,BAL,LA,37,31,W,BAL,6,68,nflverse
2023_2023-12-10_DET_CHI,2023,14,2023-12-10,Regular Season,FALSE,CHI,DET,28,13,W,CHI,15,41,nflverse
2023_2023-12-10_IND_CIN,2023,14,2023-12-10,Regular Season,FALSE,CIN,IND,34,14,W,CIN,20,48,nflverse
2023_2023-12-10_JAX_CLE,2023,14,2023-12-10,Regular Season,FALSE,CLE,JAX,31,27,W,CLE,4,58,nflverse
2023_2023-12-10_CAR_NO,2023,14,2023-12-10,Regular Season,FALSE,NO,CAR,28,6,W,NO,22,34,nflverse
2023_2023-12-10_HOU_NYJ,2023,14,2023-12-10,Regular Season,FALSE,NYJ,HOU,30,6,W,NYJ,24,36,nflverse
2023_2023-12-10_MIN_LV,2023,14,2023-12-10,Regular Season,FALSE,LV,MIN,0,3,L,MIN,3,3,nflverse
2023_2023-12-10_SEA_SF,2023,14,2023-12-10,Regular Season,FALSE,SF,SEA,28,16,W,SF,12,44,nflverse
2023_2023-12-10_BUF_KC,2023,14,2023-12-10,Regular Season,FALSE,KC,BUF,17,20,L,BUF,3,37,nflverse
2023_2023-12-10_DEN_LAC,2023,14,2023-12-10,Regular Season,FALSE,LAC,DEN,7,24,L,DEN,17,31,nflverse
2023_2023-12-10_PHI_DAL,2023,14,2023-12-10,Regular Season,FALSE,DAL,PHI,33,13,W,DAL,20,46,nflverse
2023_2023-12-11_TEN_MIA,2023,14,2023-12-11,Regular Season,FALSE,MIA,TEN,27,28,L,TEN,1,55,nflverse
2023_2023-12-11_GB_NYG,2023,14,2023-12-11,Regular Season,FALSE,NYG,GB,24,22,W,NYG,2,46,nflverse
2023_2023-12-14_LAC_LV,2023,15,2023-12-14,Regular Season,FALSE,LV,LAC,63,21,W,LV,42,84,nflverse
2023_2023-12-16_MIN_CIN,2023,15,2023-12-16,Regular Season,FALSE,CIN,MIN,27,24,W,CIN,3,51,nflverse
2023_2023-12-16_PIT_IND,2023,15,2023-12-16,Regular Season,FALSE,IND,PIT,30,13,W,IND,17,43,nflverse
2023_2023-12-16_DEN_DET,2023,15,2023-12-16,Regular Season,FALSE,DET,DEN,42,17,W,DET,25,59,nflverse
2023_2023-12-17_ATL_CAR,2023,15,2023-12-17,Regular Season,FALSE,CAR,ATL,9,7,W,CAR,2,16,nflverse
2023_2023-12-17_CHI_CLE,2023,15,2023-12-17,Regular Season,FALSE,CLE,CHI,20,17,W,CLE,3,37,nflverse
2023_2023-12-17_TB_GB,2023,15,2023-12-17,Regular Season,FALSE,GB,TB,20,34,L,TB,14,54,nflverse
2023_2023-12-17_NYJ_MIA,2023,15,2023-12-17,Regular Season,FALSE,MIA,NYJ,30,0,W,MIA,30,30,nflverse
2023_2023-12-17_KC_NE,2023,15,2023-12-17,Regular Season,FALSE,NE,KC,17,27,L,KC,10,44,nflverse
2023_2023-12-17_NYG_NO,2023,15,2023-12-17,Regular Season,FALSE,NO,NYG,24,6,W,NO,18,30,nflverse
2023_2023-12-17_HOU_TEN,2023,15,2023-12-17,Regular Season,FALSE,TEN,HOU,16,19,L,HOU,3,35,nflverse
2023_2023-12-17_SF_ARI,2023,15,2023-12-17,Regular Season,FALSE,ARI,SF,29,45,L,SF,16,74,nflverse
2023_2023-12-17_WAS_LA,2023,15,2023-12-17,Regular Season,FALSE,LA,WAS,28,20,W,LA,8,48,nflverse
2023_2023-12-17_DAL_BUF,2023,15,2023-12-17,Regular Season,FALSE,BUF,DAL,31,10,W,BUF,21,41,nflverse
2023_2023-12-17_BAL_JAX,2023,15,2023-12-17,Regular Season,FALSE,JAX,BAL,7,23,L,BAL,16,30,nflverse
2023_2023-12-18_PHI_SEA,2023,15,2023-12-18,Regular Season,FALSE,SEA,PHI,20,17,W,SEA,3,37,nflverse
2023_2023-12-21_NO_LA,2023,16,2023-12-21,Regular Season,FALSE,LA,NO,30,22,W,LA,8,52,nflverse
2023_2023-12-23_CIN_PIT,2023,16,2023-12-23,Regular Season,FALSE,PIT,CIN,34,11,W,PIT,23,45,nflverse
2023_2023-12-23_BUF_LAC,2023,16,2023-12-23,Regular Season,FALSE,LAC,BUF,22,24,L,BUF,2,46,nflverse
2023_2023-12-24_IND_ATL,2023,16,2023-12-24,Regular Season,FALSE,ATL,IND,29,10,W,ATL,19,39,nflverse
2023_2023-12-24_GB_CAR,2023,16,2023-12-24,Regular Season,FALSE,CAR,GB,30,33,L,GB,3,63,nflverse
2023_2023-12-24_CLE_HOU,2023,16,2023-12-24,Regular Season,FALSE,HOU,CLE,22,36,L,CLE,14,58,nflverse
2023_2023-12-24_DET_MIN,2023,16,2023-12-24,Regular Season,FALSE,MIN,DET,24,30,L,DET,6,54,nflverse
2023_2023-12-24_WAS_NYJ,2023,16,2023-12-24,Regular Season,FALSE,NYJ,WAS,30,28,W,NYJ,2,58,nflverse
2023_2023-12-24_SEA_TEN,2023,16,2023-12-24,Regular Season,FALSE,TEN,SEA,17,20,L,SEA,3,37,nflverse
2023_2023-12-24_JAX_TB,2023,16,2023-12-24,Regular Season,FALSE,TB,JAX,30,12,W,TB,18,42,nflverse
2023_2023-12-24_ARI_CHI,2023,16,2023-12-24,Regular Season,FALSE,CHI,ARI,27,16,W,CHI,11,43,nflverse
2023_2023-12-24_DAL_MIA,2023,16,2023-12-24,Regular Season,FALSE,MIA,DAL,22,20,W,MIA,2,42,nflverse
2023_2023-12-24_NE_DEN,2023,16,2023-12-24,Regular Season,FALSE,DEN,NE,23,26,L,NE,3,49,nflverse
2023_2023-12-25_LV_KC,2023,16,2023-12-25,Regular Season,FALSE,KC,LV,14,20,L,LV,6,34,nflverse
2023_2023-12-25_NYG_PHI,2023,16,2023-12-25,Regular Season,FALSE,PHI,NYG,33,25,W,PHI,8,58,nflverse
2023_2023-12-25_BAL_SF,2023,16,2023-12-25,Regular Season,FALSE,SF,BAL,19,33,L,BAL,14,52,nflverse
2023_2023-12-28_NYJ_CLE,2023,17,2023-12-28,Regular Season,FALSE,CLE,NYJ,37,20,W,CLE,17,57,nflverse
2023_2023-12-30_DET_DAL,2023,17,2023-12-30,Regular Season,FALSE,DAL,DET,20,19,W,DAL,1,39,nflverse
2023_2023-12-31_MIA_BAL,2023,17,2023-12-31,Regular Season,FALSE,BAL,MIA,56,19,W,BAL,37,75,nflverse
2023_2023-12-31_NE_BUF,2023,17,2023-12-31,Regular Season,FALSE,BUF,NE,27,21,W,BUF,6,48,nflverse
2023_2023-12-31_ATL_CHI,2023,17,2023-12-31,Regular Season,FALSE,CHI,ATL,37,17,W,CHI,20,54,nflverse
2023_2023-12-31_TEN_HOU,2023,17,2023-12-31,Regular Season,FALSE,HOU,TEN,26,3,W,HOU,23,29,nflverse
2023_2023-12-31_LV_IND,2023,17,2023-12-31,Regular Season,FALSE,IND,LV,23,20,W,IND,3,43,nflverse
2023_2023-12-31_CAR_JAX,2023,17,2023-12-31,Regular Season,FALSE,JAX,CAR,26,0,W,JAX,26,26,nflverse
2023_2023-12-31_LA_NYG,2023,17,2023-12-31,Regular Season,FALSE,NYG,LA,25,26,L,LA,1,51,nflverse
2023_2023-12-31_ARI_PHI,2023,17,2023-12-31,Regular Season,FALSE,PHI,ARI,31,35,L,ARI,4,66,nflverse
2023_2023-12-31_NO_TB,2023,17,2023-12-31,Regular Season,FALSE,TB,NO,13,23,L,NO,10,36,nflverse
2023_2023-12-31_SF_WAS,2023,17,2023-12-31,Regular Season,FALSE,WAS,SF,10,27,L,SF,17,37,nflverse
2023_2023-12-31_PIT_SEA,2023,17,2023-12-31,Regular Season,FALSE,SEA,PIT,23,30,L,PIT,7,53,nflverse
2023_2023-12-31_LAC_DEN,2023,17,2023-12-31,Regular Season,FALSE,DEN,LAC,16,9,W,DEN,7,25,nflverse
2023_2023-12-31_CIN_KC,2023,17,2023-12-31,Regular Season,FALSE,KC,CIN,25,17,W,KC,8,42,nflverse
2023_2023-12-31_GB_MIN,2023,17,2023-12-31,Regular Season,FALSE,MIN,GB,10,33,L,GB,23,43,nflverse
2023_2024-01-06_PIT_BAL,2023,18,2024-01-06,Regular Season,FALSE,BAL,PIT,10,17,L,PIT,7,27,nflverse
2023_2024-01-06_HOU_IND,2023,18,2024-01-06,Regular Season,FALSE,IND,HOU,19,23,L,HOU,4,42,nflverse
2023_2024-01-07_TB_CAR,2023,18,2024-01-07,Regular Season,FALSE,CAR,TB,0,9,L,TB,9,9,nflverse
2023_2024-01-07_CLE_CIN,2023,18,2024-01-07,Regular Season,FALSE,CIN,CLE,31,14,W,CIN,17,45,nflverse
2023_2024-01-07_MIN_DET,2023,18,2024-01-07,Regular Season,FALSE,DET,MIN,30,20,W,DET,10,50,nflverse
2023_2024-01-07_NYJ_NE,2023,18,2024-01-07,Regular Season,FALSE,NE,NYJ,3,17,L,NYJ,14,20,nflverse
2023_2024-01-07_ATL_NO,2023,18,2024-01-07,Regular Season,FALSE,NO,ATL,48,17,W,NO,31,65,nflverse
2023_2024-01-07_JAX_TEN,2023,18,2024-01-07,Regular Season,FALSE,TEN,JAX,28,20,W,TEN,8,48,nflverse
2023_2024-01-07_SEA_ARI,2023,18,2024-01-07,Regular Season,FALSE,ARI,SEA,20,21,L,SEA,1,41,nflverse
2023_2024-01-07_CHI_GB,2023,18,2024-01-07,Regular Season,FALSE,GB,CHI,17,9,W,GB,8,26,nflverse
2023_2024-01-07_KC_LAC,2023,18,2024-01-07,Regular Season,FALSE,LAC,KC,12,13,L,KC,1,25,nflverse
2023_2024-01-07_DEN_LV,2023,18,2024-01-07,Regular Season,FALSE,LV,DEN,27,14,W,LV,13,41,nflverse
2023_2024-01-07_PHI_NYG,2023,18,2024-01-07,Regular Season,FALSE,NYG,PHI,27,10,W,NYG,17,37,nflverse
2023_2024-01-07_LA_SF,2023,18,2024-01-07,Regular Season,FALSE,SF,LA,20,21,L,LA,1,41,nflverse
2023_2024-01-07_DAL_WAS,2023,18,2024-01-07,Regular Season,FALSE,WAS,DAL,10,38,L,DAL,28,48,nflverse
2023_2024-01-07_BUF_MIA,2023,18,2024-01-07,Regular Season,FALSE,MIA,BUF,14,21,L,BUF,7,35,nflverse
2024_2024-09-05_BAL_KC,2024,1,2024-09-05,Regular Season,FALSE,KC,BAL,27,20,W,KC,7,47,nflverse
2024_2024-09-06_GB_PHI,2024,1,2024-09-06,Regular Season,TRUE,PHI,GB,34,29,W,PHI,5,63,nflverse
2024_2024-09-08_PIT_ATL,2024,1,2024-09-08,Regular Season,FALSE,ATL,PIT,10,18,L,PIT,8,28,nflverse
2024_2024-09-08_ARI_BUF,2024,1,2024-09-08,Regular Season,FALSE,BUF,ARI,34,28,W,BUF,6,62,nflverse
2024_2024-09-08_TEN_CHI,2024,1,2024-09-08,Regular Season,FALSE,CHI,TEN,24,17,W,CHI,7,41,nflverse
2024_2024-09-08_NE_CIN,2024,1,2024-09-08,Regular Season,FALSE,CIN,NE,10,16,L,NE,6,26,nflverse
2024_2024-09-08_HOU_IND,2024,1,2024-09-08,Regular Season,FALSE,IND,HOU,27,29,L,HOU,2,56,nflverse
2024_2024-09-08_JAX_MIA,2024,1,2024-09-08,Regular Season,FALSE,MIA,JAX,20,17,W,MIA,3,37,nflverse
2024_2024-09-08_CAR_NO,2024,1,2024-09-08,Regular Season,FALSE,NO,CAR,47,10,W,NO,37,57,nflverse
2024_2024-09-08_MIN_NYG,2024,1,2024-09-08,Regular Season,FALSE,NYG,MIN,6,28,L,MIN,22,34,nflverse
2024_2024-09-08_LV_LAC,2024,1,2024-09-08,Regular Season,FALSE,LAC,LV,22,10,W,LAC,12,32,nflverse
2024_2024-09-08_DEN_SEA,2024,1,2024-09-08,Regular Season,FALSE,SEA,DEN,26,20,W,SEA,6,46,nflverse
2024_2024-09-08_DAL_CLE,2024,1,2024-09-08,Regular Season,FALSE,CLE,DAL,17,33,L,DAL,16,50,nflverse
2024_2024-09-08_WAS_TB,2024,1,2024-09-08,Regular Season,FALSE,TB,WAS,37,20,W,TB,17,57,nflverse
2024_2024-09-08_LA_DET,2024,1,2024-09-08,Regular Season,FALSE,DET,LA,26,20,W,DET,6,46,nflverse
2024_2024-09-09_NYJ_SF,2024,1,2024-09-09,Regular Season,FALSE,SF,NYJ,32,19,W,SF,13,51,nflverse
2024_2024-09-12_BUF_MIA,2024,2,2024-09-12,Regular Season,FALSE,MIA,BUF,10,31,L,BUF,21,41,nflverse
2024_2024-09-15_LV_BAL,2024,2,2024-09-15,Regular Season,FALSE,BAL,LV,23,26,L,LV,3,49,nflverse
2024_2024-09-15_LAC_CAR,2024,2,2024-09-15,Regular Season,FALSE,CAR,LAC,3,26,L,LAC,23,29,nflverse
2024_2024-09-15_NO_DAL,2024,2,2024-09-15,Regular Season,FALSE,DAL,NO,19,44,L,NO,25,63,nflverse
2024_2024-09-15_TB_DET,2024,2,2024-09-15,Regular Season,FALSE,DET,TB,16,20,L,TB,4,36,nflverse
2024_2024-09-15_IND_GB,2024,2,2024-09-15,Regular Season,FALSE,GB,IND,16,10,W,GB,6,26,nflverse
2024_2024-09-15_CLE_JAX,2024,2,2024-09-15,Regular Season,FALSE,JAX,CLE,13,18,L,CLE,5,31,nflverse
2024_2024-09-15_SF_MIN,2024,2,2024-09-15,Regular Season,FALSE,MIN,SF,23,17,W,MIN,6,40,nflverse
2024_2024-09-15_SEA_NE,2024,2,2024-09-15,Regular Season,FALSE,NE,SEA,20,23,L,SEA,3,43,nflverse
2024_2024-09-15_NYJ_TEN,2024,2,2024-09-15,Regular Season,FALSE,TEN,NYJ,17,24,L,NYJ,7,41,nflverse
2024_2024-09-15_NYG_WAS,2024,2,2024-09-15,Regular Season,FALSE,WAS,NYG,21,18,W,WAS,3,39,nflverse
2024_2024-09-15_LA_ARI,2024,2,2024-09-15,Regular Season,FALSE,ARI,LA,41,10,W,ARI,31,51,nflverse
2024_2024-09-15_PIT_DEN,2024,2,2024-09-15,Regular Season,FALSE,DEN,PIT,6,13,L,PIT,7,19,nflverse
2024_2024-09-15_CIN_KC,2024,2,2024-09-15,Regular Season,FALSE,KC,CIN,26,25,W,KC,1,51,nflverse
2024_2024-09-15_CHI_HOU,2024,2,2024-09-15,Regular Season,FALSE,HOU,CHI,19,13,W,HOU,6,32,nflverse
2024_2024-09-16_ATL_PHI,2024,2,2024-09-16,Regular Season,FALSE,PHI,ATL,21,22,L,ATL,1,43,nflverse
2024_2024-09-19_NE_NYJ,2024,3,2024-09-19,Regular Season,FALSE,NYJ,NE,24,3,W,NYJ,21,27,nflverse
2024_2024-09-22_NYG_CLE,2024,3,2024-09-22,Regular Season,FALSE,CLE,NYG,15,21,L,NYG,6,36,nflverse
2024_2024-09-22_CHI_IND,2024,3,2024-09-22,Regular Season,FALSE,IND,CHI,21,16,W,IND,5,37,nflverse
2024_2024-09-22_HOU_MIN,2024,3,2024-09-22,Regular Season,FALSE,MIN,HOU,34,7,W,MIN,27,41,nflverse
2024_2024-09-22_PHI_NO,2024,3,2024-09-22,Regular Season,FALSE,NO,PHI,12,15,L,PHI,3,27,nflverse
2024_2024-09-22_LAC_PIT,2024,3,2024-09-22,Regular Season,FALSE,PIT,LAC,20,10,W,PIT,10,30,nflverse
2024_2024-09-22_DEN_TB,2024,3,2024-09-22,Regular Season,FALSE,TB,DEN,7,26,L,DEN,19,33,nflverse
2024_2024-09-22_GB_TEN,2024,3,2024-09-22,Regular Season,FALSE,TEN,GB,14,30,L,GB,16,44,nflverse
2024_2024-09-22_CAR_LV,2024,3,2024-09-22,Regular Season,FALSE,LV,CAR,22,36,L,CAR,14,58,nflverse
2024_2024-09-22_MIA_SEA,2024,3,2024-09-22,Regular Season,FALSE,SEA,MIA,24,3,W,SEA,21,27,nflverse
2024_2024-09-22_DET_ARI,2024,3,2024-09-22,Regular Season,FALSE,ARI,DET,13,20,L,DET,7,33,nflverse
2024_2024-09-22_BAL_DAL,2024,3,2024-09-22,Regular Season,FALSE,DAL,BAL,25,28,L,BAL,3,53,nflverse
2024_2024-09-22_SF_LA,2024,3,2024-09-22,Regular Season,FALSE,LA,SF,27,24,W,LA,3,51,nflverse
2024_2024-09-22_KC_ATL,2024,3,2024-09-22,Regular Season,FALSE,ATL,KC,17,22,L,KC,5,39,nflverse
2024_2024-09-23_JAX_BUF,2024,3,2024-09-23,Regular Season,FALSE,BUF,JAX,47,10,W,BUF,37,57,nflverse
2024_2024-09-23_WAS_CIN,2024,3,2024-09-23,Regular Season,FALSE,CIN,WAS,33,38,L,WAS,5,71,nflverse
2024_2024-09-26_DAL_NYG,2024,4,2024-09-26,Regular Season,FALSE,NYG,DAL,15,20,L,DAL,5,35,nflverse
2024_2024-09-29_NO_ATL,2024,4,2024-09-29,Regular Season,FALSE,ATL,NO,26,24,W,ATL,2,50,nflverse
2024_2024-09-29_CIN_CAR,2024,4,2024-09-29,Regular Season,FALSE,CAR,CIN,24,34,L,CIN,10,58,nflverse
2024_2024-09-29_LA_CHI,2024,4,2024-09-29,Regular Season,FALSE,CHI,LA,24,18,W,CHI,6,42,nflverse
2024_2024-09-29_MIN_GB,2024,4,2024-09-29,Regular Season,FALSE,GB,MIN,29,31,L,MIN,2,60,nflverse
2024_2024-09-29_JAX_HOU,2024,4,2024-09-29,Regular Season,FALSE,HOU,JAX,24,20,W,HOU,4,44,nflverse
2024_2024-09-29_PIT_IND,2024,4,2024-09-29,Regular Season,FALSE,IND,PIT,27,24,W,IND,3,51,nflverse
2024_2024-09-29_DEN_NYJ,2024,4,2024-09-29,Regular Season,FALSE,NYJ,DEN,9,10,L,DEN,1,19,nflverse
2024_2024-09-29_PHI_TB,2024,4,2024-09-29,Regular Season,FALSE,TB,PHI,33,16,W,TB,17,49,nflverse
2024_2024-09-29_WAS_ARI,2024,4,2024-09-29,Regular Season,FALSE,ARI,WAS,14,42,L,WAS,28,56,nflverse
2024_2024-09-29_NE_SF,2024,4,2024-09-29,Regular Season,FALSE,SF,NE,30,13,W,SF,17,43,nflverse
2024_2024-09-29_KC_LAC,2024,4,2024-09-29,Regular Season,FALSE,LAC,KC,10,17,L,KC,7,27,nflverse
2024_2024-09-29_CLE_LV,2024,4,2024-09-29,Regular Season,FALSE,LV,CLE,20,16,W,LV,4,36,nflverse
2024_2024-09-29_BUF_BAL,2024,4,2024-09-29,Regular Season,FALSE,BAL,BUF,35,10,W,BAL,25,45,nflverse
2024_2024-09-30_TEN_MIA,2024,4,2024-09-30,Regular Season,FALSE,MIA,TEN,12,31,L,TEN,19,43,nflverse
2024_2024-09-30_SEA_DET,2024,4,2024-09-30,Regular Season,FALSE,DET,SEA,42,29,W,DET,13,71,nflverse
2024_2024-10-03_TB_ATL,2024,5,2024-10-03,Regular Season,FALSE,ATL,TB,36,30,W,ATL,6,66,nflverse
2024_2024-10-06_NYJ_MIN,2024,5,2024-10-06,Regular Season,TRUE,MIN,NYJ,23,17,W,MIN,6,40,nflverse
2024_2024-10-06_CAR_CHI,2024,5,2024-10-06,Regular Season,FALSE,CHI,CAR,36,10,W,CHI,26,46,nflverse
2024_2024-10-06_BAL_CIN,2024,5,2024-10-06,Regular Season,FALSE,CIN,BAL,38,41,L,BAL,3,79,nflverse
2024_2024-10-06_BUF_HOU,2024,5,2024-10-06,Regular Season,FALSE,HOU,BUF,23,20,W,HOU,3,43,nflverse
2024_2024-10-06_IND_JAX,2024,5,2024-10-06,Regular Season,FALSE,JAX,IND,37,34,W,JAX,3,71,nflverse
2024_2024-10-06_MIA_NE,2024,5,2024-10-06,Regular Season,FALSE,NE,MIA,10,15,L,MIA,5,25,nflverse
2024_2024-10-06_CLE_WAS,2024,5,2024-10-06,Regular Season,FALSE,WAS,CLE,34,13,W,WAS,21,47,nflverse
2024_2024-10-06_LV_DEN,2024,5,2024-10-06,Regular Season,FALSE,DEN,LV,34,18,W,DEN,16,52,nflverse
2024_2024-10-06_ARI_SF,2024,5,2024-10-06,Regular Season,FALSE,SF,ARI,23,24,L,ARI,1,47,nflverse
2024_2024-10-06_GB_LA,2024,5,2024-10-06,Regular Season,FALSE,LA,GB,19,24,L,GB,5,43,nflverse
2024_2024-10-06_NYG_SEA,2024,5,2024-10-06,Regular Season,FALSE,SEA,NYG,20,29,L,NYG,9,49,nflverse
2024_2024-10-06_DAL_PIT,2024,5,2024-10-06,Regular Season,FALSE,PIT,DAL,17,20,L,DAL,3,37,nflverse
2024_2024-10-07_NO_KC,2024,5,2024-10-07,Regular Season,FALSE,KC,NO,26,13,W,KC,13,39,nflverse
2024_2024-10-10_SF_SEA,2024,6,2024-10-10,Regular Season,FALSE,SEA,SF,24,36,L,SF,12,60,nflverse
2024_2024-10-13_JAX_CHI,2024,6,2024-10-13,Regular Season,TRUE,CHI,JAX,35,16,W,CHI,19,51,nflverse
2024_2024-10-13_WAS_BAL,2024,6,2024-10-13,Regular Season,FALSE,BAL,WAS,30,23,W,BAL,7,53,nflverse
2024_2024-10-13_ARI_GB,2024,6,2024-10-13,Regular Season,FALSE,GB,ARI,34,13,W,GB,21,47,nflverse
2024_2024-10-13_HOU_NE,2024,6,2024-10-13,Regular Season,FALSE,NE,HOU,21,41,L,HOU,20,62,nflverse
2024_2024-10-13_TB_NO,2024,6,2024-10-13,Regular Season,FALSE,NO,TB,27,51,L,TB,24,78,nflverse
2024_2024-10-13_CLE_PHI,2024,6,2024-10-13,Regular Season,FALSE,PHI,CLE,20,16,W,PHI,4,36,nflverse
2024_2024-10-13_IND_TEN,2024,6,2024-10-13,Regular Season,FALSE,TEN,IND,17,20,L,IND,3,37,nflverse
2024_2024-10-13_LAC_DEN,2024,6,2024-10-13,Regular Season,FALSE,DEN,LAC,16,23,L,LAC,7,39,nflverse
2024_2024-10-13_PIT_LV,2024,6,2024-10-13,Regular Season,FALSE,LV,PIT,13,32,L,PIT,19,45,nflverse
2024_2024-10-13_ATL_CAR,2024,6,2024-10-13,Regular Season,FALSE,CAR,ATL,20,38,L,ATL,18,58,nflverse
2024_2024-10-13_DET_DAL,2024,6,2024-10-13,Regular Season,FALSE,DAL,DET,9,47,L,DET,38,56,nflverse
2024_2024-10-13_CIN_NYG,2024,6,2024-10-13,Regular Season,FALSE,NYG,CIN,7,17,L,CIN,10,24,nflverse
2024_2024-10-14_BUF_NYJ,2024,6,2024-10-14,Regular Season,FALSE,NYJ,BUF,20,23,L,BUF,3,43,nflverse
2024_2024-10-17_DEN_NO,2024,7,2024-10-17,Regular Season,FALSE,NO,DEN,10,33,L,DEN,23,43,nflverse
2024_2024-10-20_NE_JAX,2024,7,2024-10-20,Regular Season,TRUE,JAX,NE,32,16,W,JAX,16,48,nflverse
2024_2024-10-20_SEA_ATL,2024,7,2024-10-20,Regular Season,FALSE,ATL,SEA,14,34,L,SEA,20,48,nflverse
2024_2024-10-20_TEN_BUF,2024,7,2024-10-20,Regular Season,FALSE,BUF,TEN,34,10,W,BUF,24,44,nflverse
2024_2024-10-20_CIN_CLE,2024,7,2024-10-20,Regular Season,FALSE,CLE,CIN,14,21,L,CIN,7,35,nflverse
2024_2024-10-20_HOU_GB,2024,7,2024-10-20,Regular Season,FALSE,GB,HOU,24,22,W,GB,2,46,nflverse
2024_2024-10-20_MIA_IND,2024,7,2024-10-20,Regular Season,FALSE,IND,MIA,16,10,W,IND,6,26,nflverse
2024_2024-10-20_DET_MIN,2024,7,2024-10-20,Regular Season,FALSE,MIN,DET,29,31,L,DET,2,60,nflverse
2024_2024-10-20_PHI_NYG,2024,7,2024-10-20,Regular Season,FALSE,NYG,PHI,3,28,L,PHI,25,31,nflverse
2024_2024-10-20_LV_LA,2024,7,2024-10-20,Regular Season,FALSE,LA,LV,20,15,W,LA,5,35,nflverse
2024_2024-10-20_CAR_WAS,2024,7,2024-10-20,Regular Season,FALSE,WAS,CAR,40,7,W,WAS,33,47,nflverse
2024_2024-10-20_KC_SF,2024,7,2024-10-20,Regular Season,FALSE,SF,KC,18,28,L,KC,10,46,nflverse
2024_2024-10-20_NYJ_PIT,2024,7,2024-10-20,Regular Season,FALSE,PIT,NYJ,37,15,W,PIT,22,52,nflverse
2024_2024-10-21_BAL_TB,2024,7,2024-10-21,Regular Season,FALSE,TB,BAL,31,41,L,BAL,10,72,nflverse
2024_2024-10-21_LAC_ARI,2024,7,2024-10-21,Regular Season,FALSE,ARI,LAC,17,15,W,ARI,2,32,nflverse
2024_2024-10-24_MIN_LA,2024,8,2024-10-24,Regular Season,FALSE,LA,MIN,30,20,W,LA,10,50,nflverse
2024_2024-10-27_PHI_CIN,2024,8,2024-10-27,Regular Season,FALSE,CIN,PHI,17,37,L,PHI,20,54,nflverse
2024_2024-10-27_BAL_CLE,2024,8,2024-10-27,Regular Season,FALSE,CLE,BAL,29,24,W,CLE,5,53,nflverse
2024_2024-10-27_TEN_DET,2024,8,2024-10-27,Regular Season,FALSE,DET,TEN,52,14,W,DET,38,66,nflverse
2024_2024-10-27_IND_HOU,2024,8,2024-10-27,Regular Season,FALSE,HOU,IND,23,20,W,HOU,3,43,nflverse
2024_2024-10-27_GB_JAX,2024,8,2024-10-27,Regular Season,FALSE,JAX,GB,27,30,L,GB,3,57,nflverse
2024_2024-10-27_ARI_MIA,2024,8,2024-10-27,Regular Season,FALSE,MIA,ARI,27,28,L,ARI,1,55,nflverse
2024_2024-10-27_NYJ_NE,2024,8,2024-10-27,Regular Season,FALSE,NE,NYJ,25,22,W,NE,3,47,nflverse
2024_2024-10-27_ATL_TB,2024,8,2024-10-27,Regular Season,FALSE,TB,ATL,26,31,L,ATL,5,57,nflverse
2024_2024-10-27_NO_LAC,2024,8,2024-10-27,Regular Season,FALSE,LAC,NO,26,8,W,LAC,18,34,nflverse
2024_2024-10-27_BUF_SEA,2024,8,2024-10-27,Regular Season,FALSE,SEA,BUF,10,31,L,BUF,21,41,nflverse
2024_2024-10-27_CAR_DEN,2024,8,2024-10-27,Regular Season,FALSE,DEN,CAR,28,14,W,DEN,14,42,nflverse
2024_2024-10-27_KC_LV,2024,8,2024-10-27,Regular Season,FALSE,LV,KC,20,27,L,KC,7,47,nflverse
2024_2024-10-27_CHI_WAS,2024,8,2024-10-27,Regular Season,FALSE,WAS,CHI,18,15,W,WAS,3,33,nflverse
2024_2024-10-27_DAL_SF,2024,8,2024-10-27,Regular Season,FALSE,SF,DAL,30,24,W,SF,6,54,nflverse
2024_2024-10-28_NYG_PIT,2024,8,2024-10-28,Regular Season,FALSE,PIT,NYG,26,18,W,PIT,8,44,nflverse
2024_2024-10-31_HOU_NYJ,2024,9,2024-10-31,Regular Season,FALSE,NYJ,HOU,21,13,W,NYJ,8,34,nflverse
2024_2024-11-03_DAL_ATL,2024,9,2024-11-03,Regular Season,FALSE,ATL,DAL,27,21,W,ATL,6,48,nflverse
2024_2024-11-03_DEN_BAL,2024,9,2024-11-03,Regular Season,FALSE,BAL,DEN,41,10,W,BAL,31,51,nflverse
2024_2024-11-03_MIA_BUF,2024,9,2024-11-03,Regular Season,FALSE,BUF,MIA,30,27,W,BUF,3,57,nflverse
2024_2024-11-03_NO_CAR,2024,9,2024-11-03,Regular Season,FALSE,CAR,NO,23,22,W,CAR,1,45,nflverse
2024_2024-11-03_LV_CIN,2024,9,2024-11-03,Regular Season,FALSE,CIN,LV,41,24,W,CIN,17,65,nflverse
2024_2024-11-03_LAC_CLE,2024,9,2024-11-03,Regular Season,FALSE,CLE,LAC,10,27,L,LAC,17,37,nflverse
2024_2024-11-03_WAS_NYG,2024,9,2024-11-03,Regular Season,FALSE,NYG,WAS,22,27,L,WAS,5,49,nflverse
2024_2024-11-03_NE_TEN,2024,9,2024-11-03,Regular Season,FALSE,TEN,NE,20,17,W,TEN,3,37,nflverse
2024_2024-11-03_CHI_ARI,2024,9,2024-11-03,Regular Season,FALSE,ARI,CHI,29,9,W,ARI,20,38,nflverse
2024_2024-11-03_JAX_PHI,2024,9,2024-11-03,Regular Season,FALSE,PHI,JAX,28,23,W,PHI,5,51,nflverse
2024_2024-11-03_DET_GB,2024,9,2024-11-03,Regular Season,FALSE,GB,DET,14,24,L,DET,10,38,nflverse
2024_2024-11-03_LA_SEA,2024,9,2024-11-03,Regular Season,FALSE,SEA,LA,20,26,L,LA,6,46,nflverse
2024_2024-11-03_IND_MIN,2024,9,2024-11-03,Regular Season,FALSE,MIN,IND,21,13,W,MIN,8,34,nflverse
2024_2024-11-04_TB_KC,2024,9,2024-11-04,Regular Season,FALSE,KC,TB,30,24,W,KC,6,54,nflverse
2024_2024-11-07_CIN_BAL,2024,10,2024-11-07,Regular Season,FALSE,BAL,CIN,35,34,W,BAL,1,69,nflverse
2024_2024-11-10_NYG_CAR,2024,10,2024-11-10,Regular Season,TRUE,CAR,NYG,20,17,W,CAR,3,37,nflverse
2024_2024-11-10_NE_CHI,2024,10,2024-11-10,Regular Season,FALSE,CHI,NE,3,19,L,NE,16,22,nflverse
2024_2024-11-10_BUF_IND,2024,10,2024-11-10,Regular Season,FALSE,IND,BUF,20,30,L,BUF,10,50,nflverse
2024_2024-11-10_MIN_JAX,2024,10,2024-11-10,Regular Season,FALSE,JAX,MIN,7,12,L,MIN,5,19,nflverse
2024_2024-11-10_DEN_KC,2024,10,2024-11-10,Regular Season,FALSE,KC,DEN,16,14,W,KC,2,30,nflverse
2024_2024-11-10_ATL_NO,2024,10,2024-11-10,Regular Season,FALSE,NO,ATL,20,17,W,NO,3,37,nflverse
2024_2024-11-10_SF_TB,2024,10,2024-11-10,Regular Season,FALSE,TB,SF,20,23,L,SF,3,43,nflverse
2024_2024-11-10_PIT_WAS,2024,10,2024-11-10,Regular Season,FALSE,WAS,PIT,27,28,L,PIT,1,55,nflverse
2024_2024-11-10_TEN_LAC,2024,10,2024-11-10,Regular Season,FALSE,LAC,TEN,27,17,W,LAC,10,44,nflverse
2024_2024-11-10_NYJ_ARI,2024,10,2024-11-10,Regular Season,FALSE,ARI,NYJ,31,6,W,ARI,25,37,nflverse
2024_2024-11-10_PHI_DAL,2024,10,2024-11-10,Regular Season,FALSE,DAL,PHI,6,34,L,PHI,28,40,nflverse
2024_2024-11-10_DET_HOU,2024,10,2024-11-10,Regular Season,FALSE,HOU,DET,23,26,L,DET,3,49,nflverse
2024_2024-11-11_MIA_LA,2024,10,2024-11-11,Regular Season,FALSE,LA,MIA,15,23,L,MIA,8,38,nflverse
2024_2024-11-14_WAS_PHI,2024,11,2024-11-14,Regular Season,FALSE,PHI,WAS,26,18,W,PHI,8,44,nflverse
2024_2024-11-17_GB_CHI,2024,11,2024-11-17,Regular Season,FALSE,CHI,GB,19,20,L,GB,1,39,nflverse
2024_2024-11-17_JAX_DET,2024,11,2024-11-17,Regular Season,FALSE,DET,JAX,52,6,W,DET,46,58,nflverse
2024_2024-11-17_LV_MIA,2024,11,2024-11-17,Regular Season,FALSE,MIA,LV,34,19,W,MIA,15,53,nflverse
2024_2024-11-17_LA_NE,2024,11,2024-11-17,Regular Season,FALSE,NE,LA,22,28,L,LA,6,50,nflverse
2024_2024-11-17_CLE_NO,2024,11,2024-11-17,Regular Season,FALSE,NO,CLE,35,14,W,NO,21,49,nflverse
2024_2024-11-17_IND_NYJ,2024,11,2024-11-17,Regular Season,FALSE,NYJ,IND,27,28,L,IND,1,55,nflverse
2024_2024-11-17_BAL_PIT,2024,11,2024-11-17,Regular Season,FALSE,PIT,BAL,18,16,W,PIT,2,34,nflverse
2024_2024-11-17_MIN_TEN,2024,11,2024-11-17,Regular Season,FALSE,TEN,MIN,13,23,L,MIN,10,36,nflverse
2024_2024-11-17_ATL_DEN,2024,11,2024-11-17,Regular Season,FALSE,DEN,ATL,38,6,W,DEN,32,44,nflverse
2024_2024-11-17_SEA_SF,2024,11,2024-11-17,Regular Season,FALSE,SF,SEA,17,20,L,SEA,3,37,nflverse
2024_2024-11-17_KC_BUF,2024,11,2024-11-17,Regular Season,FALSE,BUF,KC,30,21,W,BUF,9,51,nflverse
2024_2024-11-17_CIN_LAC,2024,11,2024-11-17,Regular Season,FALSE,LAC,CIN,34,27,W,LAC,7,61,nflverse
2024_2024-11-18_HOU_DAL,2024,11,2024-11-18,Regular Season,FALSE,DAL,HOU,10,34,L,HOU,24,44,nflverse
2024_2024-11-21_PIT_CLE,2024,12,2024-11-21,Regular Season,FALSE,CLE,PIT,24,19,W,CLE,5,43,nflverse
2024_2024-11-24_KC_CAR,2024,12,2024-11-24,Regular Season,FALSE,CAR,KC,27,30,L,KC,3,57,nflverse
2024_2024-11-24_MIN_CHI,2024,12,2024-11-24,Regular Season,FALSE,CHI,MIN,27,30,L,MIN,3,57,nflverse
2024_2024-11-24_TEN_HOU,2024,12,2024-11-24,Regular Season,FALSE,HOU,TEN,27,32,L,TEN,5,59,nflverse
2024_2024-11-24_DET_IND,2024,12,2024-11-24,Regular Season,FALSE,IND,DET,6,24,L,DET,18,30,nflverse
2024_2024-11-24_NE_MIA,2024,12,2024-11-24,Regular Season,FALSE,MIA,NE,34,15,W,MIA,19,49,nflverse
2024_2024-11-24_TB_NYG,2024,12,2024-11-24,Regular Season,FALSE,NYG,TB,7,30,L,TB,23,37,nflverse
2024_2024-11-24_DAL_WAS,2024,12,2024-11-24,Regular Season,FALSE,WAS,DAL,26,34,L,DAL,8,60,nflverse
2024_2024-11-24_DEN_LV,2024,12,2024-11-24,Regular Season,FALSE,LV,DEN,19,29,L,DEN,10,48,nflverse
2024_2024-11-24_SF_GB,2024,12,2024-11-24,Regular Season,FALSE,GB,SF,38,10,W,GB,28,48,nflverse
2024_2024-11-24_ARI_SEA,2024,12,2024-11-24,Regular Season,FALSE,SEA,ARI,16,6,W,SEA,10,22,nflverse
2024_2024-11-24_PHI_LA,2024,12,2024-11-24,Regular Season,FALSE,LA,PHI,20,37,L,PHI,17,57,nflverse
2024_2024-11-25_BAL_LAC,2024,12,2024-11-25,Regular Season,FALSE,LAC,BAL,23,30,L,BAL,7,53,nflverse
2024_2024-11-28_CHI_DET,2024,13,2024-11-28,Regular Season,FALSE,DET,CHI,23,20,W,DET,3,43,nflverse
2024_2024-11-28_NYG_DAL,2024,13,2024-11-28,Regular Season,FALSE,DAL,NYG,27,20,W,DAL,7,47,nflverse
2024_2024-11-28_MIA_GB,2024,13,2024-11-28,Regular Season,FALSE,GB,MIA,30,17,W,GB,13,47,nflverse
2024_2024-11-29_LV_KC,2024,13,2024-11-29,Regular Season,FALSE,KC,LV,19,17,W,KC,2,36,nflverse
2024_2024-12-01_LAC_ATL,2024,13,2024-12-01,Regular Season,FALSE,ATL,LAC,13,17,L,LAC,4,30,nflverse
2024_2024-12-01_PIT_CIN,2024,13,2024-12-01,Regular Season,FALSE,CIN,PIT,38,44,L,PIT,6,82,nflverse
2024_2024-12-01_HOU_JAX,2024,13,2024-12-01,Regular Season,FALSE,JAX,HOU,20,23,L,HOU,3,43,nflverse
2024_2024-12-01_ARI_MIN,2024,13,2024-12-01,Regular Season,FALSE,MIN,ARI,23,22,W,MIN,1,45,nflverse
2024_2024-12-01_IND_NE,2024,13,2024-12-01,Regular Season,FALSE,NE,IND,24,25,L,IND,1,49,nflverse
2024_2024-12-01_SEA_NYJ,2024,13,2024-12-01,Regular Season,FALSE,NYJ,SEA,21,26,L,SEA,5,47,nflverse
2024_2024-12-01_TEN_WAS,2024,13,2024-12-01,Regular Season,FALSE,WAS,TEN,42,19,W,WAS,23,61,nflverse
2024_2024-12-01_TB_CAR,2024,13,2024-12-01,Regular Season,FALSE,CAR,TB,23,26,L,TB,3,49,nflverse
2024_2024-12-01_LA_NO,2024,13,2024-12-01,Regular Season,FALSE,NO,LA,14,21,L,LA,7,35,nflverse
2024_2024-12-01_PHI_BAL,2024,13,2024-12-01,Regular Season,FALSE,BAL,PHI,19,24,L,PHI,5,43,nflverse
2024_2024-12-01_SF_BUF,2024,13,2024-12-01,Regular Season,FALSE,BUF,SF,35,10,W,BUF,25,45,nflverse
2024_2024-12-02_CLE_DEN,2024,13,2024-12-02,Regular Season,FALSE,DEN,CLE,41,32,W,DEN,9,73,nflverse
2024_2024-12-05_GB_DET,2024,14,2024-12-05,Regular Season,FALSE,DET,GB,34,31,W,DET,3,65,nflverse
2024_2024-12-08_NYJ_MIA,2024,14,2024-12-08,Regular Season,FALSE,MIA,NYJ,32,26,W,MIA,6,58,nflverse
2024_2024-12-08_ATL_MIN,2024,14,2024-12-08,Regular Season,FALSE,MIN,ATL,42,21,W,MIN,21,63,nflverse
2024_2024-12-08_NO_NYG,2024,14,2024-12-08,Regular Season,FALSE,NYG,NO,11,14,L,NO,3,25,nflverse
2024_2024-12-08_CAR_PHI,2024,14,2024-12-08,Regular Season,FALSE,PHI,CAR,22,16,W,PHI,6,38,nflverse
2024_2024-12-08_CLE_PIT,2024,14,2024-12-08,Regular Season,FALSE,PIT,CLE,27,14,W,PIT,13,41,nflverse
2024_2024-12-08_LV_TB,2024,14,2024-12-08,Regular Season,FALSE,TB,LV,28,13,W,TB,15,41,nflverse
2024_2024-12-08_JAX_TEN,2024,14,2024-12-08,Regular Season,FALSE,TEN,JAX,6,10,L,JAX,4,16,nflverse
2024_2024-12-08_SEA_ARI,2024,14,2024-12-08,Regular Season,FALSE,ARI,SEA,18,30,L,SEA,12,48,nflverse
2024_2024-12-08_BUF_LA,2024,14,2024-12-08,Regular Season,FALSE,LA,BUF,44,42,W,LA,2,86,nflverse
2024_2024-12-08_CHI_SF,2024,14,2024-12-08,Regular Season,FALSE,SF,CHI,38,13,W,SF,25,51,nflverse
2024_2024-12-08_LAC_KC,2024,14,2024-12-08,Regular Season,FALSE,KC,LAC,19,17,W,KC,2,36,nflverse
2024_2024-12-09_CIN_DAL,2024,14,2024-12-09,Regular Season,FALSE,DAL,CIN,20,27,L,CIN,7,47,nflverse
2024_2024-12-12_LA_SF,2024,15,2024-12-12,Regular Season,FALSE,SF,LA,6,12,L,LA,6,18,nflverse
2024_2024-12-15_DAL_CAR,2024,15,2024-12-15,Regular Season,FALSE,CAR,DAL,14,30,L,DAL,16,44,nflverse
2024_2024-12-15_KC_CLE,2024,15,2024-12-15,Regular Season,FALSE,CLE,KC,7,21,L,KC,14,28,nflverse
2024_2024-12-15_MIA_HOU,2024,15,2024-12-15,Regular Season,FALSE,HOU,MIA,20,12,W,HOU,8,32,nflverse
2024_2024-12-15_NYJ_JAX,2024,15,2024-12-15,Regular Season,FALSE,JAX,NYJ,25,32,L,NYJ,7,57,nflverse
2024_2024-12-15_WAS_NO,2024,15,2024-12-15,Regular Season,FALSE,NO,WAS,19,20,L,WAS,1,39,nflverse
2024_2024-12-15_BAL_NYG,2024,15,2024-12-15,Regular Season,FALSE,NYG,BAL,14,35,L,BAL,21,49,nflverse
2024_2024-12-15_CIN_TEN,2024,15,2024-12-15,Regular Season,FALSE,TEN,CIN,27,37,L,CIN,10,64,nflverse
2024_2024-12-15_NE_ARI,2024,15,2024-12-15,Regular Season,FALSE,ARI,NE,30,17,W,ARI,13,47,nflverse
2024_2024-12-15_IND_DEN,2024,15,2024-12-15,Regular Season,FALSE,DEN,IND,31,13,W,DEN,18,44,nflverse
2024_2024-12-15_BUF_DET,2024,15,2024-12-15,Regular Season,FALSE,DET,BUF,42,48,L,BUF,6,90,nflverse
2024_2024-12-15_TB_LAC,2024,15,2024-12-15,Regular Season,FALSE,LAC,TB,17,40,L,TB,23,57,nflverse
2024_2024-12-15_PIT_PHI,2024,15,2024-12-15,Regular Season,FALSE,PHI,PIT,27,13,W,PHI,14,40,nflverse
2024_2024-12-15_GB_SEA,2024,15,2024-12-15,Regular Season,FALSE,SEA,GB,13,30,L,GB,17,43,nflverse
2024_2024-12-16_CHI_MIN,2024,15,2024-12-16,Regular Season,FALSE,MIN,CHI,30,12,W,MIN,18,42,nflverse
2024_2024-12-16_ATL_LV,2024,15,2024-12-16,Regular Season,FALSE,LV,ATL,9,15,L,ATL,6,24,nflverse
2024_2024-12-19_DEN_LAC,2024,16,2024-12-19,Regular Season,FALSE,LAC,DEN,34,27,W,LAC,7,61,nflverse
2024_2024-12-21_HOU_KC,2024,16,2024-12-21,Regular Season,FALSE,KC,HOU,27,19,W,KC,8,46,nflverse
2024_2024-12-21_PIT_BAL,2024,16,2024-12-21,Regular Season,FALSE,BAL,PIT,34,17,W,BAL,17,51,nflverse
2024_2024-12-22_NYG_ATL,2024,16,2024-12-22,Regular Season,FALSE,ATL,NYG,34,7,W,ATL,27,41,nflverse
2024_2024-12-22_ARI_CAR,2024,16,2024-12-22,Regular Season,FALSE,CAR,ARI,36,30,W,CAR,6,66,nflverse
2024_2024-12-22_DET_CHI,2024,16,2024-12-22,Regular Season,FALSE,CHI,DET,17,34,L,DET,17,51,nflverse
2024_2024-12-22_CLE_CIN,2024,16,2024-12-22,Regular Season,FALSE,CIN,CLE,24,6,W,CIN,18,30,nflverse
2024_2024-12-22_TEN_IND,2024,16,2024-12-22,Regular Season,FALSE,IND,TEN,38,30,W,IND,8,68,nflverse
2024_2024-12-22_LA_NYJ,2024,16,2024-12-22,Regular Season,FALSE,NYJ,LA,9,19,L,LA,10,28,nflverse
2024_2024-12-22_PHI_WAS,2024,16,2024-12-22,Regular Season,FALSE,WAS,PHI,36,33,W,WAS,3,69,nflverse
2024_2024-12-22_MIN_SEA,2024,16,2024-12-22,Regular Season,FALSE,SEA,MIN,24,27,L,MIN,3,51,nflverse
2024_2024-12-22_NE_BUF,2024,16,2024-12-22,Regular Season,FALSE,BUF,NE,24,21,W,BUF,3,45,nflverse
2024_2024-12-22_JAX_LV,2024,16,2024-12-22,Regular Season,FALSE,LV,JAX,19,14,W,LV,5,33,nflverse
2024_2024-12-22_SF_MIA,2024,16,2024-12-22,Regular Season,FALSE,MIA,SF,29,17,W,MIA,12,46,nflverse
2024_2024-12-22_TB_DAL,2024,16,2024-12-22,Regular Season,FALSE,DAL,TB,26,24,W,DAL,2,50,nflverse
2024_2024-12-23_NO_GB,2024,16,2024-12-23,Regular Season,FALSE,GB,NO,34,0,W,GB,34,34,nflverse
2024_2024-12-25_KC_PIT,2024,17,2024-12-25,Regular Season,FALSE,PIT,KC,10,29,L,KC,19,39,nflverse
2024_2024-12-25_BAL_HOU,2024,17,2024-12-25,Regular Season,FALSE,HOU,BAL,2,31,L,BAL,29,33,nflverse
2024_2024-12-26_SEA_CHI,2024,17,2024-12-26,Regular Season,FALSE,CHI,SEA,3,6,L,SEA,3,9,nflverse
2024_2024-12-28_LAC_NE,2024,17,2024-12-28,Regular Season,FALSE,NE,LAC,7,40,L,LAC,33,47,nflverse
2024_2024-12-28_DEN_CIN,2024,17,2024-12-28,Regular Season,FALSE,CIN,DEN,30,24,W,CIN,6,54,nflverse
2024_2024-12-28_ARI_LA,2024,17,2024-12-28,Regular Season,FALSE,LA,ARI,13,9,W,LA,4,22,nflverse
2024_2024-12-29_NYJ_BUF,2024,17,2024-12-29,Regular Season,FALSE,BUF,NYJ,40,14,W,BUF,26,54,nflverse
2024_2024-12-29_TEN_JAX,2024,17,2024-12-29,Regular Season,FALSE,JAX,TEN,20,13,W,JAX,7,33,nflverse
2024_2024-12-29_LV_NO,2024,17,2024-12-29,Regular Season,FALSE,NO,LV,10,25,L,LV,15,35,nflverse
2024_2024-12-29_IND_NYG,2024,17,2024-12-29,Regular Season,FALSE,NYG,IND,45,33,W,NYG,12,78,nflverse
2024_2024-12-29_DAL_PHI,2024,17,2024-12-29,Regular Season,FALSE,PHI,DAL,41,7,W,PHI,34,48,nflverse
2024_2024-12-29_CAR_TB,2024,17,2024-12-29,Regular Season,FALSE,TB,CAR,48,14,W,TB,34,62,nflverse
2024_2024-12-29_MIA_CLE,2024,17,2024-12-29,Regular Season,FALSE,CLE,MIA,3,20,L,MIA,17,23,nflverse
2024_2024-12-29_GB_MIN,2024,17,2024-12-29,Regular Season,FALSE,MIN,GB,27,25,W,MIN,2,52,nflverse
2024_2024-12-29_ATL_WAS,2024,17,2024-12-29,Regular Season,FALSE,WAS,ATL,30,24,W,WAS,6,54,nflverse
2024_2024-12-30_DET_SF,2024,17,2024-12-30,Regular Season,FALSE,SF,DET,34,40,L,DET,6,74,nflverse
2024_2025-01-04_CLE_BAL,2024,18,2025-01-04,Regular Season,FALSE,BAL,CLE,35,10,W,BAL,25,45,nflverse
2024_2025-01-04_CIN_PIT,2024,18,2025-01-04,Regular Season,FALSE,PIT,CIN,17,19,L,CIN,2,36,nflverse
2024_2025-01-05_CAR_ATL,2024,18,2025-01-05,Regular Season,FALSE,ATL,CAR,38,44,L,CAR,6,82,nflverse
2024_2025-01-05_WAS_DAL,2024,18,2025-01-05,Regular Season,FALSE,DAL,WAS,19,23,L,WAS,4,42,nflverse
2024_2025-01-05_CHI_GB,2024,18,2025-01-05,Regular Season,FALSE,GB,CHI,22,24,L,CHI,2,46,nflverse
2024_2025-01-05_JAX_IND,2024,18,2025-01-05,Regular Season,FALSE,IND,JAX,26,23,W,IND,3,49,nflverse
2024_2025-01-05_BUF_NE,2024,18,2025-01-05,Regular Season,FALSE,NE,BUF,23,16,W,NE,7,39,nflverse
2024_2025-01-05_NYG_PHI,2024,18,2025-01-05,Regular Season,FALSE,PHI,NYG,20,13,W,PHI,7,33,nflverse
2024_2025-01-05_NO_TB,2024,18,2025-01-05,Regular Season,FALSE,TB,NO,27,19,W,TB,8,46,nflverse
2024_2025-01-05_HOU_TEN,2024,18,2025-01-05,Regular Season,FALSE,TEN,HOU,14,23,L,HOU,9,37,nflverse
2024_2025-01-05_SF_ARI,2024,18,2025-01-05,Regular Season,FALSE,ARI,SF,47,24,W,ARI,23,71,nflverse
2024_2025-01-05_KC_DEN,2024,18,2025-01-05,Regular Season,FALSE,DEN,KC,38,0,W,DEN,38,38,nflverse
2024_2025-01-05_SEA_LA,2024,18,2025-01-05,Regular Season,FALSE,LA,SEA,25,30,L,SEA,5,55,nflverse
2024_2025-01-05_LAC_LV,2024,18,2025-01-05,Regular Season,FALSE,LV,LAC,20,34,L,LAC,14,54,nflverse
2024_2025-01-05_MIA_NYJ,2024,18,2025-01-05,Regular Season,FALSE,NYJ,MIA,32,20,W,NYJ,12,52,nflverse
2024_2025-01-05_MIN_DET,2024,18,2025-01-05,Regular Season,FALSE,DET,MIN,31,9,W,DET,22,40,nflverse
2025_2025-09-04_DAL_PHI,2025,1,2025-09-04,Regular Season,FALSE,PHI,DAL,24,20,W,PHI,4,44,nflverse
2025_2025-09-05_KC_LAC,2025,1,2025-09-05,Regular Season,TRUE,LAC,KC,27,21,W,LAC,6,48,nflverse
2025_2025-09-07_TB_ATL,2025,1,2025-09-07,Regular Season,FALSE,ATL,TB,20,23,L,TB,3,43,nflverse
2025_2025-09-07_CIN_CLE,2025,1,2025-09-07,Regular Season,FALSE,CLE,CIN,16,17,L,CIN,1,33,nflverse
2025_2025-09-07_MIA_IND,2025,1,2025-09-07,Regular Season,FALSE,IND,MIA,33,8,W,IND,25,41,nflverse
2025_2025-09-07_CAR_JAX,2025,1,2025-09-07,Regular Season,FALSE,JAX,CAR,26,10,W,JAX,16,36,nflverse
2025_2025-09-07_LV_NE,2025,1,2025-09-07,Regular Season,FALSE,NE,LV,13,20,L,LV,7,33,nflverse
2025_2025-09-07_ARI_NO,2025,1,2025-09-07,Regular Season,FALSE,NO,ARI,13,20,L,ARI,7,33,nflverse
2025_2025-09-07_PIT_NYJ,2025,1,2025-09-07,Regular Season,FALSE,NYJ,PIT,32,34,L,PIT,2,66,nflverse
2025_2025-09-07_NYG_WAS,2025,1,2025-09-07,Regular Season,FALSE,WAS,NYG,21,6,W,WAS,15,27,nflverse
2025_2025-09-07_TEN_DEN,2025,1,2025-09-07,Regular Season,FALSE,DEN,TEN,20,12,W,DEN,8,32,nflverse
2025_2025-09-07_SF_SEA,2025,1,2025-09-07,Regular Season,FALSE,SEA,SF,13,17,L,SF,4,30,nflverse
2025_2025-09-07_DET_GB,2025,1,2025-09-07,Regular Season,FALSE,GB,DET,27,13,W,GB,14,40,nflverse
2025_2025-09-07_HOU_LA,2025,1,2025-09-07,Regular Season,FALSE,LA,HOU,14,9,W,LA,5,23,nflverse
2025_2025-09-07_BAL_BUF,2025,1,2025-09-07,Regular Season,FALSE,BUF,BAL,41,40,W,BUF,1,81,nflverse
2025_2025-09-08_MIN_CHI,2025,1,2025-09-08,Regular Season,FALSE,CHI,MIN,24,27,L,MIN,3,51,nflverse
2025_2025-09-11_WAS_GB,2025,2,2025-09-11,Regular Season,FALSE,GB,WAS,27,18,W,GB,9,45,nflverse
2025_2025-09-14_CLE_BAL,2025,2,2025-09-14,Regular Season,FALSE,BAL,CLE,41,17,W,BAL,24,58,nflverse
2025_2025-09-14_JAX_CIN,2025,2,2025-09-14,Regular Season,FALSE,CIN,JAX,31,27,W,CIN,4,58,nflverse
2025_2025-09-14_NYG_DAL,2025,2,2025-09-14,Regular Season,FALSE,DAL,NYG,40,37,W,DAL,3,77,nflverse
2025_2025-09-14_CHI_DET,2025,2,2025-09-14,Regular Season,FALSE,DET,CHI,52,21,W,DET,31,73,nflverse
2025_2025-09-14_NE_MIA,2025,2,2025-09-14,Regular Season,FALSE,MIA,NE,27,33,L,NE,6,60,nflverse
2025_2025-09-14_SF_NO,2025,2,2025-09-14,Regular Season,FALSE,NO,SF,21,26,L,SF,5,47,nflverse
2025_2025-09-14_BUF_NYJ,2025,2,2025-09-14,Regular Season,FALSE,NYJ,BUF,10,30,L,BUF,20,40,nflverse
2025_2025-09-14_SEA_PIT,2025,2,2025-09-14,Regular Season,FALSE,PIT,SEA,17,31,L,SEA,14,48,nflverse
2025_2025-09-14_LA_TEN,2025,2,2025-09-14,Regular Season,FALSE,TEN,LA,19,33,L,LA,14,52,nflverse
2025_2025-09-14_CAR_ARI,2025,2,2025-09-14,Regular Season,FALSE,ARI,CAR,27,22,W,ARI,5,49,nflverse
2025_2025-09-14_DEN_IND,2025,2,2025-09-14,Regular Season,FALSE,IND,DEN,29,28,W,IND,1,57,nflverse
2025_2025-09-14_PHI_KC,2025,2,2025-09-14,Regular Season,FALSE,KC,PHI,17,20,L,PHI,3,37,nflverse
2025_2025-09-14_ATL_MIN,2025,2,2025-09-14,Regular Season,FALSE,MIN,ATL,6,22,L,ATL,16,28,nflverse
2025_2025-09-15_TB_HOU,2025,2,2025-09-15,Regular Season,FALSE,HOU,TB,19,20,L,TB,1,39,nflverse
2025_2025-09-15_LAC_LV,2025,2,2025-09-15,Regular Season,FALSE,LV,LAC,9,20,L,LAC,11,29,nflverse
2025_2025-09-18_MIA_BUF,2025,3,2025-09-18,Regular Season,FALSE,BUF,MIA,31,21,W,BUF,10,52,nflverse
2025_2025-09-21_ATL_CAR,2025,3,2025-09-21,Regular Season,FALSE,CAR,ATL,30,0,W,CAR,30,30,nflverse
2025_2025-09-21_GB_CLE,2025,3,2025-09-21,Regular Season,FALSE,CLE,GB,13,10,W,CLE,3,23,nflverse
2025_2025-09-21_HOU_JAX,2025,3,2025-09-21,Regular Season,FALSE,JAX,HOU,17,10,W,JAX,7,27,nflverse
2025_2025-09-21_CIN_MIN,2025,3,2025-09-21,Regular Season,FALSE,MIN,CIN,48,10,W,MIN,38,58,nflverse
2025_2025-09-21_PIT_NE,2025,3,2025-09-21,Regular Season,FALSE,NE,PIT,14,21,L,PIT,7,35,nflverse
2025_2025-09-21_LA_PHI,2025,3,2025-09-21,Regular Season,FALSE,PHI,LA,33,26,W,PHI,7,59,nflverse
2025_2025-09-21_NYJ_TB,2025,3,2025-09-21,Regular Season,FALSE,TB,NYJ,29,27,W,TB,2,56,nflverse
2025_2025-09-21_IND_TEN,2025,3,2025-09-21,Regular Season,FALSE,TEN,IND,20,41,L,IND,21,61,nflverse
2025_2025-09-21_LV_WAS,2025,3,2025-09-21,Regular Season,FALSE,WAS,LV,41,24,W,WAS,17,65,nflverse
2025_2025-09-21_DEN_LAC,2025,3,2025-09-21,Regular Season,FALSE,LAC,DEN,23,20,W,LAC,3,43,nflverse
2025_2025-09-21_NO_SEA,2025,3,2025-09-21,Regular Season,FALSE,SEA,NO,44,13,W,SEA,31,57,nflverse
2025_2025-09-21_DAL_CHI,2025,3,2025-09-21,Regular Season,FALSE,CHI,DAL,31,14,W,CHI,17,45,nflverse
2025_2025-09-21_ARI_SF,2025,3,2025-09-21,Regular Season,FALSE,SF,ARI,16,15,W,SF,1,31,nflverse
2025_2025-09-21_KC_NYG,2025,3,2025-09-21,Regular Season,FALSE,NYG,KC,9,22,L,KC,13,31,nflverse
2025_2025-09-22_DET_BAL,2025,3,2025-09-22,Regular Season,FALSE,BAL,DET,30,38,L,DET,8,68,nflverse
2025_2025-09-25_SEA_ARI,2025,4,2025-09-25,Regular Season,FALSE,ARI,SEA,20,23,L,SEA,3,43,nflverse
2025_2025-09-28_MIN_PIT,2025,4,2025-09-28,Regular Season,TRUE,PIT,MIN,24,21,W,PIT,3,45,nflverse
2025_2025-09-28_WAS_ATL,2025,4,2025-09-28,Regular Season,FALSE,ATL,WAS,34,27,W,ATL,7,61,nflverse
2025_2025-09-28_NO_BUF,2025,4,2025-09-28,Regular Season,FALSE,BUF,NO,31,19,W,BUF,12,50,nflverse
2025_2025-09-28_CLE_DET,2025,4,2025-09-28,Regular Season,FALSE,DET,CLE,34,10,W,DET,24,44,nflverse
2025_2025-09-28_TEN_HOU,2025,4,2025-09-28,Regular Season,FALSE,HOU,TEN,26,0,W,HOU,26,26,nflverse
2025_2025-09-28_CAR_NE,2025,4,2025-09-28,Regular Season,FALSE,NE,CAR,42,13,W,NE,29,55,nflverse
2025_2025-09-28_LAC_NYG,2025,4,2025-09-28,Regular Season,FALSE,NYG,LAC,21,18,W,NYG,3,39,nflverse
2025_2025-09-28_PHI_TB,2025,4,2025-09-28,Regular Season,FALSE,TB,PHI,25,31,L,PHI,6,56,nflverse
2025_2025-09-28_IND_LA,2025,4,2025-09-28,Regular Season,FALSE,LA,IND,27,20,W,LA,7,47,nflverse
2025_2025-09-28_JAX_SF,2025,4,2025-09-28,Regular Season,FALSE,SF,JAX,21,26,L,JAX,5,47,nflverse
2025_2025-09-28_BAL_KC,2025,4,2025-09-28,Regular Season,FALSE,KC,BAL,37,20,W,KC,17,57,nflverse
2025_2025-09-28_CHI_LV,2025,4,2025-09-28,Regular Season,FALSE,LV,CHI,24,25,L,CHI,1,49,nflverse
2025_2025-09-28_GB_DAL,2025,4,2025-09-28,Regular Season,FALSE,DAL,GB,40,40,T,Tie,0,80,nflverse
2025_2025-09-29_NYJ_MIA,2025,4,2025-09-29,Regular Season,FALSE,MIA,NYJ,27,21,W,MIA,6,48,nflverse
2025_2025-09-29_CIN_DEN,2025,4,2025-09-29,Regular Season,FALSE,DEN,CIN,28,3,W,DEN,25,31,nflverse
2025_2025-10-02_SF_LA,2025,5,2025-10-02,Regular Season,FALSE,LA,SF,23,26,L,SF,3,49,nflverse
2025_2025-10-05_MIN_CLE,2025,5,2025-10-05,Regular Season,TRUE,CLE,MIN,17,21,L,MIN,4,38,nflverse
2025_2025-10-05_HOU_BAL,2025,5,2025-10-05,Regular Season,FALSE,BAL,HOU,10,44,L,HOU,34,54,nflverse
2025_2025-10-05_MIA_CAR,2025,5,2025-10-05,Regular Season,FALSE,CAR,MIA,27,24,W,CAR,3,51,nflverse
2025_2025-10-05_LV_IND,2025,5,2025-10-05,Regular Season,FALSE,IND,LV,40,6,W,IND,34,46,nflverse
2025_2025-10-05_NYG_NO,2025,5,2025-10-05,Regular Season,FALSE,NO,NYG,26,14,W,NO,12,40,nflverse
2025_2025-10-05_DAL_NYJ,2025,5,2025-10-05,Regular Season,FALSE,NYJ,DAL,22,37,L,DAL,15,59,nflverse
2025_2025-10-05_DEN_PHI,2025,5,2025-10-05,Regular Season,FALSE,PHI,DEN,17,21,L,DEN,4,38,nflverse
2025_2025-10-05_TEN_ARI,2025,5,2025-10-05,Regular Season,FALSE,ARI,TEN,21,22,L,TEN,1,43,nflverse
2025_2025-10-05_TB_SEA,2025,5,2025-10-05,Regular Season,FALSE,SEA,TB,35,38,L,TB,3,73,nflverse
2025_2025-10-05_DET_CIN,2025,5,2025-10-05,Regular Season,FALSE,CIN,DET,24,37,L,DET,13,61,nflverse
2025_2025-10-05_WAS_LAC,2025,5,2025-10-05,Regular Season,FALSE,LAC,WAS,10,27,L,WAS,17,37,nflverse
2025_2025-10-05_NE_BUF,2025,5,2025-10-05,Regular Season,FALSE,BUF,NE,20,23,L,NE,3,43,nflverse
2025_2025-10-06_KC_JAX,2025,5,2025-10-06,Regular Season,FALSE,JAX,KC,31,28,W,JAX,3,59,nflverse
2025_2025-10-09_PHI_NYG,2025,6,2025-10-09,Regular Season,FALSE,NYG,PHI,34,17,W,NYG,17,51,nflverse
2025_2025-10-12_DEN_NYJ,2025,6,2025-10-12,Regular Season,TRUE,NYJ,DEN,11,13,L,DEN,2,24,nflverse
2025_2025-10-12_LA_BAL,2025,6,2025-10-12,Regular Season,FALSE,BAL,LA,3,17,L,LA,14,20,nflverse
2025_2025-10-12_DAL_CAR,2025,6,2025-10-12,Regular Season,FALSE,CAR,DAL,30,27,W,CAR,3,57,nflverse
2025_2025-10-12_ARI_IND,2025,6,2025-10-12,Regular Season,FALSE,IND,ARI,31,27,W,IND,4,58,nflverse
2025_2025-10-12_SEA_JAX,2025,6,2025-10-12,Regular Season,FALSE,JAX,SEA,12,20,L,SEA,8,32,nflverse
2025_2025-10-12_LAC_MIA,2025,6,2025-10-12,Regular Season,FALSE,MIA,LAC,27,29,L,LAC,2,56,nflverse
2025_2025-10-12_NE_NO,2025,6,2025-10-12,Regular Season,FALSE,NO,NE,19,25,L,NE,6,44,nflverse
2025_2025-10-12_CLE_PIT,2025,6,2025-10-12,Regular Season,FALSE,PIT,CLE,23,9,W,PIT,14,32,nflverse
2025_2025-10-12_TEN_LV,2025,6,2025-10-12,Regular Season,FALSE,LV,TEN,20,10,W,LV,10,30,nflverse
2025_2025-10-12_CIN_GB,2025,6,2025-10-12,Regular Season,FALSE,GB,CIN,27,18,W,GB,9,45,nflverse
2025_2025-10-12_SF_TB,2025,6,2025-10-12,Regular Season,FALSE,TB,SF,30,19,W,TB,11,49,nflverse
2025_2025-10-12_DET_KC,2025,6,2025-10-12,Regular Season,FALSE,KC,DET,30,17,W,KC,13,47,nflverse
2025_2025-10-13_BUF_ATL,2025,6,2025-10-13,Regular Season,FALSE,ATL,BUF,24,14,W,ATL,10,38,nflverse
2025_2025-10-13_CHI_WAS,2025,6,2025-10-13,Regular Season,FALSE,WAS,CHI,24,25,L,CHI,1,49,nflverse
2025_2025-10-16_PIT_CIN,2025,7,2025-10-16,Regular Season,FALSE,CIN,PIT,33,31,W,CIN,2,64,nflverse
2025_2025-10-19_LA_JAX,2025,7,2025-10-19,Regular Season,TRUE,JAX,LA,7,35,L,LA,28,42,nflverse
2025_2025-10-19_NO_CHI,2025,7,2025-10-19,Regular Season,FALSE,CHI,NO,26,14,W,CHI,12,40,nflverse
2025_2025-10-19_MIA_CLE,2025,7,2025-10-19,Regular Season,FALSE,CLE,MIA,31,6,W,CLE,25,37,nflverse
2025_2025-10-19_LV_KC,2025,7,2025-10-19,Regular Season,FALSE,KC,LV,31,0,W,KC,31,31,nflverse
2025_2025-10-19_PHI_MIN,2025,7,2025-10-19,Regular Season,FALSE,MIN,PHI,22,28,L,PHI,6,50,nflverse
2025_2025-10-19_CAR_NYJ,2025,7,2025-10-19,Regular Season,FALSE,NYJ,CAR,6,13,L,CAR,7,19,nflverse
2025_2025-10-19_NE_TEN,2025,7,2025-10-19,Regular Season,FALSE,TEN,NE,13,31,L,NE,18,44,nflverse
2025_2025-10-19_NYG_DEN,2025,7,2025-10-19,Regular Season,FALSE,DEN,NYG,33,32,W,DEN,1,65,nflverse
2025_2025-10-19_IND_LAC,2025,7,2025-10-19,Regular Season,FALSE,LAC,IND,24,38,L,IND,14,62,nflverse
2025_2025-10-19_GB_ARI,2025,7,2025-10-19,Regular Season,FALSE,ARI,GB,23,27,L,GB,4,50,nflverse
2025_2025-10-19_WAS_DAL,2025,7,2025-10-19,Regular Season,FALSE,DAL,WAS,44,22,W,DAL,22,66,nflverse
2025_2025-10-19_ATL_SF,2025,7,2025-10-19,Regular Season,FALSE,SF,ATL,20,10,W,SF,10,30,nflverse
2025_2025-10-20_TB_DET,2025,7,2025-10-20,Regular Season,FALSE,DET,TB,24,9,W,DET,15,33,nflverse
2025_2025-10-20_HOU_SEA,2025,7,2025-10-20,Regular Season,FALSE,SEA,HOU,27,19,W,SEA,8,46,nflverse
2025_2025-10-23_MIN_LAC,2025,8,2025-10-23,Regular Season,FALSE,LAC,MIN,37,10,W,LAC,27,47,nflverse
2025_2025-10-26_MIA_ATL,2025,8,2025-10-26,Regular Season,FALSE,ATL,MIA,10,34,L,MIA,24,44,nflverse
2025_2025-10-26_CHI_BAL,2025,8,2025-10-26,Regular Season,FALSE,BAL,CHI,30,16,W,BAL,14,46,nflverse
2025_2025-10-26_BUF_CAR,2025,8,2025-10-26,Regular Season,FALSE,CAR,BUF,9,40,L,BUF,31,49,nflverse
2025_2025-10-26_NYJ_CIN,2025,8,2025-10-26,Regular Season,FALSE,CIN,NYJ,38,39,L,NYJ,1,77,nflverse
2025_2025-10-26_SF_HOU,2025,8,2025-10-26,Regular Season,FALSE,HOU,SF,26,15,W,HOU,11,41,nflverse
2025_2025-10-26_CLE_NE,2025,8,2025-10-26,Regular Season,FALSE,NE,CLE,32,13,W,NE,19,45,nflverse
2025_2025-10-26_NYG_PHI,2025,8,2025-10-26,Regular Season,FALSE,PHI,NYG,38,20,W,PHI,18,58,nflverse
2025_2025-10-26_TB_NO,2025,8,2025-10-26,Regular Season,FALSE,NO,TB,3,23,L,TB,20,26,nflverse
2025_2025-10-26_DAL_DEN,2025,8,2025-10-26,Regular Season,FALSE,DEN,DAL,44,24,W,DEN,20,68,nflverse
2025_2025-10-26_TEN_IND,2025,8,2025-10-26,Regular Season,FALSE,IND,TEN,38,14,W,IND,24,52,nflverse
2025_2025-10-26_GB_PIT,2025,8,2025-10-26,Regular Season,FALSE,PIT,GB,25,35,L,GB,10,60,nflverse
2025_2025-10-27_WAS_KC,2025,8,2025-10-27,Regular Season,FALSE,KC,WAS,28,7,W,KC,21,35,nflverse
2025_2025-10-30_BAL_MIA,2025,9,2025-10-30,Regular Season,FALSE,MIA,BAL,6,28,L,BAL,22,34,nflverse
2025_2025-11-02_CHI_CIN,2025,9,2025-11-02,Regular Season,FALSE,CIN,CHI,42,47,L,CHI,5,89,nflverse
2025_2025-11-02_MIN_DET,2025,9,2025-11-02,Regular Season,FALSE,DET,MIN,24,27,L,MIN,3,51,nflverse
2025_2025-11-02_CAR_GB,2025,9,2025-11-02,Regular Season,FALSE,GB,CAR,13,16,L,CAR,3,29,nflverse
2025_2025-11-02_DEN_HOU,2025,9,2025-11-02,Regular Season,FALSE,HOU,DEN,15,18,L,DEN,3,33,nflverse
2025_2025-11-02_ATL_NE,2025,9,2025-11-02,Regular Season,FALSE,NE,ATL,24,23,W,NE,1,47,nflverse
2025_2025-11-02_SF_NYG,2025,9,2025-11-02,Regular Season,FALSE,NYG,SF,24,34,L,SF,10,58,nflverse
2025_2025-11-02_IND_PIT,2025,9,2025-11-02,Regular Season,FALSE,PIT,IND,27,20,W,PIT,7,47,nflverse
2025_2025-11-02_LAC_TEN,2025,9,2025-11-02,Regular Season,FALSE,TEN,LAC,20,27,L,LAC,7,47,nflverse
2025_2025-11-02_NO_LA,2025,9,2025-11-02,Regular Season,FALSE,LA,NO,34,10,W,LA,24,44,nflverse
2025_2025-11-02_JAX_LV,2025,9,2025-11-02,Regular Season,FALSE,LV,JAX,29,30,L,JAX,1,59,nflverse
2025_2025-11-02_KC_BUF,2025,9,2025-11-02,Regular Season,FALSE,BUF,KC,28,21,W,BUF,7,49,nflverse
2025_2025-11-02_SEA_WAS,2025,9,2025-11-02,Regular Season,FALSE,WAS,SEA,14,38,L,SEA,24,52,nflverse
2025_2025-11-03_ARI_DAL,2025,9,2025-11-03,Regular Season,FALSE,DAL,ARI,17,27,L,ARI,10,44,nflverse
2025_2025-11-06_LV_DEN,2025,10,2025-11-06,Regular Season,FALSE,DEN,LV,10,7,W,DEN,3,17,nflverse
2025_2025-11-09_ATL_IND,2025,10,2025-11-09,Regular Season,TRUE,IND,ATL,31,25,W,IND,6,56,nflverse
2025_2025-11-09_NO_CAR,2025,10,2025-11-09,Regular Season,FALSE,CAR,NO,7,17,L,NO,10,24,nflverse
2025_2025-11-09_NYG_CHI,2025,10,2025-11-09,Regular Season,FALSE,CHI,NYG,24,20,W,CHI,4,44,nflverse
2025_2025-11-09_JAX_HOU,2025,10,2025-11-09,Regular Season,FALSE,HOU,JAX,36,29,W,HOU,7,65,nflverse
2025_2025-11-09_BUF_MIA,2025,10,2025-11-09,Regular Season,FALSE,MIA,BUF,30,13,W,MIA,17,43,nflverse
2025_2025-11-09_BAL_MIN,2025,10,2025-11-09,Regular Season,FALSE,MIN,BAL,19,27,L,BAL,8,46,nflverse
2025_2025-11-09_CLE_NYJ,2025,10,2025-11-09,Regular Season,FALSE,NYJ,CLE,27,20,W,NYJ,7,47,nflverse
2025_2025-11-09_NE_TB,2025,10,2025-11-09,Regular Season,FALSE,TB,NE,23,28,L,NE,5,51,nflverse
2025_2025-11-09_ARI_SEA,2025,10,2025-11-09,Regular Season,FALSE,SEA,ARI,44,22,W,SEA,22,66,nflverse
2025_2025-11-09_LA_SF,2025,10,2025-11-09,Regular Season,FALSE,SF,LA,26,42,L,LA,16,68,nflverse
2025_2025-11-09_DET_WAS,2025,10,2025-11-09,Regular Season,FALSE,WAS,DET,22,44,L,DET,22,66,nflverse
2025_2025-11-09_PIT_LAC,2025,10,2025-11-09,Regular Season,FALSE,LAC,PIT,25,10,W,LAC,15,35,nflverse
2025_2025-11-10_PHI_GB,2025,10,2025-11-10,Regular Season,FALSE,GB,PHI,7,10,L,PHI,3,17,nflverse
2025_2025-11-13_NYJ_NE,2025,11,2025-11-13,Regular Season,FALSE,NE,NYJ,27,14,W,NE,13,41,nflverse
2025_2025-11-16_WAS_MIA,2025,11,2025-11-16,Regular Season,TRUE,MIA,WAS,16,13,W,MIA,3,29,nflverse
2025_2025-11-16_CAR_ATL,2025,11,2025-11-16,Regular Season,FALSE,ATL,CAR,27,30,L,CAR,3,57,nflverse
2025_2025-11-16_TB_BUF,2025,11,2025-11-16,Regular Season,FALSE,BUF,TB,44,32,W,BUF,12,76,nflverse
2025_2025-11-16_LAC_JAX,2025,11,2025-11-16,Regular Season,FALSE,JAX,LAC,35,6,W,JAX,29,41,nflverse
2025_2025-11-16_CHI_MIN,2025,11,2025-11-16,Regular Season,FALSE,MIN,CHI,17,19,L,CHI,2,36,nflverse
2025_2025-11-16_GB_NYG,2025,11,2025-11-16,Regular Season,FALSE,NYG,GB,20,27,L,GB,7,47,nflverse
2025_2025-11-16_CIN_PIT,2025,11,2025-11-16,Regular Season,FALSE,PIT,CIN,34,12,W,PIT,22,46,nflverse
2025_2025-11-16_HOU_TEN,2025,11,2025-11-16,Regular Season,FALSE,TEN,HOU,13,16,L,HOU,3,29,nflverse
2025_2025-11-16_SF_ARI,2025,11,2025-11-16,Regular Season,FALSE,ARI,SF,22,41,L,SF,19,63,nflverse
2025_2025-11-16_SEA_LA,2025,11,2025-11-16,Regular Season,FALSE,LA,SEA,21,19,W,LA,2,40,nflverse
2025_2025-11-16_BAL_CLE,2025,11,2025-11-16,Regular Season,FALSE,CLE,BAL,16,23,L,BAL,7,39,nflverse
2025_2025-11-16_KC_DEN,2025,11,2025-11-16,Regular Season,FALSE,DEN,KC,22,19,W,DEN,3,41,nflverse
2025_2025-11-16_DET_PHI,2025,11,2025-11-16,Regular Season,FALSE,PHI,DET,16,9,W,PHI,7,25,nflverse
2025_2025-11-17_DAL_LV,2025,11,2025-11-17,Regular Season,FALSE,LV,DAL,16,33,L,DAL,17,49,nflverse
2025_2025-11-20_BUF_HOU,2025,12,2025-11-20,Regular Season,FALSE,HOU,BUF,23,19,W,HOU,4,42,nflverse
2025_2025-11-23_NYJ_BAL,2025,12,2025-11-23,Regular Season,FALSE,BAL,NYJ,23,10,W,BAL,13,33,nflverse
2025_2025-11-23_PIT_CHI,2025,12,2025-11-23,Regular Season,FALSE,CHI,PIT,31,28,W,CHI,3,59,nflverse
2025_2025-11-23_NE_CIN,2025,12,2025-11-23,Regular Season,FALSE,CIN,NE,20,26,L,NE,6,46,nflverse
2025_2025-11-23_NYG_DET,2025,12,2025-11-23,Regular Season,FALSE,DET,NYG,34,27,W,DET,7,61,nflverse
2025_2025-11-23_MIN_GB,2025,12,2025-11-23,Regular Season,FALSE,GB,MIN,23,6,W,GB,17,29,nflverse
2025_2025-11-23_IND_KC,2025,12,2025-11-23,Regular Season,FALSE,KC,IND,23,20,W,KC,3,43,nflverse
2025_2025-11-23_SEA_TEN,2025,12,2025-11-23,Regular Season,FALSE,TEN,SEA,24,30,L,SEA,6,54,nflverse
2025_2025-11-23_JAX_ARI,2025,12,2025-11-23,Regular Season,FALSE,ARI,JAX,24,27,L,JAX,3,51,nflverse
2025_2025-11-23_CLE_LV,2025,12,2025-11-23,Regular Season,FALSE,LV,CLE,10,24,L,CLE,14,34,nflverse
2025_2025-11-23_PHI_DAL,2025,12,2025-11-23,Regular Season,FALSE,DAL,PHI,24,21,W,DAL,3,45,nflverse
2025_2025-11-23_ATL_NO,2025,12,2025-11-23,Regular Season,FALSE,NO,ATL,10,24,L,ATL,14,34,nflverse
2025_2025-11-23_TB_LA,2025,12,2025-11-23,Regular Season,FALSE,LA,TB,34,7,W,LA,27,41,nflverse
2025_2025-11-24_CAR_SF,2025,12,2025-11-24,Regular Season,FALSE,SF,CAR,20,9,W,SF,11,29,nflverse
2025_2025-11-27_GB_DET,2025,13,2025-11-27,Regular Season,FALSE,DET,GB,24,31,L,GB,7,55,nflverse
2025_2025-11-27_KC_DAL,2025,13,2025-11-27,Regular Season,FALSE,DAL,KC,31,28,W,DAL,3,59,nflverse
2025_2025-11-27_CIN_BAL,2025,13,2025-11-27,Regular Season,FALSE,BAL,CIN,14,32,L,CIN,18,46,nflverse
2025_2025-11-28_CHI_PHI,2025,13,2025-11-28,Regular Season,FALSE,PHI,CHI,15,24,L,CHI,9,39,nflverse
2025_2025-11-30_LA_CAR,2025,13,2025-11-30,Regular Season,FALSE,CAR,LA,31,28,W,CAR,3,59,nflverse
2025_2025-11-30_SF_CLE,2025,13,2025-11-30,Regular Season,FALSE,CLE,SF,8,26,L,SF,18,34,nflverse
2025_2025-11-30_HOU_IND,2025,13,2025-11-30,Regular Season,FALSE,IND,HOU,16,20,L,HOU,4,36,nflverse
2025_2025-11-30_NO_MIA,2025,13,2025-11-30,Regular Season,FALSE,MIA,NO,21,17,W,MIA,4,38,nflverse
2025_2025-11-30_ATL_NYJ,2025,13,2025-11-30,Regular Season,FALSE,NYJ,ATL,27,24,W,NYJ,3,51,nflverse
2025_2025-11-30_ARI_TB,2025,13,2025-11-30,Regular Season,FALSE,TB,ARI,20,17,W,TB,3,37,nflverse
2025_2025-11-30_JAX_TEN,2025,13,2025-11-30,Regular Season,FALSE,TEN,JAX,3,25,L,JAX,22,28,nflverse
2025_2025-11-30_MIN_SEA,2025,13,2025-11-30,Regular Season,FALSE,SEA,MIN,26,0,W,SEA,26,26,nflverse
2025_2025-11-30_LV_LAC,2025,13,2025-11-30,Regular Season,FALSE,LAC,LV,31,14,W,LAC,17,45,nflverse
2025_2025-11-30_BUF_PIT,2025,13,2025-11-30,Regular Season,FALSE,PIT,BUF,7,26,L,BUF,19,33,nflverse
2025_2025-11-30_DEN_WAS,2025,13,2025-11-30,Regular Season,FALSE,WAS,DEN,26,27,L,DEN,1,53,nflverse
2025_2025-12-01_NYG_NE,2025,13,2025-12-01,Regular Season,FALSE,NE,NYG,33,15,W,NE,18,48,nflverse
2025_2025-12-04_DAL_DET,2025,14,2025-12-04,Regular Season,FALSE,DET,DAL,44,30,W,DET,14,74,nflverse
2025_2025-12-07_SEA_ATL,2025,14,2025-12-07,Regular Season,FALSE,ATL,SEA,9,37,L,SEA,28,46,nflverse
2025_2025-12-07_PIT_BAL,2025,14,2025-12-07,Regular Season,FALSE,BAL,PIT,22,27,L,PIT,5,49,nflverse
2025_2025-12-07_CIN_BUF,2025,14,2025-12-07,Regular Season,FALSE,BUF,CIN,39,34,W,BUF,5,73,nflverse
2025_2025-12-07_TEN_CLE,2025,14,2025-12-07,Regular Season,FALSE,CLE,TEN,29,31,L,TEN,2,60,nflverse
2025_2025-12-07_IND_JAX,2025,14,2025-12-07,Regular Season,FALSE,JAX,IND,36,19,W,JAX,17,55,nflverse
2025_2025-12-07_WAS_MIN,2025,14,2025-12-07,Regular Season,FALSE,MIN,WAS,31,0,W,MIN,31,31,nflverse
2025_2025-12-07_MIA_NYJ,2025,14,2025-12-07,Regular Season,FALSE,NYJ,MIA,10,34,L,MIA,24,44,nflverse
2025_2025-12-07_NO_TB,2025,14,2025-12-07,Regular Season,FALSE,TB,NO,20,24,L,NO,4,44,nflverse
2025_2025-12-07_DEN_LV,2025,14,2025-12-07,Regular Season,FALSE,LV,DEN,17,24,L,DEN,7,41,nflverse
2025_2025-12-07_LA_ARI,2025,14,2025-12-07,Regular Season,FALSE,ARI,LA,17,45,L,LA,28,62,nflverse
2025_2025-12-07_CHI_GB,2025,14,2025-12-07,Regular Season,FALSE,GB,CHI,28,21,W,GB,7,49,nflverse
2025_2025-12-07_HOU_KC,2025,14,2025-12-07,Regular Season,FALSE,KC,HOU,10,20,L,HOU,10,30,nflverse
2025_2025-12-08_PHI_LAC,2025,14,2025-12-08,Regular Season,FALSE,LAC,PHI,22,19,W,LAC,3,41,nflverse
2025_2025-12-11_ATL_TB,2025,15,2025-12-11,Regular Season,FALSE,TB,ATL,28,29,L,ATL,1,57,nflverse
2025_2025-12-14_CLE_CHI,2025,15,2025-12-14,Regular Season,FALSE,CHI,CLE,31,3,W,CHI,28,34,nflverse
2025_2025-12-14_BAL_CIN,2025,15,2025-12-14,Regular Season,FALSE,CIN,BAL,0,24,L,BAL,24,24,nflverse
2025_2025-12-14_ARI_HOU,2025,15,2025-12-14,Regular Season,FALSE,HOU,ARI,40,20,W,HOU,20,60,nflverse
2025_2025-12-14_NYJ_JAX,2025,15,2025-12-14,Regular Season,FALSE,JAX,NYJ,48,20,W,JAX,28,68,nflverse
2025_2025-12-14_LAC_KC,2025,15,2025-12-14,Regular Season,FALSE,KC,LAC,13,16,L,LAC,3,29,nflverse
2025_2025-12-14_BUF_NE,2025,15,2025-12-14,Regular Season,FALSE,NE,BUF,31,35,L,BUF,4,66,nflverse
2025_2025-12-14_WAS_NYG,2025,15,2025-12-14,Regular Season,FALSE,NYG,WAS,21,29,L,WAS,8,50,nflverse
2025_2025-12-14_LV_PHI,2025,15,2025-12-14,Regular Season,FALSE,PHI,LV,31,0,W,PHI,31,31,nflverse
2025_2025-12-14_GB_DEN,2025,15,2025-12-14,Regular Season,FALSE,DEN,GB,34,26,W,DEN,8,60,nflverse
2025_2025-12-14_DET_LA,2025,15,2025-12-14,Regular Season,FALSE,LA,DET,41,34,W,LA,7,75,nflverse
2025_2025-12-14_CAR_NO,2025,15,2025-12-14,Regular Season,FALSE,NO,CAR,20,17,W,NO,3,37,nflverse
2025_2025-12-14_IND_SEA,2025,15,2025-12-14,Regular Season,FALSE,SEA,IND,18,16,W,SEA,2,34,nflverse
2025_2025-12-14_TEN_SF,2025,15,2025-12-14,Regular Season,FALSE,SF,TEN,37,24,W,SF,13,61,nflverse
2025_2025-12-14_MIN_DAL,2025,15,2025-12-14,Regular Season,FALSE,DAL,MIN,26,34,L,MIN,8,60,nflverse
2025_2025-12-15_MIA_PIT,2025,15,2025-12-15,Regular Season,FALSE,PIT,MIA,28,15,W,PIT,13,43,nflverse
2025_2025-12-18_LA_SEA,2025,16,2025-12-18,Regular Season,FALSE,SEA,LA,38,37,W,SEA,1,75,nflverse
2025_2025-12-20_PHI_WAS,2025,16,2025-12-20,Regular Season,FALSE,WAS,PHI,18,29,L,PHI,11,47,nflverse
2025_2025-12-20_GB_CHI,2025,16,2025-12-20,Regular Season,FALSE,CHI,GB,22,16,W,CHI,6,38,nflverse
2025_2025-12-21_TB_CAR,2025,16,2025-12-21,Regular Season,FALSE,CAR,TB,23,20,W,CAR,3,43,nflverse
2025_2025-12-21_BUF_CLE,2025,16,2025-12-21,Regular Season,FALSE,CLE,BUF,20,23,L,BUF,3,43,nflverse
2025_2025-12-21_LAC_DAL,2025,16,2025-12-21,Regular Season,FALSE,DAL,LAC,17,34,L,LAC,17,51,nflverse
2025_2025-12-21_CIN_MIA,2025,16,2025-12-21,Regular Season,FALSE,MIA,CIN,21,45,L,CIN,24,66,nflverse
2025_2025-12-21_NYJ_NO,2025,16,2025-12-21,Regular Season,FALSE,NO,NYJ,29,6,W,NO,23,35,nflverse
2025_2025-12-21_MIN_NYG,2025,16,2025-12-21,Regular Season,FALSE,NYG,MIN,13,16,L,MIN,3,29,nflverse
2025_2025-12-21_KC_TEN,2025,16,2025-12-21,Regular Season,FALSE,TEN,KC,26,9,W,TEN,17,35,nflverse
2025_2025-12-21_ATL_ARI,2025,16,2025-12-21,Regular Season,FALSE,ARI,ATL,19,26,L,ATL,7,45,nflverse
2025_2025-12-21_JAX_DEN,2025,16,2025-12-21,Regular Season,FALSE,DEN,JAX,20,34,L,JAX,14,54,nflverse
2025_2025-12-21_PIT_DET,2025,16,2025-12-21,Regular Season,FALSE,DET,PIT,24,29,L,PIT,5,53,nflverse
2025_2025-12-21_LV_HOU,2025,16,2025-12-21,Regular Season,FALSE,HOU,LV,23,21,W,HOU,2,44,nflverse
2025_2025-12-21_NE_BAL,2025,16,2025-12-21,Regular Season,FALSE,BAL,NE,24,28,L,NE,4,52,nflverse
2025_2025-12-22_SF_IND,2025,16,2025-12-22,Regular Season,FALSE,IND,SF,27,48,L,SF,21,75,nflverse
2025_2025-12-25_DAL_WAS,2025,17,2025-12-25,Regular Season,FALSE,WAS,DAL,23,30,L,DAL,7,53,nflverse
2025_2025-12-25_DET_MIN,2025,17,2025-12-25,Regular Season,FALSE,MIN,DET,23,10,W,MIN,13,33,nflverse
2025_2025-12-25_DEN_KC,2025,17,2025-12-25,Regular Season,FALSE,KC,DEN,13,20,L,DEN,7,33,nflverse
2025_2025-12-27_HOU_LAC,2025,17,2025-12-27,Regular Season,FALSE,LAC,HOU,16,20,L,HOU,4,36,nflverse
2025_2025-12-27_BAL_GB,2025,17,2025-12-27,Regular Season,FALSE,GB,BAL,24,41,L,BAL,17,65,nflverse
2025_2025-12-28_SEA_CAR,2025,17,2025-12-28,Regular Season,FALSE,CAR,SEA,10,27,L,SEA,17,37,nflverse
2025_2025-12-28_ARI_CIN,2025,17,2025-12-28,Regular Season,FALSE,CIN,ARI,37,14,W,CIN,23,51,nflverse
2025_2025-12-28_PIT_CLE,2025,17,2025-12-28,Regular Season,FALSE,CLE,PIT,13,6,W,CLE,7,19,nflverse
2025_2025-12-28_JAX_IND,2025,17,2025-12-28,Regular Season,FALSE,IND,JAX,17,23,L,JAX,6,40,nflverse
2025_2025-12-28_TB_MIA,2025,17,2025-12-28,Regular Season,FALSE,MIA,TB,20,17,W,MIA,3,37,nflverse
2025_2025-12-28_NE_NYJ,2025,17,2025-12-28,Regular Season,FALSE,NYJ,NE,10,42,L,NE,32,52,nflverse
2025_2025-12-28_NO_TEN,2025,17,2025-12-28,Regular Season,FALSE,TEN,NO,26,34,L,NO,8,60,nflverse
2025_2025-12-28_NYG_LV,2025,17,2025-12-28,Regular Season,FALSE,LV,NYG,10,34,L,NYG,24,44,nflverse
2025_2025-12-28_PHI_BUF,2025,17,2025-12-28,Regular Season,FALSE,BUF,PHI,12,13,L,PHI,1,25,nflverse
2025_2025-12-28_CHI_SF,2025,17,2025-12-28,Regular Season,FALSE,SF,CHI,42,38,W,SF,4,80,nflverse
2025_2025-12-29_LA_ATL,2025,17,2025-12-29,Regular Season,FALSE,ATL,LA,27,24,W,ATL,3,51,nflverse
2025_2026-01-03_CAR_TB,2025,18,2026-01-03,Regular Season,FALSE,TB,CAR,16,14,W,TB,2,30,nflverse
2025_2026-01-03_SEA_SF,2025,18,2026-01-03,Regular Season,FALSE,SF,SEA,3,13,L,SEA,10,16,nflverse
2025_2026-01-04_NO_ATL,2025,18,2026-01-04,Regular Season,FALSE,ATL,NO,19,17,W,ATL,2,36,nflverse
2025_2026-01-04_CLE_CIN,2025,18,2026-01-04,Regular Season,FALSE,CIN,CLE,18,20,L,CLE,2,38,nflverse
2025_2026-01-04_IND_HOU,2025,18,2026-01-04,Regular Season,FALSE,HOU,IND,38,30,W,HOU,8,68,nflverse
2025_2026-01-04_TEN_JAX,2025,18,2026-01-04,Regular Season,FALSE,JAX,TEN,41,7,W,JAX,34,48,nflverse
2025_2026-01-04_GB_MIN,2025,18,2026-01-04,Regular Season,FALSE,MIN,GB,16,3,W,MIN,13,19,nflverse
2025_2026-01-04_DAL_NYG,2025,18,2026-01-04,Regular Season,FALSE,NYG,DAL,34,17,W,NYG,17,51,nflverse
2025_2026-01-04_NYJ_BUF,2025,18,2026-01-04,Regular Season,FALSE,BUF,NYJ,35,8,W,BUF,27,43,nflverse
2025_2026-01-04_DET_CHI,2025,18,2026-01-04,Regular Season,FALSE,CHI,DET,16,19,L,DET,3,35,nflverse
2025_2026-01-04_LAC_DEN,2025,18,2026-01-04,Regular Season,FALSE,DEN,LAC,19,3,W,DEN,16,22,nflverse
2025_2026-01-04_ARI_LA,2025,18,2026-01-04,Regular Season,FALSE,LA,ARI,37,20,W,LA,17,57,nflverse
2025_2026-01-04_KC_LV,2025,18,2026-01-04,Regular Season,FALSE,LV,KC,14,12,W,LV,2,26,nflverse
2025_2026-01-04_MIA_NE,2025,18,2026-01-04,Regular Season,FALSE,NE,MIA,38,10,W,NE,28,48,nflverse
2025_2026-01-04_WAS_PHI,2025,18,2026-01-04,Regular Season,FALSE,PHI,WAS,17,24,L,WAS,7,41,nflverse
2025_2026-01-04_BAL_PIT,2025,18,2026-01-04,Regular Season,FALSE,PIT,BAL,26,24,W,PIT,2,50,nflverse
